# t_s, edges, edges_per_s, motor_rpm, rotor_rpm
0.050,0,0.0,0,0
0.100,0,0.0,0,0
0.150,0,0.0,0,0
0.200,0,0.0,0,0
0.251,0,0.0,0,0
0.301,0,0.0,0,0
0.351,0,0.0,0,0
0.401,0,0.0,0,0
0.451,0,0.0,0,0
0.501,0,0.0,0,0
0.551,0,0.0,0,0
0.601,0,0.0,0,0
0.651,0,0.0,0,0
0.702,0,0.0,0,0
0.752,0,0.0,0,0
0.802,0,0.0,0,0
0.852,0,0.0,0,0
0.902,0,0.0,0,0
0.952,0,0.0,0,0
1.002,0,0.0,0,0
1.052,0,0.0,0,0
1.102,0,0.0,0,0
1.152,0,0.0,0,0
1.202,0,0.0,0,0
1.253,0,0.0,0,0
1.303,0,0.0,0,0
1.353,0,0.0,0,0
1.403,0,0.0,0,0
1.453,0,0.0,0,0
1.503,0,0.0,0,0
1.553,0,0.0,0,0
1.603,0,0.0,0,0
1.653,0,0.0,0,0
1.703,0,0.0,0,0
1.753,0,0.0,0,0
1.804,0,0.0,0,0
1.854,0,0.0,0,0
1.904,0,0.0,0,0
1.954,0,0.0,0,0
2.004,0,0.0,0,0
2.054,0,0.0,0,0
2.104,0,0.0,0,0
2.154,0,0.0,0,0
2.204,0,0.0,0,0
2.254,0,0.0,0,0
2.304,0,0.0,0,0
2.355,0,0.0,0,0
2.405,0,0.0,0,0
2.455,0,0.0,0,0
2.505,0,0.0,0,0
2.555,0,0.0,0,0
2.605,0,0.0,0,0
2.655,0,0.0,0,0
2.705,0,0.0,0,0
2.755,0,0.0,0,0
2.805,0,0.0,0,0
2.855,0,0.0,0,0
2.906,0,0.0,0,0
2.956,0,0.0,0,0
3.006,0,0.0,0,0
3.056,0,0.0,0,0
3.106,0,0.0,0,0
3.156,0,0.0,0,0
3.206,0,0.0,0,0
3.256,0,0.0,0,0
3.306,0,0.0,0,0
3.357,0,0.0,0,0
3.407,0,0.0,0,0
3.457,0,0.0,0,0
3.507,0,0.0,0,0
3.557,0,0.0,0,0
3.607,0,0.0,0,0
3.657,0,0.0,0,0
3.707,0,0.0,0,0
3.757,0,0.0,0,0
3.807,0,0.0,0,0
3.857,0,0.0,0,0
3.907,0,0.0,0,0
3.957,0,0.0,0,0
4.007,0,0.0,0,0
4.057,0,0.0,0,0
4.107,0,0.0,0,0
4.158,0,0.0,0,0
4.208,0,0.0,0,0
4.258,0,0.0,0,0
4.308,0,0.0,0,0
4.358,0,0.0,0,0
4.408,0,0.0,0,0
4.458,0,0.0,0,0
4.508,0,0.0,0,0
4.558,0,0.0,0,0
4.608,0,0.0,0,0
4.658,0,0.0,0,0
4.709,0,0.0,0,0
4.759,0,0.0,0,0
4.809,0,0.0,0,0
4.859,0,0.0,0,0
4.909,0,0.0,0,0
4.959,0,0.0,0,0
5.009,0,0.0,0,0
5.059,0,0.0,0,0
5.109,0,0.0,0,0
5.159,0,0.0,0,0
5.209,0,0.0,0,0
5.260,0,0.0,0,0
5.310,0,0.0,0,0
5.360,0,0.0,0,0
5.410,0,0.0,0,0
5.460,0,0.0,0,0
5.510,0,0.0,0,0
5.560,0,0.0,0,0
5.611,0,0.0,0,0
5.661,0,0.0,0,0
5.711,0,0.0,0,0
5.761,0,0.0,0,0
5.811,0,0.0,0,0
5.861,0,0.0,0,0
5.911,0,0.0,0,0
5.961,0,0.0,0,0
6.011,0,0.0,0,0
6.061,0,0.0,0,0
6.111,0,0.0,0,0
6.162,0,0.0,0,0
6.212,0,0.0,0,0
6.262,0,0.0,0,0
6.312,0,0.0,0,0
6.362,0,0.0,0,0
6.412,0,0.0,0,0
6.462,0,0.0,0,0
6.512,0,0.0,0,0
6.563,0,0.0,0,0
6.613,0,0.0,0,0
6.663,0,0.0,0,0
6.713,0,0.0,0,0
6.763,0,0.0,0,0
6.813,0,0.0,0,0
6.863,0,0.0,0,0
6.913,0,0.0,0,0
6.963,0,0.0,0,0
7.013,0,0.0,0,0
7.063,0,0.0,0,0
7.113,0,0.0,0,0
7.163,0,0.0,0,0
7.214,0,0.0,0,0
7.264,0,0.0,0,0
7.314,0,0.0,0,0
7.364,0,0.0,0,0
7.414,0,0.0,0,0
7.464,0,0.0,0,0
7.514,0,0.0,0,0
7.564,0,0.0,0,0
7.614,0,0.0,0,0
7.664,0,0.0,0,0
7.714,0,0.0,0,0
7.765,0,0.0,0,0
7.815,0,0.0,0,0
7.865,0,0.0,0,0
7.915,0,0.0,0,0
7.965,0,0.0,0,0
8.015,0,0.0,0,0
8.065,0,0.0,0,0
8.115,0,0.0,0,0
8.165,0,0.0,0,0
8.215,0,0.0,0,0
8.266,0,0.0,0,0
8.316,0,0.0,0,0
8.366,0,0.0,0,0
8.416,0,0.0,0,0
8.466,0,0.0,0,0
8.516,0,0.0,0,0
8.566,0,0.0,0,0
8.616,0,0.0,0,0
8.666,0,0.0,0,0
8.716,0,0.0,0,0
8.766,0,0.0,0,0
8.816,0,0.0,0,0
8.866,0,0.0,0,0
8.916,0,0.0,0,0
8.967,0,0.0,0,0
9.017,0,0.0,0,0
9.067,0,0.0,0,0
9.117,0,0.0,0,0
9.167,0,0.0,0,0
9.217,0,0.0,0,0
9.267,0,0.0,0,0
9.317,0,0.0,0,0
9.367,0,0.0,0,0
9.417,0,0.0,0,0
9.468,0,0.0,0,0
9.518,0,0.0,0,0
9.568,0,0.0,0,0
9.618,0,0.0,0,0
9.668,0,0.0,0,0
9.718,0,0.0,0,0
9.768,0,0.0,0,0
9.818,0,0.0,0,0
9.868,0,0.0,0,0
9.918,0,0.0,0,0
9.968,0,0.0,0,0
10.019,0,0.0,0,0
10.069,0,0.0,0,0
10.119,0,0.0,0,0
10.169,0,0.0,0,0
10.219,0,0.0,0,0
10.269,0,0.0,0,0
10.319,0,0.0,0,0
10.369,0,0.0,0,0
10.419,0,0.0,0,0
10.469,0,0.0,0,0
10.519,0,0.0,0,0
10.569,0,0.0,0,0
10.619,0,0.0,0,0
10.670,0,0.0,0,0
10.720,0,0.0,0,0
10.770,0,0.0,0,0
10.820,0,0.0,0,0
10.870,0,0.0,0,0
10.920,0,0.0,0,0
10.970,0,0.0,0,0
11.020,0,0.0,0,0
11.070,0,0.0,0,0
11.120,0,0.0,0,0
11.170,0,0.0,0,0
11.221,0,0.0,0,0
11.271,0,0.0,0,0
11.321,0,0.0,0,0
11.371,0,0.0,0,0
11.421,0,0.0,0,0
11.471,0,0.0,0,0
11.521,0,0.0,0,0
11.571,0,0.0,0,0
11.621,0,0.0,0,0
11.672,0,0.0,0,0
11.722,0,0.0,0,0
11.772,0,0.0,0,0
11.822,0,0.0,0,0
11.872,0,0.0,0,0
11.922,0,0.0,0,0
11.972,0,0.0,0,0
12.022,0,0.0,0,0
12.072,0,0.0,0,0
12.122,0,0.0,0,0
12.172,0,0.0,0,0
12.222,0,0.0,0,0
12.273,0,0.0,0,0
12.323,0,0.0,0,0
12.373,0,0.0,0,0
12.423,0,0.0,0,0
12.473,0,0.0,0,0
12.523,0,0.0,0,0
12.573,0,0.0,0,0
12.623,0,0.0,0,0
12.673,0,0.0,0,0
12.724,0,0.0,0,0
12.774,0,0.0,0,0
12.824,0,0.0,0,0
12.874,0,0.0,0,0
12.924,0,0.0,0,0
12.974,0,0.0,0,0
13.024,0,0.0,0,0
13.074,0,0.0,0,0
13.124,0,0.0,0,0
13.175,0,0.0,0,0
13.225,0,0.0,0,0
13.275,0,0.0,0,0
13.325,0,0.0,0,0
13.375,0,0.0,0,0
13.425,0,0.0,0,0
13.475,0,0.0,0,0
13.525,0,0.0,0,0
13.575,0,0.0,0,0
13.625,0,0.0,0,0
13.676,0,0.0,0,0
13.726,0,0.0,0,0
13.776,0,0.0,0,0
13.826,0,0.0,0,0
13.876,0,0.0,0,0
13.926,0,0.0,0,0
13.976,0,0.0,0,0
14.026,0,0.0,0,0
14.077,0,0.0,0,0
14.127,0,0.0,0,0
14.177,0,0.0,0,0
14.227,0,0.0,0,0
14.277,0,0.0,0,0
14.327,0,0.0,0,0
14.377,0,0.0,0,0
14.427,0,0.0,0,0
14.477,0,0.0,0,0
14.527,0,0.0,0,0
14.577,0,0.0,0,0
14.628,0,0.0,0,0
14.678,0,0.0,0,0
14.728,0,0.0,0,0
14.778,0,0.0,0,0
14.828,0,0.0,0,0
14.878,0,0.0,0,0
14.928,0,0.0,0,0
14.978,0,0.0,0,0
15.028,0,0.0,0,0
15.078,0,0.0,0,0
15.128,0,0.0,0,0
15.179,0,0.0,0,0
15.229,0,0.0,0,0
15.279,0,0.0,0,0
15.329,0,0.0,0,0
15.379,0,0.0,0,0
15.429,0,0.0,0,0
15.479,0,0.0,0,0
15.529,0,0.0,0,0
15.579,0,0.0,0,0
15.629,0,0.0,0,0
15.679,0,0.0,0,0
15.729,0,0.0,0,0
15.779,0,0.0,0,0
15.830,0,0.0,0,0
15.880,0,0.0,0,0
15.930,0,0.0,0,0
15.980,0,0.0,0,0
16.030,0,0.0,0,0
16.080,0,0.0,0,0
16.130,0,0.0,0,0
16.180,0,0.0,0,0
16.230,0,0.0,0,0
16.281,0,0.0,0,0
16.331,0,0.0,0,0
16.381,0,0.0,0,0
16.431,0,0.0,0,0
16.481,0,0.0,0,0
16.531,0,0.0,0,0
16.581,0,0.0,0,0
16.631,0,0.0,0,0
16.681,0,0.0,0,0
16.731,0,0.0,0,0
16.781,0,0.0,0,0
16.831,0,0.0,0,0
16.881,0,0.0,0,0
16.932,0,0.0,0,0
16.982,0,0.0,0,0
17.032,0,0.0,0,0
17.082,0,0.0,0,0
17.132,0,0.0,0,0
17.182,0,0.0,0,0
17.232,0,0.0,0,0
17.282,0,0.0,0,0
17.332,0,0.0,0,0
17.382,0,0.0,0,0
17.432,0,0.0,0,0
17.482,0,0.0,0,0
17.533,0,0.0,0,0
17.583,0,0.0,0,0
17.633,0,0.0,0,0
17.683,0,0.0,0,0
17.733,0,0.0,0,0
17.783,0,0.0,0,0
17.833,0,0.0,0,0
17.883,0,0.0,0,0
17.933,0,0.0,0,0
17.984,0,0.0,0,0
18.034,0,0.0,0,0
18.084,0,0.0,0,0
18.134,0,0.0,0,0
18.184,0,0.0,0,0
18.234,0,0.0,0,0
18.284,0,0.0,0,0
18.334,0,0.0,0,0
18.384,0,0.0,0,0
18.435,0,0.0,0,0
18.485,0,0.0,0,0
18.535,0,0.0,0,0
18.585,0,0.0,0,0
18.635,0,0.0,0,0
18.685,0,0.0,0,0
18.735,0,0.0,0,0
18.785,0,0.0,0,0
18.835,0,0.0,0,0
18.885,0,0.0,0,0
18.935,0,0.0,0,0
18.986,0,0.0,0,0
19.036,0,0.0,0,0
19.086,0,0.0,0,0
19.136,0,0.0,0,0
19.186,0,0.0,0,0
19.236,0,0.0,0,0
19.286,0,0.0,0,0
19.336,0,0.0,0,0
19.386,0,0.0,0,0
19.436,0,0.0,0,0
19.486,0,0.0,0,0
19.536,0,0.0,0,0
19.587,0,0.0,0,0
19.637,0,0.0,0,0
19.687,0,0.0,0,0
19.737,0,0.0,0,0
19.787,0,0.0,0,0
19.837,0,0.0,0,0
19.887,0,0.0,0,0
19.937,0,0.0,0,0
19.987,0,0.0,0,0
20.038,0,0.0,0,0
20.088,0,0.0,0,0
20.138,0,0.0,0,0
20.188,0,0.0,0,0
20.238,0,0.0,0,0
20.288,0,0.0,0,0
20.338,0,0.0,0,0
20.388,0,0.0,0,0
20.438,0,0.0,0,0
20.488,0,0.0,0,0
20.538,0,0.0,0,0
20.588,0,0.0,0,0
20.639,0,0.0,0,0
20.689,0,0.0,0,0
20.739,0,0.0,0,0
20.789,0,0.0,0,0
20.839,0,0.0,0,0
20.889,0,0.0,0,0
20.939,0,0.0,0,0
20.989,0,0.0,0,0
21.039,0,0.0,0,0
21.089,0,0.0,0,0
21.140,0,0.0,0,0
21.190,0,0.0,0,0
21.240,0,0.0,0,0
21.290,0,0.0,0,0
21.340,0,0.0,0,0
21.390,0,0.0,0,0
21.440,0,0.0,0,0
21.490,0,0.0,0,0
21.540,0,0.0,0,0
21.590,0,0.0,0,0
21.640,0,0.0,0,0
21.691,0,0.0,0,0
21.741,0,0.0,0,0
21.791,0,0.0,0,0
21.841,0,0.0,0,0
21.891,0,0.0,0,0
21.941,0,0.0,0,0
21.991,0,0.0,0,0
22.041,0,0.0,0,0
22.091,0,0.0,0,0
22.141,0,0.0,0,0
22.191,0,0.0,0,0
22.242,0,0.0,0,0
22.292,0,0.0,0,0
22.342,0,0.0,0,0
22.392,0,0.0,0,0
22.442,0,0.0,0,0
22.492,0,0.0,0,0
22.542,0,0.0,0,0
22.592,0,0.0,0,0
22.642,0,0.0,0,0
22.692,0,0.0,0,0
22.742,0,0.0,0,0
22.792,0,0.0,0,0
22.842,0,0.0,0,0
22.892,0,0.0,0,0
22.943,0,0.0,0,0
22.993,0,0.0,0,0
23.043,0,0.0,0,0
23.093,0,0.0,0,0
23.143,0,0.0,0,0
23.193,0,0.0,0,0
23.243,0,0.0,0,0
23.293,0,0.0,0,0
23.343,0,0.0,0,0
23.393,0,0.0,0,0
23.443,0,0.0,0,0
23.493,0,0.0,0,0
23.544,0,0.0,0,0
23.594,0,0.0,0,0
23.644,0,0.0,0,0
23.694,0,0.0,0,0
23.744,0,0.0,0,0
23.794,0,0.0,0,0
23.844,0,0.0,0,0
23.894,0,0.0,0,0
23.944,0,0.0,0,0
23.995,0,0.0,0,0
24.045,0,0.0,0,0
24.095,0,0.0,0,0
24.145,0,0.0,0,0
24.195,0,0.0,0,0
24.245,0,0.0,0,0
24.295,0,0.0,0,0
24.345,0,0.0,0,0
24.395,0,0.0,0,0
24.446,0,0.0,0,0
24.496,0,0.0,0,0
24.546,0,0.0,0,0
24.596,0,0.0,0,0
24.646,0,0.0,0,0
24.696,0,0.0,0,0
24.746,0,0.0,0,0
24.796,0,0.0,0,0
24.846,0,0.0,0,0
24.896,0,0.0,0,0
24.946,0,0.0,0,0
24.997,0,0.0,0,0
25.047,0,0.0,0,0
25.097,0,0.0,0,0
25.147,0,0.0,0,0
25.197,0,0.0,0,0
25.247,0,0.0,0,0
25.297,0,0.0,0,0
25.347,0,0.0,0,0
25.397,0,0.0,0,0
25.447,0,0.0,0,0
25.497,0,0.0,0,0
25.548,0,0.0,0,0
25.598,0,0.0,0,0
25.648,0,0.0,0,0
25.698,0,0.0,0,0
25.748,0,0.0,0,0
25.798,0,0.0,0,0
25.848,0,0.0,0,0
25.898,0,0.0,0,0
25.948,0,0.0,0,0
25.998,0,0.0,0,0
26.048,0,0.0,0,0
26.098,0,0.0,0,0
26.149,0,0.0,0,0
26.199,0,0.0,0,0
26.249,0,0.0,0,0
26.299,0,0.0,0,0
26.349,0,0.0,0,0
26.399,0,0.0,0,0
26.449,0,0.0,0,0
26.499,0,0.0,0,0
26.549,0,0.0,0,0
26.599,0,0.0,0,0
26.649,0,0.0,0,0
26.700,0,0.0,0,0
26.750,0,0.0,0,0
26.800,0,0.0,0,0
26.850,0,0.0,0,0
26.900,0,0.0,0,0
26.950,0,0.0,0,0
27.000,0,0.0,0,0
27.050,0,0.0,0,0
27.100,0,0.0,0,0
27.150,0,0.0,0,0
27.201,0,0.0,0,0
27.251,0,0.0,0,0
27.301,0,0.0,0,0
27.351,0,0.0,0,0
27.401,0,0.0,0,0
27.451,0,0.0,0,0
27.501,0,0.0,0,0
27.551,0,0.0,0,0
27.602,0,0.0,0,0
27.652,0,0.0,0,0
27.702,0,0.0,0,0
27.752,0,0.0,0,0
27.802,0,0.0,0,0
27.852,0,0.0,0,0
27.902,0,0.0,0,0
27.952,0,0.0,0,0
28.002,0,0.0,0,0
28.052,0,0.0,0,0
28.103,0,0.0,0,0
28.153,0,0.0,0,0
28.203,0,0.0,0,0
28.253,0,0.0,0,0
28.303,0,0.0,0,0
28.353,0,0.0,0,0
28.403,0,0.0,0,0
28.453,0,0.0,0,0
28.503,0,0.0,0,0
28.553,0,0.0,0,0
28.604,0,0.0,0,0
28.654,0,0.0,0,0
28.704,0,0.0,0,0
28.754,0,0.0,0,0
28.804,0,0.0,0,0
28.854,0,0.0,0,0
28.904,0,0.0,0,0
28.954,0,0.0,0,0
29.004,0,0.0,0,0
29.054,0,0.0,0,0
29.105,0,0.0,0,0
29.155,0,0.0,0,0
29.205,0,0.0,0,0
29.255,0,0.0,0,0
29.305,0,0.0,0,0
29.355,0,0.0,0,0
29.405,0,0.0,0,0
29.455,0,0.0,0,0
29.505,0,0.0,0,0
29.555,0,0.0,0,0
29.606,0,0.0,0,0
29.656,0,0.0,0,0
29.706,0,0.0,0,0
29.756,0,0.0,0,0
29.806,0,0.0,0,0
29.856,0,0.0,0,0
29.906,0,0.0,0,0
29.956,0,0.0,0,0
30.006,0,0.0,0,0
30.056,0,0.0,0,0
30.107,0,0.0,0,0
30.157,0,0.0,0,0
30.207,0,0.0,0,0
30.257,0,0.0,0,0
30.307,0,0.0,0,0
30.357,0,0.0,0,0
30.407,0,0.0,0,0
30.457,0,0.0,0,0
30.507,0,0.0,0,0
30.558,0,0.0,0,0
30.608,0,0.0,0,0
30.658,0,0.0,0,0
30.708,0,0.0,0,0
30.758,0,0.0,0,0
30.808,0,0.0,0,0
30.858,0,0.0,0,0
30.908,0,0.0,0,0
30.958,0,0.0,0,0
31.008,0,0.0,0,0
31.058,0,0.0,0,0
31.108,0,0.0,0,0
31.159,0,0.0,0,0
31.209,0,0.0,0,0
31.259,0,0.0,0,0
31.309,0,0.0,0,0
31.359,0,0.0,0,0
31.409,0,0.0,0,0
31.459,0,0.0,0,0
31.509,0,0.0,0,0
31.559,0,0.0,0,0
31.610,0,0.0,0,0
31.660,0,0.0,0,0
31.710,0,0.0,0,0
31.760,0,0.0,0,0
31.810,0,0.0,0,0
31.860,0,0.0,0,0
31.910,0,0.0,0,0
31.960,0,0.0,0,0
32.010,0,0.0,0,0
32.061,0,0.0,0,0
32.111,0,0.0,0,0
32.161,0,0.0,0,0
32.211,0,0.0,0,0
32.261,0,0.0,0,0
32.311,0,0.0,0,0
32.361,0,0.0,0,0
32.411,0,0.0,0,0
32.461,0,0.0,0,0
32.511,0,0.0,0,0
32.562,0,0.0,0,0
32.612,0,0.0,0,0
32.662,0,0.0,0,0
32.712,0,0.0,0,0
32.762,0,0.0,0,0
32.812,0,0.0,0,0
32.862,0,0.0,0,0
32.912,0,0.0,0,0
32.962,0,0.0,0,0
33.013,0,0.0,0,0
33.063,0,0.0,0,0
33.113,0,0.0,0,0
33.163,0,0.0,0,0
33.213,0,0.0,0,0
33.263,0,0.0,0,0
33.313,0,0.0,0,0
33.363,0,0.0,0,0
33.413,0,0.0,0,0
33.463,0,0.0,0,0
33.514,0,0.0,0,0
33.564,0,0.0,0,0
33.614,0,0.0,0,0
33.664,0,0.0,0,0
33.714,0,0.0,0,0
33.764,0,0.0,0,0
33.814,0,0.0,0,0
33.864,0,0.0,0,0
33.914,0,0.0,0,0
33.965,0,0.0,0,0
34.015,0,0.0,0,0
34.065,0,0.0,0,0
34.115,0,0.0,0,0
34.165,0,0.0,0,0
34.215,0,0.0,0,0
34.265,0,0.0,0,0
34.315,0,0.0,0,0
34.365,0,0.0,0,0
34.416,0,0.0,0,0
34.466,0,0.0,0,0
34.516,0,0.0,0,0
34.566,0,0.0,0,0
34.616,0,0.0,0,0
34.666,0,0.0,0,0
34.716,0,0.0,0,0
34.766,0,0.0,0,0
34.816,0,0.0,0,0
34.867,0,0.0,0,0
34.917,0,0.0,0,0
34.967,0,0.0,0,0
35.017,0,0.0,0,0
35.067,0,0.0,0,0
35.117,0,0.0,0,0
35.167,0,0.0,0,0
35.217,0,0.0,0,0
35.267,0,0.0,0,0
35.318,0,0.0,0,0
35.368,0,0.0,0,0
35.418,0,0.0,0,0
35.468,0,0.0,0,0
35.518,0,0.0,0,0
35.568,0,0.0,0,0
35.618,0,0.0,0,0
35.668,0,0.0,0,0
35.718,0,0.0,0,0
35.768,0,0.0,0,0
35.818,0,0.0,0,0
35.868,0,0.0,0,0
35.919,0,0.0,0,0
35.969,0,0.0,0,0
36.019,0,0.0,0,0
36.069,0,0.0,0,0
36.119,0,0.0,0,0
36.169,0,0.0,0,0
36.219,0,0.0,0,0
36.269,0,0.0,0,0
36.319,0,0.0,0,0
36.369,0,0.0,0,0
36.419,0,0.0,0,0
36.469,0,0.0,0,0
36.519,0,0.0,0,0
36.569,0,0.0,0,0
36.619,0,0.0,0,0
36.670,0,0.0,0,0
36.720,0,0.0,0,0
36.770,0,0.0,0,0
36.820,0,0.0,0,0
36.870,0,0.0,0,0
36.920,0,0.0,0,0
36.970,0,0.0,0,0
37.020,0,0.0,0,0
37.070,0,0.0,0,0
37.120,0,0.0,0,0
37.171,0,0.0,0,0
37.221,0,0.0,0,0
37.271,0,0.0,0,0
37.321,0,0.0,0,0
37.371,0,0.0,0,0
37.421,0,0.0,0,0
37.471,0,0.0,0,0
37.521,0,0.0,0,0
37.572,0,0.0,0,0
37.622,0,0.0,0,0
37.672,0,0.0,0,0
37.722,0,0.0,0,0
37.772,0,0.0,0,0
37.822,0,0.0,0,0
37.872,0,0.0,0,0
37.922,0,0.0,0,0
37.972,0,0.0,0,0
38.022,0,0.0,0,0
38.072,0,0.0,0,0
38.122,0,0.0,0,0
38.172,0,0.0,0,0
38.223,0,0.0,0,0
38.273,0,0.0,0,0
38.323,0,0.0,0,0
38.373,0,0.0,0,0
38.423,0,0.0,0,0
38.473,0,0.0,0,0
38.523,0,0.0,0,0
38.573,0,0.0,0,0
38.623,0,0.0,0,0
38.673,0,0.0,0,0
38.723,0,0.0,0,0
38.774,0,0.0,0,0
38.824,0,0.0,0,0
38.874,0,0.0,0,0
38.924,0,0.0,0,0
38.974,0,0.0,0,0
39.024,0,0.0,0,0
39.074,0,0.0,0,0
39.124,0,0.0,0,0
39.175,0,0.0,0,0
39.225,0,0.0,0,0
39.275,0,0.0,0,0
39.325,0,0.0,0,0
39.375,0,0.0,0,0
39.425,0,0.0,0,0
39.475,0,0.0,0,0
39.525,0,0.0,0,0
39.575,0,0.0,0,0
39.626,0,0.0,0,0
39.676,0,0.0,0,0
39.726,0,0.0,0,0
39.776,0,0.0,0,0
39.826,0,0.0,0,0
39.876,0,0.0,0,0
39.926,0,0.0,0,0
39.976,0,0.0,0,0
40.026,0,0.0,0,0
40.077,0,0.0,0,0
40.127,0,0.0,0,0
40.177,0,0.0,0,0
40.227,0,0.0,0,0
40.277,0,0.0,0,0
40.327,0,0.0,0,0
40.377,0,0.0,0,0
40.427,0,0.0,0,0
40.477,0,0.0,0,0
40.527,0,0.0,0,0
40.578,0,0.0,0,0
40.628,0,0.0,0,0
40.678,0,0.0,0,0
40.728,0,0.0,0,0
40.778,0,0.0,0,0
40.828,0,0.0,0,0
40.878,0,0.0,0,0
40.928,0,0.0,0,0
40.978,0,0.0,0,0
41.028,0,0.0,0,0
41.078,0,0.0,0,0
41.128,0,0.0,0,0
41.178,0,0.0,0,0
41.229,0,0.0,0,0
41.279,0,0.0,0,0
41.329,0,0.0,0,0
41.379,0,0.0,0,0
41.429,0,0.0,0,0
41.479,0,0.0,0,0
41.529,0,0.0,0,0
41.579,0,0.0,0,0
41.629,0,0.0,0,0
41.679,0,0.0,0,0
41.730,0,0.0,0,0
41.780,0,0.0,0,0
41.830,0,0.0,0,0
41.880,0,0.0,0,0
41.930,0,0.0,0,0
41.980,0,0.0,0,0
42.030,0,0.0,0,0
42.080,0,0.0,0,0
42.130,0,0.0,0,0
42.180,0,0.0,0,0
42.231,0,0.0,0,0
42.281,0,0.0,0,0
42.331,0,0.0,0,0
42.381,0,0.0,0,0
42.431,0,0.0,0,0
42.481,0,0.0,0,0
42.531,0,0.0,0,0
42.582,0,0.0,0,0
42.632,0,0.0,0,0
42.682,0,0.0,0,0
42.732,0,0.0,0,0
42.782,0,0.0,0,0
42.832,0,0.0,0,0
42.882,0,0.0,0,0
42.932,0,0.0,0,0
42.982,0,0.0,0,0
43.032,0,0.0,0,0
43.083,0,0.0,0,0
43.133,0,0.0,0,0
43.183,0,0.0,0,0
43.233,0,0.0,0,0
43.283,0,0.0,0,0
43.333,0,0.0,0,0
43.383,0,0.0,0,0
43.433,0,0.0,0,0
43.483,0,0.0,0,0
43.533,0,0.0,0,0
43.583,0,0.0,0,0
43.633,0,0.0,0,0
43.684,0,0.0,0,0
43.734,0,0.0,0,0
43.784,0,0.0,0,0
43.834,0,0.0,0,0
43.884,0,0.0,0,0
43.934,0,0.0,0,0
43.984,0,0.0,0,0
44.034,0,0.0,0,0
44.084,0,0.0,0,0
44.135,0,0.0,0,0
44.185,0,0.0,0,0
44.235,0,0.0,0,0
44.285,0,0.0,0,0
44.335,0,0.0,0,0
44.385,0,0.0,0,0
44.435,0,0.0,0,0
44.485,0,0.0,0,0
44.535,0,0.0,0,0
44.585,0,0.0,0,0
44.635,0,0.0,0,0
44.686,0,0.0,0,0
44.736,0,0.0,0,0
44.786,0,0.0,0,0
44.836,0,0.0,0,0
44.886,0,0.0,0,0
44.936,0,0.0,0,0
44.986,0,0.0,0,0
45.036,0,0.0,0,0
45.086,0,0.0,0,0
45.136,0,0.0,0,0
45.186,0,0.0,0,0
45.236,0,0.0,0,0
45.286,0,0.0,0,0
45.337,0,0.0,0,0
45.387,0,0.0,0,0
45.437,0,0.0,0,0
45.487,0,0.0,0,0
45.537,0,0.0,0,0
45.587,0,0.0,0,0
45.637,0,0.0,0,0
45.688,0,0.0,0,0
45.738,0,0.0,0,0
45.788,0,0.0,0,0
45.838,0,0.0,0,0
45.888,0,0.0,0,0
45.938,0,0.0,0,0
45.988,0,0.0,0,0
46.038,0,0.0,0,0
46.088,0,0.0,0,0
46.138,0,0.0,0,0
46.189,0,0.0,0,0
46.239,0,0.0,0,0
46.289,0,0.0,0,0
46.339,0,0.0,0,0
46.389,0,0.0,0,0
46.439,0,0.0,0,0
46.489,0,0.0,0,0
46.539,0,0.0,0,0
46.589,0,0.0,0,0
46.639,0,0.0,0,0
46.689,0,0.0,0,0
46.740,0,0.0,0,0
46.790,0,0.0,0,0
46.840,0,0.0,0,0
46.890,0,0.0,0,0
46.940,0,0.0,0,0
46.990,0,0.0,0,0
47.040,0,0.0,0,0
47.090,0,0.0,0,0
47.140,0,0.0,0,0
47.190,0,0.0,0,0
47.241,0,0.0,0,0
47.291,0,0.0,0,0
47.341,0,0.0,0,0
47.391,0,0.0,0,0
47.441,0,0.0,0,0
47.491,0,0.0,0,0
47.541,0,0.0,0,0
47.591,0,0.0,0,0
47.641,0,0.0,0,0
47.691,0,0.0,0,0
47.741,0,0.0,0,0
47.791,0,0.0,0,0
47.842,0,0.0,0,0
47.892,0,0.0,0,0
47.942,0,0.0,0,0
47.992,0,0.0,0,0
48.042,0,0.0,0,0
48.092,0,0.0,0,0
48.142,0,0.0,0,0
48.192,0,0.0,0,0
48.242,0,0.0,0,0
48.292,0,0.0,0,0
48.342,0,0.0,0,0
48.393,0,0.0,0,0
48.443,0,0.0,0,0
48.493,0,0.0,0,0
48.543,0,0.0,0,0
48.593,0,0.0,0,0
48.643,0,0.0,0,0
48.693,0,0.0,0,0
48.743,0,0.0,0,0
48.793,0,0.0,0,0
48.844,0,0.0,0,0
48.894,0,0.0,0,0
48.944,0,0.0,0,0
48.994,0,0.0,0,0
49.044,0,0.0,0,0
49.094,0,0.0,0,0
49.144,0,0.0,0,0
49.194,0,0.0,0,0
49.244,0,0.0,0,0
49.294,0,0.0,0,0
49.344,0,0.0,0,0
49.394,0,0.0,0,0
49.444,0,0.0,0,0
49.495,0,0.0,0,0
49.545,0,0.0,0,0
49.595,0,0.0,0,0
49.645,0,0.0,0,0
49.695,0,0.0,0,0
49.745,0,0.0,0,0
49.795,0,0.0,0,0
49.845,0,0.0,0,0
49.895,0,0.0,0,0
49.946,0,0.0,0,0
49.996,0,0.0,0,0
50.046,0,0.0,0,0
50.096,0,0.0,0,0
50.146,0,0.0,0,0
50.196,0,0.0,0,0
50.246,0,0.0,0,0
50.296,0,0.0,0,0
50.346,0,0.0,0,0
50.396,0,0.0,0,0
50.446,0,0.0,0,0
50.496,0,0.0,0,0
50.546,0,0.0,0,0
50.596,0,0.0,0,0
50.646,0,0.0,0,0
50.697,0,0.0,0,0
50.747,0,0.0,0,0
50.797,0,0.0,0,0
50.847,0,0.0,0,0
50.897,0,0.0,0,0
50.947,0,0.0,0,0
50.997,0,0.0,0,0
51.047,0,0.0,0,0
51.097,0,0.0,0,0
51.147,0,0.0,0,0
51.197,0,0.0,0,0
51.248,0,0.0,0,0
51.298,0,0.0,0,0
51.348,0,0.0,0,0
51.398,0,0.0,0,0
51.448,0,0.0,0,0
51.498,0,0.0,0,0
51.548,0,0.0,0,0
51.598,0,0.0,0,0
51.648,0,0.0,0,0
51.698,0,0.0,0,0
51.748,0,0.0,0,0
51.798,0,0.0,0,0
51.849,0,0.0,0,0
51.899,0,0.0,0,0
51.949,0,0.0,0,0
51.999,0,0.0,0,0
52.049,0,0.0,0,0
52.099,0,0.0,0,0
52.149,0,0.0,0,0
52.199,0,0.0,0,0
52.249,0,0.0,0,0
52.299,0,0.0,0,0
52.349,0,0.0,0,0
52.400,0,0.0,0,0
52.450,0,0.0,0,0
52.500,0,0.0,0,0
52.550,0,0.0,0,0
52.600,0,0.0,0,0
52.650,0,0.0,0,0
52.700,0,0.0,0,0
52.750,0,0.0,0,0
52.800,0,0.0,0,0
52.850,0,0.0,0,0
52.900,0,0.0,0,0
52.951,0,0.0,0,0
53.001,0,0.0,0,0
53.051,0,0.0,0,0
53.101,0,0.0,0,0
53.151,0,0.0,0,0
53.201,0,0.0,0,0
53.251,0,0.0,0,0
53.301,0,0.0,0,0
53.351,0,0.0,0,0
53.401,0,0.0,0,0
53.451,0,0.0,0,0
53.501,0,0.0,0,0
53.552,0,0.0,0,0
53.602,0,0.0,0,0
53.652,0,0.0,0,0
53.702,0,0.0,0,0
53.752,0,0.0,0,0
53.802,0,0.0,0,0
53.852,0,0.0,0,0
53.902,0,0.0,0,0
53.952,0,0.0,0,0
54.002,0,0.0,0,0
54.053,0,0.0,0,0
54.103,0,0.0,0,0
54.153,0,0.0,0,0
54.203,0,0.0,0,0
54.253,0,0.0,0,0
54.303,0,0.0,0,0
54.353,0,0.0,0,0
54.403,0,0.0,0,0
54.453,0,0.0,0,0
54.503,0,0.0,0,0
54.553,0,0.0,0,0
54.603,0,0.0,0,0
54.654,0,0.0,0,0
54.704,0,0.0,0,0
54.754,0,0.0,0,0
54.804,0,0.0,0,0
54.854,0,0.0,0,0
54.904,0,0.0,0,0
54.954,0,0.0,0,0
55.004,0,0.0,0,0
55.054,0,0.0,0,0
55.104,0,0.0,0,0
55.154,0,0.0,0,0
55.205,0,0.0,0,0
55.255,0,0.0,0,0
55.305,0,0.0,0,0
55.355,0,0.0,0,0
55.405,0,0.0,0,0
55.455,0,0.0,0,0
55.505,0,0.0,0,0
55.555,0,0.0,0,0
55.605,0,0.0,0,0
55.656,0,0.0,0,0
55.706,0,0.0,0,0
55.756,0,0.0,0,0
55.806,0,0.0,0,0
55.856,0,0.0,0,0
55.906,0,0.0,0,0
55.956,0,0.0,0,0
56.007,0,0.0,0,0
56.057,0,0.0,0,0
56.107,0,0.0,0,0
56.157,0,0.0,0,0
56.207,0,0.0,0,0
56.257,0,0.0,0,0
56.307,0,0.0,0,0
56.357,0,0.0,0,0
56.407,0,0.0,0,0
56.457,0,0.0,0,0
56.507,0,0.0,0,0
56.558,0,0.0,0,0
56.608,0,0.0,0,0
56.658,0,0.0,0,0
56.708,0,0.0,0,0
56.758,0,0.0,0,0
56.808,0,0.0,0,0
56.858,0,0.0,0,0
56.908,0,0.0,0,0
56.958,0,0.0,0,0
57.008,0,0.0,0,0
57.058,0,0.0,0,0
57.109,0,0.0,0,0
57.159,0,0.0,0,0
57.209,0,0.0,0,0
57.259,0,0.0,0,0
57.309,0,0.0,0,0
57.359,0,0.0,0,0
57.409,0,0.0,0,0
57.459,0,0.0,0,0
57.509,0,0.0,0,0
57.559,0,0.0,0,0
57.610,0,0.0,0,0
57.660,0,0.0,0,0
57.710,0,0.0,0,0
57.760,0,0.0,0,0
57.810,0,0.0,0,0
57.860,0,0.0,0,0
57.910,0,0.0,0,0
57.960,0,0.0,0,0
58.011,0,0.0,0,0
58.061,0,0.0,0,0
58.111,0,0.0,0,0
58.161,0,0.0,0,0
58.211,0,0.0,0,0
58.261,0,0.0,0,0
58.311,0,0.0,0,0
58.361,0,0.0,0,0
58.411,0,0.0,0,0
58.461,0,0.0,0,0
58.511,0,0.0,0,0
58.562,0,0.0,0,0
58.612,0,0.0,0,0
58.662,0,0.0,0,0
58.712,0,0.0,0,0
58.762,0,0.0,0,0
58.812,0,0.0,0,0
58.862,0,0.0,0,0
58.912,0,0.0,0,0
58.962,0,0.0,0,0
59.012,0,0.0,0,0
59.062,0,0.0,0,0
59.113,0,0.0,0,0
59.163,0,0.0,0,0
59.213,0,0.0,0,0
59.263,0,0.0,0,0
59.313,0,0.0,0,0
59.363,0,0.0,0,0
59.413,0,0.0,0,0
59.463,0,0.0,0,0
59.513,0,0.0,0,0
59.563,0,0.0,0,0
59.613,0,0.0,0,0
59.663,0,0.0,0,0
59.713,0,0.0,0,0
59.763,0,0.0,0,0
59.813,0,0.0,0,0
59.863,0,0.0,0,0
59.914,0,0.0,0,0
59.964,0,0.0,0,0
60.014,0,0.0,0,0
60.064,0,0.0,0,0
60.114,0,0.0,0,0
60.164,0,0.0,0,0
60.214,0,0.0,0,0
60.264,0,0.0,0,0
60.314,0,0.0,0,0
60.364,0,0.0,0,0
60.415,0,0.0,0,0
60.465,0,0.0,0,0
60.515,0,0.0,0,0
60.565,0,0.0,0,0
60.615,0,0.0,0,0
60.665,0,0.0,0,0
60.715,0,0.0,0,0
60.765,0,0.0,0,0
60.815,0,0.0,0,0
60.865,0,0.0,0,0
60.916,0,0.0,0,0
60.966,0,0.0,0,0
61.016,0,0.0,0,0
61.066,0,0.0,0,0
61.116,0,0.0,0,0
61.166,0,0.0,0,0
61.216,0,0.0,0,0
61.266,0,0.0,0,0
61.316,0,0.0,0,0
61.366,0,0.0,0,0
61.417,0,0.0,0,0
61.467,0,0.0,0,0
61.517,0,0.0,0,0
61.567,0,0.0,0,0
61.617,0,0.0,0,0
61.667,0,0.0,0,0
61.717,0,0.0,0,0
61.767,0,0.0,0,0
61.817,0,0.0,0,0
61.867,0,0.0,0,0
61.918,0,0.0,0,0
61.968,0,0.0,0,0
62.018,0,0.0,0,0
62.068,0,0.0,0,0
62.118,0,0.0,0,0
62.168,0,0.0,0,0
62.218,0,0.0,0,0
62.268,0,0.0,0,0
62.318,0,0.0,0,0
62.368,0,0.0,0,0
62.419,0,0.0,0,0
62.469,0,0.0,0,0
62.519,0,0.0,0,0
62.569,0,0.0,0,0
62.619,0,0.0,0,0
62.669,0,0.0,0,0
62.719,0,0.0,0,0
62.769,0,0.0,0,0
62.820,0,0.0,0,0
62.870,0,0.0,0,0
62.920,0,0.0,0,0
62.970,0,0.0,0,0
63.020,0,0.0,0,0
63.070,0,0.0,0,0
63.120,0,0.0,0,0
63.170,0,0.0,0,0
63.220,0,0.0,0,0
63.270,0,0.0,0,0
63.321,0,0.0,0,0
63.371,0,0.0,0,0
63.421,0,0.0,0,0
63.471,0,0.0,0,0
63.521,0,0.0,0,0
63.571,0,0.0,0,0
63.621,0,0.0,0,0
63.671,0,0.0,0,0
63.722,0,0.0,0,0
63.772,0,0.0,0,0
63.822,0,0.0,0,0
63.872,0,0.0,0,0
63.922,0,0.0,0,0
63.972,0,0.0,0,0
64.022,0,0.0,0,0
64.072,0,0.0,0,0
64.122,0,0.0,0,0
64.173,0,0.0,0,0
64.223,0,0.0,0,0
64.273,0,0.0,0,0
64.323,0,0.0,0,0
64.373,0,0.0,0,0
64.423,0,0.0,0,0
64.473,0,0.0,0,0
64.524,0,0.0,0,0
64.574,0,0.0,0,0
64.624,0,0.0,0,0
64.674,0,0.0,0,0
64.724,0,0.0,0,0
64.774,0,0.0,0,0
64.824,0,0.0,0,0
64.874,0,0.0,0,0
64.924,0,0.0,0,0
64.974,0,0.0,0,0
65.024,0,0.0,0,0
65.074,0,0.0,0,0
65.125,0,0.0,0,0
65.175,0,0.0,0,0
65.225,0,0.0,0,0
65.275,0,0.0,0,0
65.325,0,0.0,0,0
65.375,0,0.0,0,0
65.425,0,0.0,0,0
65.475,0,0.0,0,0
65.525,0,0.0,0,0
65.575,0,0.0,0,0
65.625,0,0.0,0,0
65.676,0,0.0,0,0
65.726,0,0.0,0,0
65.776,0,0.0,0,0
65.826,0,0.0,0,0
65.876,0,0.0,0,0
65.926,0,0.0,0,0
65.976,0,0.0,0,0
66.026,0,0.0,0,0
66.076,0,0.0,0,0
66.126,0,0.0,0,0
66.177,0,0.0,0,0
66.227,0,0.0,0,0
66.277,0,0.0,0,0
66.327,0,0.0,0,0
66.377,0,0.0,0,0
66.427,0,0.0,0,0
66.477,0,0.0,0,0
66.527,0,0.0,0,0
66.577,0,0.0,0,0
66.627,0,0.0,0,0
66.678,0,0.0,0,0
66.728,0,0.0,0,0
66.778,0,0.0,0,0
66.828,0,0.0,0,0
66.878,0,0.0,0,0
66.928,0,0.0,0,0
66.978,0,0.0,0,0
67.028,0,0.0,0,0
67.078,0,0.0,0,0
67.128,0,0.0,0,0
67.179,0,0.0,0,0
67.229,0,0.0,0,0
67.279,0,0.0,0,0
67.329,0,0.0,0,0
67.379,0,0.0,0,0
67.429,0,0.0,0,0
67.479,0,0.0,0,0
67.529,0,0.0,0,0
67.580,0,0.0,0,0
67.630,0,0.0,0,0
67.680,0,0.0,0,0
67.730,0,0.0,0,0
67.780,0,0.0,0,0
67.830,0,0.0,0,0
67.880,0,0.0,0,0
67.930,0,0.0,0,0
67.980,0,0.0,0,0
68.030,0,0.0,0,0
68.080,0,0.0,0,0
68.131,0,0.0,0,0
68.181,0,0.0,0,0
68.231,0,0.0,0,0
68.281,0,0.0,0,0
68.331,0,0.0,0,0
68.381,0,0.0,0,0
68.431,0,0.0,0,0
68.481,0,0.0,0,0
68.531,0,0.0,0,0
68.581,0,0.0,0,0
68.632,0,0.0,0,0
68.682,0,0.0,0,0
68.732,0,0.0,0,0
68.782,0,0.0,0,0
68.832,0,0.0,0,0
68.882,0,0.0,0,0
68.932,0,0.0,0,0
68.982,0,0.0,0,0
69.032,0,0.0,0,0
69.082,0,0.0,0,0
69.132,0,0.0,0,0
69.182,0,0.0,0,0
69.233,0,0.0,0,0
69.283,0,0.0,0,0
69.333,0,0.0,0,0
69.383,0,0.0,0,0
69.433,0,0.0,0,0
69.483,0,0.0,0,0
69.533,0,0.0,0,0
69.584,0,0.0,0,0
69.634,0,0.0,0,0
69.684,0,0.0,0,0
69.734,0,0.0,0,0
69.784,0,0.0,0,0
69.834,0,0.0,0,0
69.884,0,0.0,0,0
69.934,0,0.0,0,0
69.984,0,0.0,0,0
70.035,0,0.0,0,0
70.085,0,0.0,0,0
70.135,0,0.0,0,0
70.185,0,0.0,0,0
70.235,0,0.0,0,0
70.285,0,0.0,0,0
70.335,0,0.0,0,0
70.385,0,0.0,0,0
70.435,0,0.0,0,0
70.485,0,0.0,0,0
70.535,0,0.0,0,0
70.585,0,0.0,0,0
70.636,0,0.0,0,0
70.686,0,0.0,0,0
70.736,0,0.0,0,0
70.786,0,0.0,0,0
70.836,0,0.0,0,0
70.886,0,0.0,0,0
70.936,0,0.0,0,0
70.986,0,0.0,0,0
71.036,0,0.0,0,0
71.086,0,0.0,0,0
71.137,0,0.0,0,0
71.187,0,0.0,0,0
71.237,0,0.0,0,0
71.287,0,0.0,0,0
71.337,0,0.0,0,0
71.387,0,0.0,0,0
71.437,0,0.0,0,0
71.487,0,0.0,0,0
71.537,0,0.0,0,0
71.587,0,0.0,0,0
71.637,0,0.0,0,0
71.688,0,0.0,0,0
71.738,0,0.0,0,0
71.788,0,0.0,0,0
71.838,0,0.0,0,0
71.888,0,0.0,0,0
71.938,0,0.0,0,0
71.988,0,0.0,0,0
72.038,0,0.0,0,0
72.088,0,0.0,0,0
72.138,0,0.0,0,0
72.188,0,0.0,0,0
72.238,0,0.0,0,0
72.289,0,0.0,0,0
72.339,0,0.0,0,0
72.389,0,0.0,0,0
72.439,0,0.0,0,0
72.489,0,0.0,0,0
72.539,0,0.0,0,0
72.589,0,0.0,0,0
72.639,0,0.0,0,0
72.689,0,0.0,0,0
72.739,0,0.0,0,0
72.789,0,0.0,0,0
72.840,0,0.0,0,0
72.890,0,0.0,0,0
72.940,0,0.0,0,0
72.990,0,0.0,0,0
73.040,0,0.0,0,0
73.090,0,0.0,0,0
73.140,0,0.0,0,0
73.191,0,0.0,0,0
73.241,0,0.0,0,0
73.291,0,0.0,0,0
73.341,0,0.0,0,0
73.391,0,0.0,0,0
73.441,0,0.0,0,0
73.491,0,0.0,0,0
73.541,0,0.0,0,0
73.591,0,0.0,0,0
73.642,0,0.0,0,0
73.692,0,0.0,0,0
73.742,0,0.0,0,0
73.792,0,0.0,0,0
73.842,0,0.0,0,0
73.892,0,0.0,0,0
73.942,0,0.0,0,0
73.992,0,0.0,0,0
74.043,0,0.0,0,0
74.093,0,0.0,0,0
74.143,0,0.0,0,0
74.193,0,0.0,0,0
74.243,0,0.0,0,0
74.293,0,0.0,0,0
74.343,0,0.0,0,0
74.393,0,0.0,0,0
74.443,0,0.0,0,0
74.493,0,0.0,0,0
74.543,0,0.0,0,0
74.593,0,0.0,0,0
74.643,0,0.0,0,0
74.693,0,0.0,0,0
74.744,0,0.0,0,0
74.794,0,0.0,0,0
74.844,0,0.0,0,0
74.894,0,0.0,0,0
74.944,0,0.0,0,0
74.994,0,0.0,0,0
75.044,0,0.0,0,0
75.094,0,0.0,0,0
75.145,0,0.0,0,0
75.195,0,0.0,0,0
75.245,0,0.0,0,0
75.295,0,0.0,0,0
75.345,0,0.0,0,0
75.395,0,0.0,0,0
75.445,0,0.0,0,0
75.495,0,0.0,0,0
75.545,0,0.0,0,0
75.595,0,0.0,0,0
75.646,0,0.0,0,0
75.696,0,0.0,0,0
75.746,0,0.0,0,0
75.796,0,0.0,0,0
75.846,0,0.0,0,0
75.896,0,0.0,0,0
75.946,0,0.0,0,0
75.996,0,0.0,0,0
76.046,0,0.0,0,0
76.096,0,0.0,0,0
76.146,0,0.0,0,0
76.196,0,0.0,0,0
76.247,0,0.0,0,0
76.297,0,0.0,0,0
76.347,0,0.0,0,0
76.397,0,0.0,0,0
76.447,0,0.0,0,0
76.497,0,0.0,0,0
76.548,0,0.0,0,0
76.598,0,0.0,0,0
76.648,0,0.0,0,0
76.698,0,0.0,0,0
76.748,0,0.0,0,0
76.798,0,0.0,0,0
76.848,0,0.0,0,0
76.898,0,0.0,0,0
76.948,0,0.0,0,0
76.998,0,0.0,0,0
77.048,0,0.0,0,0
77.098,0,0.0,0,0
77.148,0,0.0,0,0
77.198,0,0.0,0,0
77.249,0,0.0,0,0
77.299,0,0.0,0,0
77.349,0,0.0,0,0
77.399,0,0.0,0,0
77.449,0,0.0,0,0
77.499,0,0.0,0,0
77.549,0,0.0,0,0
77.599,0,0.0,0,0
77.649,0,0.0,0,0
77.700,0,0.0,0,0
77.750,0,0.0,0,0
77.800,0,0.0,0,0
77.850,0,0.0,0,0
77.900,0,0.0,0,0
77.950,0,0.0,0,0
78.000,0,0.0,0,0
78.050,0,0.0,0,0
78.100,0,0.0,0,0
78.150,0,0.0,0,0
78.200,0,0.0,0,0
78.250,0,0.0,0,0
78.300,0,0.0,0,0
78.351,0,0.0,0,0
78.401,0,0.0,0,0
78.451,0,0.0,0,0
78.501,0,0.0,0,0
78.551,0,0.0,0,0
78.601,0,0.0,0,0
78.651,0,0.0,0,0
78.701,0,0.0,0,0
78.751,0,0.0,0,0
78.801,0,0.0,0,0
78.851,0,0.0,0,0
78.901,0,0.0,0,0
78.952,0,0.0,0,0
79.002,0,0.0,0,0
79.052,0,0.0,0,0
79.102,0,0.0,0,0
79.152,0,0.0,0,0
79.202,0,0.0,0,0
79.252,0,0.0,0,0
79.302,0,0.0,0,0
79.352,0,0.0,0,0
79.402,0,0.0,0,0
79.452,0,0.0,0,0
79.503,0,0.0,0,0
79.553,0,0.0,0,0
79.603,0,0.0,0,0
79.653,0,0.0,0,0
79.703,0,0.0,0,0
79.753,0,0.0,0,0
79.803,0,0.0,0,0
79.853,0,0.0,0,0
79.903,0,0.0,0,0
79.954,0,0.0,0,0
80.004,0,0.0,0,0
80.054,0,0.0,0,0
80.104,0,0.0,0,0
80.154,0,0.0,0,0
80.204,0,0.0,0,0
80.254,0,0.0,0,0
80.304,0,0.0,0,0
80.354,0,0.0,0,0
80.405,0,0.0,0,0
80.455,0,0.0,0,0
80.505,0,0.0,0,0
80.555,0,0.0,0,0
80.605,0,0.0,0,0
80.655,0,0.0,0,0
80.705,0,0.0,0,0
80.755,0,0.0,0,0
80.805,0,0.0,0,0
80.856,0,0.0,0,0
80.906,0,0.0,0,0
80.956,0,0.0,0,0
81.006,0,0.0,0,0
81.056,0,0.0,0,0
81.106,0,0.0,0,0
81.156,0,0.0,0,0
81.206,0,0.0,0,0
81.256,0,0.0,0,0
81.306,0,0.0,0,0
81.357,0,0.0,0,0
81.407,0,0.0,0,0
81.457,0,0.0,0,0
81.507,0,0.0,0,0
81.557,0,0.0,0,0
81.607,0,0.0,0,0
81.657,0,0.0,0,0
81.707,0,0.0,0,0
81.757,0,0.0,0,0
81.807,0,0.0,0,0
81.857,0,0.0,0,0
81.908,0,0.0,0,0
81.958,0,0.0,0,0
82.008,0,0.0,0,0
82.058,0,0.0,0,0
82.108,0,0.0,0,0
82.158,0,0.0,0,0
82.208,0,0.0,0,0
82.258,0,0.0,0,0
82.308,0,0.0,0,0
82.359,0,0.0,0,0
82.409,0,0.0,0,0
82.459,0,0.0,0,0
82.509,0,0.0,0,0
82.559,0,0.0,0,0
82.609,0,0.0,0,0
82.659,0,0.0,0,0
82.709,0,0.0,0,0
82.759,0,0.0,0,0
82.809,0,0.0,0,0
82.860,0,0.0,0,0
82.910,0,0.0,0,0
82.960,0,0.0,0,0
83.010,0,0.0,0,0
83.060,0,0.0,0,0
83.110,0,0.0,0,0
83.160,0,0.0,0,0
83.210,0,0.0,0,0
83.260,0,0.0,0,0
83.311,0,0.0,0,0
83.361,0,0.0,0,0
83.411,0,0.0,0,0
83.461,0,0.0,0,0
83.511,0,0.0,0,0
83.561,0,0.0,0,0
83.611,0,0.0,0,0
83.661,0,0.0,0,0
83.712,0,0.0,0,0
83.762,0,0.0,0,0
83.812,0,0.0,0,0
83.862,0,0.0,0,0
83.912,0,0.0,0,0
83.962,0,0.0,0,0
84.012,0,0.0,0,0
84.062,0,0.0,0,0
84.112,0,0.0,0,0
84.162,0,0.0,0,0
84.213,0,0.0,0,0
84.263,0,0.0,0,0
84.313,0,0.0,0,0
84.363,0,0.0,0,0
84.413,0,0.0,0,0
84.463,0,0.0,0,0
84.513,0,0.0,0,0
84.563,0,0.0,0,0
84.614,0,0.0,0,0
84.664,0,0.0,0,0
84.714,0,0.0,0,0
84.764,0,0.0,0,0
84.814,0,0.0,0,0
84.864,0,0.0,0,0
84.914,0,0.0,0,0
84.964,0,0.0,0,0
85.014,0,0.0,0,0
85.064,0,0.0,0,0
85.114,0,0.0,0,0
85.165,0,0.0,0,0
85.215,0,0.0,0,0
85.265,0,0.0,0,0
85.315,0,0.0,0,0
85.365,0,0.0,0,0
85.415,0,0.0,0,0
85.465,0,0.0,0,0
85.515,0,0.0,0,0
85.566,0,0.0,0,0
85.616,0,0.0,0,0
85.666,0,0.0,0,0
85.716,0,0.0,0,0
85.766,0,0.0,0,0
85.816,0,0.0,0,0
85.866,0,0.0,0,0
85.916,0,0.0,0,0
85.967,0,0.0,0,0
86.017,0,0.0,0,0
86.067,0,0.0,0,0
86.117,0,0.0,0,0
86.167,0,0.0,0,0
86.217,0,0.0,0,0
86.267,0,0.0,0,0
86.318,0,0.0,0,0
86.368,0,0.0,0,0
86.418,0,0.0,0,0
86.468,0,0.0,0,0
86.518,0,0.0,0,0
86.568,0,0.0,0,0
86.618,0,0.0,0,0
86.668,0,0.0,0,0
86.718,0,0.0,0,0
86.768,0,0.0,0,0
86.819,0,0.0,0,0
86.869,0,0.0,0,0
86.919,0,0.0,0,0
86.969,0,0.0,0,0
87.019,0,0.0,0,0
87.069,0,0.0,0,0
87.119,0,0.0,0,0
87.169,0,0.0,0,0
87.219,0,0.0,0,0
87.269,0,0.0,0,0
87.319,0,0.0,0,0
87.370,0,0.0,0,0
87.420,0,0.0,0,0
87.470,0,0.0,0,0
87.520,0,0.0,0,0
87.570,0,0.0,0,0
87.620,0,0.0,0,0
87.670,0,0.0,0,0
87.720,0,0.0,0,0
87.770,0,0.0,0,0
87.820,0,0.0,0,0
87.870,0,0.0,0,0
87.920,0,0.0,0,0
87.971,0,0.0,0,0
88.021,0,0.0,0,0
88.071,0,0.0,0,0
88.121,0,0.0,0,0
88.171,0,0.0,0,0
88.221,0,0.0,0,0
88.272,0,0.0,0,0
88.322,0,0.0,0,0
88.372,0,0.0,0,0
88.422,0,0.0,0,0
88.472,0,0.0,0,0
88.522,0,0.0,0,0
88.572,0,0.0,0,0
88.622,0,0.0,0,0
88.672,0,0.0,0,0
88.723,0,0.0,0,0
88.773,0,0.0,0,0
88.823,0,0.0,0,0
88.873,0,0.0,0,0
88.923,0,0.0,0,0
88.973,0,0.0,0,0
89.023,0,0.0,0,0
89.073,0,0.0,0,0
89.124,0,0.0,0,0
89.174,0,0.0,0,0
89.224,0,0.0,0,0
89.274,0,0.0,0,0
89.324,0,0.0,0,0
89.374,0,0.0,0,0
89.424,0,0.0,0,0
89.475,0,0.0,0,0
89.525,0,0.0,0,0
89.575,0,0.0,0,0
89.625,0,0.0,0,0
89.675,0,0.0,0,0
89.725,0,0.0,0,0
89.775,0,0.0,0,0
89.826,0,0.0,0,0
89.876,0,0.0,0,0
89.926,0,0.0,0,0
89.976,0,0.0,0,0
90.026,0,0.0,0,0
90.076,0,0.0,0,0
90.126,0,0.0,0,0
90.176,0,0.0,0,0
90.226,0,0.0,0,0
90.276,0,0.0,0,0
90.326,0,0.0,0,0
90.377,0,0.0,0,0
90.427,0,0.0,0,0
90.477,0,0.0,0,0
90.527,0,0.0,0,0
90.577,0,0.0,0,0
90.627,0,0.0,0,0
90.677,0,0.0,0,0
90.727,0,0.0,0,0
90.777,0,0.0,0,0
90.827,0,0.0,0,0
90.878,0,0.0,0,0
90.928,0,0.0,0,0
90.978,0,0.0,0,0
91.028,0,0.0,0,0
91.078,0,0.0,0,0
91.128,0,0.0,0,0
91.178,0,0.0,0,0
91.229,0,0.0,0,0
91.279,0,0.0,0,0
91.329,0,0.0,0,0
91.379,0,0.0,0,0
91.429,0,0.0,0,0
91.479,0,0.0,0,0
91.529,0,0.0,0,0
91.579,0,0.0,0,0
91.629,0,0.0,0,0
91.680,0,0.0,0,0
91.730,0,0.0,0,0
91.780,0,0.0,0,0
91.830,0,0.0,0,0
91.880,0,0.0,0,0
91.930,0,0.0,0,0
91.980,0,0.0,0,0
92.030,0,0.0,0,0
92.080,0,0.0,0,0
92.130,0,0.0,0,0
92.180,0,0.0,0,0
92.231,0,0.0,0,0
92.281,0,0.0,0,0
92.331,0,0.0,0,0
92.381,0,0.0,0,0
92.431,0,0.0,0,0
92.481,0,0.0,0,0
92.531,0,0.0,0,0
92.581,0,0.0,0,0
92.631,0,0.0,0,0
92.682,0,0.0,0,0
92.732,0,0.0,0,0
92.782,0,0.0,0,0
92.832,0,0.0,0,0
92.882,0,0.0,0,0
92.932,0,0.0,0,0
92.982,0,0.0,0,0
93.032,0,0.0,0,0
93.082,0,0.0,0,0
93.132,0,0.0,0,0
93.182,0,0.0,0,0
93.233,0,0.0,0,0
93.283,0,0.0,0,0
93.333,0,0.0,0,0
93.383,0,0.0,0,0
93.433,0,0.0,0,0
93.483,0,0.0,0,0
93.533,0,0.0,0,0
93.583,0,0.0,0,0
93.633,0,0.0,0,0
93.683,0,0.0,0,0
93.734,0,0.0,0,0
93.784,0,0.0,0,0
93.834,0,0.0,0,0
93.884,0,0.0,0,0
93.934,0,0.0,0,0
93.984,0,0.0,0,0
94.034,0,0.0,0,0
94.084,0,0.0,0,0
94.134,0,0.0,0,0
94.184,0,0.0,0,0
94.234,0,0.0,0,0
94.284,0,0.0,0,0
94.334,0,0.0,0,0
94.385,0,0.0,0,0
94.435,0,0.0,0,0
94.485,0,0.0,0,0
94.535,0,0.0,0,0
94.585,0,0.0,0,0
94.635,0,0.0,0,0
94.685,0,0.0,0,0
94.735,0,0.0,0,0
94.785,0,0.0,0,0
94.835,0,0.0,0,0
94.885,0,0.0,0,0
94.935,0,0.0,0,0
94.985,0,0.0,0,0
95.036,0,0.0,0,0
95.086,0,0.0,0,0
95.136,0,0.0,0,0
95.186,0,0.0,0,0
95.236,0,0.0,0,0
95.286,0,0.0,0,0
95.336,0,0.0,0,0
95.386,0,0.0,0,0
95.436,0,0.0,0,0
95.487,0,0.0,0,0
95.537,0,0.0,0,0
95.587,0,0.0,0,0
95.637,0,0.0,0,0
95.687,0,0.0,0,0
95.737,0,0.0,0,0
95.787,0,0.0,0,0
95.837,0,0.0,0,0
95.888,0,0.0,0,0
95.938,0,0.0,0,0
95.988,0,0.0,0,0
96.038,0,0.0,0,0
96.088,0,0.0,0,0
96.138,0,0.0,0,0
96.188,0,0.0,0,0
96.238,0,0.0,0,0
96.288,0,0.0,0,0
96.339,0,0.0,0,0
96.389,0,0.0,0,0
96.439,0,0.0,0,0
96.489,0,0.0,0,0
96.539,0,0.0,0,0
96.589,0,0.0,0,0
96.639,0,0.0,0,0
96.689,0,0.0,0,0
96.739,0,0.0,0,0
96.789,0,0.0,0,0
96.839,0,0.0,0,0
96.889,0,0.0,0,0
96.940,0,0.0,0,0
96.990,0,0.0,0,0
97.040,0,0.0,0,0
97.090,0,0.0,0,0
97.140,0,0.0,0,0
97.190,0,0.0,0,0
97.241,0,0.0,0,0
97.291,0,0.0,0,0
97.341,0,0.0,0,0
97.391,0,0.0,0,0
97.441,0,0.0,0,0
97.491,0,0.0,0,0
97.541,0,0.0,0,0
97.591,0,0.0,0,0
97.641,0,0.0,0,0
97.691,0,0.0,0,0
97.741,0,0.0,0,0
97.791,0,0.0,0,0
97.842,0,0.0,0,0
97.892,0,0.0,0,0
97.942,0,0.0,0,0
97.992,0,0.0,0,0
98.042,0,0.0,0,0
98.092,0,0.0,0,0
98.142,0,0.0,0,0
98.192,0,0.0,0,0
98.242,0,0.0,0,0
98.292,0,0.0,0,0
98.342,0,0.0,0,0
98.392,0,0.0,0,0
98.442,0,0.0,0,0
98.492,0,0.0,0,0
98.543,0,0.0,0,0
98.593,0,0.0,0,0
98.643,0,0.0,0,0
98.693,0,0.0,0,0
98.743,0,0.0,0,0
98.793,0,0.0,0,0
98.843,0,0.0,0,0
98.893,0,0.0,0,0
98.943,0,0.0,0,0
98.993,0,0.0,0,0
99.043,0,0.0,0,0
99.094,0,0.0,0,0
99.144,0,0.0,0,0
99.194,0,0.0,0,0
99.244,0,0.0,0,0
99.294,0,0.0,0,0
99.344,0,0.0,0,0
99.394,0,0.0,0,0
99.444,0,0.0,0,0
99.494,0,0.0,0,0
99.545,0,0.0,0,0
99.595,0,0.0,0,0
99.645,0,0.0,0,0
99.695,0,0.0,0,0
99.745,0,0.0,0,0
99.795,0,0.0,0,0
99.845,0,0.0,0,0
99.895,0,0.0,0,0
99.945,0,0.0,0,0
99.995,0,0.0,0,0
100.045,0,0.0,0,0
100.095,0,0.0,0,0
100.145,0,0.0,0,0
100.196,0,0.0,0,0
100.246,0,0.0,0,0
100.296,0,0.0,0,0
100.346,0,0.0,0,0
100.396,0,0.0,0,0
100.446,0,0.0,0,0
100.496,0,0.0,0,0
100.546,0,0.0,0,0
100.596,0,0.0,0,0
100.647,0,0.0,0,0
100.697,0,0.0,0,0
100.747,0,0.0,0,0
100.797,0,0.0,0,0
100.847,0,0.0,0,0
100.897,0,0.0,0,0
100.947,0,0.0,0,0
100.997,0,0.0,0,0
101.047,0,0.0,0,0
101.097,0,0.0,0,0
101.147,0,0.0,0,0
101.198,0,0.0,0,0
101.248,0,0.0,0,0
101.298,0,0.0,0,0
101.348,0,0.0,0,0
101.398,0,0.0,0,0
101.448,0,0.0,0,0
101.498,0,0.0,0,0
101.548,0,0.0,0,0
101.598,0,0.0,0,0
101.649,0,0.0,0,0
101.699,0,0.0,0,0
101.749,0,0.0,0,0
101.799,0,0.0,0,0
101.849,0,0.0,0,0
101.899,0,0.0,0,0
101.949,0,0.0,0,0
101.999,0,0.0,0,0
102.050,0,0.0,0,0
102.100,0,0.0,0,0
102.150,0,0.0,0,0
102.200,0,0.0,0,0
102.250,0,0.0,0,0
102.300,0,0.0,0,0
102.350,0,0.0,0,0
102.400,0,0.0,0,0
102.451,0,0.0,0,0
102.501,0,0.0,0,0
102.551,0,0.0,0,0
102.601,0,0.0,0,0
102.651,0,0.0,0,0
102.701,0,0.0,0,0
102.751,0,0.0,0,0
102.801,0,0.0,0,0
102.851,0,0.0,0,0
102.901,0,0.0,0,0
102.951,0,0.0,0,0
103.002,0,0.0,0,0
103.052,0,0.0,0,0
103.102,0,0.0,0,0
103.152,0,0.0,0,0
103.202,0,0.0,0,0
103.252,0,0.0,0,0
103.302,0,0.0,0,0
103.352,0,0.0,0,0
103.402,0,0.0,0,0
103.452,0,0.0,0,0
103.503,0,0.0,0,0
103.553,0,0.0,0,0
103.603,0,0.0,0,0
103.653,0,0.0,0,0
103.703,0,0.0,0,0
103.753,0,0.0,0,0
103.803,0,0.0,0,0
103.853,0,0.0,0,0
103.903,0,0.0,0,0
103.953,0,0.0,0,0
104.003,0,0.0,0,0
104.053,0,0.0,0,0
104.104,0,0.0,0,0
104.154,0,0.0,0,0
104.204,0,0.0,0,0
104.254,0,0.0,0,0
104.304,0,0.0,0,0
104.354,0,0.0,0,0
104.404,0,0.0,0,0
104.454,0,0.0,0,0
104.504,0,0.0,0,0
104.554,0,0.0,0,0
104.604,0,0.0,0,0
104.655,0,0.0,0,0
104.705,0,0.0,0,0
104.755,0,0.0,0,0
104.805,0,0.0,0,0
104.855,0,0.0,0,0
104.905,0,0.0,0,0
104.955,0,0.0,0,0
105.005,0,0.0,0,0
105.055,0,0.0,0,0
105.105,0,0.0,0,0
105.155,0,0.0,0,0
105.205,0,0.0,0,0
105.256,0,0.0,0,0
105.306,0,0.0,0,0
105.356,0,0.0,0,0
105.406,0,0.0,0,0
105.456,0,0.0,0,0
105.506,0,0.0,0,0
105.556,0,0.0,0,0
105.606,0,0.0,0,0
105.656,0,0.0,0,0
105.707,0,0.0,0,0
105.757,0,0.0,0,0
105.807,0,0.0,0,0
105.857,0,0.0,0,0
105.907,0,0.0,0,0
105.957,0,0.0,0,0
106.007,0,0.0,0,0
106.058,0,0.0,0,0
106.108,0,0.0,0,0
106.158,0,0.0,0,0
106.208,0,0.0,0,0
106.258,0,0.0,0,0
106.308,0,0.0,0,0
106.358,0,0.0,0,0
106.408,0,0.0,0,0
106.458,0,0.0,0,0
106.508,0,0.0,0,0
106.559,0,0.0,0,0
106.609,0,0.0,0,0
106.659,0,0.0,0,0
106.709,0,0.0,0,0
106.759,0,0.0,0,0
106.809,0,0.0,0,0
106.859,0,0.0,0,0
106.909,0,0.0,0,0
106.959,0,0.0,0,0
107.009,0,0.0,0,0
107.059,0,0.0,0,0
107.109,0,0.0,0,0
107.159,0,0.0,0,0
107.210,0,0.0,0,0
107.260,0,0.0,0,0
107.310,0,0.0,0,0
107.360,0,0.0,0,0
107.410,0,0.0,0,0
107.460,0,0.0,0,0
107.510,0,0.0,0,0
107.560,0,0.0,0,0
107.610,0,0.0,0,0
107.660,0,0.0,0,0
107.710,0,0.0,0,0
107.760,0,0.0,0,0
107.810,0,0.0,0,0
107.861,0,0.0,0,0
107.911,0,0.0,0,0
107.961,0,0.0,0,0
108.011,0,0.0,0,0
108.061,0,0.0,0,0
108.111,0,0.0,0,0
108.161,0,0.0,0,0
108.211,0,0.0,0,0
108.261,0,0.0,0,0
108.311,0,0.0,0,0
108.362,0,0.0,0,0
108.412,0,0.0,0,0
108.462,0,0.0,0,0
108.512,0,0.0,0,0
108.562,0,0.0,0,0
108.612,0,0.0,0,0
108.662,0,0.0,0,0
108.712,0,0.0,0,0
108.762,0,0.0,0,0
108.812,0,0.0,0,0
108.862,0,0.0,0,0
108.912,0,0.0,0,0
108.962,0,0.0,0,0
109.013,0,0.0,0,0
109.063,0,0.0,0,0
109.113,0,0.0,0,0
109.163,0,0.0,0,0
109.213,0,0.0,0,0
109.263,0,0.0,0,0
109.313,0,0.0,0,0
109.363,0,0.0,0,0
109.413,0,0.0,0,0
109.464,0,0.0,0,0
109.514,0,0.0,0,0
109.564,0,0.0,0,0
109.614,0,0.0,0,0
109.664,0,0.0,0,0
109.714,0,0.0,0,0
109.764,0,0.0,0,0
109.814,0,0.0,0,0
109.864,0,0.0,0,0
109.914,0,0.0,0,0
109.965,0,0.0,0,0
110.015,0,0.0,0,0
110.065,0,0.0,0,0
110.115,0,0.0,0,0
110.165,0,0.0,0,0
110.215,0,0.0,0,0
110.265,0,0.0,0,0
110.315,0,0.0,0,0
110.365,0,0.0,0,0
110.415,0,0.0,0,0
110.465,0,0.0,0,0
110.516,0,0.0,0,0
110.566,0,0.0,0,0
110.616,0,0.0,0,0
110.666,0,0.0,0,0
110.716,0,0.0,0,0
110.766,0,0.0,0,0
110.816,0,0.0,0,0
110.866,0,0.0,0,0
110.916,0,0.0,0,0
110.966,0,0.0,0,0
111.016,0,0.0,0,0
111.066,0,0.0,0,0
111.117,0,0.0,0,0
111.167,0,0.0,0,0
111.217,0,0.0,0,0
111.267,0,0.0,0,0
111.317,0,0.0,0,0
111.367,0,0.0,0,0
111.417,0,0.0,0,0
111.467,0,0.0,0,0
111.517,0,0.0,0,0
111.568,0,0.0,0,0
111.618,0,0.0,0,0
111.668,0,0.0,0,0
111.718,0,0.0,0,0
111.768,0,0.0,0,0
111.818,0,0.0,0,0
111.868,0,0.0,0,0
111.918,0,0.0,0,0
111.969,0,0.0,0,0
112.019,0,0.0,0,0
112.069,0,0.0,0,0
112.119,0,0.0,0,0
112.169,0,0.0,0,0
112.219,0,0.0,0,0
112.269,0,0.0,0,0
112.319,0,0.0,0,0
112.370,0,0.0,0,0
112.420,0,0.0,0,0
112.470,0,0.0,0,0
112.520,0,0.0,0,0
112.570,0,0.0,0,0
112.620,0,0.0,0,0
112.670,0,0.0,0,0
112.720,0,0.0,0,0
112.770,0,0.0,0,0
112.821,0,0.0,0,0
112.871,0,0.0,0,0
112.921,0,0.0,0,0
112.971,0,0.0,0,0
113.021,0,0.0,0,0
113.071,0,0.0,0,0
113.121,0,0.0,0,0
113.171,0,0.0,0,0
113.221,0,0.0,0,0
113.271,0,0.0,0,0
113.321,0,0.0,0,0
113.371,0,0.0,0,0
113.422,0,0.0,0,0
113.472,0,0.0,0,0
113.522,0,0.0,0,0
113.572,0,0.0,0,0
113.622,0,0.0,0,0
113.672,0,0.0,0,0
113.722,0,0.0,0,0
113.772,0,0.0,0,0
113.822,0,0.0,0,0
113.872,0,0.0,0,0
113.922,0,0.0,0,0
113.972,0,0.0,0,0
114.022,0,0.0,0,0
114.072,0,0.0,0,0
114.123,0,0.0,0,0
114.173,0,0.0,0,0
114.223,0,0.0,0,0
114.273,0,0.0,0,0
114.323,0,0.0,0,0
114.373,0,0.0,0,0
114.423,0,0.0,0,0
114.473,0,0.0,0,0
114.523,0,0.0,0,0
114.573,0,0.0,0,0
114.623,0,0.0,0,0
114.673,0,0.0,0,0
114.724,0,0.0,0,0
114.774,0,0.0,0,0
114.824,0,0.0,0,0
114.874,0,0.0,0,0
114.924,0,0.0,0,0
114.974,0,0.0,0,0
115.024,0,0.0,0,0
115.074,0,0.0,0,0
115.124,0,0.0,0,0
115.174,0,0.0,0,0
115.224,0,0.0,0,0
115.275,0,0.0,0,0
115.325,0,0.0,0,0
115.375,0,0.0,0,0
115.425,0,0.0,0,0
115.475,0,0.0,0,0
115.525,0,0.0,0,0
115.575,0,0.0,0,0
115.625,0,0.0,0,0
115.675,0,0.0,0,0
115.725,0,0.0,0,0
115.776,0,0.0,0,0
115.826,0,0.0,0,0
115.876,0,0.0,0,0
115.926,0,0.0,0,0
115.976,0,0.0,0,0
116.026,0,0.0,0,0
116.076,0,0.0,0,0
116.126,0,0.0,0,0
116.176,0,0.0,0,0
116.226,0,0.0,0,0
116.276,0,0.0,0,0
116.326,0,0.0,0,0
116.377,0,0.0,0,0
116.427,0,0.0,0,0
116.477,0,0.0,0,0
116.527,0,0.0,0,0
116.577,0,0.0,0,0
116.627,0,0.0,0,0
116.677,0,0.0,0,0
116.727,0,0.0,0,0
116.777,0,0.0,0,0
116.827,0,0.0,0,0
116.877,0,0.0,0,0
116.928,0,0.0,0,0
116.978,0,0.0,0,0
117.028,0,0.0,0,0
117.078,0,0.0,0,0
117.128,0,0.0,0,0
117.178,0,0.0,0,0
117.228,0,0.0,0,0
117.278,0,0.0,0,0
117.328,0,0.0,0,0
117.379,0,0.0,0,0
117.429,0,0.0,0,0
117.479,0,0.0,0,0
117.529,0,0.0,0,0
117.579,0,0.0,0,0
117.629,0,0.0,0,0
117.679,0,0.0,0,0
117.729,0,0.0,0,0
117.780,0,0.0,0,0
117.830,0,0.0,0,0
117.880,0,0.0,0,0
117.930,0,0.0,0,0
117.980,0,0.0,0,0
118.030,0,0.0,0,0
118.080,0,0.0,0,0
118.130,0,0.0,0,0
118.181,0,0.0,0,0
118.231,0,0.0,0,0
118.281,0,0.0,0,0
118.331,0,0.0,0,0
118.381,0,0.0,0,0
118.431,0,0.0,0,0
118.481,0,0.0,0,0
118.531,0,0.0,0,0
118.581,0,0.0,0,0
118.631,0,0.0,0,0
118.682,0,0.0,0,0
118.732,0,0.0,0,0
118.782,0,0.0,0,0
118.832,0,0.0,0,0
118.882,0,0.0,0,0
118.932,0,0.0,0,0
118.982,0,0.0,0,0
119.032,0,0.0,0,0
119.082,0,0.0,0,0
119.133,0,0.0,0,0
119.183,0,0.0,0,0
119.233,0,0.0,0,0
119.283,0,0.0,0,0
119.333,0,0.0,0,0
119.383,0,0.0,0,0
119.433,0,0.0,0,0
119.483,0,0.0,0,0
119.533,0,0.0,0,0
119.583,0,0.0,0,0
119.633,0,0.0,0,0
119.683,0,0.0,0,0
119.734,0,0.0,0,0
119.784,0,0.0,0,0
119.834,0,0.0,0,0
119.884,0,0.0,0,0
119.934,0,0.0,0,0
119.984,0,0.0,0,0
120.034,0,0.0,0,0
120.084,0,0.0,0,0
120.134,0,0.0,0,0
120.184,0,0.0,0,0
120.234,0,0.0,0,0
120.284,0,0.0,0,0
120.335,0,0.0,0,0
120.385,0,0.0,0,0
120.435,0,0.0,0,0
120.485,0,0.0,0,0
120.535,0,0.0,0,0
120.585,0,0.0,0,0
120.635,0,0.0,0,0
120.685,0,0.0,0,0
120.735,0,0.0,0,0
120.785,0,0.0,0,0
120.835,0,0.0,0,0
120.885,0,0.0,0,0
120.936,0,0.0,0,0
120.986,0,0.0,0,0
121.036,0,0.0,0,0
121.086,0,0.0,0,0
121.136,0,0.0,0,0
121.186,0,0.0,0,0
121.236,0,0.0,0,0
121.286,0,0.0,0,0
121.336,0,0.0,0,0
121.386,0,0.0,0,0
121.436,0,0.0,0,0
121.486,0,0.0,0,0
121.536,0,0.0,0,0
121.587,0,0.0,0,0
121.637,0,0.0,0,0
121.687,0,0.0,0,0
121.737,0,0.0,0,0
121.787,0,0.0,0,0
121.837,0,0.0,0,0
121.887,0,0.0,0,0
121.937,0,0.0,0,0
121.987,0,0.0,0,0
122.037,0,0.0,0,0
122.087,0,0.0,0,0
122.138,0,0.0,0,0
122.188,0,0.0,0,0
122.238,0,0.0,0,0
122.288,0,0.0,0,0
122.338,0,0.0,0,0
122.388,0,0.0,0,0
122.438,0,0.0,0,0
122.488,0,0.0,0,0
122.538,0,0.0,0,0
122.588,0,0.0,0,0
122.638,0,0.0,0,0
122.688,0,0.0,0,0
122.738,0,0.0,0,0
122.788,0,0.0,0,0
122.839,0,0.0,0,0
122.889,0,0.0,0,0
122.939,0,0.0,0,0
122.989,0,0.0,0,0
123.039,0,0.0,0,0
123.089,0,0.0,0,0
123.139,0,0.0,0,0
123.189,0,0.0,0,0
123.239,0,0.0,0,0
123.289,0,0.0,0,0
123.340,0,0.0,0,0
123.390,0,0.0,0,0
123.440,0,0.0,0,0
123.490,0,0.0,0,0
123.540,0,0.0,0,0
123.590,0,0.0,0,0
123.640,0,0.0,0,0
123.690,0,0.0,0,0
123.740,0,0.0,0,0
123.790,0,0.0,0,0
123.840,0,0.0,0,0
123.891,0,0.0,0,0
123.941,0,0.0,0,0
123.991,0,0.0,0,0
124.041,0,0.0,0,0
124.091,0,0.0,0,0
124.141,0,0.0,0,0
124.191,0,0.0,0,0
124.241,0,0.0,0,0
124.291,0,0.0,0,0
124.342,0,0.0,0,0
124.392,0,0.0,0,0
124.442,0,0.0,0,0
124.492,0,0.0,0,0
124.542,0,0.0,0,0
124.592,0,0.0,0,0
124.642,0,0.0,0,0
124.692,0,0.0,0,0
124.743,0,0.0,0,0
124.793,0,0.0,0,0
124.843,0,0.0,0,0
124.893,0,0.0,0,0
124.943,0,0.0,0,0
124.993,0,0.0,0,0
125.043,0,0.0,0,0
125.093,0,0.0,0,0
125.144,0,0.0,0,0
125.194,0,0.0,0,0
125.244,0,0.0,0,0
125.294,0,0.0,0,0
125.344,0,0.0,0,0
125.394,0,0.0,0,0
125.444,0,0.0,0,0
125.494,0,0.0,0,0
125.544,0,0.0,0,0
125.594,0,0.0,0,0
125.644,0,0.0,0,0
125.695,0,0.0,0,0
125.745,0,0.0,0,0
125.795,0,0.0,0,0
125.845,0,0.0,0,0
125.895,0,0.0,0,0
125.945,0,0.0,0,0
125.995,0,0.0,0,0
126.045,0,0.0,0,0
126.095,0,0.0,0,0
126.145,0,0.0,0,0
126.196,0,0.0,0,0
126.246,0,0.0,0,0
126.296,0,0.0,0,0
126.346,0,0.0,0,0
126.396,0,0.0,0,0
126.446,0,0.0,0,0
126.496,0,0.0,0,0
126.546,0,0.0,0,0
126.597,0,0.0,0,0
126.647,0,0.0,0,0
126.697,0,0.0,0,0
126.747,0,0.0,0,0
126.797,0,0.0,0,0
126.847,0,0.0,0,0
126.897,0,0.0,0,0
126.947,0,0.0,0,0
126.997,0,0.0,0,0
127.048,0,0.0,0,0
127.098,0,0.0,0,0
127.148,0,0.0,0,0
127.198,0,0.0,0,0
127.248,0,0.0,0,0
127.298,0,0.0,0,0
127.348,0,0.0,0,0
127.398,0,0.0,0,0
127.448,0,0.0,0,0
127.498,0,0.0,0,0
127.548,0,0.0,0,0
127.599,0,0.0,0,0
127.649,0,0.0,0,0
127.699,0,0.0,0,0
127.749,0,0.0,0,0
127.799,0,0.0,0,0
127.849,0,0.0,0,0
127.899,0,0.0,0,0
127.949,0,0.0,0,0
127.999,0,0.0,0,0
128.050,0,0.0,0,0
128.100,0,0.0,0,0
128.150,0,0.0,0,0
128.200,0,0.0,0,0
128.250,0,0.0,0,0
128.300,0,0.0,0,0
128.350,0,0.0,0,0
128.400,0,0.0,0,0
128.450,0,0.0,0,0
128.500,0,0.0,0,0
128.551,0,0.0,0,0
128.601,0,0.0,0,0
128.651,0,0.0,0,0
128.701,0,0.0,0,0
128.751,0,0.0,0,0
128.801,0,0.0,0,0
128.851,0,0.0,0,0
128.901,0,0.0,0,0
128.951,0,0.0,0,0
129.001,0,0.0,0,0
129.051,0,0.0,0,0
129.101,0,0.0,0,0
129.152,0,0.0,0,0
129.202,0,0.0,0,0
129.252,0,0.0,0,0
129.302,0,0.0,0,0
129.352,0,0.0,0,0
129.402,0,0.0,0,0
129.452,0,0.0,0,0
129.502,0,0.0,0,0
129.552,0,0.0,0,0
129.602,0,0.0,0,0
129.652,0,0.0,0,0
129.703,0,0.0,0,0
129.753,0,0.0,0,0
129.803,0,0.0,0,0
129.853,0,0.0,0,0
129.903,0,0.0,0,0
129.953,0,0.0,0,0
130.003,0,0.0,0,0
130.053,0,0.0,0,0
130.103,0,0.0,0,0
130.153,0,0.0,0,0
130.204,0,0.0,0,0
130.254,0,0.0,0,0
130.304,0,0.0,0,0
130.354,0,0.0,0,0
130.404,0,0.0,0,0
130.454,0,0.0,0,0
130.504,0,0.0,0,0
130.554,0,0.0,0,0
130.604,0,0.0,0,0
130.655,0,0.0,0,0
130.705,0,0.0,0,0
130.755,0,0.0,0,0
130.805,0,0.0,0,0
130.855,0,0.0,0,0
130.905,0,0.0,0,0
130.955,0,0.0,0,0
131.005,0,0.0,0,0
131.055,0,0.0,0,0
131.106,0,0.0,0,0
131.156,0,0.0,0,0
131.206,0,0.0,0,0
131.256,0,0.0,0,0
131.306,0,0.0,0,0
131.356,0,0.0,0,0
131.406,0,0.0,0,0
131.456,0,0.0,0,0
131.506,0,0.0,0,0
131.556,0,0.0,0,0
131.606,0,0.0,0,0
131.657,0,0.0,0,0
131.707,0,0.0,0,0
131.757,0,0.0,0,0
131.807,0,0.0,0,0
131.857,0,0.0,0,0
131.907,0,0.0,0,0
131.957,0,0.0,0,0
132.007,0,0.0,0,0
132.057,0,0.0,0,0
132.107,0,0.0,0,0
132.157,0,0.0,0,0
132.208,0,0.0,0,0
132.258,0,0.0,0,0
132.308,0,0.0,0,0
132.358,0,0.0,0,0
132.408,0,0.0,0,0
132.458,0,0.0,0,0
132.508,0,0.0,0,0
132.558,0,0.0,0,0
132.608,0,0.0,0,0
132.658,0,0.0,0,0
132.708,0,0.0,0,0
132.759,0,0.0,0,0
132.809,0,0.0,0,0
132.859,0,0.0,0,0
132.909,0,0.0,0,0
132.959,0,0.0,0,0
133.009,0,0.0,0,0
133.059,0,0.0,0,0
133.109,0,0.0,0,0
133.160,0,0.0,0,0
133.210,0,0.0,0,0
133.260,0,0.0,0,0
133.310,0,0.0,0,0
133.360,0,0.0,0,0
133.410,0,0.0,0,0
133.460,0,0.0,0,0
133.510,0,0.0,0,0
133.560,0,0.0,0,0
133.610,0,0.0,0,0
133.660,0,0.0,0,0
133.710,0,0.0,0,0
133.760,0,0.0,0,0
133.810,0,0.0,0,0
133.860,0,0.0,0,0
133.910,0,0.0,0,0
133.961,0,0.0,0,0
134.011,0,0.0,0,0
134.061,0,0.0,0,0
134.111,0,0.0,0,0
134.161,0,0.0,0,0
134.211,0,0.0,0,0
134.261,0,0.0,0,0
134.311,0,0.0,0,0
134.362,0,0.0,0,0
134.412,0,0.0,0,0
134.462,0,0.0,0,0
134.512,0,0.0,0,0
134.562,0,0.0,0,0
134.612,0,0.0,0,0
134.662,0,0.0,0,0
134.712,0,0.0,0,0
134.762,0,0.0,0,0
134.812,0,0.0,0,0
134.862,0,0.0,0,0
134.913,0,0.0,0,0
134.963,0,0.0,0,0
135.013,0,0.0,0,0
135.063,0,0.0,0,0
135.113,0,0.0,0,0
135.163,0,0.0,0,0
135.213,0,0.0,0,0
135.263,0,0.0,0,0
135.313,0,0.0,0,0
135.363,0,0.0,0,0
135.414,0,0.0,0,0
135.464,0,0.0,0,0
135.514,0,0.0,0,0
135.564,0,0.0,0,0
135.614,0,0.0,0,0
135.664,0,0.0,0,0
135.714,0,0.0,0,0
135.764,0,0.0,0,0
135.814,0,0.0,0,0
135.865,0,0.0,0,0
135.915,0,0.0,0,0
135.965,0,0.0,0,0
136.015,0,0.0,0,0
136.065,0,0.0,0,0
136.115,0,0.0,0,0
136.165,0,0.0,0,0
136.215,0,0.0,0,0
136.265,0,0.0,0,0
136.315,0,0.0,0,0
136.365,0,0.0,0,0
136.415,0,0.0,0,0
136.466,0,0.0,0,0
136.516,0,0.0,0,0
136.566,0,0.0,0,0
136.616,0,0.0,0,0
136.666,0,0.0,0,0
136.716,0,0.0,0,0
136.766,0,0.0,0,0
136.816,0,0.0,0,0
136.866,0,0.0,0,0
136.916,0,0.0,0,0
136.966,0,0.0,0,0
137.016,0,0.0,0,0
137.067,0,0.0,0,0
137.117,0,0.0,0,0
137.167,0,0.0,0,0
137.217,0,0.0,0,0
137.267,0,0.0,0,0
137.317,0,0.0,0,0
137.367,0,0.0,0,0
137.417,0,0.0,0,0
137.467,0,0.0,0,0
137.517,0,0.0,0,0
137.567,0,0.0,0,0
137.617,0,0.0,0,0
137.668,0,0.0,0,0
137.718,0,0.0,0,0
137.768,0,0.0,0,0
137.818,0,0.0,0,0
137.868,0,0.0,0,0
137.918,0,0.0,0,0
137.968,0,0.0,0,0
138.018,0,0.0,0,0
138.068,0,0.0,0,0
138.119,0,0.0,0,0
138.169,0,0.0,0,0
138.219,0,0.0,0,0
138.269,0,0.0,0,0
138.319,0,0.0,0,0
138.369,0,0.0,0,0
138.419,0,0.0,0,0
138.469,0,0.0,0,0
138.519,0,0.0,0,0
138.570,0,0.0,0,0
138.620,0,0.0,0,0
138.670,0,0.0,0,0
138.720,0,0.0,0,0
138.770,0,0.0,0,0
138.820,0,0.0,0,0
138.870,0,0.0,0,0
138.920,0,0.0,0,0
138.970,0,0.0,0,0
139.020,0,0.0,0,0
139.071,0,0.0,0,0
139.121,0,0.0,0,0
139.171,0,0.0,0,0
139.221,0,0.0,0,0
139.271,0,0.0,0,0
139.321,0,0.0,0,0
139.371,0,0.0,0,0
139.421,0,0.0,0,0
139.472,0,0.0,0,0
139.522,0,0.0,0,0
139.572,0,0.0,0,0
139.622,0,0.0,0,0
139.672,0,0.0,0,0
139.722,0,0.0,0,0
139.772,0,0.0,0,0
139.822,0,0.0,0,0
139.872,0,0.0,0,0
139.923,0,0.0,0,0
139.973,0,0.0,0,0
140.023,0,0.0,0,0
140.073,0,0.0,0,0
140.123,0,0.0,0,0
140.173,0,0.0,0,0
140.223,0,0.0,0,0
140.274,0,0.0,0,0
140.324,0,0.0,0,0
140.374,0,0.0,0,0
140.424,0,0.0,0,0
140.474,0,0.0,0,0
140.524,0,0.0,0,0
140.574,0,0.0,0,0
140.624,0,0.0,0,0
140.674,0,0.0,0,0
140.725,0,0.0,0,0
140.775,0,0.0,0,0
140.825,0,0.0,0,0
140.875,0,0.0,0,0
140.925,0,0.0,0,0
140.975,0,0.0,0,0
141.025,0,0.0,0,0
141.076,0,0.0,0,0
141.126,0,0.0,0,0
141.176,0,0.0,0,0
141.226,0,0.0,0,0
141.276,0,0.0,0,0
141.326,0,0.0,0,0
141.376,0,0.0,0,0
141.426,0,0.0,0,0
141.477,0,0.0,0,0
141.527,0,0.0,0,0
141.577,0,0.0,0,0
141.627,0,0.0,0,0
141.677,0,0.0,0,0
141.727,0,0.0,0,0
141.777,0,0.0,0,0
141.827,0,0.0,0,0
141.877,0,0.0,0,0
141.927,0,0.0,0,0
141.977,0,0.0,0,0
142.028,0,0.0,0,0
142.078,0,0.0,0,0
142.128,0,0.0,0,0
142.178,0,0.0,0,0
142.228,0,0.0,0,0
142.278,0,0.0,0,0
142.328,0,0.0,0,0
142.378,0,0.0,0,0
142.428,0,0.0,0,0
142.478,0,0.0,0,0
142.528,0,0.0,0,0
142.579,0,0.0,0,0
142.629,0,0.0,0,0
142.679,0,0.0,0,0
142.729,0,0.0,0,0
142.779,0,0.0,0,0
142.829,0,0.0,0,0
142.879,0,0.0,0,0
142.929,0,0.0,0,0
142.979,0,0.0,0,0
143.029,0,0.0,0,0
143.079,0,0.0,0,0
143.129,0,0.0,0,0
143.179,0,0.0,0,0
143.230,0,0.0,0,0
143.280,0,0.0,0,0
143.330,0,0.0,0,0
143.380,0,0.0,0,0
143.430,0,0.0,0,0
143.480,0,0.0,0,0
143.530,0,0.0,0,0
143.580,0,0.0,0,0
143.630,0,0.0,0,0
143.680,0,0.0,0,0
143.731,0,0.0,0,0
143.781,0,0.0,0,0
143.831,0,0.0,0,0
143.881,0,0.0,0,0
143.931,0,0.0,0,0
143.981,0,0.0,0,0
144.031,0,0.0,0,0
144.081,0,0.0,0,0
144.131,0,0.0,0,0
144.182,0,0.0,0,0
144.232,0,0.0,0,0
144.282,0,0.0,0,0
144.332,0,0.0,0,0
144.382,0,0.0,0,0
144.432,0,0.0,0,0
144.482,0,0.0,0,0
144.532,0,0.0,0,0
144.582,0,0.0,0,0
144.632,0,0.0,0,0
144.682,0,0.0,0,0
144.733,0,0.0,0,0
144.783,0,0.0,0,0
144.833,0,0.0,0,0
144.883,0,0.0,0,0
144.933,0,0.0,0,0
144.983,0,0.0,0,0
145.033,0,0.0,0,0
145.083,0,0.0,0,0
145.133,0,0.0,0,0
145.184,0,0.0,0,0
145.234,0,0.0,0,0
145.284,0,0.0,0,0
145.334,0,0.0,0,0
145.384,0,0.0,0,0
145.434,0,0.0,0,0
145.484,0,0.0,0,0
145.534,0,0.0,0,0
145.584,0,0.0,0,0
145.634,0,0.0,0,0
145.684,0,0.0,0,0
145.734,0,0.0,0,0
145.784,0,0.0,0,0
145.835,0,0.0,0,0
145.885,0,0.0,0,0
145.935,0,0.0,0,0
145.985,0,0.0,0,0
146.035,0,0.0,0,0
146.085,0,0.0,0,0
146.135,0,0.0,0,0
146.185,0,0.0,0,0
146.235,0,0.0,0,0
146.285,0,0.0,0,0
146.335,0,0.0,0,0
146.385,0,0.0,0,0
146.436,0,0.0,0,0
146.486,0,0.0,0,0
146.536,0,0.0,0,0
146.586,0,0.0,0,0
146.636,0,0.0,0,0
146.686,0,0.0,0,0
146.736,0,0.0,0,0
146.787,0,0.0,0,0
146.837,0,0.0,0,0
146.887,0,0.0,0,0
146.937,0,0.0,0,0
146.987,0,0.0,0,0
147.037,0,0.0,0,0
147.087,0,0.0,0,0
147.137,0,0.0,0,0
147.188,0,0.0,0,0
147.238,0,0.0,0,0
147.288,0,0.0,0,0
147.338,0,0.0,0,0
147.388,0,0.0,0,0
147.438,0,0.0,0,0
147.488,0,0.0,0,0
147.538,0,0.0,0,0
147.588,0,0.0,0,0
147.639,0,0.0,0,0
147.689,0,0.0,0,0
147.739,0,0.0,0,0
147.789,0,0.0,0,0
147.839,0,0.0,0,0
147.889,0,0.0,0,0
147.939,0,0.0,0,0
147.989,0,0.0,0,0
148.039,0,0.0,0,0
148.090,0,0.0,0,0
148.140,0,0.0,0,0
148.190,0,0.0,0,0
148.240,0,0.0,0,0
148.290,0,0.0,0,0
148.340,0,0.0,0,0
148.390,0,0.0,0,0
148.440,0,0.0,0,0
148.491,0,0.0,0,0
148.541,0,0.0,0,0
148.591,0,0.0,0,0
148.641,0,0.0,0,0
148.691,0,0.0,0,0
148.741,0,0.0,0,0
148.791,0,0.0,0,0
148.841,0,0.0,0,0
148.891,0,0.0,0,0
148.941,0,0.0,0,0
148.991,0,0.0,0,0
149.041,0,0.0,0,0
149.091,0,0.0,0,0
149.142,0,0.0,0,0
149.192,0,0.0,0,0
149.242,0,0.0,0,0
149.292,0,0.0,0,0
149.342,0,0.0,0,0
149.392,0,0.0,0,0
149.442,0,0.0,0,0
149.492,0,0.0,0,0
149.543,0,0.0,0,0
149.593,0,0.0,0,0
149.643,0,0.0,0,0
149.693,0,0.0,0,0
149.743,0,0.0,0,0
149.793,0,0.0,0,0
149.843,0,0.0,0,0
149.893,0,0.0,0,0
149.943,0,0.0,0,0
149.993,0,0.0,0,0
150.043,0,0.0,0,0
150.094,0,0.0,0,0
150.144,0,0.0,0,0
150.194,0,0.0,0,0
150.244,0,0.0,0,0
150.294,0,0.0,0,0
150.344,0,0.0,0,0
150.394,0,0.0,0,0
150.444,0,0.0,0,0
150.494,0,0.0,0,0
150.544,0,0.0,0,0
150.594,0,0.0,0,0
150.644,0,0.0,0,0
150.694,0,0.0,0,0
150.744,0,0.0,0,0
150.795,0,0.0,0,0
150.845,0,0.0,0,0
150.895,0,0.0,0,0
150.945,0,0.0,0,0
150.995,0,0.0,0,0
151.045,0,0.0,0,0
151.095,0,0.0,0,0
151.146,0,0.0,0,0
151.196,0,0.0,0,0
151.246,0,0.0,0,0
151.296,0,0.0,0,0
151.346,0,0.0,0,0
151.396,0,0.0,0,0
151.446,0,0.0,0,0
151.496,0,0.0,0,0
151.547,0,0.0,0,0
151.597,0,0.0,0,0
151.647,0,0.0,0,0
151.697,0,0.0,0,0
151.747,0,0.0,0,0
151.797,0,0.0,0,0
151.847,0,0.0,0,0
151.897,0,0.0,0,0
151.947,0,0.0,0,0
151.997,0,0.0,0,0
152.047,0,0.0,0,0
152.097,0,0.0,0,0
152.148,0,0.0,0,0
152.198,0,0.0,0,0
152.248,0,0.0,0,0
152.298,0,0.0,0,0
152.348,0,0.0,0,0
152.398,0,0.0,0,0
152.448,0,0.0,0,0
152.498,0,0.0,0,0
152.548,0,0.0,0,0
152.598,0,0.0,0,0
152.648,0,0.0,0,0
152.699,0,0.0,0,0
152.749,0,0.0,0,0
152.799,0,0.0,0,0
152.849,0,0.0,0,0
152.899,0,0.0,0,0
152.949,0,0.0,0,0
152.999,0,0.0,0,0
153.049,0,0.0,0,0
153.100,0,0.0,0,0
153.150,0,0.0,0,0
153.200,0,0.0,0,0
153.250,0,0.0,0,0
153.300,0,0.0,0,0
153.350,0,0.0,0,0
153.400,0,0.0,0,0
153.450,0,0.0,0,0
153.500,2,40.0,600,75
153.550,2,39.9,598,75
153.601,2,39.9,598,75
153.651,2,40.0,600,75
153.701,3,59.9,898,112
153.751,3,59.9,898,112
153.801,3,59.9,899,112
153.851,4,79.9,1199,150
153.901,4,80.0,1199,150
153.951,5,99.8,1496,187
154.001,5,99.6,1495,187
154.051,5,99.9,1499,187
154.102,5,99.4,1491,186
154.152,6,119.6,1795,224
154.202,6,119.9,1798,225
154.252,7,139.7,2095,262
154.302,6,119.8,1797,225
154.352,7,140.0,2100,262
154.402,7,139.7,2095,262
154.452,8,159.9,2398,300
154.502,7,139.6,2094,262
154.552,8,159.7,2395,299
154.602,8,160.0,2399,300
154.652,8,159.6,2394,299
154.703,9,179.5,2693,337
154.753,8,159.6,2394,299
154.803,9,179.4,2691,336
154.853,9,179.8,2697,337
154.903,9,179.5,2693,337
154.953,10,199.2,2988,373
155.003,9,179.8,2698,337
155.053,10,199.9,2998,375
155.103,9,179.9,2698,337
155.153,10,199.6,2995,374
155.203,10,199.9,2999,375
155.254,11,219.6,3294,412
155.304,10,199.4,2991,374
155.354,10,199.4,2990,374
155.404,11,219.8,3297,412
155.454,11,219.4,3291,411
155.504,10,199.5,2993,374
155.554,11,219.9,3299,412
155.604,11,219.8,3297,412
155.654,11,219.6,3294,412
155.704,11,219.5,3292,411
155.755,12,239.2,3588,449
155.805,11,219.8,3297,412
155.855,11,219.8,3297,412
155.905,11,219.9,3299,412
155.955,12,239.9,3599,450
156.005,11,219.0,3284,411
156.055,12,239.1,3586,448
156.105,12,239.5,3592,449
156.155,11,219.3,3290,411
156.205,12,240.0,3600,450
156.256,12,239.3,3589,449
156.306,11,219.7,3296,412
156.356,12,240.0,3600,450
156.406,12,239.4,3591,449
156.456,12,239.5,3592,449
156.506,12,239.9,3599,450
156.556,11,219.8,3297,412
156.606,12,239.6,3595,449
156.656,12,240.0,3600,450
156.706,12,239.7,3595,449
156.756,12,239.3,3590,449
156.806,12,239.6,3595,449
156.856,12,239.6,3594,449
156.907,12,239.3,3589,449
156.957,12,239.2,3588,448
157.007,12,239.5,3593,449
157.057,13,259.6,3893,487
157.107,12,238.9,3584,448
157.157,12,239.3,3589,449
157.207,12,239.4,3591,449
157.258,12,239.6,3594,449
157.308,12,239.2,3588,449
157.358,12,239.8,3596,450
157.408,12,239.5,3592,449
157.458,13,259.2,3888,486
157.508,12,239.6,3594,449
157.558,12,239.7,3596,449
157.608,12,239.4,3592,449
157.658,12,239.3,3590,449
157.708,12,239.4,3591,449
157.759,12,239.8,3596,450
157.809,13,259.4,3890,486
157.859,12,239.4,3591,449
157.909,12,239.1,3587,448
157.959,12,239.9,3599,450
158.009,12,240.0,3599,450
158.059,13,259.4,3891,486
158.109,12,239.5,3593,449
158.159,12,239.6,3594,449
158.209,12,239.8,3597,450
158.259,12,239.7,3595,449
158.310,12,239.4,3591,449
158.360,13,259.3,3889,486
158.410,12,239.2,3589,449
158.460,12,239.9,3598,450
158.510,12,239.7,3596,450
158.560,12,239.5,3592,449
158.610,12,239.9,3599,450
158.660,13,259.3,3890,486
158.710,12,239.2,3587,448
158.760,12,239.9,3599,450
158.810,12,239.9,3599,450
158.860,12,239.6,3593,449
158.911,12,239.7,3595,449
158.961,13,259.4,3891,486
159.011,12,240.0,3599,450
159.061,12,240.0,3600,450
159.111,12,239.9,3599,450
159.161,12,239.4,3590,449
159.211,12,239.2,3588,448
159.261,12,239.6,3594,449
159.311,13,259.2,3888,486
159.361,12,239.1,3587,448
159.412,12,239.4,3591,449
159.462,12,239.2,3588,448
159.512,12,239.7,3595,449
159.562,12,239.2,3588,449
159.612,12,239.0,3585,448
159.662,13,259.3,3890,486
159.712,12,239.2,3588,448
159.763,12,239.1,3586,448
159.813,12,239.9,3599,450
159.863,12,239.5,3592,449
159.913,12,239.9,3599,450
159.963,12,239.7,3596,450
160.013,12,239.5,3593,449
160.063,12,239.3,3589,449
160.113,12,239.4,3590,449
160.163,12,238.7,3581,448
160.214,12,238.8,3582,448
160.264,12,239.6,3594,449
160.314,12,239.8,3598,450
160.364,13,259.9,3899,487
160.414,11,219.8,3297,412
160.464,12,239.9,3598,450
160.514,12,239.8,3598,450
160.564,12,239.7,3596,450
160.614,12,239.4,3591,449
160.664,12,239.6,3594,449
160.714,12,239.6,3594,449
160.764,12,239.6,3594,449
160.815,12,239.3,3589,449
160.865,12,239.0,3585,448
160.915,12,239.5,3592,449
160.965,12,239.3,3590,449
161.015,12,239.7,3596,449
161.065,12,239.5,3592,449
161.115,12,239.6,3594,449
161.165,12,240.0,3600,450
161.216,12,238.9,3584,448
161.266,12,238.9,3583,448
161.316,11,219.8,3298,412
161.366,12,239.4,3591,449
161.416,12,239.3,3590,449
161.466,12,239.7,3595,449
161.516,12,239.2,3588,448
161.566,12,239.7,3596,449
161.616,12,239.6,3594,449
161.667,11,219.5,3293,412
161.717,12,239.1,3587,448
161.767,12,240.0,3599,450
161.817,12,239.8,3596,450
161.867,12,239.4,3590,449
161.917,11,219.5,3293,412
161.967,12,239.0,3585,448
162.017,12,239.6,3593,449
162.068,12,239.0,3586,448
162.118,12,239.4,3591,449
162.168,11,219.4,3291,411
162.218,12,239.5,3593,449
162.268,12,239.3,3590,449
162.318,12,239.3,3589,449
162.368,11,219.8,3297,412
162.418,12,239.9,3598,450
162.468,12,239.3,3590,449
162.519,12,239.3,3590,449
162.569,12,239.0,3586,448
162.619,11,219.8,3296,412
162.669,12,239.8,3597,450
162.719,12,239.3,3590,449
162.769,12,239.4,3591,449
162.819,11,219.7,3296,412
162.869,12,239.7,3596,450
162.919,12,240.0,3599,450
162.969,12,239.8,3597,450
163.019,11,219.4,3291,411
163.070,12,239.4,3591,449
163.120,12,239.7,3596,449
163.170,12,239.9,3599,450
163.220,12,239.4,3591,449
163.270,11,219.8,3297,412
163.320,12,240.0,3599,450
163.370,12,239.6,3595,449
163.420,12,239.6,3593,449
163.470,12,239.3,3590,449
163.520,11,219.9,3299,412
163.570,12,239.9,3599,450
163.620,12,239.6,3594,449
163.670,12,240.0,3600,450
163.720,12,239.7,3595,449
163.770,12,239.2,3588,448
163.820,12,239.8,3597,450
163.871,11,219.9,3298,412
163.921,11,219.4,3291,411
163.971,11,219.8,3297,412
164.021,10,199.9,2998,375
164.071,10,199.5,2993,374
164.121,10,198.9,2983,373
164.171,9,179.7,2695,337
164.221,9,180.0,2700,337
164.271,9,179.5,2692,337
164.322,7,139.6,2094,262
164.372,8,159.5,2393,299
164.422,7,139.7,2095,262
164.472,7,139.7,2095,262
164.522,6,119.7,1796,224
164.572,6,119.7,1795,224
164.622,5,99.9,1499,187
164.672,5,99.7,1496,187
164.722,4,79.8,1196,150
164.773,4,79.7,1196,149
164.823,4,79.9,1198,150
164.873,3,60.0,900,112
164.923,2,40.0,599,75
164.973,3,60.0,900,112
165.023,2,39.9,598,75
165.073,1,20.0,299,37
165.123,1,20.0,300,37
165.173,1,20.0,299,37
165.223,1,20.0,300,37
165.273,0,0.0,0,0
165.323,1,20.0,300,37
165.373,0,0.0,0,0
165.424,0,0.0,0,0
165.474,0,0.0,0,0
165.524,0,0.0,0,0
165.574,0,0.0,0,0
165.624,0,0.0,0,0
165.674,0,0.0,0,0
165.724,0,0.0,0,0
165.774,0,0.0,0,0
165.825,0,0.0,0,0
165.875,0,0.0,0,0
165.925,0,0.0,0,0
165.975,0,0.0,0,0
166.025,0,0.0,0,0
166.075,0,0.0,0,0
166.125,0,0.0,0,0
166.175,0,0.0,0,0
166.225,0,0.0,0,0
166.275,0,0.0,0,0
166.325,0,0.0,0,0
166.376,0,0.0,0,0
166.426,0,0.0,0,0
166.476,0,0.0,0,0
166.526,0,0.0,0,0
166.576,0,0.0,0,0
166.626,0,0.0,0,0
166.676,0,0.0,0,0
166.726,0,0.0,0,0
166.776,0,0.0,0,0
166.826,0,0.0,0,0
166.876,0,0.0,0,0
166.927,0,0.0,0,0
166.977,0,0.0,0,0
167.027,0,0.0,0,0
167.077,0,0.0,0,0
167.127,0,0.0,0,0
167.177,0,0.0,0,0
167.227,0,0.0,0,0
167.277,0,0.0,0,0
167.327,0,0.0,0,0
167.377,0,0.0,0,0
167.428,0,0.0,0,0
167.478,0,0.0,0,0
167.528,0,0.0,0,0
167.578,0,0.0,0,0
167.628,0,0.0,0,0
167.678,0,0.0,0,0
167.728,0,0.0,0,0
167.778,0,0.0,0,0
167.829,0,0.0,0,0
167.879,0,0.0,0,0
167.929,0,0.0,0,0
167.979,0,0.0,0,0
168.029,0,0.0,0,0
168.079,0,0.0,0,0
168.129,0,0.0,0,0
168.179,0,0.0,0,0
168.229,0,0.0,0,0
168.280,0,0.0,0,0
168.330,0,0.0,0,0
168.380,0,0.0,0,0
168.430,0,0.0,0,0
168.480,0,0.0,0,0
168.530,0,0.0,0,0
168.580,0,0.0,0,0
168.630,0,0.0,0,0
168.680,0,0.0,0,0
168.730,0,0.0,0,0
168.780,0,0.0,0,0
168.830,0,0.0,0,0
168.880,0,0.0,0,0
168.930,0,0.0,0,0
168.980,0,0.0,0,0
169.030,0,0.0,0,0
169.080,0,0.0,0,0
169.131,0,0.0,0,0
169.181,0,0.0,0,0
169.231,0,0.0,0,0
169.281,0,0.0,0,0
169.331,0,0.0,0,0
169.381,0,0.0,0,0
169.431,0,0.0,0,0
169.481,0,0.0,0,0
169.531,0,0.0,0,0
169.581,0,0.0,0,0
169.631,0,0.0,0,0
169.681,0,0.0,0,0
169.732,0,0.0,0,0
169.782,0,0.0,0,0
169.832,0,0.0,0,0
169.882,0,0.0,0,0
169.932,0,0.0,0,0
169.982,0,0.0,0,0
170.032,0,0.0,0,0
170.082,0,0.0,0,0
170.132,0,0.0,0,0
170.182,0,0.0,0,0
170.233,0,0.0,0,0
170.283,0,0.0,0,0
170.333,0,0.0,0,0
170.383,0,0.0,0,0
170.433,0,0.0,0,0
170.483,0,0.0,0,0
170.533,0,0.0,0,0
170.584,0,0.0,0,0
170.634,0,0.0,0,0
170.684,0,0.0,0,0
170.734,0,0.0,0,0
170.784,0,0.0,0,0
170.834,0,0.0,0,0
170.884,0,0.0,0,0
170.934,0,0.0,0,0
170.984,0,0.0,0,0
171.034,0,0.0,0,0
171.085,0,0.0,0,0
171.135,0,0.0,0,0
171.185,0,0.0,0,0
171.235,0,0.0,0,0
171.285,0,0.0,0,0
171.335,0,0.0,0,0
171.386,0,0.0,0,0
171.436,0,0.0,0,0
171.486,0,0.0,0,0
171.536,0,0.0,0,0
171.586,0,0.0,0,0
171.636,0,0.0,0,0
171.686,0,0.0,0,0
171.736,0,0.0,0,0
171.786,0,0.0,0,0
171.836,0,0.0,0,0
171.887,0,0.0,0,0
171.937,0,0.0,0,0
171.987,0,0.0,0,0
172.037,0,0.0,0,0
172.087,0,0.0,0,0
172.137,0,0.0,0,0
172.187,0,0.0,0,0
172.237,0,0.0,0,0
172.287,0,0.0,0,0
172.337,0,0.0,0,0
172.387,0,0.0,0,0
172.437,0,0.0,0,0
172.487,0,0.0,0,0
172.538,0,0.0,0,0
172.588,0,0.0,0,0
172.638,0,0.0,0,0
172.688,0,0.0,0,0
172.738,0,0.0,0,0
172.788,0,0.0,0,0
172.838,0,0.0,0,0
172.888,0,0.0,0,0
172.938,0,0.0,0,0
172.988,0,0.0,0,0
173.039,0,0.0,0,0
173.089,0,0.0,0,0
173.139,0,0.0,0,0
173.189,0,0.0,0,0
173.239,0,0.0,0,0
173.289,0,0.0,0,0
173.339,0,0.0,0,0
173.389,0,0.0,0,0
173.439,0,0.0,0,0
173.489,0,0.0,0,0
173.540,0,0.0,0,0
173.590,0,0.0,0,0
173.640,0,0.0,0,0
173.690,0,0.0,0,0
173.740,0,0.0,0,0
173.790,0,0.0,0,0
173.840,0,0.0,0,0
173.890,0,0.0,0,0
173.940,0,0.0,0,0
173.990,0,0.0,0,0
174.041,0,0.0,0,0
174.091,0,0.0,0,0
174.141,0,0.0,0,0
174.191,0,0.0,0,0
174.241,0,0.0,0,0
174.291,0,0.0,0,0
174.341,0,0.0,0,0
174.391,0,0.0,0,0
174.442,0,0.0,0,0
174.492,0,0.0,0,0
174.542,0,0.0,0,0
174.592,0,0.0,0,0
174.642,0,0.0,0,0
174.692,0,0.0,0,0
174.742,0,0.0,0,0
174.792,0,0.0,0,0
174.842,0,0.0,0,0
174.892,0,0.0,0,0
174.943,0,0.0,0,0
174.993,0,0.0,0,0
175.043,0,0.0,0,0
175.093,0,0.0,0,0
175.143,0,0.0,0,0
175.193,0,0.0,0,0
175.243,0,0.0,0,0
175.293,0,0.0,0,0
175.343,0,0.0,0,0
175.393,0,0.0,0,0
175.444,0,0.0,0,0
175.494,0,0.0,0,0
175.544,0,0.0,0,0
175.594,0,0.0,0,0
175.644,0,0.0,0,0
175.694,0,0.0,0,0
175.744,0,0.0,0,0
175.794,0,0.0,0,0
175.844,0,0.0,0,0
175.894,0,0.0,0,0
175.944,0,0.0,0,0
175.995,0,0.0,0,0
176.045,0,0.0,0,0
176.095,0,0.0,0,0
176.145,0,0.0,0,0
176.195,0,0.0,0,0
176.245,0,0.0,0,0
176.295,0,0.0,0,0
176.345,0,0.0,0,0
176.395,0,0.0,0,0
176.445,0,0.0,0,0
176.495,0,0.0,0,0
176.545,0,0.0,0,0
176.596,0,0.0,0,0
176.646,0,0.0,0,0
176.696,0,0.0,0,0
176.746,0,0.0,0,0
176.796,0,0.0,0,0
176.846,0,0.0,0,0
176.896,0,0.0,0,0
176.946,0,0.0,0,0
176.996,0,0.0,0,0
177.047,0,0.0,0,0
177.097,0,0.0,0,0
177.147,0,0.0,0,0
177.197,0,0.0,0,0
177.247,0,0.0,0,0
177.297,0,0.0,0,0
177.347,0,0.0,0,0
177.397,0,0.0,0,0
177.447,0,0.0,0,0
177.497,0,0.0,0,0
177.548,0,0.0,0,0
177.598,0,0.0,0,0
177.648,0,0.0,0,0
177.698,0,0.0,0,0
177.748,0,0.0,0,0
177.798,0,0.0,0,0
177.848,0,0.0,0,0
177.898,0,0.0,0,0
177.948,0,0.0,0,0
177.998,0,0.0,0,0
178.049,0,0.0,0,0
178.099,0,0.0,0,0
178.149,0,0.0,0,0
178.199,0,0.0,0,0
178.249,0,0.0,0,0
178.299,0,0.0,0,0
178.349,0,0.0,0,0
178.399,0,0.0,0,0
178.449,0,0.0,0,0
178.499,0,0.0,0,0
178.549,0,0.0,0,0
178.599,0,0.0,0,0
178.650,0,0.0,0,0
178.700,0,0.0,0,0
178.750,0,0.0,0,0
178.800,0,0.0,0,0
178.850,0,0.0,0,0
178.900,0,0.0,0,0
178.950,0,0.0,0,0
179.000,0,0.0,0,0
179.050,0,0.0,0,0
179.101,0,0.0,0,0
179.151,0,0.0,0,0
179.201,0,0.0,0,0
179.251,0,0.0,0,0
179.301,0,0.0,0,0
179.351,0,0.0,0,0
179.401,0,0.0,0,0
179.451,0,0.0,0,0
179.501,0,0.0,0,0
179.551,0,0.0,0,0
179.601,0,0.0,0,0
179.651,0,0.0,0,0
179.701,0,0.0,0,0
179.752,0,0.0,0,0
179.802,0,0.0,0,0
179.852,0,0.0,0,0
179.902,0,0.0,0,0
179.952,0,0.0,0,0
180.002,0,0.0,0,0
180.052,0,0.0,0,0
180.102,0,0.0,0,0
180.152,0,0.0,0,0
180.202,0,0.0,0,0
180.253,0,0.0,0,0
180.303,0,0.0,0,0
180.353,0,0.0,0,0
180.403,0,0.0,0,0
180.453,0,0.0,0,0
180.503,0,0.0,0,0
180.553,0,0.0,0,0
180.603,0,0.0,0,0
180.653,0,0.0,0,0
180.703,0,0.0,0,0
180.753,0,0.0,0,0
180.803,0,0.0,0,0
180.853,0,0.0,0,0
180.904,0,0.0,0,0
180.954,0,0.0,0,0
181.004,0,0.0,0,0
181.054,0,0.0,0,0
181.104,0,0.0,0,0
181.154,0,0.0,0,0
181.204,0,0.0,0,0
181.254,0,0.0,0,0
181.304,0,0.0,0,0
181.354,0,0.0,0,0
181.404,0,0.0,0,0
181.455,0,0.0,0,0
181.505,0,0.0,0,0
181.555,0,0.0,0,0
181.605,0,0.0,0,0
181.655,0,0.0,0,0
181.705,0,0.0,0,0
181.755,0,0.0,0,0
181.805,0,0.0,0,0
181.855,0,0.0,0,0
181.906,0,0.0,0,0
181.956,0,0.0,0,0
182.006,0,0.0,0,0
182.056,0,0.0,0,0
182.106,0,0.0,0,0
182.156,0,0.0,0,0
182.206,0,0.0,0,0
182.256,0,0.0,0,0
182.307,0,0.0,0,0
182.357,0,0.0,0,0
182.407,0,0.0,0,0
182.457,0,0.0,0,0
182.507,0,0.0,0,0
182.557,0,0.0,0,0
182.607,0,0.0,0,0
182.657,0,0.0,0,0
182.708,0,0.0,0,0
182.758,0,0.0,0,0
182.808,0,0.0,0,0
182.858,0,0.0,0,0
182.908,0,0.0,0,0
182.958,0,0.0,0,0
183.008,0,0.0,0,0
183.058,0,0.0,0,0
183.108,0,0.0,0,0
183.158,0,0.0,0,0
183.208,0,0.0,0,0
183.258,0,0.0,0,0
183.309,0,0.0,0,0
183.359,0,0.0,0,0
183.409,0,0.0,0,0
183.459,0,0.0,0,0
183.509,0,0.0,0,0
183.559,0,0.0,0,0
183.609,0,0.0,0,0
183.659,0,0.0,0,0
183.710,0,0.0,0,0
183.760,0,0.0,0,0
183.810,0,0.0,0,0
183.860,0,0.0,0,0
183.910,0,0.0,0,0
183.960,0,0.0,0,0
184.010,0,0.0,0,0
184.061,0,0.0,0,0
184.111,0,0.0,0,0
184.161,0,0.0,0,0
184.211,0,0.0,0,0
184.261,0,0.0,0,0
184.311,0,0.0,0,0
184.361,0,0.0,0,0
184.411,0,0.0,0,0
184.461,0,0.0,0,0
184.511,0,0.0,0,0
184.561,0,0.0,0,0
184.612,0,0.0,0,0
184.662,0,0.0,0,0
184.712,0,0.0,0,0
184.762,0,0.0,0,0
184.812,0,0.0,0,0
184.862,0,0.0,0,0
184.912,0,0.0,0,0
184.962,0,0.0,0,0
185.012,0,0.0,0,0
185.062,0,0.0,0,0
185.112,0,0.0,0,0
185.163,0,0.0,0,0
185.213,0,0.0,0,0
185.263,0,0.0,0,0
185.313,0,0.0,0,0
185.363,0,0.0,0,0
185.413,0,0.0,0,0
185.463,0,0.0,0,0
185.514,0,0.0,0,0
185.564,0,0.0,0,0
185.614,0,0.0,0,0
185.664,0,0.0,0,0
185.714,0,0.0,0,0
185.764,0,0.0,0,0
185.814,0,0.0,0,0
185.864,0,0.0,0,0
185.914,0,0.0,0,0
185.964,0,0.0,0,0
186.014,0,0.0,0,0
186.064,0,0.0,0,0
186.115,0,0.0,0,0
186.165,0,0.0,0,0
186.215,0,0.0,0,0
186.265,0,0.0,0,0
186.315,0,0.0,0,0
186.365,0,0.0,0,0
186.415,0,0.0,0,0
186.465,0,0.0,0,0
186.515,0,0.0,0,0
186.565,0,0.0,0,0
186.615,0,0.0,0,0
186.666,0,0.0,0,0
186.716,0,0.0,0,0
186.766,0,0.0,0,0
186.816,0,0.0,0,0
186.866,0,0.0,0,0
186.916,0,0.0,0,0
186.966,0,0.0,0,0
187.016,0,0.0,0,0
187.066,0,0.0,0,0
187.116,0,0.0,0,0
187.166,0,0.0,0,0
187.217,0,0.0,0,0
187.267,0,0.0,0,0
187.317,0,0.0,0,0
187.367,0,0.0,0,0
187.417,0,0.0,0,0
187.467,0,0.0,0,0
187.517,0,0.0,0,0
187.568,0,0.0,0,0
187.618,0,0.0,0,0
187.668,0,0.0,0,0
187.718,0,0.0,0,0
187.768,0,0.0,0,0
187.818,0,0.0,0,0
187.868,0,0.0,0,0
187.918,0,0.0,0,0
187.969,0,0.0,0,0
188.019,0,0.0,0,0
188.069,0,0.0,0,0
188.119,0,0.0,0,0
188.169,0,0.0,0,0
188.219,0,0.0,0,0
188.269,0,0.0,0,0
188.319,0,0.0,0,0
188.370,0,0.0,0,0
188.420,0,0.0,0,0
188.470,0,0.0,0,0
188.520,0,0.0,0,0
188.570,0,0.0,0,0
188.620,0,0.0,0,0
188.670,0,0.0,0,0
188.720,0,0.0,0,0
188.771,0,0.0,0,0
188.821,0,0.0,0,0
188.871,0,0.0,0,0
188.921,0,0.0,0,0
188.971,0,0.0,0,0
189.021,0,0.0,0,0
189.071,0,0.0,0,0
189.121,0,0.0,0,0
189.171,0,0.0,0,0
189.221,0,0.0,0,0
189.271,0,0.0,0,0
189.322,0,0.0,0,0
189.372,0,0.0,0,0
189.422,0,0.0,0,0
189.472,0,0.0,0,0
189.522,0,0.0,0,0
189.572,0,0.0,0,0
189.622,0,0.0,0,0
189.672,0,0.0,0,0
189.722,0,0.0,0,0
189.772,0,0.0,0,0
189.823,0,0.0,0,0
189.873,0,0.0,0,0
189.923,0,0.0,0,0
189.973,0,0.0,0,0
190.023,0,0.0,0,0
190.073,0,0.0,0,0
190.123,0,0.0,0,0
190.173,0,0.0,0,0
190.223,0,0.0,0,0
190.273,0,0.0,0,0
190.324,0,0.0,0,0
190.374,0,0.0,0,0
190.424,0,0.0,0,0
190.474,0,0.0,0,0
190.524,0,0.0,0,0
190.574,0,0.0,0,0
190.624,0,0.0,0,0
190.674,0,0.0,0,0
190.725,0,0.0,0,0
190.775,0,0.0,0,0
190.825,0,0.0,0,0
190.875,0,0.0,0,0
190.925,0,0.0,0,0
190.975,0,0.0,0,0
191.025,0,0.0,0,0
191.075,0,0.0,0,0
191.125,0,0.0,0,0
191.176,0,0.0,0,0
191.226,0,0.0,0,0
191.276,0,0.0,0,0
191.326,0,0.0,0,0
191.376,0,0.0,0,0
191.426,0,0.0,0,0
191.476,0,0.0,0,0
191.526,0,0.0,0,0
191.576,0,0.0,0,0
191.626,0,0.0,0,0
191.677,0,0.0,0,0
191.727,0,0.0,0,0
191.777,0,0.0,0,0
191.827,0,0.0,0,0
191.877,0,0.0,0,0
191.927,0,0.0,0,0
191.977,0,0.0,0,0
192.027,0,0.0,0,0
192.077,0,0.0,0,0
192.127,0,0.0,0,0
192.177,0,0.0,0,0
192.227,0,0.0,0,0
192.277,0,0.0,0,0
192.328,0,0.0,0,0
192.378,0,0.0,0,0
192.428,0,0.0,0,0
192.478,0,0.0,0,0
192.528,0,0.0,0,0
192.578,0,0.0,0,0
192.628,0,0.0,0,0
192.678,0,0.0,0,0
192.728,0,0.0,0,0
192.778,0,0.0,0,0
192.828,0,0.0,0,0
192.878,0,0.0,0,0
192.928,0,0.0,0,0
192.978,0,0.0,0,0
193.028,0,0.0,0,0
193.079,0,0.0,0,0
193.129,0,0.0,0,0
193.179,0,0.0,0,0
193.229,0,0.0,0,0
193.279,0,0.0,0,0
193.329,0,0.0,0,0
193.379,0,0.0,0,0
193.430,0,0.0,0,0
193.480,0,0.0,0,0
193.530,0,0.0,0,0
193.580,0,0.0,0,0
193.630,0,0.0,0,0
193.680,0,0.0,0,0
193.730,0,0.0,0,0
193.780,0,0.0,0,0
193.831,0,0.0,0,0
193.881,0,0.0,0,0
193.931,0,0.0,0,0
193.981,0,0.0,0,0
194.031,0,0.0,0,0
194.081,0,0.0,0,0
194.131,0,0.0,0,0
194.181,0,0.0,0,0
194.231,0,0.0,0,0
194.282,0,0.0,0,0
194.332,0,0.0,0,0
194.382,0,0.0,0,0
194.432,0,0.0,0,0
194.482,0,0.0,0,0
194.532,0,0.0,0,0
194.582,0,0.0,0,0
194.632,0,0.0,0,0
194.682,0,0.0,0,0
194.732,0,0.0,0,0
194.783,0,0.0,0,0
194.833,0,0.0,0,0
194.883,0,0.0,0,0
194.933,0,0.0,0,0
194.983,0,0.0,0,0
195.033,0,0.0,0,0
195.083,0,0.0,0,0
195.133,0,0.0,0,0
195.183,0,0.0,0,0
195.233,0,0.0,0,0
195.283,0,0.0,0,0
195.334,0,0.0,0,0
195.384,0,0.0,0,0
195.434,0,0.0,0,0
195.484,0,0.0,0,0
195.534,0,0.0,0,0
195.584,0,0.0,0,0
195.634,0,0.0,0,0
195.684,0,0.0,0,0
195.734,0,0.0,0,0
195.785,0,0.0,0,0
195.835,0,0.0,0,0
195.885,0,0.0,0,0
195.935,0,0.0,0,0
195.985,0,0.0,0,0
196.035,0,0.0,0,0
196.085,0,0.0,0,0
196.136,0,0.0,0,0
196.186,0,0.0,0,0
196.236,0,0.0,0,0
196.286,0,0.0,0,0
196.336,0,0.0,0,0
196.386,0,0.0,0,0
196.436,0,0.0,0,0
196.486,0,0.0,0,0
196.536,0,0.0,0,0
196.586,0,0.0,0,0
196.636,0,0.0,0,0
196.687,0,0.0,0,0
196.737,0,0.0,0,0
196.787,0,0.0,0,0
196.837,0,0.0,0,0
196.887,0,0.0,0,0
196.937,0,0.0,0,0
196.987,0,0.0,0,0
197.037,0,0.0,0,0
197.087,0,0.0,0,0
197.137,0,0.0,0,0
197.188,0,0.0,0,0
197.238,0,0.0,0,0
197.288,0,0.0,0,0
197.338,0,0.0,0,0
197.388,0,0.0,0,0
197.438,0,0.0,0,0
197.488,0,0.0,0,0
197.538,0,0.0,0,0
197.588,0,0.0,0,0
197.638,0,0.0,0,0
197.688,0,0.0,0,0
197.739,0,0.0,0,0
197.789,0,0.0,0,0
197.839,0,0.0,0,0
197.889,0,0.0,0,0
197.939,0,0.0,0,0
197.989,0,0.0,0,0
198.039,0,0.0,0,0
198.089,0,0.0,0,0
198.139,0,0.0,0,0
198.189,0,0.0,0,0
198.239,0,0.0,0,0
198.290,0,0.0,0,0
198.340,0,0.0,0,0
198.390,0,0.0,0,0
198.440,0,0.0,0,0
198.490,0,0.0,0,0
198.540,0,0.0,0,0
198.590,0,0.0,0,0
198.640,0,0.0,0,0
198.690,0,0.0,0,0
198.740,0,0.0,0,0
198.790,0,0.0,0,0
198.841,0,0.0,0,0
198.891,0,0.0,0,0
198.941,0,0.0,0,0
198.991,0,0.0,0,0
199.041,0,0.0,0,0
199.091,0,0.0,0,0
199.141,0,0.0,0,0
199.191,0,0.0,0,0
199.241,0,0.0,0,0
199.292,0,0.0,0,0
199.342,0,0.0,0,0
199.392,0,0.0,0,0
199.442,0,0.0,0,0
199.492,0,0.0,0,0
199.542,0,0.0,0,0
199.592,0,0.0,0,0
199.642,0,0.0,0,0
199.693,0,0.0,0,0
199.743,0,0.0,0,0
199.793,0,0.0,0,0
199.843,0,0.0,0,0
199.893,0,0.0,0,0
199.943,0,0.0,0,0
199.993,0,0.0,0,0
200.043,0,0.0,0,0
200.094,0,0.0,0,0
200.144,0,0.0,0,0
200.194,0,0.0,0,0
200.244,0,0.0,0,0
200.294,0,0.0,0,0
200.344,0,0.0,0,0
200.394,0,0.0,0,0
200.444,0,0.0,0,0
200.494,0,0.0,0,0
200.544,0,0.0,0,0
200.594,0,0.0,0,0
200.644,0,0.0,0,0
200.694,0,0.0,0,0
200.745,0,0.0,0,0
200.795,0,0.0,0,0
200.845,0,0.0,0,0
200.895,0,0.0,0,0
200.945,0,0.0,0,0
200.995,0,0.0,0,0
201.045,0,0.0,0,0
201.095,0,0.0,0,0
201.145,0,0.0,0,0
201.195,0,0.0,0,0
201.245,0,0.0,0,0
201.296,0,0.0,0,0
201.346,0,0.0,0,0
201.396,0,0.0,0,0
201.446,0,0.0,0,0
201.496,0,0.0,0,0
201.546,0,0.0,0,0
201.596,0,0.0,0,0
201.646,0,0.0,0,0
201.696,0,0.0,0,0
201.747,0,0.0,0,0
201.797,0,0.0,0,0
201.847,0,0.0,0,0
201.897,0,0.0,0,0
201.947,0,0.0,0,0
201.997,0,0.0,0,0
202.047,0,0.0,0,0
202.098,0,0.0,0,0
202.148,0,0.0,0,0
202.198,0,0.0,0,0
202.248,0,0.0,0,0
202.298,0,0.0,0,0
202.348,0,0.0,0,0
202.398,0,0.0,0,0
202.448,0,0.0,0,0
202.498,0,0.0,0,0
202.548,0,0.0,0,0
202.598,0,0.0,0,0
202.649,0,0.0,0,0
202.699,0,0.0,0,0
202.749,0,0.0,0,0
202.799,0,0.0,0,0
202.849,0,0.0,0,0
202.899,0,0.0,0,0
202.949,0,0.0,0,0
202.999,0,0.0,0,0
203.049,0,0.0,0,0
203.100,0,0.0,0,0
203.150,0,0.0,0,0
203.200,0,0.0,0,0
203.250,0,0.0,0,0
203.300,0,0.0,0,0
203.350,0,0.0,0,0
203.400,0,0.0,0,0
203.450,0,0.0,0,0
203.500,0,0.0,0,0
203.550,0,0.0,0,0
203.600,0,0.0,0,0
203.650,0,0.0,0,0
203.700,0,0.0,0,0
203.750,0,0.0,0,0
203.801,0,0.0,0,0
203.851,0,0.0,0,0
203.901,0,0.0,0,0
203.951,0,0.0,0,0
204.001,0,0.0,0,0
204.051,0,0.0,0,0
204.101,0,0.0,0,0
204.151,0,0.0,0,0
204.201,0,0.0,0,0
204.251,0,0.0,0,0
204.301,0,0.0,0,0
204.352,0,0.0,0,0
204.402,0,0.0,0,0
204.452,0,0.0,0,0
204.502,0,0.0,0,0
204.552,0,0.0,0,0
204.602,0,0.0,0,0
204.652,0,0.0,0,0
204.702,0,0.0,0,0
204.752,0,0.0,0,0
204.802,0,0.0,0,0
204.852,0,0.0,0,0
204.902,0,0.0,0,0
204.953,0,0.0,0,0
205.003,0,0.0,0,0
205.053,0,0.0,0,0
205.103,0,0.0,0,0
205.153,0,0.0,0,0
205.203,0,0.0,0,0
205.253,0,0.0,0,0
205.303,0,0.0,0,0
205.353,0,0.0,0,0
205.403,0,0.0,0,0
205.453,0,0.0,0,0
205.503,0,0.0,0,0
205.554,0,0.0,0,0
205.604,0,0.0,0,0
205.654,0,0.0,0,0
205.704,0,0.0,0,0
205.754,0,0.0,0,0
205.804,0,0.0,0,0
205.854,0,0.0,0,0
205.904,0,0.0,0,0
205.954,0,0.0,0,0
206.004,0,0.0,0,0
206.055,0,0.0,0,0
206.105,0,0.0,0,0
206.155,0,0.0,0,0
206.205,0,0.0,0,0
206.255,0,0.0,0,0
206.305,0,0.0,0,0
206.355,0,0.0,0,0
206.405,0,0.0,0,0
206.456,0,0.0,0,0
206.506,0,0.0,0,0
206.556,0,0.0,0,0
206.606,0,0.0,0,0
206.656,0,0.0,0,0
206.706,0,0.0,0,0
206.756,0,0.0,0,0
206.806,0,0.0,0,0
206.856,0,0.0,0,0
206.906,0,0.0,0,0
206.957,0,0.0,0,0
207.007,0,0.0,0,0
207.057,0,0.0,0,0
207.107,0,0.0,0,0
207.157,0,0.0,0,0
207.207,0,0.0,0,0
207.257,0,0.0,0,0
207.307,0,0.0,0,0
207.357,0,0.0,0,0
207.408,0,0.0,0,0
207.458,0,0.0,0,0
207.508,0,0.0,0,0
207.558,0,0.0,0,0
207.608,0,0.0,0,0
207.658,0,0.0,0,0
207.708,0,0.0,0,0
207.758,0,0.0,0,0
207.809,0,0.0,0,0
207.859,0,0.0,0,0
207.909,0,0.0,0,0
207.959,0,0.0,0,0
208.009,0,0.0,0,0
208.059,0,0.0,0,0
208.109,0,0.0,0,0
208.159,0,0.0,0,0
208.209,0,0.0,0,0
208.259,0,0.0,0,0
208.309,0,0.0,0,0
208.360,0,0.0,0,0
208.410,0,0.0,0,0
208.460,0,0.0,0,0
208.510,0,0.0,0,0
208.560,0,0.0,0,0
208.610,0,0.0,0,0
208.660,0,0.0,0,0
208.710,0,0.0,0,0
208.760,0,0.0,0,0
208.810,0,0.0,0,0
208.860,0,0.0,0,0
208.910,0,0.0,0,0
208.960,0,0.0,0,0
209.011,0,0.0,0,0
209.061,0,0.0,0,0
209.111,0,0.0,0,0
209.161,0,0.0,0,0
209.211,0,0.0,0,0
209.261,0,0.0,0,0
209.311,0,0.0,0,0
209.361,0,0.0,0,0
209.411,0,0.0,0,0
209.462,0,0.0,0,0
209.512,0,0.0,0,0
209.562,0,0.0,0,0
209.612,0,0.0,0,0
209.662,0,0.0,0,0
209.712,0,0.0,0,0
209.762,0,0.0,0,0
209.812,0,0.0,0,0
209.862,0,0.0,0,0
209.912,0,0.0,0,0
209.963,0,0.0,0,0
210.013,0,0.0,0,0
210.063,0,0.0,0,0
210.113,0,0.0,0,0
210.163,0,0.0,0,0
210.213,0,0.0,0,0
210.263,0,0.0,0,0
210.313,0,0.0,0,0
210.363,0,0.0,0,0
210.414,0,0.0,0,0
210.464,0,0.0,0,0
210.514,0,0.0,0,0
210.564,0,0.0,0,0
210.614,0,0.0,0,0
210.664,0,0.0,0,0
210.714,0,0.0,0,0
210.764,0,0.0,0,0
210.814,0,0.0,0,0
210.865,0,0.0,0,0
210.915,0,0.0,0,0
210.965,0,0.0,0,0
211.015,0,0.0,0,0
211.065,0,0.0,0,0
211.115,0,0.0,0,0
211.165,0,0.0,0,0
211.215,0,0.0,0,0
211.265,0,0.0,0,0
211.315,0,0.0,0,0
211.365,0,0.0,0,0
211.416,0,0.0,0,0
211.466,0,0.0,0,0
211.516,0,0.0,0,0
211.566,0,0.0,0,0
211.616,0,0.0,0,0
211.666,0,0.0,0,0
211.716,0,0.0,0,0
211.766,0,0.0,0,0
211.816,0,0.0,0,0
211.866,0,0.0,0,0
211.917,0,0.0,0,0
211.967,0,0.0,0,0
212.017,0,0.0,0,0
212.067,0,0.0,0,0
212.117,0,0.0,0,0
212.167,0,0.0,0,0
212.217,0,0.0,0,0
212.268,0,0.0,0,0
212.318,0,0.0,0,0
212.368,0,0.0,0,0
212.418,0,0.0,0,0
212.468,0,0.0,0,0
212.518,0,0.0,0,0
212.568,0,0.0,0,0
212.618,0,0.0,0,0
212.668,0,0.0,0,0
212.718,0,0.0,0,0
212.768,0,0.0,0,0
212.818,0,0.0,0,0
212.869,0,0.0,0,0
212.919,0,0.0,0,0
212.969,0,0.0,0,0
213.019,0,0.0,0,0
213.069,0,0.0,0,0
213.119,0,0.0,0,0
213.169,0,0.0,0,0
213.219,0,0.0,0,0
213.269,0,0.0,0,0
213.319,0,0.0,0,0
213.369,0,0.0,0,0
213.420,0,0.0,0,0
213.470,0,0.0,0,0
213.520,0,0.0,0,0
213.570,0,0.0,0,0
213.620,0,0.0,0,0
213.670,0,0.0,0,0
213.720,0,0.0,0,0
213.770,0,0.0,0,0
213.821,0,0.0,0,0
213.871,0,0.0,0,0
213.921,0,0.0,0,0
213.971,0,0.0,0,0
214.021,0,0.0,0,0
214.071,0,0.0,0,0
214.121,0,0.0,0,0
214.171,0,0.0,0,0
214.222,0,0.0,0,0
214.272,0,0.0,0,0
214.322,0,0.0,0,0
214.372,0,0.0,0,0
214.422,0,0.0,0,0
214.472,0,0.0,0,0
214.522,0,0.0,0,0
214.572,0,0.0,0,0
214.622,0,0.0,0,0
214.672,0,0.0,0,0
214.723,0,0.0,0,0
214.773,0,0.0,0,0
214.823,0,0.0,0,0
214.873,0,0.0,0,0
214.923,0,0.0,0,0
214.973,0,0.0,0,0
215.023,0,0.0,0,0
215.073,0,0.0,0,0
215.123,0,0.0,0,0
215.173,0,0.0,0,0
215.223,0,0.0,0,0
215.274,0,0.0,0,0
215.324,0,0.0,0,0
215.374,0,0.0,0,0
215.424,0,0.0,0,0
215.474,0,0.0,0,0
215.524,0,0.0,0,0
215.574,0,0.0,0,0
215.624,0,0.0,0,0
215.674,0,0.0,0,0
215.724,0,0.0,0,0
215.774,0,0.0,0,0
215.824,0,0.0,0,0
215.874,0,0.0,0,0
215.925,0,0.0,0,0
215.975,0,0.0,0,0
216.025,0,0.0,0,0
216.075,0,0.0,0,0
216.125,0,0.0,0,0
216.175,0,0.0,0,0
216.225,0,0.0,0,0
216.275,0,0.0,0,0
216.326,0,0.0,0,0
216.376,0,0.0,0,0
216.426,0,0.0,0,0
216.476,0,0.0,0,0
216.526,0,0.0,0,0
216.576,0,0.0,0,0
216.626,0,0.0,0,0
216.676,0,0.0,0,0
216.726,0,0.0,0,0
216.776,0,0.0,0,0
216.826,0,0.0,0,0
216.877,0,0.0,0,0
216.927,0,0.0,0,0
216.977,0,0.0,0,0
217.027,0,0.0,0,0
217.077,0,0.0,0,0
217.127,0,0.0,0,0
217.177,0,0.0,0,0
217.227,0,0.0,0,0
217.277,0,0.0,0,0
217.327,0,0.0,0,0
217.378,0,0.0,0,0
217.428,0,0.0,0,0
217.478,0,0.0,0,0
217.528,0,0.0,0,0
217.578,0,0.0,0,0
217.628,0,0.0,0,0
217.678,0,0.0,0,0
217.728,0,0.0,0,0
217.778,0,0.0,0,0
217.828,0,0.0,0,0
217.879,0,0.0,0,0
217.929,0,0.0,0,0
217.979,0,0.0,0,0
218.029,0,0.0,0,0
218.079,0,0.0,0,0
218.129,0,0.0,0,0
218.179,0,0.0,0,0
218.229,0,0.0,0,0
218.279,0,0.0,0,0
218.330,0,0.0,0,0
218.380,0,0.0,0,0
218.430,0,0.0,0,0
218.480,0,0.0,0,0
218.530,0,0.0,0,0
218.580,0,0.0,0,0
218.630,0,0.0,0,0
218.680,0,0.0,0,0
218.730,0,0.0,0,0
218.780,0,0.0,0,0
218.830,0,0.0,0,0
218.881,0,0.0,0,0
218.931,0,0.0,0,0
218.981,0,0.0,0,0
219.031,0,0.0,0,0
219.081,0,0.0,0,0
219.131,0,0.0,0,0
219.181,0,0.0,0,0
219.231,0,0.0,0,0
219.281,0,0.0,0,0
219.331,0,0.0,0,0
219.382,0,0.0,0,0
219.432,0,0.0,0,0
219.482,0,0.0,0,0
219.532,0,0.0,0,0
219.582,0,0.0,0,0
219.632,0,0.0,0,0
219.682,0,0.0,0,0
219.732,0,0.0,0,0
219.782,0,0.0,0,0
219.832,0,0.0,0,0
219.883,0,0.0,0,0
219.933,0,0.0,0,0
219.983,0,0.0,0,0
220.033,0,0.0,0,0
220.083,0,0.0,0,0
220.133,0,0.0,0,0
220.183,0,0.0,0,0
220.233,0,0.0,0,0
220.283,0,0.0,0,0
220.333,0,0.0,0,0
220.384,0,0.0,0,0
220.434,0,0.0,0,0
220.484,0,0.0,0,0
220.534,0,0.0,0,0
220.584,0,0.0,0,0
220.634,0,0.0,0,0
220.684,0,0.0,0,0
220.734,0,0.0,0,0
220.784,0,0.0,0,0
220.834,0,0.0,0,0
220.884,0,0.0,0,0
220.934,0,0.0,0,0
220.985,0,0.0,0,0
221.035,0,0.0,0,0
221.085,0,0.0,0,0
221.135,0,0.0,0,0
221.185,0,0.0,0,0
221.235,0,0.0,0,0
221.285,0,0.0,0,0
221.335,0,0.0,0,0
221.386,0,0.0,0,0
221.436,0,0.0,0,0
221.486,0,0.0,0,0
221.536,0,0.0,0,0
221.586,0,0.0,0,0
221.636,0,0.0,0,0
221.686,0,0.0,0,0
221.736,0,0.0,0,0
221.786,0,0.0,0,0
221.836,0,0.0,0,0
221.886,0,0.0,0,0
221.936,0,0.0,0,0
221.986,0,0.0,0,0
222.037,0,0.0,0,0
222.087,0,0.0,0,0
222.137,0,0.0,0,0
222.187,0,0.0,0,0
222.237,0,0.0,0,0
222.287,0,0.0,0,0
222.337,0,0.0,0,0
222.388,0,0.0,0,0
222.438,0,0.0,0,0
222.488,0,0.0,0,0
222.538,0,0.0,0,0
222.588,0,0.0,0,0
222.638,0,0.0,0,0
222.688,0,0.0,0,0
222.738,0,0.0,0,0
222.788,0,0.0,0,0
222.838,0,0.0,0,0
222.888,0,0.0,0,0
222.938,0,0.0,0,0
222.989,0,0.0,0,0
223.039,0,0.0,0,0
223.089,0,0.0,0,0
223.139,0,0.0,0,0
223.189,0,0.0,0,0
223.239,0,0.0,0,0
223.289,0,0.0,0,0
223.339,0,0.0,0,0
223.389,0,0.0,0,0
223.439,0,0.0,0,0
223.489,0,0.0,0,0
223.540,0,0.0,0,0
223.590,0,0.0,0,0
223.640,0,0.0,0,0
223.690,0,0.0,0,0
223.740,0,0.0,0,0
223.790,0,0.0,0,0
223.840,0,0.0,0,0
223.890,0,0.0,0,0
223.940,0,0.0,0,0
223.990,0,0.0,0,0
224.041,0,0.0,0,0
224.091,0,0.0,0,0
224.141,0,0.0,0,0
224.191,0,0.0,0,0
224.241,0,0.0,0,0
224.291,0,0.0,0,0
224.341,0,0.0,0,0
224.391,0,0.0,0,0
224.441,0,0.0,0,0
224.491,0,0.0,0,0
224.542,0,0.0,0,0
224.592,0,0.0,0,0
224.642,0,0.0,0,0
224.692,0,0.0,0,0
224.742,0,0.0,0,0
224.792,0,0.0,0,0
224.842,0,0.0,0,0
224.892,0,0.0,0,0
224.942,0,0.0,0,0
224.993,0,0.0,0,0
225.043,0,0.0,0,0
225.093,0,0.0,0,0
225.143,0,0.0,0,0
225.193,0,0.0,0,0
225.243,0,0.0,0,0
225.293,0,0.0,0,0
225.343,0,0.0,0,0
225.393,0,0.0,0,0
225.443,0,0.0,0,0
225.494,0,0.0,0,0
225.544,0,0.0,0,0
225.594,0,0.0,0,0
225.644,0,0.0,0,0
225.694,0,0.0,0,0
225.744,0,0.0,0,0
225.795,0,0.0,0,0
225.845,0,0.0,0,0
225.895,0,0.0,0,0
225.945,0,0.0,0,0
225.995,0,0.0,0,0
226.045,0,0.0,0,0
226.095,0,0.0,0,0
226.145,0,0.0,0,0
226.195,0,0.0,0,0
226.246,0,0.0,0,0
226.296,0,0.0,0,0
226.346,0,0.0,0,0
226.396,0,0.0,0,0
226.446,0,0.0,0,0
226.496,0,0.0,0,0
226.546,0,0.0,0,0
226.596,0,0.0,0,0
226.646,0,0.0,0,0
226.696,0,0.0,0,0
226.747,0,0.0,0,0
226.797,0,0.0,0,0
226.847,0,0.0,0,0
226.897,0,0.0,0,0
226.947,0,0.0,0,0
226.997,0,0.0,0,0
227.047,0,0.0,0,0
227.098,0,0.0,0,0
227.148,0,0.0,0,0
227.198,0,0.0,0,0
227.248,0,0.0,0,0
227.298,0,0.0,0,0
227.348,0,0.0,0,0
227.398,0,0.0,0,0
227.448,0,0.0,0,0
227.498,0,0.0,0,0
227.549,0,0.0,0,0
227.599,0,0.0,0,0
227.649,0,0.0,0,0
227.699,0,0.0,0,0
227.749,0,0.0,0,0
227.799,0,0.0,0,0
227.849,0,0.0,0,0
227.899,0,0.0,0,0
227.949,0,0.0,0,0
227.999,0,0.0,0,0
228.050,0,0.0,0,0
228.100,0,0.0,0,0
228.150,0,0.0,0,0
228.200,0,0.0,0,0
228.250,0,0.0,0,0
228.300,0,0.0,0,0
228.350,0,0.0,0,0
228.400,0,0.0,0,0
228.450,0,0.0,0,0
228.500,0,0.0,0,0
228.550,0,0.0,0,0
228.600,0,0.0,0,0
228.651,0,0.0,0,0
228.701,0,0.0,0,0
228.751,0,0.0,0,0
228.801,0,0.0,0,0
228.851,0,0.0,0,0
228.901,0,0.0,0,0
228.951,0,0.0,0,0
229.001,0,0.0,0,0
229.051,0,0.0,0,0
229.102,0,0.0,0,0
229.152,0,0.0,0,0
229.202,0,0.0,0,0
229.252,0,0.0,0,0
229.302,0,0.0,0,0
229.352,0,0.0,0,0
229.402,0,0.0,0,0
229.452,0,0.0,0,0
229.502,0,0.0,0,0
229.552,0,0.0,0,0
229.602,0,0.0,0,0
229.652,0,0.0,0,0
229.702,0,0.0,0,0
229.753,0,0.0,0,0
229.803,0,0.0,0,0
229.853,0,0.0,0,0
229.903,0,0.0,0,0
229.953,0,0.0,0,0
230.003,0,0.0,0,0
230.053,0,0.0,0,0
230.103,0,0.0,0,0
230.153,0,0.0,0,0
230.203,0,0.0,0,0
230.253,0,0.0,0,0
230.303,0,0.0,0,0
230.353,0,0.0,0,0
230.403,0,0.0,0,0
230.454,0,0.0,0,0
230.504,0,0.0,0,0
230.554,0,0.0,0,0
230.604,0,0.0,0,0
230.654,0,0.0,0,0
230.704,0,0.0,0,0
230.754,0,0.0,0,0
230.804,0,0.0,0,0
230.854,0,0.0,0,0
230.904,0,0.0,0,0
230.954,0,0.0,0,0
231.004,0,0.0,0,0
231.054,0,0.0,0,0
231.104,0,0.0,0,0
231.154,0,0.0,0,0
231.205,0,0.0,0,0
231.255,0,0.0,0,0
231.305,0,0.0,0,0
231.355,0,0.0,0,0
231.405,0,0.0,0,0
231.455,0,0.0,0,0
231.505,0,0.0,0,0
231.555,0,0.0,0,0
231.605,0,0.0,0,0
231.655,0,0.0,0,0
231.705,0,0.0,0,0
231.756,0,0.0,0,0
231.806,0,0.0,0,0
231.856,0,0.0,0,0
231.906,0,0.0,0,0
231.956,0,0.0,0,0
232.006,0,0.0,0,0
232.056,0,0.0,0,0
232.106,0,0.0,0,0
232.156,0,0.0,0,0
232.206,0,0.0,0,0
232.256,0,0.0,0,0
232.307,0,0.0,0,0
232.357,0,0.0,0,0
232.407,0,0.0,0,0
232.457,0,0.0,0,0
232.507,0,0.0,0,0
232.557,0,0.0,0,0
232.607,0,0.0,0,0
232.657,0,0.0,0,0
232.707,0,0.0,0,0
232.757,0,0.0,0,0
232.808,0,0.0,0,0
232.858,0,0.0,0,0
232.908,0,0.0,0,0
232.958,0,0.0,0,0
233.008,0,0.0,0,0
233.058,0,0.0,0,0
233.108,0,0.0,0,0
233.158,0,0.0,0,0
233.208,0,0.0,0,0
233.259,0,0.0,0,0
233.309,0,0.0,0,0
233.359,0,0.0,0,0
233.409,0,0.0,0,0
233.459,0,0.0,0,0
233.509,0,0.0,0,0
233.559,0,0.0,0,0
233.609,0,0.0,0,0
233.659,0,0.0,0,0
233.709,0,0.0,0,0
233.759,0,0.0,0,0
233.809,0,0.0,0,0
233.860,0,0.0,0,0
233.910,0,0.0,0,0
233.960,0,0.0,0,0
234.010,0,0.0,0,0
234.060,0,0.0,0,0
234.110,0,0.0,0,0
234.160,0,0.0,0,0
234.210,0,0.0,0,0
234.260,0,0.0,0,0
234.310,0,0.0,0,0
234.360,0,0.0,0,0
234.410,0,0.0,0,0
234.460,0,0.0,0,0
234.511,0,0.0,0,0
234.561,0,0.0,0,0
234.611,0,0.0,0,0
234.661,0,0.0,0,0
234.711,0,0.0,0,0
234.761,0,0.0,0,0
234.811,0,0.0,0,0
234.861,0,0.0,0,0
234.911,0,0.0,0,0
234.961,0,0.0,0,0
235.011,0,0.0,0,0
235.061,0,0.0,0,0
235.112,0,0.0,0,0
235.162,0,0.0,0,0
235.212,0,0.0,0,0
235.262,0,0.0,0,0
235.312,0,0.0,0,0
235.362,0,0.0,0,0
235.412,0,0.0,0,0
235.463,0,0.0,0,0
235.513,0,0.0,0,0
235.563,0,0.0,0,0
235.613,0,0.0,0,0
235.663,0,0.0,0,0
235.713,0,0.0,0,0
235.763,0,0.0,0,0
235.813,0,0.0,0,0
235.863,0,0.0,0,0
235.913,0,0.0,0,0
235.963,0,0.0,0,0
236.014,0,0.0,0,0
236.064,0,0.0,0,0
236.114,0,0.0,0,0
236.164,0,0.0,0,0
236.214,0,0.0,0,0
236.264,0,0.0,0,0
236.314,0,0.0,0,0
236.364,0,0.0,0,0
236.414,0,0.0,0,0
236.464,0,0.0,0,0
236.514,0,0.0,0,0
236.565,0,0.0,0,0
236.615,0,0.0,0,0
236.665,0,0.0,0,0
236.715,0,0.0,0,0
236.765,0,0.0,0,0
236.815,0,0.0,0,0
236.865,0,0.0,0,0
236.915,0,0.0,0,0
236.965,0,0.0,0,0
237.016,0,0.0,0,0
237.066,0,0.0,0,0
237.116,0,0.0,0,0
237.166,0,0.0,0,0
237.216,0,0.0,0,0
237.266,0,0.0,0,0
237.316,0,0.0,0,0
237.366,0,0.0,0,0
237.416,0,0.0,0,0
237.466,0,0.0,0,0
237.516,0,0.0,0,0
237.567,0,0.0,0,0
237.617,0,0.0,0,0
237.667,0,0.0,0,0
237.717,0,0.0,0,0
237.767,0,0.0,0,0
237.817,0,0.0,0,0
237.867,0,0.0,0,0
237.917,0,0.0,0,0
237.967,0,0.0,0,0
238.018,0,0.0,0,0
238.068,0,0.0,0,0
238.118,0,0.0,0,0
238.168,0,0.0,0,0
238.218,0,0.0,0,0
238.268,0,0.0,0,0
238.318,0,0.0,0,0
238.368,0,0.0,0,0
238.418,0,0.0,0,0
238.468,0,0.0,0,0
238.518,0,0.0,0,0
238.569,0,0.0,0,0
238.619,0,0.0,0,0
238.669,0,0.0,0,0
238.719,0,0.0,0,0
238.769,0,0.0,0,0
238.819,0,0.0,0,0
238.869,0,0.0,0,0
238.919,0,0.0,0,0
238.969,0,0.0,0,0
239.020,0,0.0,0,0
239.070,0,0.0,0,0
239.120,0,0.0,0,0
239.170,0,0.0,0,0
239.220,0,0.0,0,0
239.270,0,0.0,0,0
239.320,0,0.0,0,0
239.371,0,0.0,0,0
239.421,0,0.0,0,0
239.471,0,0.0,0,0
239.521,0,0.0,0,0
239.571,0,0.0,0,0
239.621,0,0.0,0,0
239.671,0,0.0,0,0
239.721,0,0.0,0,0
239.771,0,0.0,0,0
239.821,0,0.0,0,0
239.872,0,0.0,0,0
239.922,0,0.0,0,0
239.972,0,0.0,0,0
240.022,0,0.0,0,0
240.072,0,0.0,0,0
240.122,0,0.0,0,0
240.172,0,0.0,0,0
240.222,0,0.0,0,0
240.272,0,0.0,0,0
240.322,0,0.0,0,0
240.372,0,0.0,0,0
240.422,0,0.0,0,0
240.472,0,0.0,0,0
240.523,0,0.0,0,0
240.573,0,0.0,0,0
240.623,0,0.0,0,0
240.673,0,0.0,0,0
240.723,0,0.0,0,0
240.773,0,0.0,0,0
240.823,0,0.0,0,0
240.873,0,0.0,0,0
240.923,0,0.0,0,0
240.973,0,0.0,0,0
241.024,0,0.0,0,0
241.074,0,0.0,0,0
241.124,0,0.0,0,0
241.174,0,0.0,0,0
241.224,0,0.0,0,0
241.274,0,0.0,0,0
241.324,0,0.0,0,0
241.374,0,0.0,0,0
241.424,0,0.0,0,0
241.474,0,0.0,0,0
241.525,0,0.0,0,0
241.575,0,0.0,0,0
241.625,0,0.0,0,0
241.675,0,0.0,0,0
241.725,0,0.0,0,0
241.775,0,0.0,0,0
241.825,0,0.0,0,0
241.875,0,0.0,0,0
241.925,0,0.0,0,0
241.975,0,0.0,0,0
242.025,0,0.0,0,0
242.075,0,0.0,0,0
242.126,0,0.0,0,0
242.176,0,0.0,0,0
242.226,0,0.0,0,0
242.276,0,0.0,0,0
242.326,0,0.0,0,0
242.376,0,0.0,0,0
242.426,0,0.0,0,0
242.476,0,0.0,0,0
242.526,0,0.0,0,0
242.576,0,0.0,0,0
242.627,0,0.0,0,0
242.677,0,0.0,0,0
242.727,0,0.0,0,0
242.777,0,0.0,0,0
242.827,0,0.0,0,0
242.877,0,0.0,0,0
242.927,0,0.0,0,0
242.977,0,0.0,0,0
243.027,0,0.0,0,0
243.077,0,0.0,0,0
243.127,0,0.0,0,0
243.178,0,0.0,0,0
243.228,0,0.0,0,0
243.278,0,0.0,0,0
243.328,0,0.0,0,0
243.378,0,0.0,0,0
243.428,0,0.0,0,0
243.478,0,0.0,0,0
243.528,0,0.0,0,0
243.578,0,0.0,0,0
243.628,0,0.0,0,0
243.679,0,0.0,0,0
243.729,0,0.0,0,0
243.779,0,0.0,0,0
243.829,0,0.0,0,0
243.879,0,0.0,0,0
243.929,0,0.0,0,0
243.979,0,0.0,0,0
244.029,0,0.0,0,0
244.079,0,0.0,0,0
244.129,0,0.0,0,0
244.179,0,0.0,0,0
244.229,0,0.0,0,0
244.279,0,0.0,0,0
244.329,0,0.0,0,0
244.379,0,0.0,0,0
244.429,0,0.0,0,0
244.479,0,0.0,0,0
244.530,0,0.0,0,0
244.580,0,0.0,0,0
244.630,0,0.0,0,0
244.680,0,0.0,0,0
244.730,0,0.0,0,0
244.780,0,0.0,0,0
244.830,0,0.0,0,0
244.880,0,0.0,0,0
244.930,0,0.0,0,0
244.981,0,0.0,0,0
245.031,0,0.0,0,0
245.081,0,0.0,0,0
245.131,0,0.0,0,0
245.181,0,0.0,0,0
245.231,0,0.0,0,0
245.281,0,0.0,0,0
245.331,0,0.0,0,0
245.382,0,0.0,0,0
245.432,0,0.0,0,0
245.482,0,0.0,0,0
245.532,0,0.0,0,0
245.582,0,0.0,0,0
245.632,0,0.0,0,0
245.682,0,0.0,0,0
245.732,0,0.0,0,0
245.782,0,0.0,0,0
245.833,0,0.0,0,0
245.883,0,0.0,0,0
245.933,0,0.0,0,0
245.983,0,0.0,0,0
246.033,0,0.0,0,0
246.083,0,0.0,0,0
246.133,0,0.0,0,0
246.183,0,0.0,0,0
246.233,0,0.0,0,0
246.284,0,0.0,0,0
246.334,0,0.0,0,0
246.384,0,0.0,0,0
246.434,0,0.0,0,0
246.484,0,0.0,0,0
246.534,0,0.0,0,0
246.584,0,0.0,0,0
246.634,0,0.0,0,0
246.685,0,0.0,0,0
246.735,0,0.0,0,0
246.785,0,0.0,0,0
246.835,0,0.0,0,0
246.885,0,0.0,0,0
246.935,0,0.0,0,0
246.985,0,0.0,0,0
247.035,0,0.0,0,0
247.085,0,0.0,0,0
247.135,0,0.0,0,0
247.185,0,0.0,0,0
247.236,0,0.0,0,0
247.286,0,0.0,0,0
247.336,0,0.0,0,0
247.386,0,0.0,0,0
247.436,0,0.0,0,0
247.486,0,0.0,0,0
247.536,0,0.0,0,0
247.586,0,0.0,0,0
247.636,0,0.0,0,0
247.686,0,0.0,0,0
247.736,0,0.0,0,0
247.786,0,0.0,0,0
247.837,0,0.0,0,0
247.887,0,0.0,0,0
247.937,0,0.0,0,0
247.987,0,0.0,0,0
248.037,0,0.0,0,0
248.087,0,0.0,0,0
248.137,0,0.0,0,0
248.187,0,0.0,0,0
248.237,0,0.0,0,0
248.287,0,0.0,0,0
248.337,0,0.0,0,0
248.387,0,0.0,0,0
248.438,0,0.0,0,0
248.488,0,0.0,0,0
248.538,0,0.0,0,0
248.588,0,0.0,0,0
248.638,0,0.0,0,0
248.688,0,0.0,0,0
248.738,0,0.0,0,0
248.788,0,0.0,0,0
248.838,0,0.0,0,0
248.889,0,0.0,0,0
248.939,0,0.0,0,0
248.989,0,0.0,0,0
249.039,0,0.0,0,0
249.089,0,0.0,0,0
249.139,0,0.0,0,0
249.189,0,0.0,0,0
249.239,0,0.0,0,0
249.289,0,0.0,0,0
249.339,0,0.0,0,0
249.389,0,0.0,0,0
249.440,0,0.0,0,0
249.490,0,0.0,0,0
249.540,0,0.0,0,0
249.590,0,0.0,0,0
249.640,0,0.0,0,0
249.690,0,0.0,0,0
249.740,0,0.0,0,0
249.790,0,0.0,0,0
249.840,0,0.0,0,0
249.891,0,0.0,0,0
249.941,0,0.0,0,0
249.991,0,0.0,0,0
250.041,0,0.0,0,0
250.091,0,0.0,0,0
250.141,0,0.0,0,0
250.191,0,0.0,0,0
250.241,0,0.0,0,0
250.291,0,0.0,0,0
250.341,0,0.0,0,0
250.392,0,0.0,0,0
250.442,0,0.0,0,0
250.492,0,0.0,0,0
250.542,0,0.0,0,0
250.592,0,0.0,0,0
250.642,0,0.0,0,0
250.692,0,0.0,0,0
250.742,0,0.0,0,0
250.792,0,0.0,0,0
250.842,0,0.0,0,0
250.892,0,0.0,0,0
250.942,0,0.0,0,0
250.993,0,0.0,0,0
251.043,0,0.0,0,0
251.093,0,0.0,0,0
251.143,0,0.0,0,0
251.193,0,0.0,0,0
251.243,0,0.0,0,0
251.293,0,0.0,0,0
251.343,0,0.0,0,0
251.393,0,0.0,0,0
251.444,0,0.0,0,0
251.494,0,0.0,0,0
251.544,0,0.0,0,0
251.594,0,0.0,0,0
251.644,0,0.0,0,0
251.694,0,0.0,0,0
251.744,0,0.0,0,0
251.794,0,0.0,0,0
251.844,0,0.0,0,0
251.894,0,0.0,0,0
251.945,0,0.0,0,0
251.995,0,0.0,0,0
252.045,0,0.0,0,0
252.095,0,0.0,0,0
252.145,0,0.0,0,0
252.195,0,0.0,0,0
252.245,0,0.0,0,0
252.295,0,0.0,0,0
252.346,0,0.0,0,0
252.396,0,0.0,0,0
252.446,0,0.0,0,0
252.496,0,0.0,0,0
252.546,0,0.0,0,0
252.596,0,0.0,0,0
252.646,0,0.0,0,0
252.696,0,0.0,0,0
252.747,0,0.0,0,0
252.797,0,0.0,0,0
252.847,0,0.0,0,0
252.897,0,0.0,0,0
252.947,0,0.0,0,0
252.997,0,0.0,0,0
253.047,0,0.0,0,0
253.097,0,0.0,0,0
253.147,0,0.0,0,0
253.197,0,0.0,0,0
253.248,0,0.0,0,0
253.298,0,0.0,0,0
253.348,0,0.0,0,0
253.398,0,0.0,0,0
253.448,0,0.0,0,0
253.498,0,0.0,0,0
253.548,0,0.0,0,0
253.598,0,0.0,0,0
253.648,0,0.0,0,0
253.698,0,0.0,0,0
253.748,0,0.0,0,0
253.798,0,0.0,0,0
253.848,0,0.0,0,0
253.899,0,0.0,0,0
253.949,0,0.0,0,0
253.999,0,0.0,0,0
254.049,0,0.0,0,0
254.099,0,0.0,0,0
254.149,0,0.0,0,0
254.199,0,0.0,0,0
254.249,0,0.0,0,0
254.299,0,0.0,0,0
254.349,0,0.0,0,0
254.399,0,0.0,0,0
254.449,0,0.0,0,0
254.500,0,0.0,0,0
254.550,0,0.0,0,0
254.600,0,0.0,0,0
254.650,0,0.0,0,0
254.700,0,0.0,0,0
254.750,0,0.0,0,0
254.800,0,0.0,0,0
254.850,0,0.0,0,0
254.900,0,0.0,0,0
254.950,0,0.0,0,0
255.000,0,0.0,0,0
255.051,0,0.0,0,0
255.101,0,0.0,0,0
255.151,0,0.0,0,0
255.201,0,0.0,0,0
255.251,0,0.0,0,0
255.301,0,0.0,0,0
255.351,0,0.0,0,0
255.401,0,0.0,0,0
255.451,0,0.0,0,0
255.501,0,0.0,0,0
255.551,0,0.0,0,0
255.601,0,0.0,0,0
255.652,0,0.0,0,0
255.702,0,0.0,0,0
255.752,0,0.0,0,0
255.802,0,0.0,0,0
255.852,0,0.0,0,0
255.902,0,0.0,0,0
255.952,0,0.0,0,0
256.003,0,0.0,0,0
256.053,0,0.0,0,0
256.103,0,0.0,0,0
256.153,0,0.0,0,0
256.203,0,0.0,0,0
256.253,0,0.0,0,0
256.303,0,0.0,0,0
256.353,0,0.0,0,0
256.404,0,0.0,0,0
256.454,0,0.0,0,0
256.504,0,0.0,0,0
256.554,0,0.0,0,0
256.604,0,0.0,0,0
256.654,0,0.0,0,0
256.704,0,0.0,0,0
256.754,0,0.0,0,0
256.804,0,0.0,0,0
256.854,0,0.0,0,0
256.905,0,0.0,0,0
256.955,0,0.0,0,0
257.005,0,0.0,0,0
257.055,0,0.0,0,0
257.105,0,0.0,0,0
257.155,0,0.0,0,0
257.205,0,0.0,0,0
257.255,0,0.0,0,0
257.305,0,0.0,0,0
257.355,0,0.0,0,0
257.405,0,0.0,0,0
257.456,0,0.0,0,0
257.506,0,0.0,0,0
257.556,0,0.0,0,0
257.606,0,0.0,0,0
257.656,0,0.0,0,0
257.706,0,0.0,0,0
257.756,0,0.0,0,0
257.806,0,0.0,0,0
257.856,0,0.0,0,0
257.906,0,0.0,0,0
257.957,0,0.0,0,0
258.007,0,0.0,0,0
258.057,0,0.0,0,0
258.107,0,0.0,0,0
258.157,0,0.0,0,0
258.207,0,0.0,0,0
258.257,0,0.0,0,0
258.307,0,0.0,0,0
258.357,0,0.0,0,0
258.407,0,0.0,0,0
258.457,0,0.0,0,0
258.508,0,0.0,0,0
258.558,0,0.0,0,0
258.608,0,0.0,0,0
258.658,0,0.0,0,0
258.708,0,0.0,0,0
258.758,0,0.0,0,0
258.808,0,0.0,0,0
258.858,0,0.0,0,0
258.908,0,0.0,0,0
258.959,0,0.0,0,0
259.009,0,0.0,0,0
259.059,0,0.0,0,0
259.109,0,0.0,0,0
259.159,0,0.0,0,0
259.209,0,0.0,0,0
259.259,0,0.0,0,0
259.309,0,0.0,0,0
259.359,0,0.0,0,0
259.409,0,0.0,0,0
259.460,0,0.0,0,0
259.510,0,0.0,0,0
259.560,0,0.0,0,0
259.610,0,0.0,0,0
259.660,0,0.0,0,0
259.710,0,0.0,0,0
259.760,0,0.0,0,0
259.810,0,0.0,0,0
259.860,0,0.0,0,0
259.910,0,0.0,0,0
259.960,0,0.0,0,0
260.010,0,0.0,0,0
260.060,0,0.0,0,0
260.111,0,0.0,0,0
260.161,0,0.0,0,0
260.211,0,0.0,0,0
260.261,0,0.0,0,0
260.311,0,0.0,0,0
260.361,0,0.0,0,0
260.411,0,0.0,0,0
260.461,0,0.0,0,0
260.511,0,0.0,0,0
260.561,0,0.0,0,0
260.611,0,0.0,0,0
260.661,0,0.0,0,0
260.712,0,0.0,0,0
260.762,0,0.0,0,0
260.812,0,0.0,0,0
260.862,0,0.0,0,0
260.912,0,0.0,0,0
260.962,0,0.0,0,0
261.012,0,0.0,0,0
261.063,0,0.0,0,0
261.113,0,0.0,0,0
261.163,0,0.0,0,0
261.213,0,0.0,0,0
261.263,0,0.0,0,0
261.313,0,0.0,0,0
261.363,0,0.0,0,0
261.414,0,0.0,0,0
261.464,0,0.0,0,0
261.514,0,0.0,0,0
261.564,0,0.0,0,0
261.614,0,0.0,0,0
261.664,0,0.0,0,0
261.714,0,0.0,0,0
261.764,0,0.0,0,0
261.814,0,0.0,0,0
261.864,0,0.0,0,0
261.915,0,0.0,0,0
261.965,0,0.0,0,0
262.015,0,0.0,0,0
262.065,0,0.0,0,0
262.115,0,0.0,0,0
262.165,0,0.0,0,0
262.215,0,0.0,0,0
262.265,0,0.0,0,0
262.315,0,0.0,0,0
262.365,0,0.0,0,0
262.416,0,0.0,0,0
262.466,0,0.0,0,0
262.516,0,0.0,0,0
262.566,0,0.0,0,0
262.616,0,0.0,0,0
262.666,0,0.0,0,0
262.716,0,0.0,0,0
262.766,0,0.0,0,0
262.816,0,0.0,0,0
262.866,0,0.0,0,0
262.916,0,0.0,0,0
262.967,0,0.0,0,0
263.017,0,0.0,0,0
263.067,0,0.0,0,0
263.117,0,0.0,0,0
263.167,0,0.0,0,0
263.217,0,0.0,0,0
263.267,0,0.0,0,0
263.317,0,0.0,0,0
263.368,0,0.0,0,0
263.418,0,0.0,0,0
263.468,0,0.0,0,0
263.518,0,0.0,0,0
263.568,0,0.0,0,0
263.618,0,0.0,0,0
263.668,0,0.0,0,0
263.718,0,0.0,0,0
263.768,0,0.0,0,0
263.819,0,0.0,0,0
263.869,0,0.0,0,0
263.919,0,0.0,0,0
263.969,0,0.0,0,0
264.019,0,0.0,0,0
264.069,0,0.0,0,0
264.119,0,0.0,0,0
264.169,0,0.0,0,0
264.219,0,0.0,0,0
264.270,0,0.0,0,0
264.320,0,0.0,0,0
264.370,0,0.0,0,0
264.420,0,0.0,0,0
264.470,0,0.0,0,0
264.520,0,0.0,0,0
264.570,0,0.0,0,0
264.620,0,0.0,0,0
264.670,0,0.0,0,0
264.720,0,0.0,0,0
264.770,0,0.0,0,0
264.820,0,0.0,0,0
264.870,0,0.0,0,0
264.920,0,0.0,0,0
264.971,0,0.0,0,0
265.021,0,0.0,0,0
265.071,0,0.0,0,0
265.121,0,0.0,0,0
265.171,0,0.0,0,0
265.221,0,0.0,0,0
265.271,0,0.0,0,0
265.321,0,0.0,0,0
265.371,0,0.0,0,0
265.421,0,0.0,0,0
265.471,0,0.0,0,0
265.522,0,0.0,0,0
265.572,0,0.0,0,0
265.622,0,0.0,0,0
265.672,0,0.0,0,0
265.722,0,0.0,0,0
265.772,0,0.0,0,0
265.822,0,0.0,0,0
265.872,0,0.0,0,0
265.922,0,0.0,0,0
265.972,0,0.0,0,0
266.023,0,0.0,0,0
266.073,0,0.0,0,0
266.123,0,0.0,0,0
266.173,0,0.0,0,0
266.223,0,0.0,0,0
266.273,0,0.0,0,0
266.323,0,0.0,0,0
266.373,0,0.0,0,0
266.423,0,0.0,0,0
266.473,0,0.0,0,0
266.524,0,0.0,0,0
266.574,0,0.0,0,0
266.624,0,0.0,0,0
266.674,0,0.0,0,0
266.724,0,0.0,0,0
266.774,0,0.0,0,0
266.824,0,0.0,0,0
266.874,0,0.0,0,0
266.924,0,0.0,0,0
266.974,0,0.0,0,0
267.025,0,0.0,0,0
267.075,0,0.0,0,0
267.125,0,0.0,0,0
267.175,0,0.0,0,0
267.225,0,0.0,0,0
267.275,0,0.0,0,0
267.325,0,0.0,0,0
267.375,0,0.0,0,0
267.425,0,0.0,0,0
267.475,0,0.0,0,0
267.525,0,0.0,0,0
267.575,0,0.0,0,0
267.626,0,0.0,0,0
267.676,0,0.0,0,0
267.726,0,0.0,0,0
267.776,0,0.0,0,0
267.826,0,0.0,0,0
267.876,0,0.0,0,0
267.926,0,0.0,0,0
267.976,0,0.0,0,0
268.027,0,0.0,0,0
268.077,0,0.0,0,0
268.127,0,0.0,0,0
268.177,0,0.0,0,0
268.227,0,0.0,0,0
268.277,0,0.0,0,0
268.327,0,0.0,0,0
268.377,0,0.0,0,0
268.427,0,0.0,0,0
268.478,0,0.0,0,0
268.528,0,0.0,0,0
268.578,0,0.0,0,0
268.628,0,0.0,0,0
268.678,0,0.0,0,0
268.728,0,0.0,0,0
268.778,0,0.0,0,0
268.828,0,0.0,0,0
268.878,0,0.0,0,0
268.928,0,0.0,0,0
268.979,0,0.0,0,0
269.029,0,0.0,0,0
269.079,0,0.0,0,0
269.129,0,0.0,0,0
269.179,0,0.0,0,0
269.229,0,0.0,0,0
269.279,0,0.0,0,0
269.329,0,0.0,0,0
269.379,0,0.0,0,0
269.429,0,0.0,0,0
269.479,0,0.0,0,0
269.529,0,0.0,0,0
269.579,0,0.0,0,0
269.629,0,0.0,0,0
269.679,0,0.0,0,0
269.729,0,0.0,0,0
269.780,0,0.0,0,0
269.830,0,0.0,0,0
269.880,0,0.0,0,0
269.930,0,0.0,0,0
269.980,0,0.0,0,0
270.030,0,0.0,0,0
270.080,0,0.0,0,0
270.130,0,0.0,0,0
270.180,0,0.0,0,0
270.230,0,0.0,0,0
270.281,0,0.0,0,0
270.331,0,0.0,0,0
270.381,0,0.0,0,0
270.431,0,0.0,0,0
270.481,0,0.0,0,0
270.531,0,0.0,0,0
270.581,0,0.0,0,0
270.631,0,0.0,0,0
270.681,0,0.0,0,0
270.731,0,0.0,0,0
270.781,0,0.0,0,0
270.831,0,0.0,0,0
270.882,0,0.0,0,0
270.932,0,0.0,0,0
270.982,0,0.0,0,0
271.032,0,0.0,0,0
271.082,0,0.0,0,0
271.132,0,0.0,0,0
271.182,1,19.9,299,37
271.232,2,40.0,599,75
271.282,1,20.0,300,37
271.333,2,40.0,600,75
271.383,1,19.9,299,37
271.433,2,39.9,599,75
271.483,2,39.9,599,75
271.533,3,59.8,897,112
271.583,2,39.9,599,75
271.633,3,59.9,898,112
271.683,2,40.0,599,75
271.733,2,40.0,600,75
271.783,3,59.8,897,112
271.834,3,59.9,898,112
271.884,3,59.9,898,112
271.934,3,59.8,898,112
271.984,2,39.9,599,75
272.034,4,79.9,1198,150
272.084,3,59.9,898,112
272.134,3,59.8,897,112
272.184,3,59.9,898,112
272.234,4,79.9,1199,150
272.284,4,79.9,1199,150
272.334,4,80.0,1200,150
272.385,4,79.9,1199,150
272.435,4,79.8,1197,150
272.485,4,79.9,1199,150
272.535,4,80.0,1200,150
272.585,5,99.6,1495,187
272.635,4,79.9,1199,150
272.685,4,79.8,1197,150
272.735,5,100.0,1499,187
272.785,5,100.0,1500,187
272.835,4,79.7,1196,149
272.885,5,99.7,1495,187
272.935,5,99.8,1498,187
272.986,5,99.9,1499,187
273.036,5,99.8,1496,187
273.086,5,99.6,1494,187
273.136,5,99.5,1492,187
273.186,5,100.0,1500,187
273.236,5,99.6,1493,187
273.286,5,99.9,1498,187
273.336,5,100.0,1499,187
273.386,5,100.0,1500,187
273.437,6,119.7,1796,224
273.487,5,99.9,1498,187
273.537,5,99.9,1498,187
273.587,6,119.8,1797,225
273.637,5,99.8,1497,187
273.687,6,119.5,1793,224
273.737,5,99.9,1498,187
273.787,6,119.9,1798,225
273.837,5,99.8,1496,187
273.887,6,119.7,1795,224
273.938,6,119.7,1795,224
273.988,5,99.8,1497,187
274.038,6,119.7,1795,224
274.088,6,119.9,1798,225
274.138,6,120.0,1800,225
274.188,5,99.9,1498,187
274.238,6,119.8,1797,225
274.288,6,119.6,1793,224
274.338,6,119.7,1796,225
274.388,6,119.9,1799,225
274.438,6,119.6,1794,224
274.489,6,119.7,1795,224
274.539,6,119.6,1793,224
274.589,5,99.6,1495,187
274.639,6,119.9,1798,225
274.689,6,120.0,1800,225
274.739,6,119.9,1798,225
274.789,7,139.9,2099,262
274.839,6,119.4,1791,224
274.889,6,119.9,1798,225
274.939,6,119.9,1799,225
274.989,6,120.0,1799,225
275.040,6,119.3,1790,224
275.090,6,119.9,1798,225
275.140,7,139.8,2097,262
275.190,6,119.8,1796,225
275.240,6,120.0,1799,225
275.290,6,119.9,1798,225
275.340,7,139.4,2091,261
275.390,6,119.9,1798,225
275.440,6,119.5,1793,224
275.491,7,139.7,2095,262
275.541,6,119.6,1793,224
275.591,7,139.7,2095,262
275.641,6,119.9,1799,225
275.691,6,119.6,1795,224
275.741,7,139.9,2098,262
275.791,6,119.6,1795,224
275.841,7,139.9,2098,262
275.891,6,119.8,1797,225
275.941,7,139.9,2099,262
275.992,6,119.6,1794,224
276.042,7,139.7,2096,262
276.092,6,119.9,1799,225
276.142,7,140.0,2100,262
276.192,6,120.0,1800,225
276.242,7,139.5,2092,261
276.292,6,119.8,1797,225
276.342,7,139.6,2094,262
276.392,7,139.8,2097,262
276.442,6,119.4,1792,224
276.493,7,139.6,2095,262
276.543,7,139.8,2097,262
276.593,6,119.9,1799,225
276.643,7,139.5,2093,262
276.693,7,139.9,2098,262
276.743,6,119.6,1795,224
276.793,7,139.7,2096,262
276.843,7,139.6,2094,262
276.893,7,139.7,2095,262
276.943,6,119.8,1797,225
276.994,7,139.5,2093,262
277.044,7,139.8,2097,262
277.094,7,139.9,2098,262
277.144,7,139.7,2096,262
277.194,6,119.6,1795,224
277.244,7,139.9,2099,262
277.294,7,139.6,2095,262
277.344,7,140.0,2100,262
277.394,7,139.9,2098,262
277.444,7,139.4,2090,261
277.495,7,139.3,2089,261
277.545,7,139.6,2095,262
277.595,7,139.7,2096,262
277.645,7,139.6,2094,262
277.695,7,139.8,2096,262
277.745,7,140.0,2100,262
277.795,7,140.0,2099,262
277.845,7,139.8,2097,262
277.895,7,140.0,2100,262
277.945,7,139.5,2093,262
277.996,7,139.7,2095,262
278.046,7,139.8,2096,262
278.096,7,139.5,2093,262
278.146,7,139.2,2089,261
278.196,7,139.3,2090,261
278.246,7,139.7,2096,262
278.297,8,159.3,2390,299
278.347,7,139.8,2097,262
278.397,7,139.7,2096,262
278.447,7,139.6,2094,262
278.497,7,139.5,2093,262
278.547,8,159.6,2394,299
278.597,7,139.9,2098,262
278.647,7,139.7,2095,262
278.697,7,139.8,2097,262
278.748,8,159.9,2399,300
278.798,7,140.0,2100,262
278.848,7,140.0,2100,262
278.898,7,140.0,2100,262
278.948,8,159.6,2394,299
278.998,7,139.5,2093,262
279.048,7,139.7,2095,262
279.098,8,159.3,2390,299
279.148,7,139.8,2097,262
279.198,7,139.5,2093,262
279.248,8,160.0,2400,300
279.299,7,139.7,2095,262
279.349,8,159.3,2389,299
279.399,7,139.4,2090,261
279.449,8,159.3,2390,299
279.499,7,139.5,2092,261
279.549,7,139.8,2097,262
279.600,8,159.2,2388,299
279.650,7,139.7,2095,262
279.700,8,159.7,2395,299
279.750,8,159.1,2386,298
279.800,7,139.5,2093,262
279.850,8,160.0,2400,300
279.901,7,139.4,2092,261
279.951,8,159.4,2392,299
280.001,7,139.6,2094,262
280.051,8,159.4,2392,299
280.101,7,139.2,2089,261
280.151,8,159.7,2396,300
280.202,8,159.6,2395,299
280.252,7,139.7,2096,262
280.302,8,159.8,2397,300
280.352,8,159.8,2397,300
280.402,7,139.9,2099,262
280.452,8,159.7,2395,299
280.502,7,139.9,2099,262
280.552,8,159.7,2396,299
280.602,8,159.8,2396,300
280.652,7,139.8,2097,262
280.702,8,159.7,2395,299
280.752,8,159.3,2390,299
280.802,7,140.0,2100,262
280.853,8,159.9,2398,300
280.903,8,159.6,2394,299
280.953,8,159.6,2393,299
281.003,7,139.9,2098,262
281.053,8,159.9,2399,300
281.103,8,159.8,2397,300
281.153,7,139.4,2091,261
281.203,8,159.9,2398,300
281.253,8,159.6,2394,299
281.303,8,159.4,2391,299
281.354,8,159.8,2397,300
281.404,8,159.4,2390,299
281.454,7,139.9,2099,262
281.504,8,159.8,2398,300
281.554,8,159.5,2393,299
281.604,8,159.7,2395,299
281.654,8,159.6,2394,299
281.704,8,159.5,2393,299
281.754,7,139.6,2095,262
281.805,8,159.6,2395,299
281.855,8,159.8,2397,300
281.905,8,159.6,2393,299
281.955,8,159.8,2398,300
282.005,8,159.8,2397,300
282.055,8,159.8,2397,300
282.105,8,159.6,2394,299
282.155,7,139.9,2099,262
282.205,9,179.4,2691,336
282.255,7,139.9,2099,262
282.305,8,159.7,2395,299
282.356,8,159.5,2392,299
282.406,8,160.0,2399,300
282.456,8,159.7,2395,299
282.506,8,159.1,2387,298
282.556,8,159.4,2391,299
282.606,8,159.9,2398,300
282.656,8,159.9,2399,300
282.706,8,160.0,2400,300
282.756,8,159.8,2397,300
282.806,8,159.8,2397,300
282.856,8,159.9,2399,300
282.906,8,159.6,2394,299
282.957,8,159.5,2392,299
283.007,8,159.6,2394,299
283.057,8,160.0,2399,300
283.107,8,159.9,2399,300
283.157,8,159.8,2396,300
283.207,8,159.6,2394,299
283.257,8,159.8,2397,300
283.307,8,159.6,2394,299
283.357,8,159.9,2399,300
283.407,9,179.5,2692,337
283.458,7,139.4,2091,261
283.508,9,179.8,2697,337
283.558,8,159.8,2396,300
283.608,8,159.6,2394,299
283.658,8,159.6,2393,299
283.708,8,159.9,2398,300
283.758,8,159.9,2399,300
283.808,9,179.4,2691,336
283.858,8,159.4,2391,299
283.909,8,159.6,2394,299
283.959,8,159.4,2391,299
284.009,8,159.4,2391,299
284.059,8,159.6,2394,299
284.109,8,159.5,2393,299
284.159,8,159.8,2397,300
284.209,9,180.0,2699,337
284.259,8,159.5,2393,299
284.309,8,159.9,2399,300
284.360,8,159.5,2393,299
284.410,8,159.8,2397,300
284.460,9,179.5,2693,337
284.510,8,159.4,2392,299
284.560,8,159.8,2397,300
284.610,8,159.8,2396,300
284.660,8,159.8,2397,300
284.710,8,160.0,2400,300
284.760,9,179.6,2694,337
284.810,8,159.9,2399,300
284.860,8,159.9,2398,300
284.910,8,160.0,2400,300
284.960,8,159.6,2395,299
285.010,9,179.9,2699,337
285.060,8,159.9,2399,300
285.111,8,159.2,2388,299
285.161,8,159.8,2396,300
285.211,9,179.3,2689,336
285.261,8,159.9,2399,300
285.311,8,159.4,2391,299
285.361,9,179.8,2697,337
285.411,8,159.6,2394,299
285.461,8,159.7,2395,299
285.512,8,159.4,2391,299
285.562,9,179.4,2690,336
285.612,8,160.0,2400,300
285.662,9,179.5,2693,337
285.712,8,159.8,2397,300
285.762,8,160.0,2400,300
285.812,9,179.4,2691,336
285.862,8,159.9,2399,300
285.912,8,159.6,2394,299
285.962,9,179.8,2698,337
286.013,8,159.6,2394,299
286.063,9,179.7,2696,337
286.113,8,159.6,2394,299
286.163,9,179.3,2690,336
286.213,8,159.8,2397,300
286.263,8,160.0,2400,300
286.313,9,179.9,2699,337
286.363,9,179.9,2698,337
286.413,8,160.0,2400,300
286.463,9,179.7,2695,337
286.513,8,159.6,2395,299
286.563,9,179.9,2699,337
286.613,8,159.8,2397,300
286.664,9,179.2,2689,336
286.714,9,179.8,2698,337
286.764,8,159.6,2394,299
286.814,9,179.4,2691,336
286.864,9,179.9,2698,337
286.914,8,159.9,2398,300
286.964,9,179.9,2698,337
287.014,9,179.4,2692,336
287.064,9,179.4,2690,336
287.114,8,159.7,2396,299
287.165,9,179.8,2697,337
287.215,9,179.8,2697,337
287.265,8,159.8,2397,300
287.315,9,179.3,2690,336
287.365,9,179.6,2694,337
287.415,9,179.7,2696,337
287.465,9,180.0,2700,337
287.515,8,159.5,2392,299
287.565,9,179.5,2692,337
287.615,9,179.8,2697,337
287.665,9,180.0,2700,337
287.715,9,179.8,2697,337
287.766,8,159.2,2387,298
287.816,9,179.8,2697,337
287.866,9,179.8,2696,337
287.916,9,179.6,2694,337
287.966,9,179.8,2697,337
288.016,9,179.9,2699,337
288.066,9,179.6,2693,337
288.116,8,160.0,2399,300
288.166,9,179.9,2698,337
288.216,9,179.8,2696,337
288.266,9,179.8,2697,337
288.316,9,179.4,2691,336
288.367,9,179.1,2686,336
288.417,9,179.7,2695,337
288.467,9,179.8,2697,337
288.517,9,179.5,2692,337
288.567,9,179.8,2697,337
288.617,9,179.8,2697,337
288.667,8,159.8,2398,300
288.717,9,180.0,2700,337
288.767,9,179.6,2694,337
288.817,9,179.9,2698,337
288.867,9,179.8,2697,337
288.917,9,179.6,2694,337
288.968,9,179.5,2693,337
289.018,9,179.5,2693,337
289.068,9,179.8,2697,337
289.118,9,180.0,2700,337
289.168,9,179.7,2695,337
289.218,9,179.9,2698,337
289.268,9,179.9,2698,337
289.318,9,179.6,2693,337
289.368,9,179.9,2698,337
289.418,9,179.7,2695,337
289.468,9,179.4,2691,336
289.518,9,179.6,2694,337
289.569,9,179.5,2693,337
289.619,9,179.7,2696,337
289.669,9,179.4,2692,336
289.719,9,180.0,2700,337
289.769,9,179.5,2693,337
289.819,9,179.6,2693,337
289.869,9,179.3,2690,336
289.919,9,179.7,2696,337
289.969,9,180.0,2700,337
290.019,9,179.5,2693,337
290.070,9,179.9,2699,337
290.120,9,179.3,2690,336
290.170,9,179.7,2695,337
290.220,9,179.5,2693,337
290.270,9,179.7,2695,337
290.320,9,179.6,2694,337
290.370,9,179.5,2693,337
290.420,9,179.7,2695,337
290.471,10,199.3,2990,374
290.521,8,159.7,2395,299
290.571,10,199.4,2991,374
290.621,9,179.3,2690,336
290.671,9,179.3,2689,336
290.721,9,179.6,2694,337
290.771,9,179.9,2699,337
290.821,9,179.6,2694,337
290.871,9,179.7,2696,337
290.922,9,179.5,2693,337
290.972,9,179.3,2690,336
291.022,9,179.1,2687,336
291.072,9,179.6,2694,337
291.122,9,179.7,2695,337
291.172,9,179.9,2698,337
291.222,9,179.8,2696,337
291.272,9,179.8,2697,337
291.323,9,179.5,2693,337
291.373,9,179.8,2697,337
291.423,9,179.8,2696,337
291.473,9,179.7,2695,337
291.523,9,179.9,2698,337
291.573,9,179.6,2694,337
291.623,9,179.6,2695,337
291.673,9,179.5,2692,337
291.723,10,199.7,2996,375
291.773,8,159.8,2396,300
291.823,10,199.6,2994,374
291.874,9,179.5,2692,337
291.924,9,179.4,2690,336
291.974,9,179.6,2694,337
292.024,9,180.0,2699,337
292.074,9,179.8,2698,337
292.124,9,179.7,2696,337
292.174,9,179.5,2693,337
292.224,9,179.3,2689,336
292.275,9,179.3,2690,336
292.325,9,179.4,2691,336
292.375,9,179.4,2691,336
292.425,9,179.9,2698,337
292.475,9,179.4,2691,336
292.525,9,179.7,2696,337
292.575,9,179.5,2693,337
292.625,9,179.8,2698,337
292.675,9,179.9,2699,337
292.725,9,180.0,2700,337
292.775,9,179.8,2697,337
292.826,9,179.4,2691,336
292.876,9,179.7,2696,337
292.926,9,179.7,2696,337
292.976,9,179.6,2694,337
293.026,9,179.9,2699,337
293.076,9,179.6,2695,337
293.126,9,179.7,2695,337
293.176,9,179.3,2690,336
293.226,9,179.3,2690,336
293.276,9,179.6,2694,337
293.327,9,179.5,2693,337
293.377,9,179.9,2698,337
293.427,9,179.9,2699,337
293.477,9,179.4,2691,336
293.527,9,179.9,2698,337
293.577,9,179.5,2692,337
293.627,9,179.7,2696,337
293.677,9,179.5,2693,337
293.727,9,179.5,2693,337
293.777,9,179.7,2695,337
293.828,9,179.9,2698,337
293.878,9,179.7,2695,337
293.928,9,179.5,2692,337
293.978,9,179.8,2697,337
294.028,10,199.6,2993,374
294.078,8,160.0,2399,300
294.128,10,199.9,2999,375
294.178,9,179.8,2697,337
294.228,9,179.6,2694,337
294.278,9,179.5,2693,337
294.328,9,180.0,2699,337
294.378,9,179.4,2691,336
294.429,9,179.5,2692,336
294.479,9,179.4,2691,336
294.529,9,179.8,2696,337
294.579,9,179.6,2694,337
294.629,9,179.9,2698,337
294.679,9,179.4,2691,336
294.729,9,179.9,2699,337
294.779,9,179.5,2692,337
294.829,9,180.0,2700,337
294.879,9,180.0,2700,337
294.929,9,180.0,2699,337
294.979,9,180.0,2700,337
295.029,9,179.4,2691,336
295.080,9,179.8,2697,337
295.130,9,179.5,2693,337
295.180,10,199.7,2995,374
295.230,9,179.4,2691,336
295.280,9,179.9,2699,337
295.330,9,179.5,2692,336
295.380,9,179.6,2694,337
295.430,9,179.4,2691,336
295.480,9,179.9,2698,337
295.531,9,179.6,2694,337
295.581,9,179.9,2699,337
295.631,9,179.0,2685,336
295.681,9,180.0,2700,337
295.731,9,179.8,2698,337
295.781,9,179.7,2696,337
295.831,9,179.8,2698,337
295.881,9,180.0,2699,337
295.931,9,179.5,2692,336
295.981,10,199.9,2999,375
296.031,9,179.4,2691,336
296.081,9,179.8,2697,337
296.131,9,179.8,2696,337
296.182,9,179.3,2690,336
296.232,9,179.6,2694,337
296.282,9,179.5,2692,337
296.332,9,179.7,2695,337
296.382,9,179.5,2693,337
296.432,9,179.4,2691,336
296.482,9,179.8,2697,337
296.532,9,179.8,2697,337
296.582,9,179.5,2693,337
296.633,9,179.4,2691,336
296.683,9,179.7,2696,337
296.733,9,179.2,2688,336
296.783,9,179.9,2699,337
296.833,9,179.6,2693,337
296.883,10,199.3,2990,374
296.933,9,179.8,2698,337
296.983,9,179.4,2691,336
297.034,9,179.9,2698,337
297.084,9,179.7,2696,337
297.134,9,179.3,2690,336
297.184,9,179.4,2690,336
297.234,9,179.9,2699,337
297.284,9,179.6,2694,337
297.334,9,179.3,2690,336
297.384,9,179.6,2693,337
297.435,9,179.5,2693,337
297.485,9,179.5,2692,336
297.535,9,179.9,2699,337
297.585,9,180.0,2700,337
297.635,9,179.6,2695,337
297.685,9,179.5,2692,337
297.735,9,179.5,2693,337
297.785,9,179.3,2690,336
297.835,9,179.9,2698,337
297.885,9,179.9,2698,337
297.936,9,179.3,2690,336
297.986,9,179.8,2697,337
298.036,9,179.8,2697,337
298.086,9,179.7,2696,337
298.136,9,179.7,2696,337
298.186,9,179.4,2691,336
298.236,9,179.7,2695,337
298.286,9,179.4,2691,336
298.336,9,179.5,2693,337
298.386,9,179.8,2697,337
298.436,9,179.9,2698,337
298.487,9,179.3,2690,336
298.537,9,179.8,2697,337
298.587,9,179.5,2693,337
298.637,9,179.9,2699,337
298.687,9,179.9,2698,337
298.737,9,179.7,2696,337
298.787,9,179.5,2692,336
298.837,9,179.5,2693,337
298.887,9,179.6,2695,337
298.937,9,179.8,2697,337
298.988,9,179.2,2687,336
299.038,9,179.7,2696,337
299.088,9,179.6,2693,337
299.138,9,179.9,2698,337
299.188,9,179.9,2698,337
299.238,9,179.8,2697,337
299.288,9,179.3,2689,336
299.338,9,179.6,2694,337
299.388,9,179.7,2695,337
299.438,9,179.8,2697,337
299.489,9,179.4,2691,336
299.539,10,199.8,2997,375
299.589,9,179.7,2696,337
299.639,9,179.6,2694,337
299.689,9,179.9,2699,337
299.739,9,179.4,2691,336
299.789,9,179.8,2696,337
299.839,9,179.9,2699,337
299.889,9,179.6,2694,337
299.939,9,179.7,2696,337
299.989,9,179.8,2697,337
300.039,9,179.6,2693,337
300.090,9,179.7,2695,337
300.140,9,179.4,2691,336
300.190,9,179.4,2691,336
300.240,10,199.5,2993,374
300.290,9,179.9,2699,337
300.340,9,179.5,2693,337
300.390,9,179.5,2693,337
300.440,9,179.8,2697,337
300.491,9,179.4,2691,336
300.541,9,179.7,2696,337
300.591,9,179.6,2693,337
300.641,9,179.9,2698,337
300.691,9,180.0,2700,337
300.741,9,179.9,2699,337
300.791,9,179.9,2699,337
300.841,9,179.6,2693,337
300.891,9,179.5,2693,337
300.941,10,199.5,2993,374
300.991,9,179.4,2691,336
301.041,9,179.8,2697,337
301.092,9,179.5,2693,337
301.142,9,179.9,2699,337
301.192,9,180.0,2699,337
301.242,9,179.8,2697,337
301.292,9,179.8,2698,337
301.342,9,179.9,2698,337
301.392,9,179.7,2696,337
301.442,9,179.7,2695,337
301.492,9,179.8,2698,337
301.542,9,179.3,2690,336
301.592,9,179.7,2695,337
301.642,9,179.4,2692,336
301.692,9,179.4,2692,336
301.743,9,179.7,2695,337
301.793,9,180.0,2700,337
301.843,9,179.4,2691,336
301.893,9,179.7,2696,337
301.943,9,179.2,2688,336
301.993,9,179.5,2693,337
302.043,9,179.8,2696,337
302.093,10,199.9,2998,375
302.143,8,159.6,2395,299
302.194,10,199.5,2993,374
302.244,9,180.0,2700,337
302.294,9,179.7,2695,337
302.344,9,179.4,2691,336
302.394,9,179.9,2698,337
302.444,9,179.7,2696,337
302.494,9,179.8,2697,337
302.544,9,180.0,2700,337
302.594,9,179.8,2697,337
302.644,9,179.6,2693,337
302.694,9,179.4,2691,336
302.744,9,179.5,2692,337
302.794,9,179.8,2697,337
302.845,9,179.9,2699,337
302.895,10,199.3,2989,374
302.945,9,179.6,2694,337
302.995,9,179.7,2696,337
303.045,9,179.8,2698,337
303.095,9,180.0,2700,337
303.145,9,179.6,2694,337
303.195,9,179.6,2694,337
303.245,9,179.2,2688,336
303.295,9,180.0,2699,337
303.345,9,179.9,2698,337
303.396,9,179.7,2696,337
303.446,9,179.8,2697,337
303.496,9,179.9,2699,337
303.546,9,179.9,2698,337
303.596,10,199.9,2998,375
303.646,9,179.7,2696,337
303.696,9,179.5,2692,336
303.746,9,179.5,2692,336
303.796,9,179.5,2692,337
303.846,9,180.0,2700,337
303.896,9,179.5,2693,337
303.946,9,179.8,2697,337
303.996,9,179.9,2698,337
304.046,10,199.9,2999,375
304.097,9,179.8,2697,337
304.147,9,179.8,2697,337
304.197,9,179.4,2691,336
304.247,9,179.0,2685,336
304.297,9,179.6,2694,337
304.347,9,179.8,2697,337
304.397,9,179.8,2698,337
304.447,9,179.9,2699,337
304.497,9,179.6,2694,337
304.548,9,179.0,2685,336
304.598,10,199.7,2996,375
304.648,9,179.8,2697,337
304.698,9,179.3,2690,336
304.748,9,179.8,2697,337
304.798,9,179.5,2692,336
304.848,9,179.6,2694,337
304.899,9,179.0,2685,336
304.949,9,179.6,2695,337
304.999,10,200.0,2999,375
305.049,9,179.8,2696,337
305.099,9,180.0,2700,337
305.149,9,180.0,2699,337
305.199,9,179.4,2691,336
305.249,9,179.7,2696,337
305.299,9,179.6,2693,337
305.349,9,179.6,2693,337
305.399,9,179.5,2693,337
305.449,10,199.8,2997,375
305.499,8,159.8,2397,300
305.550,10,199.5,2993,374
305.600,9,179.8,2697,337
305.650,9,179.7,2695,337
305.700,9,179.4,2691,336
305.750,9,179.9,2699,337
305.800,9,179.4,2690,336
305.850,9,179.8,2696,337
305.900,9,180.0,2700,337
305.950,9,179.7,2695,337
306.000,9,180.0,2700,337
306.050,10,199.7,2996,374
306.101,9,179.3,2689,336
306.151,9,180.0,2700,337
306.201,9,179.6,2694,337
306.251,9,180.0,2699,337
306.301,9,179.6,2694,337
306.351,9,179.9,2699,337
306.401,9,179.7,2695,337
306.451,9,179.5,2693,337
306.501,9,179.3,2689,336
306.551,9,179.9,2698,337
306.601,10,199.7,2995,374
306.651,9,179.8,2697,337
306.701,9,179.7,2696,337
306.751,9,180.0,2700,337
306.801,9,179.8,2697,337
306.852,9,179.7,2695,337
306.902,9,179.9,2699,337
306.952,9,179.4,2691,336
307.002,9,179.8,2698,337
307.052,9,179.5,2693,337
307.102,9,179.6,2694,337
307.152,10,200.0,3000,375
307.202,9,179.8,2696,337
307.252,9,179.6,2694,337
307.302,9,179.9,2698,337
307.352,9,179.3,2690,336
307.403,9,179.3,2690,336
307.453,9,179.4,2691,336
307.503,9,179.8,2696,337
307.553,9,179.6,2694,337
307.603,9,179.6,2694,337
307.653,9,179.7,2696,337
307.703,9,179.7,2695,337
307.753,10,199.3,2990,374
307.803,9,179.9,2699,337
307.854,9,179.6,2694,337
307.904,9,179.9,2699,337
307.954,9,179.9,2698,337
308.004,9,179.6,2693,337
308.054,9,179.9,2698,337
308.104,9,179.1,2687,336
308.154,9,179.5,2692,337
308.204,9,179.3,2690,336
308.254,9,179.5,2693,337
308.305,9,179.6,2694,337
308.355,10,199.5,2992,374
308.405,9,179.4,2691,336
308.455,9,179.9,2699,337
308.505,9,179.4,2691,336
308.555,9,179.7,2696,337
308.605,9,179.9,2699,337
308.655,9,179.9,2698,337
308.705,9,179.8,2697,337
308.755,9,179.6,2694,337
308.806,10,199.2,2989,374
308.856,9,179.5,2693,337
308.906,9,179.3,2690,336
308.956,9,179.8,2697,337
309.006,9,179.8,2697,337
309.056,9,179.3,2690,336
309.106,9,180.0,2699,337
309.156,9,180.0,2700,337
309.206,10,199.2,2989,374
309.256,9,179.6,2694,337
309.307,9,179.8,2697,337
309.357,9,179.9,2699,337
309.407,9,179.4,2691,336
309.457,9,179.5,2692,337
309.507,9,179.7,2696,337
309.557,9,180.0,2700,337
309.607,10,199.9,2998,375
309.657,9,179.7,2695,337
309.707,9,180.0,2700,337
309.757,9,179.3,2690,336
309.807,9,179.6,2693,337
309.857,9,179.5,2693,337
309.908,9,179.8,2698,337
309.958,9,179.2,2689,336
310.008,9,179.8,2698,337
310.058,9,179.7,2696,337
310.108,9,179.7,2696,337
310.158,9,179.7,2696,337
310.208,9,179.5,2693,337
310.258,9,179.5,2693,337
310.308,9,179.6,2693,337
310.359,9,179.6,2694,337
310.409,9,179.6,2694,337
310.459,9,179.3,2690,336
310.509,9,179.9,2698,337
310.559,10,199.6,2994,374
310.609,8,159.8,2397,300
310.659,10,199.7,2996,374
310.709,9,179.4,2691,336
310.759,9,179.3,2689,336
310.810,9,179.6,2694,337
310.860,9,179.5,2693,337
310.910,9,179.5,2693,337
310.960,9,179.5,2693,337
311.010,9,179.4,2691,336
311.060,9,179.5,2693,337
311.110,9,179.6,2694,337
311.161,9,179.5,2692,337
311.211,9,177.9,2669,334
311.261,9,179.4,2691,336
311.311,9,179.5,2693,337
311.362,9,179.5,2692,337
311.412,9,179.4,2690,336
311.462,9,179.1,2686,336
311.512,9,179.1,2687,336
311.562,10,199.7,2996,375
311.612,9,179.6,2694,337
311.663,9,179.6,2693,337
311.713,9,180.0,2700,337
311.763,9,179.5,2693,337
311.813,9,179.8,2697,337
311.863,9,179.5,2692,337
311.913,9,179.4,2691,336
311.963,9,179.5,2693,337
312.013,9,179.8,2697,337
312.063,9,179.0,2686,336
312.114,9,179.6,2694,337
312.164,9,179.3,2690,336
312.214,9,179.5,2693,337
312.264,10,199.4,2992,374
312.314,9,179.7,2696,337
312.364,9,179.5,2693,337
312.414,9,179.4,2690,336
312.464,9,179.8,2697,337
312.514,9,180.0,2699,337
312.565,9,179.6,2694,337
312.615,9,179.3,2690,336
312.665,9,179.7,2696,337
312.715,9,179.8,2696,337
312.765,10,199.7,2995,374
312.815,9,179.5,2693,337
312.865,9,179.6,2694,337
312.915,9,179.9,2699,337
312.965,9,179.8,2697,337
313.015,9,179.7,2695,337
313.065,9,179.7,2696,337
313.116,9,179.8,2697,337
313.166,10,199.5,2992,374
313.216,9,179.9,2699,337
313.266,9,179.8,2698,337
313.316,9,179.4,2691,336
313.366,9,180.0,2700,337
313.416,9,179.6,2694,337
313.466,9,179.6,2693,337
313.516,9,179.5,2693,337
313.566,9,179.7,2696,337
313.617,9,179.3,2690,336
313.667,10,199.6,2993,374
313.717,9,179.8,2698,337
313.767,9,179.7,2696,337
313.817,9,179.5,2693,337
313.867,9,179.5,2692,337
313.917,9,179.6,2695,337
313.967,9,180.0,2700,337
314.017,9,179.3,2690,336
314.067,9,179.5,2693,337
314.118,9,179.8,2697,337
314.168,10,199.9,2999,375
314.218,9,179.4,2692,336
314.268,9,179.6,2693,337
314.318,9,179.9,2698,337
314.368,9,179.7,2695,337
314.418,9,179.6,2694,337
314.468,9,179.0,2685,336
314.518,10,199.5,2993,374
314.569,9,179.6,2694,337
314.619,9,179.9,2698,337
314.669,9,179.7,2696,337
314.719,9,180.0,2699,337
314.769,9,179.7,2696,337
314.819,9,179.4,2691,336
314.869,10,199.5,2992,374
314.919,9,179.9,2698,337
314.969,9,179.6,2694,337
315.019,9,179.9,2698,337
315.069,9,179.5,2693,337
315.119,9,179.8,2697,337
315.170,9,179.6,2694,337
315.220,10,199.9,2998,375
315.270,9,179.8,2697,337
315.320,9,179.6,2694,337
315.370,9,179.9,2699,337
315.420,9,180.0,2700,337
315.470,9,179.6,2694,337
315.520,9,179.9,2698,337
315.570,10,199.8,2997,375
315.620,9,179.8,2697,337
315.670,9,179.8,2697,337
315.720,9,179.6,2694,337
315.770,9,179.6,2694,337
315.820,9,179.7,2695,337
315.871,10,199.2,2988,373
315.921,9,179.8,2697,337
315.971,9,179.5,2693,337
316.021,9,179.6,2693,337
316.071,9,179.7,2696,337
316.121,10,199.5,2992,374
316.171,9,179.6,2694,337
316.221,9,179.5,2693,337
316.271,9,179.9,2698,337
316.322,9,179.6,2694,337
316.372,10,199.8,2997,375
316.422,9,179.9,2698,337
316.472,9,179.6,2695,337
316.522,9,180.0,2700,337
316.572,9,179.8,2697,337
316.622,9,179.8,2697,337
316.672,10,199.7,2996,375
316.722,9,179.8,2697,337
316.772,9,179.8,2698,337
316.822,9,179.4,2692,336
316.872,9,180.0,2700,337
316.922,9,179.6,2694,337
316.972,10,199.3,2989,374
317.022,9,179.9,2699,337
317.073,9,179.4,2691,336
317.123,9,179.5,2693,337
317.173,10,200.0,3000,375
317.223,9,179.4,2691,336
317.273,9,179.5,2692,337
317.323,9,179.4,2691,336
317.373,9,179.5,2693,337
317.423,10,199.9,2999,375
317.474,9,179.4,2691,336
317.524,9,179.9,2699,337
317.574,9,179.6,2693,337
317.624,9,179.4,2690,336
317.674,10,199.8,2997,375
317.724,9,179.5,2693,337
317.774,9,179.4,2690,336
317.824,9,179.5,2693,337
317.874,10,199.8,2997,375
317.925,9,179.5,2693,337
317.975,9,179.9,2699,337
318.025,9,179.9,2698,337
318.075,9,179.9,2698,337
318.125,10,199.6,2994,374
318.175,9,179.8,2698,337
318.225,9,179.8,2697,337
318.275,9,179.9,2699,337
318.325,9,179.8,2697,337
318.375,10,199.6,2994,374
318.425,9,180.0,2700,337
318.475,9,179.8,2697,337
318.525,9,179.5,2692,337
318.575,10,199.9,2999,375
318.625,9,179.7,2696,337
318.675,9,179.9,2699,337
318.725,9,179.8,2697,337
318.776,10,199.8,2997,375
318.826,9,180.0,2700,337
318.876,9,180.0,2700,337
318.926,9,179.5,2693,337
318.976,10,199.6,2994,374
319.026,9,179.7,2696,337
319.076,9,179.8,2697,337
319.126,9,179.5,2693,337
319.176,9,179.6,2694,337
319.226,10,199.8,2997,375
319.276,9,180.0,2700,337
319.326,9,179.8,2696,337
319.376,9,179.6,2694,337
319.426,10,199.9,2998,375
319.476,9,179.8,2697,337
319.527,9,179.8,2698,337
319.577,9,180.0,2699,337
319.627,9,179.6,2694,337
319.677,10,199.3,2990,374
319.727,9,179.3,2690,336
319.777,9,179.9,2699,337
319.827,9,179.9,2699,337
319.877,9,179.8,2698,337
319.927,10,199.9,2999,375
319.977,9,179.5,2692,336
320.027,9,179.5,2693,337
320.078,9,179.3,2690,336
320.128,9,179.8,2697,337
320.178,10,200.0,2999,375
320.228,9,179.9,2699,337
320.278,9,179.7,2696,337
320.328,9,179.6,2694,337
320.378,10,199.8,2997,375
320.428,9,179.4,2691,336
320.478,9,179.7,2696,337
320.528,9,179.4,2691,336
320.579,9,179.3,2689,336
320.629,10,199.5,2993,374
320.679,9,179.8,2697,337
320.729,9,179.3,2690,336
320.779,9,179.6,2693,337
320.829,10,200.0,3000,375
320.879,9,179.3,2690,336
320.929,9,179.6,2694,337
320.979,9,179.8,2697,337
321.030,9,179.5,2693,337
321.080,10,199.2,2988,373
321.130,9,180.0,2700,337
321.180,9,179.9,2698,337
321.230,9,180.0,2699,337
321.280,9,179.3,2690,336
321.330,10,199.3,2990,374
321.380,9,179.7,2695,337
321.430,9,179.6,2694,337
321.480,9,180.0,2700,337
321.530,10,199.5,2993,374
321.581,9,179.6,2694,337
321.631,9,179.8,2697,337
321.681,9,179.3,2689,336
321.731,9,179.8,2697,337
321.781,10,199.5,2992,374
321.831,9,179.3,2689,336
321.881,9,179.6,2694,337
321.931,9,179.8,2697,337
321.982,9,179.5,2693,337
322.032,10,199.3,2990,374
322.082,9,179.5,2693,337
322.132,9,179.7,2696,337
322.182,9,179.4,2692,336
322.232,10,199.1,2987,373
322.282,9,179.8,2697,337
322.332,9,179.9,2699,337
322.382,9,179.7,2696,337
322.433,9,179.5,2692,336
322.483,10,199.8,2997,375
322.533,9,179.3,2690,336
322.583,9,179.7,2696,337
322.633,9,180.0,2699,337
322.683,9,179.3,2690,336
322.733,10,199.7,2996,375
322.783,9,179.6,2694,337
322.833,9,179.3,2689,336
322.884,9,179.4,2692,336
322.934,9,179.5,2693,337
322.984,10,199.7,2996,374
323.034,9,179.4,2690,336
323.084,9,179.8,2697,337
323.134,9,179.8,2697,337
323.184,9,179.7,2695,337
323.234,10,198.8,2982,373
323.285,9,179.6,2694,337
323.335,9,179.9,2699,337
323.385,9,179.4,2691,336
323.435,10,198.9,2984,373
323.485,9,179.8,2697,337
323.535,9,179.5,2693,337
323.585,9,179.8,2697,337
323.635,9,179.8,2697,337
323.686,10,199.5,2993,374
323.736,9,179.3,2690,336
323.786,9,180.0,2700,337
323.836,9,179.5,2693,337
323.886,9,179.7,2696,337
323.936,10,199.4,2990,374
323.986,9,179.6,2693,337
324.036,9,179.6,2693,337
324.086,9,179.8,2696,337
324.136,10,199.9,2999,375
324.187,9,179.4,2691,336
324.237,9,179.8,2696,337
324.287,9,179.3,2689,336
324.337,10,199.4,2991,374
324.387,9,179.4,2692,336
324.437,9,179.9,2699,337
324.487,9,179.4,2690,336
324.537,10,199.5,2992,374
324.587,9,179.8,2697,337
324.637,9,180.0,2700,337
324.688,9,179.6,2693,337
324.738,9,180.0,2700,337
324.788,10,199.5,2993,374
324.838,9,179.6,2693,337
324.888,9,179.5,2693,337
324.938,9,179.9,2699,337
324.988,10,198.8,2982,373
325.038,9,179.8,2697,337
325.088,9,179.9,2698,337
325.139,9,179.4,2691,336
325.189,9,179.7,2696,337
325.239,9,179.5,2692,337
325.289,10,200.0,2999,375
325.339,9,179.5,2692,337
325.389,9,179.2,2688,336
325.439,9,179.6,2693,337
325.489,9,179.7,2696,337
325.539,10,199.5,2993,374
325.590,9,179.6,2694,337
325.640,9,179.7,2695,337
325.690,9,179.1,2687,336
325.740,9,179.8,2697,337
325.790,9,179.9,2699,337
325.840,9,179.5,2693,337
325.890,10,199.7,2996,374
325.940,9,179.8,2697,337
325.990,9,180.0,2700,337
326.040,9,179.8,2697,337
326.090,9,179.7,2696,337
326.141,9,179.3,2690,336
326.191,10,199.5,2993,374
326.241,9,179.7,2696,337
326.291,9,179.4,2691,336
326.341,9,179.8,2697,337
326.391,9,179.1,2686,336
326.441,9,179.6,2694,337
326.492,9,179.4,2691,336
326.542,10,199.6,2995,374
326.592,9,179.9,2698,337
326.642,9,179.5,2693,337
326.692,9,179.8,2697,337
326.742,9,179.6,2694,337
326.792,9,179.9,2698,337
326.842,9,179.5,2693,337
326.892,10,199.3,2989,374
326.942,9,180.0,2699,337
326.992,9,180.0,2700,337
327.042,9,179.8,2697,337
327.093,9,179.6,2694,337
327.143,9,179.6,2694,337
327.193,9,179.2,2688,336
327.243,10,199.7,2996,374
327.293,9,179.7,2696,337
327.343,9,179.8,2697,337
327.393,9,179.1,2687,336
327.443,9,180.0,2700,337
327.493,9,179.7,2695,337
327.544,10,199.4,2991,374
327.594,9,179.9,2698,337
327.644,9,179.7,2696,337
327.694,9,179.4,2691,336
327.744,9,179.8,2697,337
327.794,10,199.8,2996,375
327.844,9,179.5,2692,337
327.894,9,179.9,2698,337
327.944,9,180.0,2699,337
327.994,9,179.8,2697,337
328.044,10,199.5,2992,374
328.094,9,179.8,2697,337
328.144,9,180.0,2699,337
328.195,9,179.4,2692,336
328.245,9,179.9,2698,337
328.295,10,199.5,2992,374
328.345,9,179.8,2697,337
328.395,9,179.3,2690,336
328.445,9,179.4,2691,336
328.495,10,199.8,2997,375
328.545,9,179.5,2693,337
328.595,9,179.8,2697,337
328.646,9,179.3,2690,336
328.696,9,179.5,2693,337
328.746,10,199.8,2997,375
328.796,9,179.8,2697,337
328.846,9,179.3,2689,336
328.896,9,179.9,2699,337
328.946,9,179.6,2694,337
328.996,10,199.7,2996,374
329.046,9,179.8,2697,337
329.096,9,179.8,2696,337
329.146,9,179.9,2699,337
329.196,10,199.3,2990,374
329.247,9,179.8,2696,337
329.297,9,179.8,2698,337
329.347,9,179.7,2696,337
329.397,9,179.3,2689,336
329.447,10,199.5,2993,374
329.497,9,179.6,2694,337
329.547,9,179.5,2693,337
329.597,9,179.8,2697,337
329.647,9,179.8,2697,337
329.697,10,199.4,2991,374
329.748,9,179.6,2694,337
329.798,9,179.4,2692,336
329.848,9,179.8,2697,337
329.898,10,199.7,2996,374
329.948,9,179.6,2694,337
329.998,9,179.8,2697,337
330.048,9,179.6,2694,337
330.098,9,179.7,2696,337
330.148,10,200.0,3000,375
330.198,9,179.4,2691,336
330.249,9,179.3,2689,336
330.299,9,179.5,2692,337
330.349,9,179.8,2697,337
330.399,10,199.5,2993,374
330.449,9,179.4,2691,336
330.499,9,180.0,2700,337
330.549,9,179.8,2696,337
330.599,9,179.1,2686,336
330.649,10,199.9,2999,375
330.700,9,179.5,2692,336
330.750,9,179.9,2698,337
330.800,9,179.4,2691,336
330.850,9,179.3,2690,336
330.900,10,199.6,2993,374
330.950,9,179.8,2697,337
331.000,9,179.4,2691,336
331.050,9,179.4,2691,336
331.101,10,199.8,2996,375
331.151,9,179.9,2699,337
331.201,9,179.4,2692,336
331.251,9,179.3,2690,336
331.301,9,179.9,2699,337
331.351,9,179.7,2696,337
331.401,9,179.5,2692,337
331.451,10,199.4,2990,374
331.501,9,179.8,2698,337
331.552,9,179.3,2690,336
331.602,9,179.7,2695,337
331.652,9,179.4,2691,336
331.702,10,199.8,2997,375
331.752,9,179.8,2697,337
331.802,9,179.8,2697,337
331.852,9,179.7,2696,337
331.902,9,179.8,2697,337
331.952,9,179.5,2693,337
332.002,10,199.4,2991,374
332.052,9,179.7,2695,337
332.103,9,179.5,2693,337
332.153,9,179.5,2693,337
332.203,9,179.8,2697,337
332.253,9,179.7,2696,337
332.303,9,179.8,2698,337
332.353,9,179.6,2694,337
332.403,10,199.8,2997,375
332.453,9,179.7,2696,337
332.503,9,179.7,2696,337
332.553,9,179.8,2697,337
332.603,9,179.8,2697,337
332.653,9,179.5,2693,337
332.703,9,180.0,2699,337
332.754,9,179.9,2698,337
332.804,9,179.6,2695,337
332.854,9,179.4,2691,336
332.904,9,179.8,2697,337
332.954,9,179.6,2694,337
333.004,9,179.8,2698,337
333.054,9,179.7,2695,337
333.104,10,200.0,3000,375
333.154,8,159.6,2394,299
333.204,10,199.7,2996,375
333.254,9,179.6,2694,337
333.305,9,179.3,2689,336
333.355,9,179.7,2696,337
333.405,9,179.9,2699,337
333.455,9,180.0,2700,337
333.505,9,179.8,2697,337
333.555,9,179.7,2696,337
333.605,9,179.5,2693,337
333.655,9,179.8,2698,337
333.705,9,180.0,2700,337
333.755,9,179.8,2697,337
333.805,9,179.7,2696,337
333.855,9,179.1,2687,336
333.906,9,179.6,2694,337
333.956,9,179.8,2696,337
334.006,9,179.8,2697,337
334.056,9,179.8,2697,337
334.106,9,180.0,2699,337
334.156,9,179.5,2692,337
334.206,9,179.4,2691,336
334.256,9,179.8,2697,337
334.306,9,179.5,2692,337
334.356,9,179.3,2689,336
334.407,9,179.4,2691,336
334.457,9,179.5,2693,337
334.507,9,180.0,2700,337
334.557,9,179.5,2693,337
334.607,9,179.3,2689,336
334.657,9,179.5,2693,337
334.707,9,179.6,2694,337
334.757,9,179.3,2690,336
334.808,9,179.5,2693,337
334.858,9,179.8,2697,337
334.908,9,179.5,2692,337
334.958,9,179.4,2691,336
335.008,9,179.5,2692,336
335.058,9,179.6,2694,337
335.108,9,179.8,2696,337
335.158,9,179.6,2694,337
335.208,9,179.7,2695,337
335.259,9,179.7,2696,337
335.309,9,179.9,2699,337
335.359,9,179.4,2691,336
335.409,9,179.7,2696,337
335.459,9,179.4,2691,336
335.509,9,179.7,2695,337
335.559,9,179.7,2696,337
335.609,9,179.9,2699,337
335.659,9,179.5,2692,336
335.709,9,179.7,2695,337
335.760,9,179.8,2697,337
335.810,9,179.5,2693,337
335.860,10,199.5,2992,374
335.910,8,159.4,2391,299
335.960,10,199.5,2992,374
336.010,9,179.5,2693,337
336.060,9,179.6,2693,337
336.110,9,179.6,2693,337
336.161,9,179.3,2689,336
336.211,9,179.4,2692,336
336.261,9,180.0,2700,337
336.311,9,179.8,2697,337
336.361,9,179.9,2699,337
336.411,9,179.8,2697,337
336.461,9,179.6,2694,337
336.511,9,179.6,2694,337
336.561,9,180.0,2700,337
336.611,9,179.6,2693,337
336.661,10,200.0,3000,375
336.711,9,179.7,2696,337
336.762,9,179.4,2691,336
336.812,9,179.8,2696,337
336.862,9,179.7,2696,337
336.912,9,179.4,2691,336
336.962,9,179.1,2687,336
337.012,9,179.6,2693,337
337.062,9,179.7,2695,337
337.113,10,199.4,2991,374
337.163,9,179.5,2692,336
337.213,9,179.6,2695,337
337.263,9,179.9,2699,337
337.313,9,180.0,2700,337
337.363,9,179.1,2687,336
337.413,9,179.8,2697,337
337.463,10,199.3,2989,374
337.513,9,179.8,2697,337
337.563,9,180.0,2700,337
337.613,9,179.5,2693,337
337.664,9,179.4,2690,336
337.714,9,179.9,2699,337
337.764,10,199.1,2987,373
337.814,9,179.5,2692,337
337.864,9,179.3,2690,336
337.914,9,179.3,2690,336
337.964,9,179.9,2698,337
338.015,9,179.8,2697,337
338.065,10,199.7,2996,374
338.115,9,180.0,2700,337
338.165,9,179.8,2697,337
338.215,9,180.0,2700,337
338.265,9,179.3,2690,336
338.315,10,199.4,2991,374
338.365,9,179.2,2688,336
338.415,9,180.0,2699,337
338.465,9,179.3,2690,336
338.516,9,179.5,2693,337
338.566,10,199.8,2997,375
338.616,9,179.8,2698,337
338.666,9,179.6,2695,337
338.716,9,179.8,2696,337
338.766,9,179.8,2698,337
338.816,9,179.6,2694,337
338.866,10,199.2,2987,373
338.916,9,179.4,2691,336
338.966,9,179.6,2693,337
339.017,9,179.8,2697,337
339.067,9,179.7,2696,337
339.117,10,199.5,2993,374
339.167,9,179.4,2690,336
339.217,9,179.0,2686,336
339.267,9,179.8,2698,337
339.317,10,199.1,2987,373
339.368,9,179.6,2695,337
339.418,9,179.9,2698,337
339.468,9,179.7,2696,337
339.518,10,199.7,2996,375
339.568,9,179.6,2693,337
339.618,9,179.5,2693,337
339.668,9,179.5,2692,337
339.718,10,199.5,2992,374
339.768,9,179.6,2695,337
339.818,9,179.6,2694,337
339.868,9,180.0,2700,337
339.919,10,199.2,2989,374
339.969,9,179.5,2692,337
340.019,9,179.8,2697,337
340.069,9,179.4,2692,336
340.119,10,198.9,2983,373
340.169,9,179.6,2695,337
340.220,9,179.5,2692,336
340.270,9,179.7,2695,337
340.320,10,199.9,2998,375
340.370,9,179.4,2691,336
340.420,9,179.7,2696,337
340.470,10,199.5,2993,374
340.520,9,179.8,2696,337
340.570,9,180.0,2699,337
340.620,9,179.8,2697,337
340.670,10,199.8,2997,375
340.720,9,179.9,2699,337
340.770,9,179.6,2693,337
340.821,9,179.3,2689,336
340.871,10,199.7,2995,374
340.921,9,179.7,2696,337
340.971,9,179.8,2697,337
341.021,10,199.3,2989,374
341.071,9,179.8,2696,337
341.121,9,179.0,2686,336
341.172,9,179.1,2687,336
341.222,10,199.8,2997,375
341.272,9,179.9,2698,337
341.322,9,179.3,2690,336
341.372,10,199.9,2999,375
341.422,9,180.0,2700,337
341.472,9,179.8,2696,337
341.522,10,198.9,2984,373
341.572,9,179.8,2697,337
341.622,9,179.8,2697,337
341.672,9,179.5,2693,337
341.723,10,199.3,2989,374
341.773,9,180.0,2700,337
341.823,9,179.8,2698,337
341.873,10,199.7,2996,375
341.923,9,179.8,2696,337
341.973,9,179.5,2693,337
342.023,9,179.5,2693,337
342.073,10,199.5,2992,374
342.123,9,179.6,2695,337
342.173,9,179.8,2696,337
342.223,10,199.6,2994,374
342.273,9,179.7,2696,337
342.324,10,199.4,2991,374
342.374,9,179.7,2696,337
342.424,9,180.0,2699,337
342.474,10,199.6,2993,374
342.524,9,179.6,2694,337
342.574,9,179.7,2696,337
342.624,9,179.4,2691,336
342.674,10,199.2,2987,373
342.724,9,179.9,2698,337
342.774,9,180.0,2700,337
342.824,10,199.7,2996,375
342.875,9,179.7,2696,337
342.925,9,179.6,2694,337
342.975,10,199.2,2988,374
343.025,9,180.0,2700,337
343.075,9,179.4,2691,336
343.125,9,179.9,2698,337
343.175,10,199.5,2993,374
343.225,9,179.7,2696,337
343.275,10,199.6,2994,374
343.325,9,179.6,2694,337
343.376,9,179.6,2693,337
343.426,10,199.9,2999,375
343.476,9,179.8,2697,337
343.526,9,179.8,2697,337
343.576,10,199.4,2992,374
343.626,9,179.9,2698,337
343.676,10,199.8,2997,375
343.726,9,179.7,2696,337
343.776,9,179.8,2697,337
343.826,10,199.7,2995,374
343.876,9,179.6,2694,337
343.926,9,179.4,2691,336
343.977,10,199.7,2995,374
344.027,9,179.4,2692,336
344.077,9,180.0,2700,337
344.127,10,199.7,2995,374
344.177,9,179.7,2695,337
344.227,9,179.4,2691,336
344.277,10,199.5,2992,374
344.327,9,179.8,2697,337
344.377,10,199.4,2991,374
344.427,9,179.6,2695,337
344.477,10,199.9,2999,375
344.528,10,199.3,2990,374
344.578,10,199.6,2994,374
344.628,10,199.8,2997,375
344.678,10,199.7,2996,375
344.728,11,219.8,3298,412
344.778,11,219.4,3291,411
344.828,11,219.2,3287,411
344.878,11,219.7,3296,412
344.928,11,219.5,3292,412
344.979,12,239.6,3594,449
345.029,12,239.3,3589,449
345.079,12,239.9,3599,450
345.129,13,260.0,3899,487
345.179,13,259.4,3891,486
345.229,14,279.1,4187,523
345.279,14,279.0,4185,523
345.329,14,279.3,4190,524
345.379,14,279.2,4188,523
345.430,15,298.6,4479,560
345.480,15,299.0,4485,561
345.530,16,319.2,4788,599
345.580,15,300.0,4500,562
345.630,16,319.6,4794,599
345.680,17,338.7,5080,635
345.730,17,339.1,5087,636
345.780,17,338.8,5082,635
345.831,18,359.0,5384,673
345.881,18,359.6,5395,674
345.931,19,378.6,5679,710
345.981,19,379.9,5698,712
346.031,19,379.2,5689,711
346.081,20,399.4,5991,749
346.131,21,419.4,6291,786
346.181,21,419.6,6294,787
346.231,22,439.9,6599,825
346.281,22,439.0,6585,823
346.331,23,460.0,6900,862
346.381,24,479.1,7186,898
346.432,23,458.8,6882,860
346.482,25,497.6,7465,933
346.532,24,479.6,7194,899
346.582,25,498.5,7478,935
346.632,26,519.0,7786,973
346.682,25,498.7,7481,935
346.732,26,519.9,7799,975
346.782,27,538.9,8083,1010
346.832,27,539.3,8089,1011
346.882,27,539.3,8090,1011
346.932,27,539.6,8094,1012
346.983,28,558.9,8384,1048
347.033,27,539.4,8092,1011
347.083,29,579.1,8686,1086
347.133,28,557.9,8369,1046
347.183,29,577.9,8669,1084
347.233,29,577.6,8663,1083
347.283,29,579.4,8692,1086
347.333,29,579.7,8696,1087
347.383,30,598.0,8970,1121
347.434,29,579.4,8691,1086
347.484,30,597.6,8963,1120
347.534,30,599.2,8988,1123
347.584,31,618.3,9274,1159
347.634,30,599.8,8997,1125
347.684,31,618.5,9278,1160
347.734,30,598.3,8974,1122
347.784,31,618.7,9281,1160
347.834,31,619.1,9287,1161
347.885,31,618.5,9277,1160
347.935,31,617.5,9263,1158
347.985,32,637.8,9566,1196
348.035,31,618.9,9284,1160
348.085,32,638.7,9581,1198
348.135,31,619.1,9287,1161
348.185,32,637.8,9567,1196
348.235,32,638.7,9581,1198
348.285,32,639.9,9599,1200
348.336,32,637.9,9568,1196
348.386,32,638.5,9577,1197
348.436,32,639.8,9597,1200
348.486,32,638.4,9575,1197
348.536,32,639.3,9590,1199
348.586,32,638.6,9579,1197
348.636,32,637.6,9565,1196
348.686,33,657.6,9864,1233
348.736,32,639.3,9589,1199
348.787,32,638.2,9573,1197
348.837,33,657.6,9865,1233
348.887,32,639.9,9599,1200
348.937,33,659.0,9885,1236
348.987,32,636.8,9553,1194
349.037,33,657.6,9864,1233
349.087,32,638.5,9578,1197
349.138,33,658.4,9876,1234
349.188,33,657.7,9865,1233
349.238,32,639.6,9595,1199
349.288,33,658.3,9875,1234
349.338,33,659.4,9891,1236
349.388,32,638.4,9577,1197
349.438,33,658.1,9872,1234
349.488,33,657.7,9865,1233
349.538,32,638.9,9583,1198
349.589,33,658.8,9881,1235
349.639,33,658.4,9876,1234
349.689,33,660.0,9900,1237
349.739,33,659.3,9889,1236
349.789,32,638.3,9575,1197
349.839,33,658.2,9873,1234
349.889,33,656.7,9851,1231
349.939,33,659.3,9890,1236
349.989,33,659.2,9887,1236
350.039,33,658.5,9877,1235
350.090,33,659.1,9887,1236
350.140,33,659.0,9885,1236
350.190,33,658.6,9879,1235
350.240,33,658.3,9874,1234
350.290,33,657.7,9866,1233
350.340,32,639.7,9596,1199
350.390,34,677.2,10158,1270
350.440,33,657.8,9867,1233
350.491,33,658.4,9875,1234
350.541,33,657.8,9867,1233
350.591,33,659.1,9886,1236
350.641,33,657.3,9859,1232
350.691,33,659.3,9889,1236
350.741,33,658.4,9876,1235
350.791,33,659.3,9889,1236
350.841,33,657.5,9862,1233
350.891,33,659.9,9898,1237
350.941,34,679.1,10186,1273
350.992,33,658.8,9882,1235
351.042,33,658.8,9882,1235
351.092,33,659.7,9896,1237
351.142,33,658.8,9882,1235
351.192,34,677.3,10160,1270
351.242,33,659.6,9894,1237
351.292,33,659.4,9892,1236
351.342,34,679.4,10190,1274
351.392,33,659.3,9889,1236
351.442,34,680.0,10200,1275
351.492,33,659.9,9898,1237
351.542,34,677.8,10167,1271
351.592,33,658.7,9880,1235
351.643,34,678.4,10176,1272
351.693,33,659.4,9891,1236
351.743,34,678.7,10180,1273
351.793,33,659.8,9897,1237
351.843,34,679.8,10197,1275
351.893,33,659.9,9899,1237
351.943,34,678.8,10182,1273
351.993,34,677.9,10169,1271
352.043,33,659.1,9886,1236
352.093,34,678.6,10178,1272
352.143,34,678.3,10174,1272
352.193,33,659.9,9898,1237
352.243,34,677.4,10161,1270
352.294,34,677.5,10163,1270
352.344,34,678.6,10178,1272
352.394,34,677.1,10157,1270
352.444,34,678.1,10172,1271
352.494,33,657.5,9863,1233
352.544,34,679.6,10194,1274
352.594,34,678.3,10175,1272
352.645,34,679.0,10185,1273
352.695,34,679.7,10195,1274
352.745,34,678.7,10181,1273
352.795,33,659.5,9892,1237
352.845,34,679.7,10195,1274
352.895,34,679.2,10188,1273
352.945,34,678.2,10172,1272
352.995,34,677.4,10161,1270
353.045,34,679.3,10189,1274
353.095,34,679.4,10190,1274
353.145,34,678.8,10183,1273
353.195,34,679.1,10187,1273
353.245,34,678.5,10178,1272
353.296,34,678.2,10173,1272
353.346,34,677.3,10160,1270
353.396,34,679.3,10189,1274
353.446,34,679.3,10190,1274
353.496,34,677.7,10166,1271
353.546,34,678.9,10184,1273
353.596,34,677.2,10157,1270
353.646,34,679.6,10194,1274
353.696,34,678.6,10178,1272
353.747,34,678.8,10182,1273
353.797,34,678.3,10175,1272
353.847,34,679.6,10195,1274
353.897,35,699.3,10490,1311
353.947,34,678.3,10174,1272
353.997,34,679.1,10187,1273
354.047,34,678.3,10175,1272
354.097,34,677.5,10162,1270
354.147,34,678.4,10175,1272
354.198,35,698.1,10471,1309
354.248,34,678.3,10174,1272
354.298,34,678.0,10170,1271
354.348,34,679.9,10199,1275
354.398,34,678.3,10175,1272
354.448,35,698.7,10480,1310
354.498,34,679.3,10190,1274
354.548,34,677.7,10165,1271
354.598,34,678.9,10184,1273
354.648,35,698.3,10474,1309
354.699,34,678.1,10172,1271
354.749,34,679.3,10190,1274
354.799,34,679.5,10192,1274
354.849,35,697.8,10468,1308
354.899,34,679.1,10187,1273
354.949,34,678.4,10176,1272
354.999,35,698.2,10473,1309
355.049,34,678.3,10174,1272
355.099,34,679.6,10194,1274
355.149,34,678.7,10180,1272
355.199,35,698.6,10479,1310
355.250,34,679.9,10198,1275
355.300,34,679.5,10193,1274
355.350,35,697.4,10461,1308
355.400,34,679.1,10187,1273
355.450,34,678.1,10171,1271
355.500,35,699.6,10495,1312
355.550,34,679.8,10197,1275
355.600,34,679.0,10185,1273
355.650,35,699.5,10493,1312
355.700,34,678.0,10170,1271
355.750,35,697.8,10468,1308
355.801,34,678.3,10175,1272
355.851,35,699.9,10498,1312
355.901,34,678.1,10172,1271
355.951,35,699.4,10491,1311
356.001,34,678.2,10172,1272
356.051,35,699.9,10499,1312
356.101,34,679.2,10188,1274
356.151,35,699.3,10489,1311
356.201,34,676.2,10142,1268
356.252,35,696.0,10440,1305
356.302,35,698.3,10474,1309
356.352,34,678.3,10175,1272
356.402,35,699.9,10499,1312
356.452,34,679.5,10192,1274
356.502,35,698.9,10483,1310
356.552,35,698.2,10473,1309
356.602,34,679.4,10191,1274
356.652,35,697.4,10461,1308
356.702,35,697.9,10469,1309
356.752,34,679.2,10188,1273
356.803,35,696.4,10446,1306
356.853,35,698.3,10475,1309
356.903,35,697.6,10463,1308
356.953,35,698.5,10477,1310
357.003,34,677.1,10156,1269
357.053,35,699.4,10491,1311
357.103,35,699.3,10490,1311
357.153,35,699.4,10491,1311
357.204,34,676.7,10150,1269
357.254,35,698.6,10478,1310
357.304,35,697.4,10462,1308
357.354,35,699.8,10498,1312
357.404,35,699.9,10499,1312
357.454,35,698.2,10474,1309
357.504,34,677.9,10168,1271
357.554,35,698.8,10482,1310
357.604,35,699.2,10487,1311
357.655,35,699.3,10490,1311
357.705,35,699.4,10492,1311
357.755,35,699.6,10493,1312
357.805,35,697.5,10462,1308
357.855,35,698.3,10474,1309
357.905,35,698.3,10474,1309
357.955,35,699.3,10490,1311
358.005,35,697.4,10461,1308
358.055,35,697.1,10457,1307
358.105,35,699.9,10499,1312
358.156,35,699.1,10487,1311
358.206,35,699.3,10490,1311
358.256,35,699.8,10497,1312
358.306,35,698.7,10480,1310
358.356,35,698.6,10479,1310
358.406,35,697.8,10467,1308
358.456,35,697.9,10468,1308
358.506,36,718.5,10778,1347
358.556,35,699.0,10485,1311
358.606,35,697.6,10463,1308
358.657,35,698.5,10477,1310
358.707,35,699.6,10494,1312
358.757,35,697.5,10462,1308
358.807,36,718.1,10771,1346
358.857,35,697.7,10465,1308
358.907,35,698.8,10482,1310
358.957,35,699.1,10486,1311
359.007,36,717.6,10764,1345
359.057,35,699.8,10497,1312
359.108,36,717.7,10765,1346
359.158,36,718.8,10782,1348
359.208,37,739.3,11089,1386
359.258,36,717.9,10769,1346
359.308,38,759.0,11385,1423
359.358,37,738.1,11071,1384
359.408,37,739.3,11089,1386
359.458,38,759.1,11386,1423
359.508,37,737.1,11057,1382
359.558,37,738.6,11079,1385
359.608,37,739.4,11091,1386
359.659,37,737.6,11064,1383
359.709,36,719.1,10787,1348
359.759,36,716.0,10740,1343
359.809,35,699.4,10492,1311
359.859,35,698.9,10484,1310
359.909,35,699.9,10499,1312
359.959,35,698.7,10480,1310
360.009,34,679.8,10198,1275
360.059,34,678.1,10171,1271
360.109,34,680.0,10200,1275
360.159,33,658.8,9882,1235
360.210,34,677.9,10169,1271
360.260,33,658.0,9871,1234
360.310,33,657.8,9867,1233
360.360,33,658.5,9878,1235
360.410,33,658.3,9875,1234
360.460,33,658.4,9876,1235
360.510,32,639.2,9588,1198
360.561,33,657.5,9862,1233
360.611,32,639.8,9597,1200
360.661,32,638.0,9570,1196
360.711,32,639.1,9587,1198
360.761,32,639.9,9599,1200
360.811,31,618.4,9275,1159
360.861,32,639.4,9592,1199
360.911,31,619.7,9296,1162
360.961,31,618.3,9275,1159
361.011,31,618.9,9283,1160
361.061,31,619.3,9289,1161
361.111,31,618.3,9274,1159
361.162,31,617.8,9268,1158
361.212,30,599.9,8998,1125
361.262,31,619.9,9298,1162
361.312,30,597.8,8968,1121
361.362,30,599.4,8991,1124
361.412,30,600.0,9000,1125
361.462,31,618.7,9280,1160
361.512,30,598.8,8983,1123
361.562,29,579.3,8689,1086
361.612,30,598.7,8980,1123
361.662,30,596.9,8953,1119
361.712,30,599.4,8991,1124
361.763,30,599.4,8992,1124
361.813,29,579.7,8696,1087
361.863,30,600.0,8999,1125
361.913,29,577.1,8656,1082
361.963,30,598.5,8977,1122
362.013,29,579.0,8685,1086
362.063,30,598.7,8981,1123
362.113,29,578.0,8669,1084
362.163,29,578.8,8683,1085
362.214,29,578.4,8677,1085
362.264,29,577.9,8669,1084
362.314,30,599.2,8988,1123
362.364,29,579.6,8695,1087
362.414,29,578.6,8679,1085
362.464,29,579.4,8692,1086
362.514,28,559.5,8393,1049
362.564,29,578.5,8678,1085
362.614,29,578.5,8678,1085
362.664,29,579.1,8686,1086
362.714,29,579.4,8690,1086
362.764,28,559.2,8388,1049
362.815,29,578.0,8670,1084
362.865,29,579.2,8688,1086
362.915,28,558.6,8379,1047
362.965,29,579.4,8691,1086
363.015,28,559.2,8388,1048
363.065,29,579.9,8699,1087
363.115,28,558.0,8370,1046
363.165,29,578.7,8680,1085
363.215,28,560.0,8400,1050
363.265,29,578.5,8677,1085
363.316,28,557.9,8368,1046
363.366,29,578.6,8680,1085
363.416,28,558.7,8380,1048
363.466,28,559.8,8397,1050
363.516,28,559.2,8387,1048
363.566,29,577.9,8668,1084
363.616,28,559.4,8391,1049
363.666,28,558.9,8383,1048
363.716,29,578.2,8673,1084
363.766,28,559.3,8389,1049
363.817,28,557.8,8366,1046
363.867,28,559.4,8391,1049
363.917,28,559.8,8397,1050
363.967,28,557.9,8369,1046
364.017,29,579.4,8691,1086
364.067,28,558.7,8381,1048
364.117,28,559.1,8386,1048
364.167,28,559.3,8389,1049
364.217,28,558.8,8382,1048
364.268,28,557.7,8366,1046
364.318,28,559.2,8388,1049
364.368,28,559.5,8392,1049
364.418,28,558.1,8371,1046
364.468,29,579.4,8691,1086
364.518,28,559.3,8389,1049
364.568,28,558.6,8379,1047
364.618,28,558.7,8381,1048
364.668,28,559.3,8390,1049
364.718,28,559.2,8388,1049
364.768,28,558.5,8378,1047
364.819,28,558.7,8380,1047
364.869,28,559.3,8389,1049
364.919,29,577.9,8669,1084
364.969,28,558.5,8377,1047
365.019,28,559.5,8393,1049
365.069,28,557.0,8355,1044
365.119,28,558.8,8383,1048
365.170,28,558.4,8377,1047
365.220,28,559.9,8398,1050
365.270,28,558.8,8383,1048
365.320,28,559.3,8389,1049
365.370,28,560.0,8400,1050
365.420,28,558.0,8370,1046
365.470,28,558.6,8379,1047
365.520,28,558.9,8384,1048
365.570,28,559.7,8396,1049
365.620,29,579.9,8699,1087
365.670,28,558.0,8369,1046
365.720,28,559.9,8398,1050
365.771,28,557.8,8368,1046
365.821,28,558.1,8372,1046
365.871,28,559.1,8386,1048
365.921,28,559.1,8387,1048
365.971,29,578.8,8683,1085
366.021,28,558.7,8380,1048
366.071,28,559.1,8386,1048
366.121,28,557.2,8359,1045
366.172,28,558.7,8380,1048
366.222,29,579.1,8686,1086
366.272,28,558.1,8371,1046
366.322,28,556.9,8354,1044
366.372,28,558.6,8378,1047
366.422,29,579.7,8696,1087
366.472,28,558.6,8379,1047
366.522,28,558.9,8384,1048
366.573,28,559.0,8385,1048
366.623,28,559.3,8389,1049
366.673,29,578.3,8675,1084
366.723,28,559.3,8389,1049
366.773,28,558.8,8382,1048
366.823,28,559.2,8388,1049
366.873,28,559.8,8398,1050
366.923,29,578.2,8674,1084
366.973,28,558.5,8377,1047
367.023,28,559.3,8390,1049
367.073,28,558.6,8378,1047
367.123,28,559.8,8398,1050
367.174,28,558.7,8381,1048
367.224,29,578.5,8678,1085
367.274,28,558.8,8382,1048
367.324,28,559.6,8394,1049
367.374,28,558.9,8384,1048
367.424,28,557.5,8362,1045
367.474,29,577.3,8659,1082
367.524,28,559.5,8392,1049
367.575,28,559.6,8394,1049
367.625,28,558.4,8375,1047
367.675,28,558.5,8377,1047
367.725,29,579.0,8686,1086
367.775,28,559.6,8394,1049
367.825,28,558.7,8380,1047
367.875,28,559.4,8391,1049
367.925,28,558.6,8378,1047
367.975,29,578.4,8676,1085
368.025,28,558.6,8379,1047
368.076,28,558.1,8371,1046
368.126,28,559.1,8386,1048
368.176,28,558.2,8373,1047
368.226,29,579.9,8698,1087
368.276,28,559.1,8386,1048
368.326,28,558.7,8380,1048
368.376,28,558.8,8382,1048
368.426,29,578.3,8675,1084
368.476,28,559.3,8390,1049
368.527,28,558.1,8371,1046
368.577,28,558.5,8377,1047
368.627,28,560.0,8400,1050
368.677,29,579.1,8687,1086
368.727,28,558.2,8372,1047
368.777,28,557.8,8366,1046
368.827,28,559.9,8399,1050
368.877,29,578.6,8678,1085
368.927,28,559.5,8393,1049
368.978,28,557.9,8368,1046
369.028,28,559.3,8390,1049
369.078,29,580.0,8700,1087
369.128,28,559.0,8386,1048
369.178,28,558.1,8372,1047
369.228,29,580.0,8700,1087
369.278,28,558.6,8380,1047
369.328,28,557.8,8367,1046
369.378,29,577.0,8655,1082
369.429,28,558.0,8370,1046
369.479,28,558.8,8382,1048
369.529,29,578.4,8677,1085
369.579,28,559.1,8386,1048
369.629,28,558.8,8383,1048
369.679,28,559.3,8390,1049
369.729,29,578.4,8676,1084
369.779,28,558.7,8380,1048
369.829,28,558.4,8376,1047
369.880,29,578.8,8683,1085
369.930,28,559.1,8386,1048
369.980,28,558.4,8377,1047
370.030,29,578.1,8671,1084
370.080,28,559.5,8393,1049
370.130,28,558.5,8377,1047
370.180,28,558.2,8373,1047
370.230,29,579.8,8696,1087
370.281,28,557.8,8367,1046
370.331,28,558.9,8384,1048
370.381,29,579.2,8689,1086
370.431,28,558.3,8375,1047
370.481,28,559.3,8389,1049
370.531,29,578.7,8681,1085
370.581,28,559.1,8386,1048
370.631,28,558.4,8376,1047
370.681,29,579.1,8687,1086
370.731,28,559.3,8389,1049
370.782,28,557.9,8369,1046
370.832,29,578.8,8682,1085
370.882,28,558.1,8372,1046
370.932,28,558.0,8371,1046
370.982,29,578.6,8678,1085
371.032,28,558.0,8370,1046
371.083,28,558.0,8370,1046
371.133,29,579.6,8694,1087
371.183,28,559.2,8389,1049
371.233,28,558.0,8371,1046
371.283,29,579.8,8696,1087
371.333,28,558.1,8371,1046
371.383,28,557.9,8369,1046
371.433,29,578.7,8680,1085
371.483,28,559.7,8395,1049
371.533,28,558.9,8384,1048
371.583,28,559.0,8385,1048
371.634,29,578.1,8672,1084
371.684,28,559.4,8391,1049
371.734,28,559.7,8395,1049
371.784,28,559.0,8384,1048
371.834,29,577.5,8663,1083
371.884,28,558.8,8382,1048
371.934,28,558.2,8373,1047
371.984,28,559.3,8389,1049
372.035,29,578.3,8675,1084
372.085,28,557.9,8369,1046
372.135,28,558.1,8371,1046
372.185,29,579.1,8687,1086
372.235,28,557.8,8367,1046
372.285,28,559.4,8390,1049
372.335,28,560.0,8400,1050
372.385,29,579.0,8684,1086
372.435,28,559.6,8394,1049
372.485,28,558.4,8376,1047
372.536,29,579.8,8696,1087
372.586,28,559.2,8388,1048
372.636,28,559.0,8386,1048
372.686,29,579.3,8689,1086
372.736,28,558.2,8373,1047
372.786,28,558.5,8377,1047
372.836,29,579.9,8699,1087
372.886,28,558.0,8370,1046
372.936,28,559.7,8395,1049
372.986,29,579.6,8694,1087
373.036,28,559.4,8391,1049
373.086,28,559.3,8389,1049
373.136,29,578.8,8682,1085
373.187,28,558.8,8381,1048
373.237,28,558.3,8374,1047
373.287,29,576.8,8652,1081
373.337,28,559.0,8385,1048
373.387,28,559.1,8387,1048
373.437,29,579.3,8689,1086
373.487,28,558.0,8370,1046
373.538,28,558.5,8378,1047
373.588,29,577.8,8667,1083
373.638,28,557.9,8369,1046
373.688,28,559.8,8397,1050
373.738,29,579.6,8694,1087
373.788,28,559.9,8398,1050
373.838,28,558.1,8371,1046
373.888,28,558.5,8378,1047
373.938,29,579.9,8699,1087
373.988,28,558.4,8375,1047
374.039,28,558.4,8375,1047
374.089,29,578.5,8677,1085
374.139,28,559.2,8389,1049
374.189,28,558.5,8378,1047
374.239,28,558.1,8371,1046
374.289,29,578.5,8678,1085
374.339,28,560.0,8399,1050
374.389,28,559.3,8390,1049
374.440,28,558.1,8371,1046
374.490,28,558.8,8381,1048
374.540,29,578.4,8677,1085
374.590,28,559.9,8399,1050
374.640,28,558.4,8376,1047
374.690,28,559.5,8392,1049
374.740,28,558.0,8369,1046
374.790,29,579.7,8696,1087
374.840,28,559.9,8399,1050
374.890,28,558.8,8382,1048
374.940,28,559.7,8396,1049
374.990,28,559.5,8393,1049
375.040,28,558.7,8381,1048
375.091,28,557.9,8368,1046
375.141,29,577.9,8668,1084
375.191,28,558.8,8382,1048
375.241,28,559.9,8399,1050
375.291,28,559.4,8392,1049
375.341,28,559.9,8398,1050
375.391,28,559.8,8397,1050
375.441,29,577.1,8657,1082
375.491,28,558.0,8370,1046
375.542,28,557.9,8368,1046
375.592,28,559.3,8390,1049
375.642,28,558.5,8378,1047
375.692,29,579.4,8692,1086
375.742,28,558.0,8371,1046
375.792,28,559.6,8394,1049
375.842,28,558.1,8372,1046
375.892,28,559.8,8397,1050
375.942,28,558.3,8374,1047
375.992,28,559.3,8390,1049
376.042,28,559.9,8398,1050
376.093,28,558.1,8371,1046
376.143,29,579.7,8695,1087
376.193,28,558.5,8377,1047
376.243,28,559.8,8397,1050
376.293,28,559.7,8396,1049
376.343,28,559.3,8390,1049
376.393,28,558.3,8374,1047
376.443,28,558.0,8370,1046
376.493,29,578.0,8670,1084
376.544,28,559.2,8388,1049
376.594,28,558.3,8374,1047
376.644,28,558.1,8371,1046
376.694,28,558.2,8372,1047
376.744,28,559.8,8396,1050
376.794,29,579.4,8691,1086
376.844,28,558.1,8371,1046
376.894,28,559.3,8389,1049
376.944,28,559.2,8388,1049
376.995,29,578.5,8677,1085
377.045,28,558.5,8378,1047
377.095,28,558.9,8384,1048
377.145,28,558.6,8380,1047
377.195,29,578.4,8675,1084
377.245,28,558.5,8377,1047
377.295,28,559.8,8398,1050
377.345,29,579.7,8696,1087
377.395,28,558.4,8375,1047
377.445,28,559.3,8389,1049
377.496,29,577.9,8668,1084
377.546,28,558.3,8374,1047
377.596,28,559.8,8396,1050
377.646,29,579.1,8687,1086
377.696,28,559.7,8396,1049
377.746,28,559.0,8385,1048
377.796,29,580.0,8700,1087
377.846,28,558.6,8379,1047
377.896,28,559.3,8390,1049
377.946,28,559.2,8388,1048
377.996,29,579.2,8688,1086
378.046,28,558.2,8373,1047
378.096,28,559.8,8397,1050
378.147,28,559.3,8389,1049
378.197,28,558.0,8370,1046
378.247,28,557.5,8362,1045
378.297,28,558.6,8379,1047
378.347,28,558.3,8375,1047
378.397,28,558.6,8379,1047
378.447,28,559.9,8399,1050
378.497,28,558.6,8380,1047
378.548,27,539.0,8084,1011
378.598,28,559.3,8389,1049
378.648,27,539.8,8097,1012
378.698,28,559.2,8388,1048
378.748,27,538.0,8070,1009
378.798,28,559.5,8393,1049
378.848,27,539.8,8097,1012
378.898,27,537.9,8069,1009
378.948,27,539.0,8084,1011
378.998,27,539.2,8088,1011
379.048,27,538.6,8079,1010
379.098,27,539.9,8099,1012
379.149,27,539.3,8090,1011
379.199,27,537.2,8058,1007
379.249,27,539.4,8091,1011
379.299,26,519.1,7786,973
379.349,27,538.8,8082,1010
379.399,26,519.6,7793,974
379.449,26,518.5,7778,972
379.499,27,538.4,8075,1009
379.549,26,519.2,7789,974
379.600,26,518.7,7781,973
379.650,25,499.2,7488,936
379.700,26,519.4,7791,974
379.750,26,518.7,7781,973
379.800,26,518.8,7781,973
379.850,25,498.9,7483,935
379.900,25,498.6,7480,935
379.950,26,518.7,7780,973
380.001,25,498.0,7470,934
380.051,26,518.2,7774,972
380.101,25,498.7,7481,935
380.151,25,499.6,7495,937
380.201,25,498.6,7479,935
380.251,25,499.4,7492,936
380.301,25,499.8,7498,937
380.351,25,499.5,7492,936
380.401,25,498.6,7478,935
380.451,25,498.6,7478,935
380.502,25,498.5,7477,935
380.552,25,500.0,7499,937
380.602,24,478.4,7176,897
380.652,25,499.4,7491,936
380.702,25,499.8,7497,937
380.752,25,500.0,7500,937
380.802,24,479.3,7189,899
380.852,25,498.8,7482,935
380.902,25,498.8,7482,935
380.952,25,499.3,7490,936
381.002,24,478.9,7183,898
381.052,25,498.1,7472,934
381.103,24,478.7,7181,898
381.153,25,498.9,7484,936
381.203,25,499.9,7499,937
381.253,24,478.4,7175,897
381.303,24,479.8,7198,900
381.353,25,499.8,7496,937
381.403,25,498.9,7484,935
381.453,24,478.4,7177,897
381.503,24,478.8,7181,898
381.553,25,498.8,7483,935
381.603,24,479.9,7199,900
381.654,24,478.8,7182,898
381.704,24,478.1,7172,896
381.754,25,498.8,7482,935
381.804,24,479.2,7188,899
381.854,24,478.9,7183,898
381.904,24,479.5,7192,899
381.954,24,478.1,7172,897
382.005,25,498.0,7471,934
382.055,23,458.8,6882,860
382.105,24,478.4,7175,897
382.155,24,478.3,7174,897
382.205,25,499.6,7494,937
382.255,23,459.0,6884,861
382.305,24,479.6,7194,899
382.356,24,477.6,7164,896
382.406,25,499.8,7497,937
382.456,24,479.3,7189,899
382.506,24,478.7,7180,898
382.556,24,478.3,7174,897
382.606,24,478.6,7179,897
382.656,24,478.2,7173,897
382.706,24,478.9,7183,898
382.756,24,479.0,7185,898
382.806,25,499.7,7495,937
382.857,24,479.5,7192,899
382.907,24,478.8,7181,898
382.957,24,478.9,7183,898
383.007,25,499.5,7492,937
383.057,24,479.9,7199,900
383.107,24,480.0,7199,900
383.157,24,479.5,7192,899
383.207,24,478.8,7182,898
383.257,25,500.0,7500,937
383.307,24,479.4,7191,899
383.357,24,479.4,7191,899
383.407,24,478.9,7184,898
383.457,25,498.6,7480,935
383.507,24,479.3,7189,899
383.558,24,479.5,7193,899
383.608,24,478.9,7183,898
383.658,25,498.3,7474,934
383.708,24,478.4,7176,897
383.758,24,478.9,7184,898
383.808,24,478.5,7178,897
383.858,25,498.4,7477,935
383.908,24,479.3,7190,899
383.959,24,479.1,7186,898
384.009,24,478.6,7180,897
384.059,24,479.4,7191,899
384.109,24,478.5,7177,897
384.159,24,478.4,7175,897
384.209,24,478.4,7177,897
384.259,25,499.4,7491,936
384.309,24,479.9,7199,900
384.359,24,479.0,7186,898
384.410,24,479.0,7184,898
384.460,24,479.1,7187,898
384.510,24,479.9,7198,900
384.560,24,478.2,7172,897
384.610,24,477.6,7164,896
384.660,25,498.3,7474,934
384.710,23,459.5,6892,862
384.760,24,479.3,7189,899
384.811,25,498.0,7470,934
384.861,24,478.4,7176,897
384.911,24,478.8,7182,898
384.961,24,478.1,7171,896
385.011,24,478.7,7181,898
385.061,25,497.6,7464,933
385.112,23,459.5,6892,862
385.162,24,479.9,7198,900
385.212,25,499.5,7493,937
385.262,24,479.5,7192,899
385.312,24,479.2,7189,899
385.362,24,478.1,7171,896
385.412,24,479.7,7195,899
385.462,25,497.4,7461,933
385.512,24,480.0,7200,900
385.562,23,459.1,6887,861
385.612,25,498.6,7480,935
385.663,24,478.2,7173,897
385.713,24,478.1,7171,896
385.763,24,478.2,7174,897
385.813,24,479.5,7193,899
385.863,24,479.9,7199,900
385.913,24,479.6,7193,899
385.963,24,479.3,7190,899
386.013,24,478.6,7180,897
386.063,24,479.4,7191,899
386.113,24,479.7,7196,899
386.164,24,479.0,7186,898
386.214,24,479.6,7195,899
386.264,24,478.6,7180,897
386.314,24,479.3,7189,899
386.364,24,480.0,7199,900
386.414,24,479.8,7198,900
386.464,25,499.9,7498,937
386.514,24,478.9,7184,898
386.564,24,478.7,7180,898
386.614,24,478.8,7182,898
386.664,24,479.4,7190,899
386.714,24,479.6,7195,899
386.764,24,479.8,7197,900
386.814,24,478.6,7179,897
386.865,25,498.5,7477,935
386.915,24,477.9,7168,896
386.965,24,478.9,7183,898
387.015,24,478.7,7181,898
387.065,25,499.6,7494,937
387.115,24,479.1,7187,898
387.165,24,478.8,7182,898
387.216,25,498.4,7477,935
387.266,24,479.3,7190,899
387.316,25,499.4,7491,936
387.366,24,480.0,7200,900
387.416,24,479.4,7191,899
387.466,24,479.5,7193,899
387.516,25,499.5,7492,937
387.566,24,479.6,7195,899
387.616,25,499.6,7494,937
387.666,24,478.8,7182,898
387.716,25,498.9,7483,935
387.766,25,498.7,7481,935
387.816,26,518.9,7783,973
387.866,27,539.2,8087,1011
387.916,28,559.8,8397,1050
387.967,29,578.8,8683,1085
388.017,30,599.7,8996,1124
388.067,30,599.6,8994,1124
388.117,31,619.2,9287,1161
388.167,32,639.1,9586,1198
388.217,33,659.4,9891,1236
388.267,33,657.3,9860,1232
388.317,34,677.5,10163,1270
388.367,35,698.3,10475,1309
388.417,35,699.1,10486,1311
388.467,35,699.9,10498,1312
388.517,36,719.1,10786,1348
388.568,37,738.4,11076,1385
388.618,37,739.0,11085,1386
388.668,38,758.0,11370,1421
388.718,39,779.5,11693,1462
388.768,39,778.8,11682,1460
388.818,39,778.8,11682,1460
388.868,40,795.9,11938,1492
388.918,41,817.1,12256,1532
388.968,40,798.9,11983,1498
389.019,41,817.4,12261,1533
389.069,41,818.4,12276,1535
389.119,41,817.0,12256,1532
389.169,42,839.6,12594,1574
389.219,41,815.2,12228,1528
389.269,42,838.4,12575,1572
389.319,42,838.7,12580,1573
389.370,42,837.8,12567,1571
389.420,42,839.5,12592,1574
389.470,43,857.6,12864,1608
389.520,42,840.0,12599,1575
389.570,43,859.0,12884,1611
389.620,42,837.3,12559,1570
389.670,43,857.6,12863,1608
389.720,43,858.3,12874,1609
389.770,44,877.2,13158,1645
389.820,43,859.2,12888,1611
389.870,43,859.1,12886,1611
389.920,44,879.7,13195,1649
389.970,43,859.8,12898,1612
390.021,44,876.9,13154,1644
390.071,43,857.1,12857,1607
390.121,44,877.3,13159,1645
390.171,44,878.8,13181,1648
390.221,44,879.2,13189,1649
390.271,43,857.5,12863,1608
390.321,44,876.9,13154,1644
390.371,44,879.4,13192,1649
390.421,44,879.8,13197,1650
390.471,44,879.9,13199,1650
390.522,44,875.1,13127,1641
390.572,45,895.8,13437,1680
390.622,44,876.9,13153,1644
390.672,44,877.8,13167,1646
390.722,44,878.6,13179,1647
390.772,45,898.7,13480,1685
390.823,44,877.5,13163,1645
390.873,44,878.4,13176,1647
390.923,45,896.7,13451,1681
390.973,44,879.0,13185,1648
391.023,44,877.9,13169,1646
391.073,45,899.3,13489,1686
391.123,44,879.2,13188,1648
391.173,44,878.2,13173,1647
391.223,45,899.1,13486,1686
391.273,44,878.8,13182,1648
391.324,45,895.1,13427,1678
391.374,44,879.9,13199,1650
391.424,44,877.9,13169,1646
391.474,45,898.1,13471,1684
391.524,44,879.9,13199,1650
391.574,44,877.3,13159,1645
391.624,45,899.4,13491,1686
391.674,44,878.9,13184,1648
391.724,44,877.8,13167,1646
391.774,45,899.0,13486,1686
391.824,44,878.8,13182,1648
391.874,44,878.0,13170,1646
391.924,45,899.5,13493,1687
391.975,44,879.1,13187,1648
392.025,45,899.6,13494,1687
392.075,44,879.3,13189,1649
392.125,45,894.5,13418,1677
392.175,44,879.0,13185,1648
392.225,45,896.0,13440,1680
392.275,44,878.9,13183,1648
392.325,45,897.8,13467,1683
392.375,45,898.2,13473,1684
392.426,44,878.8,13182,1648
392.476,45,897.8,13466,1683
392.526,45,898.9,13484,1685
392.576,44,879.0,13184,1648
392.626,45,898.8,13482,1685
392.676,45,895.4,13431,1679
392.726,44,879.3,13189,1649
392.776,45,899.9,13499,1687
392.826,44,878.0,13170,1646
392.876,45,899.0,13485,1686
392.927,45,894.9,13423,1678
392.977,44,879.3,13190,1649
393.027,45,899.0,13485,1686
393.077,44,878.8,13183,1648
393.127,45,899.8,13497,1687
393.177,45,898.7,13481,1685
393.227,44,878.7,13180,1648
393.277,45,899.6,13494,1687
393.327,45,899.9,13499,1687
393.377,44,879.7,13195,1649
393.427,45,897.5,13463,1683
393.477,45,898.2,13474,1684
393.527,44,879.8,13197,1650
393.577,45,895.4,13431,1679
393.628,45,895.3,13430,1679
393.678,44,875.9,13138,1642
393.728,45,898.9,13483,1685
393.778,45,896.4,13446,1681
393.828,44,878.4,13175,1647
393.878,45,898.7,13480,1685
393.929,45,897.8,13467,1683
393.979,44,876.2,13142,1643
394.029,45,897.4,13460,1683
394.079,45,897.4,13461,1683
394.129,44,877.8,13167,1646
394.179,45,899.2,13488,1686
394.229,44,879.6,13194,1649
394.279,45,896.8,13453,1682
394.329,44,880.0,13200,1650
394.379,45,899.2,13488,1686
394.429,44,880.0,13200,1650
394.480,45,895.3,13429,1679
394.530,45,896.9,13453,1682
394.580,44,877.8,13167,1646
394.630,45,897.7,13466,1683
394.680,45,897.8,13467,1683
394.730,44,878.8,13182,1648
394.780,45,897.5,13462,1683
394.831,44,878.1,13171,1646
394.881,45,896.6,13449,1681
394.931,45,896.6,13449,1681
394.981,44,877.4,13160,1645
395.031,45,899.5,13493,1687
395.081,44,877.7,13165,1646
395.131,45,899.1,13486,1686
395.181,44,877.1,13157,1645
395.232,45,898.5,13478,1685
395.282,44,877.2,13157,1645
395.332,45,897.2,13458,1682
395.382,44,878.3,13175,1647
395.432,45,898.2,13473,1684
395.482,44,880.0,13199,1650
395.532,44,878.9,13183,1648
395.582,45,896.6,13449,1681
395.632,44,879.1,13187,1648
395.682,45,898.0,13470,1684
395.733,44,878.9,13184,1648
395.783,45,898.5,13477,1685
395.833,44,878.1,13171,1646
395.883,44,877.8,13167,1646
395.933,44,878.6,13179,1647
395.983,45,897.6,13464,1683
396.033,44,878.2,13173,1647
396.083,44,876.4,13146,1643
396.133,45,898.3,13475,1684
396.184,44,879.5,13193,1649
396.234,45,897.7,13465,1683
396.284,44,877.7,13166,1646
396.334,44,879.5,13192,1649
396.384,45,896.9,13454,1682
396.434,44,878.5,13178,1647
396.484,45,898.6,13479,1685
396.534,44,880.0,13200,1650
396.584,45,899.2,13488,1686
396.634,44,878.8,13182,1648
396.684,44,880.0,13200,1650
396.734,45,899.0,13485,1686
396.784,44,878.0,13170,1646
396.834,45,899.9,13498,1687
396.884,44,879.4,13191,1649
396.935,45,897.1,13456,1682
396.985,44,878.6,13179,1647
397.035,44,879.1,13187,1648
397.085,45,899.1,13486,1686
397.135,44,878.7,13181,1648
397.185,44,879.9,13198,1650
397.235,45,897.6,13465,1683
397.285,44,877.4,13161,1645
397.335,44,879.4,13192,1649
397.385,45,898.1,13472,1684
397.435,44,877.6,13164,1645
397.486,45,898.0,13471,1684
397.536,44,878.7,13180,1647
397.586,44,880.0,13200,1650
397.636,45,896.3,13444,1680
397.686,44,877.1,13157,1645
397.736,45,897.8,13466,1683
397.786,44,879.9,13199,1650
397.836,44,879.4,13191,1649
397.886,45,894.7,13421,1678
397.937,44,877.2,13157,1645
397.987,44,878.0,13170,1646
398.037,45,899.6,13494,1687
398.087,44,879.6,13194,1649
398.137,44,878.8,13182,1648
398.187,44,877.2,13158,1645
398.237,45,896.8,13452,1681
398.287,44,877.6,13165,1646
398.338,44,876.7,13151,1644
398.388,44,878.9,13184,1648
398.438,44,877.9,13168,1646
398.488,45,896.7,13450,1681
398.538,44,879.2,13188,1648
398.588,44,877.8,13167,1646
398.638,44,878.6,13178,1647
398.688,44,879.4,13191,1649
398.738,45,899.7,13496,1687
398.788,44,879.5,13193,1649
398.838,44,878.3,13175,1647
398.888,45,898.8,13482,1685
398.939,44,876.5,13148,1643
398.989,45,898.3,13475,1684
399.039,44,879.7,13196,1650
399.089,44,878.5,13178,1647
399.139,45,899.5,13493,1687
399.189,44,877.7,13166,1646
399.239,45,900.0,13499,1687
399.289,44,879.9,13198,1650
399.339,44,877.5,13162,1645
399.389,45,895.5,13432,1679
399.439,45,899.0,13485,1686
399.490,44,877.2,13159,1645
399.540,44,879.4,13191,1649
399.590,45,899.3,13489,1686
399.640,44,879.8,13197,1650
399.690,45,898.0,13470,1684
399.740,44,876.7,13150,1644
399.790,45,898.2,13473,1684
399.840,44,879.3,13189,1649
399.890,45,899.0,13486,1686
399.940,44,879.1,13186,1648
399.990,45,897.2,13458,1682
400.040,45,898.3,13474,1684
400.091,44,877.4,13162,1645
400.141,44,878.7,13180,1648
400.191,45,899.4,13491,1686
400.241,44,879.7,13195,1649
400.291,45,896.6,13449,1681
400.341,44,879.9,13199,1650
400.391,45,897.3,13459,1682
400.441,44,877.8,13168,1646
400.491,45,899.4,13491,1686
400.541,44,877.7,13165,1646
400.591,45,899.4,13492,1686
400.642,44,876.5,13148,1643
400.692,45,896.8,13452,1681
400.742,44,879.9,13198,1650
400.792,44,877.5,13162,1645
400.842,45,899.5,13492,1686
400.892,44,878.5,13177,1647
400.942,45,897.4,13461,1683
400.992,44,879.8,13197,1650
401.042,45,897.3,13459,1682
401.092,44,878.4,13176,1647
401.143,45,897.3,13459,1682
401.193,44,878.8,13182,1648
401.243,45,896.6,13449,1681
401.293,45,898.1,13471,1684
401.343,44,878.9,13184,1648
401.393,45,897.1,13456,1682
401.443,44,878.3,13175,1647
401.493,45,897.7,13466,1683
401.543,44,879.7,13195,1649
401.593,45,899.4,13492,1686
401.644,44,875.3,13130,1641
401.694,45,899.3,13490,1686
401.744,44,879.7,13196,1649
401.794,45,899.7,13496,1687
401.844,44,877.4,13161,1645
401.894,45,898.6,13479,1685
401.944,44,879.3,13189,1649
401.994,45,898.4,13476,1685
402.044,45,899.4,13492,1686
402.094,44,879.2,13188,1648
402.144,45,896.9,13454,1682
402.194,45,897.6,13464,1683
402.245,44,877.0,13155,1644
402.295,45,897.4,13460,1683
402.345,44,879.0,13185,1648
402.395,45,898.9,13483,1685
402.445,45,895.1,13427,1678
402.495,44,877.1,13157,1645
402.545,45,898.7,13481,1685
402.596,44,876.9,13154,1644
402.646,45,896.6,13449,1681
402.696,45,898.9,13484,1685
402.746,44,876.5,13148,1644
402.796,45,896.8,13453,1682
402.846,44,879.1,13187,1648
402.896,44,879.6,13195,1649
402.946,45,898.4,13476,1685
402.997,45,897.7,13465,1683
403.047,44,878.6,13179,1647
403.097,45,897.6,13463,1683
403.147,44,878.3,13175,1647
403.197,45,898.5,13477,1685
403.247,44,876.7,13150,1644
403.297,45,899.2,13489,1686
403.347,44,877.6,13164,1646
403.397,45,899.4,13490,1686
403.448,45,896.7,13450,1681
403.498,44,878.3,13174,1647
403.548,45,899.6,13495,1687
403.598,44,878.4,13176,1647
403.648,45,898.8,13481,1685
403.698,44,877.6,13164,1645
403.748,45,898.7,13481,1685
403.798,44,878.7,13180,1647
403.848,45,898.4,13477,1685
403.898,45,899.9,13499,1687
403.948,44,878.2,13173,1647
403.998,45,897.4,13461,1683
404.048,45,898.7,13480,1685
404.099,44,878.0,13169,1646
404.149,45,896.3,13444,1681
404.199,45,899.3,13490,1686
404.249,44,878.8,13181,1648
404.299,45,897.7,13465,1683
404.349,45,900.0,13500,1687
404.399,44,879.9,13198,1650
404.449,45,897.4,13461,1683
404.499,45,896.4,13445,1681
404.549,45,898.6,13479,1685
404.600,44,876.0,13139,1642
404.650,45,898.4,13475,1684
404.700,45,897.6,13464,1683
404.750,45,897.0,13455,1682
404.800,45,896.0,13439,1680
404.850,44,879.0,13185,1648
404.901,45,897.4,13460,1683
404.951,45,898.7,13481,1685
405.001,44,879.0,13185,1648
405.051,45,899.8,13496,1687
405.101,45,897.5,13463,1683
405.151,44,879.4,13191,1649
405.201,45,898.6,13479,1685
405.251,45,895.6,13433,1679
405.301,44,878.9,13183,1648
405.351,45,898.9,13484,1685
405.401,45,897.8,13468,1683
405.452,44,878.2,13173,1647
405.502,45,899.5,13492,1686
405.552,45,899.1,13486,1686
405.602,44,877.7,13165,1646
405.652,45,896.8,13452,1681
405.702,45,897.5,13462,1683
405.752,44,878.2,13173,1647
405.802,45,898.8,13482,1685
405.852,45,896.7,13451,1681
405.902,45,899.0,13485,1686
405.952,44,879.9,13198,1650
406.003,45,898.7,13480,1685
406.053,44,878.4,13176,1647
406.103,45,897.2,13458,1682
406.153,45,896.4,13447,1681
406.203,45,897.7,13465,1683
406.253,44,879.9,13199,1650
406.303,45,896.9,13453,1682
406.353,45,896.6,13450,1681
406.404,44,879.5,13193,1649
406.454,45,899.8,13496,1687
406.504,45,897.2,13459,1682
406.554,44,875.9,13138,1642
406.604,45,896.9,13454,1682
406.654,45,897.1,13457,1682
406.704,45,897.0,13456,1682
406.755,44,877.3,13159,1645
406.805,45,899.6,13494,1687
406.855,45,896.4,13447,1681
406.905,45,896.9,13454,1682
406.955,45,899.6,13494,1687
407.005,44,878.1,13171,1646
407.055,45,898.7,13480,1685
407.105,45,896.6,13449,1681
407.155,44,878.0,13169,1646
407.206,45,898.4,13477,1685
407.256,45,898.6,13479,1685
407.306,44,879.8,13197,1650
407.356,45,898.4,13475,1684
407.406,45,896.7,13451,1681
407.456,45,895.5,13433,1679
407.506,44,876.9,13154,1644
407.556,45,898.6,13479,1685
407.607,45,897.3,13459,1682
407.657,44,877.5,13163,1645
407.707,45,897.7,13465,1683
407.757,45,898.0,13470,1684
407.807,45,896.2,13443,1680
407.857,44,879.0,13185,1648
407.907,45,896.5,13447,1681
407.958,45,898.2,13473,1684
408.008,44,878.2,13173,1647
408.058,45,896.5,13448,1681
408.108,45,897.2,13458,1682
408.158,44,877.5,13162,1645
408.208,45,898.1,13472,1684
408.258,45,896.0,13440,1680
408.308,44,879.6,13193,1649
408.359,45,897.6,13464,1683
408.409,44,878.1,13172,1646
408.459,45,899.0,13485,1686
408.509,45,898.3,13475,1684
408.559,44,878.0,13170,1646
408.609,45,897.6,13464,1683
408.659,44,879.4,13191,1649
408.709,45,898.8,13482,1685
408.759,44,879.9,13198,1650
408.809,45,899.1,13487,1686
408.859,44,877.2,13158,1645
408.910,45,897.2,13458,1682
408.960,44,879.0,13185,1648
409.010,45,898.5,13477,1685
409.060,44,878.9,13184,1648
409.110,45,898.1,13472,1684
409.160,44,877.6,13163,1645
409.210,45,899.6,13494,1687
409.260,44,879.3,13190,1649
409.310,45,897.5,13462,1683
409.360,44,876.8,13152,1644
409.410,45,900.0,13500,1687
409.461,44,878.1,13172,1646
409.511,44,879.8,13197,1650
409.561,45,899.8,13497,1687
409.611,44,878.6,13179,1647
409.661,45,898.2,13473,1684
409.711,44,877.3,13159,1645
409.761,45,897.5,13462,1683
409.811,44,878.7,13180,1648
409.861,45,897.9,13469,1684
409.911,45,896.2,13442,1680
409.962,44,877.5,13163,1645
410.012,45,898.5,13478,1685
410.062,45,897.4,13462,1683
410.112,44,879.0,13186,1648
410.162,45,897.9,13468,1683
410.212,45,898.6,13480,1685
410.262,44,878.6,13180,1647
410.312,45,899.3,13490,1686
410.362,45,898.2,13473,1684
410.412,44,877.7,13165,1646
410.462,45,899.7,13496,1687
410.513,45,894.9,13423,1678
410.563,44,879.6,13194,1649
410.613,45,898.4,13476,1684
410.663,45,897.7,13466,1683
410.713,45,897.0,13455,1682
410.763,44,879.1,13187,1648
410.813,45,898.0,13470,1684
410.863,44,877.8,13167,1646
410.913,45,899.2,13488,1686
410.964,45,898.1,13471,1684
411.014,44,877.6,13165,1646
411.064,45,896.8,13451,1681
411.114,45,898.0,13470,1684
411.164,45,897.3,13460,1683
411.214,44,877.1,13156,1645
411.264,45,899.1,13487,1686
411.314,45,898.1,13472,1684
411.365,45,898.1,13471,1684
411.415,44,878.4,13176,1647
411.465,45,898.4,13476,1684
411.515,45,898.5,13478,1685
411.565,45,896.8,13451,1681
411.615,44,878.1,13172,1646
411.665,45,898.5,13478,1685
411.715,45,896.8,13453,1682
411.765,44,879.2,13187,1648
411.816,45,895.3,13430,1679
411.866,45,898.9,13483,1685
411.916,45,897.9,13469,1684
411.966,44,877.8,13166,1646
412.016,45,899.9,13499,1687
412.066,44,878.0,13170,1646
412.116,45,898.2,13472,1684
412.166,45,898.9,13484,1686
412.216,44,876.7,13151,1644
412.266,45,898.5,13477,1685
412.317,45,898.6,13479,1685
412.367,44,877.2,13157,1645
412.417,45,898.3,13474,1684
412.467,44,879.6,13194,1649
412.517,45,899.2,13488,1686
412.567,45,899.0,13485,1686
412.617,44,879.1,13187,1648
412.667,45,897.5,13462,1683
412.717,45,897.9,13468,1684
412.767,45,899.0,13485,1686
412.817,44,877.7,13166,1646
412.868,45,897.9,13468,1683
412.918,45,896.2,13443,1680
412.968,45,897.9,13468,1684
413.018,44,879.5,13192,1649
413.068,45,898.7,13480,1685
413.118,45,897.4,13460,1683
413.168,45,898.0,13470,1684
413.218,44,878.0,13170,1646
413.268,45,898.7,13480,1685
413.319,44,879.0,13185,1648
413.369,45,896.6,13448,1681
413.419,44,879.8,13197,1650
413.469,45,898.9,13484,1685
413.519,44,879.8,13197,1650
413.569,45,897.3,13460,1682
413.619,45,897.5,13463,1683
413.669,44,877.7,13165,1646
413.719,45,897.1,13456,1682
413.769,44,877.6,13164,1646
413.820,45,898.9,13483,1685
413.870,44,879.0,13185,1648
413.920,45,897.4,13461,1683
413.970,45,898.9,13484,1685
414.020,44,878.7,13181,1648
414.070,45,896.8,13452,1681
414.120,44,877.5,13162,1645
414.170,45,898.0,13469,1684
414.220,44,878.9,13184,1648
414.271,45,897.6,13465,1683
414.321,45,898.2,13472,1684
414.371,44,879.2,13188,1648
414.421,45,899.2,13488,1686
414.471,44,879.6,13193,1649
414.521,45,899.7,13495,1687
414.571,44,879.2,13188,1648
414.621,45,898.9,13483,1685
414.671,44,877.3,13159,1645
414.721,45,899.1,13487,1686
414.771,44,878.8,13182,1648
414.821,45,898.4,13476,1684
414.871,44,878.0,13170,1646
414.921,45,898.3,13474,1684
414.972,44,878.4,13176,1647
415.022,45,897.9,13469,1684
415.072,44,875.7,13136,1642
415.122,45,898.1,13472,1684
415.172,44,878.0,13171,1646
415.222,45,897.7,13465,1683
415.272,45,897.2,13459,1682
415.323,44,878.0,13170,1646
415.373,44,879.9,13198,1650
415.423,45,897.0,13455,1682
415.473,44,879.3,13190,1649
415.523,45,896.8,13452,1681
415.573,44,879.3,13189,1649
415.623,45,898.0,13470,1684
415.673,44,878.9,13184,1648
415.723,44,877.7,13166,1646
415.773,45,899.8,13497,1687
415.823,44,878.0,13170,1646
415.873,44,880.0,13200,1650
415.923,45,897.9,13469,1684
415.974,44,877.5,13162,1645
416.024,45,896.7,13450,1681
416.074,44,879.0,13184,1648
416.124,44,878.0,13170,1646
416.174,45,897.6,13464,1683
416.224,44,877.1,13157,1645
416.274,44,879.6,13194,1649
416.324,45,897.5,13462,1683
416.375,44,876.6,13149,1644
416.425,45,897.0,13455,1682
416.475,44,879.1,13186,1648
416.525,44,877.7,13166,1646
416.575,45,897.6,13464,1683
416.625,44,877.9,13168,1646
416.675,45,897.8,13467,1683
416.725,46,918.8,13781,1723
416.776,45,897.9,13469,1684
416.826,46,917.7,13765,1721
416.876,45,898.5,13478,1685
416.926,46,919.0,13785,1723
416.976,46,917.2,13758,1720
417.026,46,919.7,13795,1724
417.076,46,917.2,13758,1720
417.126,47,935.9,14039,1755
417.176,46,919.3,13790,1724
417.226,47,939.3,14089,1761
417.277,47,937.5,14063,1758
417.327,47,937.6,14065,1758
417.377,47,938.7,14080,1760
417.427,47,937.3,14059,1757
417.477,47,938.4,14076,1760
417.527,47,939.8,14097,1762
417.577,48,958.7,14381,1798
417.627,47,936.4,14046,1756
417.677,48,956.9,14353,1794
417.727,47,939.8,14097,1762
417.778,48,957.5,14362,1795
417.828,48,957.1,14357,1795
417.878,48,956.6,14349,1794
417.928,47,938.1,14071,1759
417.978,48,958.2,14373,1797
418.028,48,957.3,14360,1795
418.078,48,957.9,14368,1796
418.128,48,959.8,14397,1800
418.178,48,958.3,14375,1797
418.229,48,957.5,14363,1795
418.279,48,957.0,14355,1794
418.329,48,957.5,14362,1795
418.379,49,976.9,14654,1832
418.429,48,954.8,14323,1790
418.479,48,958.3,14374,1797
418.529,48,958.9,14383,1798
418.580,48,957.6,14365,1796
418.630,48,956.0,14339,1792
418.680,48,957.8,14367,1796
418.730,47,938.3,14075,1759
418.780,48,959.4,14392,1799
418.830,48,959.9,14399,1800
418.880,47,939.2,14088,1761
418.930,48,960.0,14400,1800
418.980,47,937.6,14064,1758
419.030,48,959.7,14396,1799
419.080,47,937.4,14061,1758
419.130,48,957.0,14354,1794
419.181,47,937.8,14067,1758
419.231,48,957.4,14361,1795
419.281,47,938.9,14083,1760
419.331,48,959.9,14399,1800
419.381,47,937.8,14067,1758
419.431,48,959.8,14397,1800
419.481,47,938.9,14084,1760
419.531,48,958.7,14381,1798
419.581,47,936.9,14054,1757
419.631,47,938.8,14083,1760
419.681,48,959.6,14393,1799
419.731,47,939.2,14087,1761
419.782,48,956.4,14345,1793
419.832,47,938.8,14082,1760
419.882,47,938.7,14080,1760
419.932,48,957.6,14364,1795
419.982,47,937.2,14057,1757
420.032,48,958.2,14372,1797
420.082,48,956.7,14350,1794
420.132,47,939.8,14098,1762
420.182,48,957.5,14362,1795
420.232,48,957.9,14369,1796
420.283,48,958.4,14376,1797
420.333,48,957.4,14362,1795
420.383,49,976.3,14645,1831
420.433,48,959.1,14386,1798
420.483,49,977.6,14664,1833
420.533,49,978.7,14680,1835
420.583,49,979.9,14698,1837
420.633,50,996.5,14948,1868
420.683,50,998.6,14978,1872
420.733,49,978.8,14681,1835
420.783,50,999.6,14994,1874
420.834,50,998.6,14979,1872
420.884,50,997.2,14958,1870
420.934,51,1015.8,15236,1905
420.984,50,996.4,14946,1868
421.034,51,1019.8,15297,1912
421.084,50,998.8,14982,1873
421.134,51,1016.6,15249,1906
421.184,51,1017.0,15255,1907
421.235,50,997.9,14968,1871
421.285,51,1016.6,15249,1906
421.335,51,1018.1,15272,1909
421.385,51,1017.8,15267,1908
421.435,51,1018.8,15282,1910
421.485,50,998.6,14979,1872
421.535,51,1017.5,15263,1908
421.585,51,1019.9,15299,1912
421.635,51,1017.6,15264,1908
421.685,51,1018.8,15282,1910
421.735,51,1018.6,15280,1910
421.786,51,1016.1,15241,1905
421.836,51,1017.8,15267,1908
421.886,51,1018.1,15272,1909
421.936,50,999.7,14995,1874
421.986,51,1018.7,15281,1910
422.036,51,1018.4,15276,1909
422.086,51,1019.9,15299,1912
422.136,51,1020.0,15299,1912
422.186,51,1019.8,15298,1912
422.236,51,1016.2,15242,1905
422.286,51,1018.6,15279,1910
422.336,52,1038.8,15581,1948
422.386,51,1018.8,15282,1910
422.437,51,1014.7,15221,1903
422.487,51,1016.3,15244,1906
422.537,51,1017.0,15255,1907
422.587,51,1018.2,15274,1909
422.637,51,1018.6,15280,1910
422.687,51,1019.6,15294,1912
422.737,52,1039.2,15588,1949
422.787,51,1018.4,15276,1909
422.837,51,1018.0,15269,1909
422.888,51,1016.7,15251,1906
422.938,51,1019.3,15289,1911
422.988,52,1037.3,15560,1945
423.038,51,1018.6,15279,1910
423.088,51,1019.0,15285,1911
423.138,51,1017.3,15260,1908
423.188,51,1019.9,15299,1912
423.238,52,1039.3,15590,1949
423.288,51,1019.3,15289,1911
423.338,51,1019.8,15297,1912
423.388,51,1016.6,15249,1906
423.438,52,1036.3,15545,1943
423.488,51,1018.8,15282,1910
423.539,51,1017.0,15256,1907
423.589,52,1036.5,15547,1943
423.639,51,1018.8,15282,1910
423.689,52,1037.3,15560,1945
423.739,51,1017.2,15259,1907
423.789,51,1017.3,15260,1907
423.839,52,1037.6,15565,1946
423.889,51,1015.9,15238,1905
423.940,52,1036.6,15549,1944
423.990,51,1017.2,15258,1907
424.040,51,1016.8,15253,1907
424.090,52,1036.5,15548,1943
424.140,51,1019.4,15290,1911
424.190,52,1038.7,15580,1948
424.240,51,1018.5,15277,1910
424.290,51,1018.9,15284,1911
424.340,52,1036.9,15554,1944
424.391,51,1017.1,15257,1907
424.441,51,1017.8,15268,1908
424.491,52,1036.6,15549,1944
424.541,51,1017.7,15266,1908
424.591,51,1017.9,15269,1909
424.641,52,1039.2,15587,1948
424.691,51,1017.7,15265,1908
424.741,51,1018.6,15279,1910
424.791,52,1039.8,15597,1950
424.841,52,1037.7,15566,1946
424.892,51,1014.4,15216,1902
424.942,52,1037.9,15569,1946
424.992,53,1056.3,15844,1981
425.042,52,1036.9,15554,1944
425.092,52,1039.3,15589,1949
425.142,52,1037.3,15559,1945
425.192,52,1038.2,15573,1947
425.242,53,1059.9,15898,1987
425.292,52,1039.4,15591,1949
425.343,53,1058.4,15876,1985
425.393,52,1037.4,15561,1945
425.443,53,1058.7,15880,1985
425.493,53,1057.6,15864,1983
425.543,53,1055.8,15837,1980
425.593,53,1058.4,15876,1984
425.643,53,1056.4,15846,1981
425.693,53,1058.8,15882,1985
425.743,53,1057.6,15864,1983
425.793,53,1059.7,15896,1987
425.844,53,1054.4,15816,1977
425.894,54,1078.6,16179,2022
425.944,53,1057.6,15864,1983
425.994,53,1057.3,15860,1982
426.044,54,1078.4,16176,2022
426.094,53,1057.9,15869,1984
426.144,54,1078.5,16177,2022
426.194,53,1057.4,15861,1983
426.244,54,1078.3,16175,2022
426.295,54,1077.6,16164,2021
426.345,53,1058.6,15879,1985
426.395,54,1075.7,16136,2017
426.445,54,1077.6,16164,2020
426.495,54,1078.8,16182,2023
426.545,53,1057.3,15860,1982
426.595,54,1076.4,16146,2018
426.645,54,1079.8,16196,2025
426.695,54,1079.5,16193,2024
426.745,54,1078.8,16181,2023
426.796,53,1056.1,15842,1980
426.846,54,1078.0,16170,2021
426.896,54,1076.8,16152,2019
426.946,54,1077.3,16160,2020
426.996,54,1079.7,16195,2024
427.046,54,1077.8,16167,2021
427.096,54,1078.4,16175,2022
427.146,54,1078.8,16182,2023
427.196,54,1075.7,16135,2017
427.247,54,1077.3,16160,2020
427.297,54,1077.5,16162,2020
427.347,54,1077.3,16159,2020
427.397,54,1076.5,16147,2018
427.447,54,1079.9,16199,2025
427.497,54,1079.3,16190,2024
427.547,54,1078.0,16169,2021
427.597,54,1078.6,16179,2022
427.647,54,1077.0,16154,2019
427.697,54,1077.5,16162,2020
427.747,54,1079.9,16199,2025
427.797,54,1078.9,16183,2023
427.847,54,1079.8,16197,2025
427.898,55,1094.0,16410,2051
427.948,54,1076.8,16152,2019
427.998,55,1099.5,16493,2062
428.048,54,1077.9,16168,2021
428.098,55,1099.2,16489,2061
428.148,54,1080.0,16199,2025
428.198,55,1096.7,16450,2056
428.248,55,1096.4,16446,2056
428.298,55,1097.2,16458,2057
428.349,55,1096.3,16445,2056
428.399,55,1099.5,16492,2061
428.449,55,1098.0,16471,2059
428.499,55,1099.8,16497,2062
428.549,56,1117.1,16757,2095
428.599,55,1097.5,16462,2058
428.649,55,1095.4,16431,2054
428.699,56,1116.4,16746,2093
428.749,55,1099.1,16486,2061
428.800,55,1098.1,16471,2059
428.850,56,1116.3,16745,2093
428.900,55,1096.7,16451,2056
428.950,56,1118.6,16779,2097
429.000,55,1097.6,16463,2058
429.050,55,1099.5,16493,2062
429.100,56,1116.0,16741,2093
429.150,56,1119.5,16792,2099
429.200,55,1099.2,16488,2061
429.250,56,1118.9,16784,2098
429.300,55,1098.2,16473,2059
429.351,56,1115.2,16728,2091
429.401,56,1118.2,16773,2097
429.451,56,1118.0,16770,2096
429.501,55,1099.9,16499,2062
429.551,56,1117.0,16756,2094
429.601,56,1117.6,16764,2095
429.651,56,1118.9,16783,2098
429.701,56,1118.5,16777,2097
429.751,55,1097.3,16459,2057
429.801,56,1117.1,16756,2094
429.852,56,1117.3,16760,2095
429.902,56,1117.2,16758,2095
429.952,56,1118.8,16782,2098
430.002,56,1116.9,16753,2094
430.052,56,1114.4,16716,2090
430.102,56,1119.1,16787,2098
430.152,56,1117.0,16755,2094
430.202,56,1117.0,16755,2094
430.252,56,1117.8,16767,2096
430.303,56,1118.6,16779,2097
430.353,56,1117.0,16754,2094
430.403,56,1116.8,16753,2094
430.453,56,1114.3,16714,2089
430.503,56,1116.2,16744,2093
430.553,56,1117.1,16757,2095
430.603,56,1118.8,16783,2098
430.653,56,1119.5,16792,2099
430.704,56,1119.0,16785,2098
430.754,56,1117.2,16759,2095
430.804,56,1119.7,16796,2099
430.854,57,1136.1,17042,2130
430.904,56,1118.4,16776,2097
430.954,56,1118.8,16782,2098
431.004,56,1118.8,16782,2098
431.054,56,1119.6,16793,2099
431.104,56,1118.5,16777,2097
431.154,57,1137.4,17061,2133
431.204,56,1119.6,16794,2099
431.254,56,1114.3,16715,2089
431.305,57,1138.9,17084,2135
431.355,56,1117.3,16760,2095
431.405,56,1117.4,16761,2095
431.455,56,1117.0,16755,2094
431.505,57,1138.2,17072,2134
431.555,56,1117.4,16761,2095
431.605,56,1119.9,16799,2100
431.655,56,1119.0,16785,2098
431.705,57,1138.3,17074,2134
431.755,56,1119.0,16785,2098
431.805,56,1120.0,16800,2100
431.855,57,1137.0,17056,2132
431.905,56,1117.7,16765,2096
431.956,56,1119.3,16790,2099
432.006,56,1119.5,16792,2099
432.056,57,1137.7,17066,2133
432.106,56,1119.4,16791,2099
432.156,57,1136.1,17042,2130
432.206,56,1116.4,16746,2093
432.256,56,1118.7,16780,2098
432.306,57,1137.0,17054,2132
432.356,56,1115.9,16738,2092
432.407,56,1117.1,16757,2095
432.457,57,1137.1,17057,2132
432.507,56,1117.3,16760,2095
432.557,56,1119.7,16795,2099
432.607,57,1136.4,17045,2131
432.657,56,1118.6,16779,2097
432.707,56,1117.1,16757,2095
432.757,57,1137.4,17061,2133
432.807,56,1119.9,16798,2100
432.857,56,1117.3,16759,2095
432.907,56,1118.5,16777,2097
432.958,57,1136.8,17051,2131
433.008,56,1114.4,16716,2089
433.058,56,1119.0,16785,2098
433.108,56,1119.3,16790,2099
433.158,56,1119.9,16798,2100
433.208,57,1137.8,17067,2133
433.258,56,1117.3,16760,2095
433.308,56,1117.6,16764,2096
433.358,56,1117.6,16765,2096
433.409,57,1136.0,17040,2130
433.459,56,1119.7,16795,2099
433.509,56,1117.7,16766,2096
433.559,56,1116.9,16754,2094
433.609,57,1137.6,17064,2133
433.659,56,1118.2,16773,2097
433.709,56,1116.2,16743,2093
433.759,56,1119.9,16799,2100
433.809,57,1139.8,17097,2137
433.859,56,1117.5,16762,2095
433.909,56,1117.1,16756,2094
433.959,56,1118.6,16779,2097
434.010,57,1138.5,17078,2135
434.060,56,1119.1,16786,2098
434.110,56,1116.6,16749,2094
434.160,57,1136.0,17040,2130
434.210,56,1115.5,16732,2092
434.260,56,1118.7,16780,2097
434.310,56,1117.4,16761,2095
434.360,57,1138.6,17080,2135
434.410,56,1118.1,16771,2096
434.461,56,1116.9,16754,2094
434.511,56,1119.3,16790,2099
434.561,56,1117.7,16766,2096
434.611,57,1138.0,17070,2134
434.661,56,1116.2,16742,2093
434.711,56,1115.6,16733,2092
434.761,56,1118.5,16777,2097
434.811,56,1118.8,16782,2098
434.861,56,1118.9,16783,2098
434.911,57,1137.2,17058,2132
434.961,56,1119.7,16795,2099
435.012,56,1116.7,16751,2094
435.062,56,1117.6,16764,2096
435.112,56,1116.8,16751,2094
435.162,56,1116.4,16745,2093
435.212,56,1119.9,16798,2100
435.262,56,1116.4,16745,2093
435.312,56,1116.7,16751,2094
435.362,56,1117.4,16761,2095
435.413,56,1117.0,16755,2094
435.463,56,1120.0,16799,2100
435.513,56,1117.5,16762,2095
435.563,56,1119.4,16792,2099
435.613,56,1118.9,16783,2098
435.663,56,1117.2,16758,2095
435.713,56,1116.8,16751,2094
435.763,56,1116.6,16748,2094
435.813,56,1118.4,16776,2097
435.863,56,1120.0,16800,2100
435.913,56,1119.5,16792,2099
435.963,56,1117.8,16767,2096
436.013,56,1118.8,16783,2098
436.064,56,1117.2,16758,2095
436.114,56,1116.5,16747,2093
436.164,56,1117.3,16760,2095
436.214,56,1118.9,16783,2098
436.264,55,1097.2,16458,2057
436.314,56,1119.1,16787,2098
436.364,56,1119.2,16788,2099
436.414,56,1115.7,16735,2092
436.464,56,1117.8,16767,2096
436.514,56,1118.4,16777,2097
436.564,56,1119.9,16799,2100
436.615,56,1116.4,16746,2093
436.665,56,1116.6,16749,2094
436.715,56,1119.1,16786,2098
436.765,55,1098.5,16477,2060
436.815,56,1117.1,16756,2094
436.865,56,1118.7,16780,2097
436.915,56,1119.7,16796,2100
436.965,56,1117.9,16768,2096
437.015,56,1119.8,16796,2100
437.065,56,1118.2,16773,2097
437.115,56,1117.2,16757,2095
437.165,55,1099.9,16499,2062
437.216,56,1115.9,16739,2092
437.266,56,1117.1,16757,2095
437.316,56,1116.8,16752,2094
437.366,56,1119.2,16787,2098
437.416,56,1120.0,16800,2100
437.466,56,1118.6,16779,2097
437.516,56,1119.1,16786,2098
437.566,56,1117.1,16757,2095
437.616,56,1116.1,16742,2093
437.666,56,1120.0,16799,2100
437.716,56,1118.1,16771,2096
437.766,56,1117.5,16763,2095
437.817,56,1118.5,16777,2097
437.867,56,1114.1,16712,2089
437.917,56,1117.7,16766,2096
437.967,56,1118.6,16779,2097
438.017,55,1099.8,16497,2062
438.067,56,1118.5,16778,2097
438.117,56,1115.9,16739,2092
438.167,56,1116.1,16742,2093
438.217,56,1119.5,16793,2099
438.267,56,1118.6,16779,2097
438.318,56,1117.1,16756,2094
438.368,56,1117.2,16758,2095
438.418,56,1117.3,16759,2095
438.468,55,1099.9,16499,2062
438.518,56,1116.7,16750,2094
438.568,56,1117.8,16767,2096
438.618,56,1117.3,16759,2095
438.668,56,1118.5,16778,2097
438.718,56,1118.5,16777,2097
438.768,56,1119.8,16796,2100
438.819,55,1096.8,16452,2056
438.869,56,1118.1,16771,2096
438.919,56,1117.0,16756,2094
438.969,56,1117.2,16758,2095
439.019,56,1119.1,16786,2098
439.069,56,1116.3,16745,2093
439.119,56,1116.4,16746,2093
439.169,56,1117.1,16756,2095
439.219,56,1117.7,16765,2096
439.270,56,1118.4,16776,2097
439.320,55,1098.5,16478,2060
439.370,56,1116.0,16740,2093
439.420,56,1119.5,16792,2099
439.470,56,1118.9,16784,2098
439.520,56,1115.8,16736,2092
439.570,56,1117.0,16755,2094
439.620,56,1114.2,16713,2089
439.670,56,1119.4,16791,2099
439.721,56,1118.8,16782,2098
439.771,56,1118.4,16775,2097
439.821,55,1099.9,16499,2062
439.871,56,1117.2,16759,2095
439.921,56,1114.7,16720,2090
439.971,56,1119.0,16784,2098
440.021,56,1117.8,16768,2096
440.071,56,1117.2,16757,2095
440.121,56,1118.9,16783,2098
440.171,56,1119.6,16793,2099
440.222,56,1113.9,16709,2089
440.272,56,1117.6,16764,2096
440.322,56,1117.9,16768,2096
440.372,56,1118.2,16773,2097
440.422,56,1118.3,16775,2097
440.472,56,1114.7,16720,2090
440.522,56,1114.4,16715,2089
440.573,56,1117.8,16767,2096
440.623,56,1119.7,16795,2099
440.673,55,1099.8,16497,2062
440.723,56,1119.9,16799,2100
440.773,56,1117.2,16758,2095
440.823,56,1119.1,16787,2098
440.873,56,1118.8,16783,2098
440.923,56,1117.2,16758,2095
440.973,56,1118.2,16773,2097
441.023,56,1117.7,16766,2096
441.073,56,1116.5,16748,2094
441.123,56,1115.7,16736,2092
441.174,56,1114.5,16718,2090
441.224,56,1118.7,16781,2098
441.274,56,1119.3,16790,2099
441.324,55,1099.0,16485,2061
441.374,56,1117.7,16766,2096
441.424,56,1116.9,16754,2094
441.474,57,1135.9,17038,2130
441.524,55,1098.4,16475,2059
441.574,56,1118.9,16783,2098
441.624,56,1118.8,16781,2098
441.674,56,1119.7,16795,2099
441.724,56,1119.8,16798,2100
441.774,56,1119.1,16787,2098
441.824,56,1119.6,16794,2099
441.875,56,1118.0,16770,2096
441.925,55,1099.3,16490,2061
441.975,56,1115.7,16736,2092
442.025,56,1117.4,16760,2095
442.075,57,1135.5,17033,2129
442.125,56,1115.8,16737,2092
442.175,56,1117.3,16760,2095
442.225,55,1099.9,16498,2062
442.276,57,1134.1,17012,2127
442.326,56,1116.4,16746,2093
442.376,56,1117.0,16755,2094
442.426,56,1116.4,16746,2093
442.476,56,1118.2,16774,2097
442.526,56,1118.7,16781,2098
442.576,56,1119.5,16792,2099
442.626,56,1118.9,16784,2098
442.676,56,1118.3,16775,2097
442.727,56,1116.5,16748,2094
442.777,56,1116.6,16749,2094
442.827,56,1115.8,16737,2092
442.877,56,1116.1,16741,2093
442.927,56,1119.9,16798,2100
442.977,56,1117.2,16759,2095
443.027,56,1117.3,16759,2095
443.077,56,1117.1,16756,2095
443.128,56,1116.8,16751,2094
443.178,56,1119.6,16794,2099
443.228,56,1118.4,16777,2097
443.278,56,1119.7,16795,2099
443.328,56,1117.2,16757,2095
443.378,56,1118.8,16782,2098
443.428,56,1116.7,16751,2094
443.478,56,1119.0,16786,2098
443.528,56,1116.4,16746,2093
443.578,57,1136.5,17047,2131
443.629,56,1117.4,16762,2095
443.679,56,1116.7,16750,2094
443.729,56,1116.4,16746,2093
443.779,56,1119.8,16798,2100
443.829,56,1117.1,16757,2095
443.879,56,1116.4,16745,2093
443.929,56,1116.9,16754,2094
443.979,56,1118.5,16777,2097
444.029,56,1119.3,16790,2099
444.080,56,1116.5,16748,2093
444.130,56,1115.4,16731,2091
444.180,56,1116.3,16744,2093
444.230,56,1116.8,16752,2094
444.280,56,1117.0,16755,2094
444.330,56,1117.9,16768,2096
444.381,57,1134.0,17010,2126
444.431,56,1115.5,16732,2092
444.481,56,1119.2,16789,2099
444.531,56,1118.6,16779,2097
444.581,56,1119.9,16799,2100
444.631,56,1118.7,16781,2098
444.681,56,1115.8,16737,2092
444.731,56,1115.4,16731,2091
444.781,56,1117.1,16756,2095
444.831,56,1119.0,16785,2098
444.882,57,1137.3,17060,2132
444.932,56,1118.6,16780,2097
444.982,56,1117.5,16762,2095
445.032,56,1119.6,16795,2099
445.082,56,1116.7,16751,2094
445.132,56,1118.7,16780,2097
445.182,56,1116.4,16746,2093
445.232,56,1118.4,16777,2097
445.282,56,1119.5,16793,2099
445.332,57,1135.8,17037,2130
445.383,56,1116.3,16744,2093
445.433,56,1119.9,16798,2100
445.483,56,1117.4,16762,2095
445.533,56,1119.9,16798,2100
445.583,56,1118.5,16778,2097
445.633,56,1116.0,16740,2092
445.683,56,1119.5,16793,2099
445.733,56,1116.6,16749,2094
445.783,56,1118.1,16771,2096
445.833,57,1136.1,17041,2130
445.884,56,1113.8,16707,2088
445.934,56,1116.1,16742,2093
445.984,56,1117.2,16758,2095
446.034,56,1117.5,16762,2095
446.084,56,1118.6,16779,2097
446.134,55,1097.9,16469,2059
446.184,56,1117.4,16761,2095
446.234,56,1119.4,16792,2099
446.285,56,1116.8,16752,2094
446.335,56,1118.8,16783,2098
446.385,56,1119.6,16794,2099
446.435,56,1117.3,16760,2095
446.485,56,1117.1,16756,2095
446.535,55,1097.3,16459,2057
446.585,56,1117.2,16758,2095
446.635,56,1117.3,16760,2095
446.685,56,1119.9,16798,2100
446.735,56,1118.2,16773,2097
446.785,56,1116.3,16745,2093
446.835,55,1100.0,16499,2062
446.886,56,1117.3,16759,2095
446.936,56,1117.7,16766,2096
446.986,56,1118.6,16779,2097
447.036,56,1116.7,16750,2094
447.086,56,1115.7,16736,2092
447.136,55,1095.6,16434,2054
447.186,56,1117.7,16765,2096
447.236,56,1117.9,16768,2096
447.287,56,1119.6,16793,2099
447.337,56,1118.2,16773,2097
447.387,55,1099.4,16491,2061
447.437,56,1119.7,16795,2099
447.487,56,1117.1,16756,2094
447.537,56,1118.0,16770,2096
447.587,55,1099.0,16485,2061
447.637,56,1119.7,16795,2099
447.687,56,1116.5,16748,2093
447.737,56,1116.9,16754,2094
447.787,56,1118.7,16780,2098
447.837,55,1097.5,16462,2058
447.887,56,1119.4,16791,2099
447.938,56,1116.3,16744,2093
447.988,56,1119.9,16799,2100
448.038,56,1117.0,16755,2094
448.088,56,1116.3,16744,2093
448.138,55,1098.1,16471,2059
448.188,56,1116.4,16746,2093
448.238,56,1119.7,16795,2099
448.288,56,1119.9,16798,2100
448.338,56,1115.8,16737,2092
448.388,56,1117.2,16757,2095
448.439,55,1098.2,16474,2059
448.489,56,1118.4,16776,2097
448.539,56,1119.0,16786,2098
448.589,56,1117.1,16757,2095
448.639,56,1117.9,16768,2096
448.689,56,1117.2,16758,2095
448.739,56,1118.3,16774,2097
448.789,56,1119.7,16796,2100
448.839,56,1119.4,16791,2099
448.889,56,1118.0,16770,2096
448.939,56,1117.4,16762,2095
448.989,55,1098.7,16481,2060
449.040,57,1133.7,17005,2126
449.090,56,1117.5,16763,2095
449.140,56,1116.0,16740,2092
449.190,56,1117.0,16755,2094
449.240,56,1119.7,16796,2100
449.290,56,1116.0,16740,2093
449.340,56,1117.6,16765,2096
449.391,56,1116.2,16742,2093
449.441,56,1116.5,16747,2093
449.491,56,1117.4,16761,2095
449.541,56,1119.8,16796,2100
449.591,56,1118.9,16783,2098
449.641,56,1118.5,16778,2097
449.691,57,1137.3,17060,2132
449.741,56,1118.9,16783,2098
449.791,56,1119.8,16797,2100
449.841,56,1117.3,16759,2095
449.891,56,1118.3,16775,2097
449.941,56,1120.0,16799,2100
449.991,56,1119.2,16788,2098
450.041,56,1118.6,16779,2097
450.091,56,1119.7,16796,2100
450.142,56,1116.8,16752,2094
450.192,56,1116.8,16752,2094
450.242,56,1119.9,16798,2100
450.292,56,1119.7,16795,2099
450.342,56,1120.0,16799,2100
450.392,57,1136.6,17049,2131
450.442,56,1118.3,16775,2097
450.492,56,1118.6,16779,2097
450.542,56,1116.4,16746,2093
450.592,57,1135.7,17036,2130
450.642,56,1118.4,16776,2097
450.693,56,1117.7,16765,2096
450.743,56,1116.7,16751,2094
450.793,57,1136.0,17040,2130
450.843,56,1118.6,16779,2097
450.893,56,1118.6,16779,2097
450.943,56,1119.7,16795,2099
450.993,57,1136.3,17044,2131
451.043,56,1118.7,16780,2098
451.093,56,1119.6,16794,2099
451.143,56,1118.5,16778,2097
451.193,56,1118.9,16784,2098
451.243,57,1139.8,17097,2137
451.293,56,1119.9,16799,2100
451.344,56,1115.8,16738,2092
451.394,56,1119.5,16793,2099
451.444,56,1117.4,16761,2095
451.494,57,1136.1,17041,2130
451.544,56,1116.2,16743,2093
451.594,56,1119.9,16798,2100
451.644,57,1138.7,17081,2135
451.694,56,1116.8,16753,2094
451.744,56,1116.1,16742,2093
451.794,56,1120.0,16800,2100
451.845,57,1135.5,17032,2129
451.895,56,1119.0,16784,2098
451.945,56,1119.0,16784,2098
451.995,56,1119.4,16791,2099
452.045,57,1135.8,17037,2130
452.095,56,1118.3,16775,2097
452.145,56,1119.0,16785,2098
452.195,56,1118.1,16771,2096
452.245,57,1137.1,17056,2132
452.295,56,1116.3,16744,2093
452.346,56,1118.7,16781,2098
452.396,57,1137.3,17059,2132
452.446,56,1118.5,16777,2097
452.496,56,1117.5,16762,2095
452.546,56,1120.0,16800,2100
452.596,56,1118.6,16780,2097
452.646,57,1140.0,17100,2137
452.696,56,1118.7,16780,2097
452.746,56,1117.0,16755,2094
452.796,56,1119.9,16798,2100
452.846,57,1135.5,17033,2129
452.896,56,1116.3,16745,2093
452.946,57,1138.5,17078,2135
452.997,56,1117.5,16763,2095
453.047,56,1119.4,16791,2099
453.097,56,1118.4,16777,2097
453.147,57,1139.1,17086,2136
453.197,56,1117.0,16755,2094
453.247,56,1119.9,16798,2100
453.297,56,1118.0,16771,2096
453.347,57,1138.8,17083,2135
453.397,56,1117.6,16763,2095
453.447,56,1118.4,16776,2097
453.497,57,1137.1,17057,2132
453.548,56,1115.9,16738,2092
453.598,57,1136.1,17042,2130
453.648,56,1117.2,16758,2095
453.698,56,1118.2,16773,2097
453.748,56,1118.9,16784,2098
453.798,57,1136.9,17054,2132
453.848,56,1119.9,16799,2100
453.898,56,1118.6,16779,2097
453.948,57,1138.1,17071,2134
453.998,56,1117.1,16757,2095
454.048,56,1118.3,16774,2097
454.099,57,1135.9,17039,2130
454.149,56,1119.8,16797,2100
454.199,56,1118.6,16778,2097
454.249,57,1136.6,17048,2131
454.299,56,1119.1,16787,2098
454.349,56,1118.8,16781,2098
454.399,56,1118.6,16779,2097
454.449,57,1133.9,17008,2126
454.499,57,1135.9,17039,2130
454.550,56,1115.6,16733,2092
454.600,56,1119.2,16787,2098
454.650,57,1138.4,17076,2135
454.700,56,1117.6,16764,2095
454.750,56,1119.4,16791,2099
454.800,57,1138.1,17071,2134
454.850,56,1119.8,16797,2100
454.900,56,1118.5,16777,2097
454.950,57,1139.0,17085,2136
455.000,56,1118.9,16784,2098
455.050,56,1117.4,16761,2095
455.100,57,1136.4,17046,2131
455.150,56,1118.3,16775,2097
455.201,56,1118.3,16774,2097
455.251,57,1139.0,17085,2136
455.301,56,1114.0,16709,2089
455.351,56,1118.6,16779,2097
455.401,57,1135.8,17037,2130
455.451,56,1118.9,16783,2098
455.501,56,1118.9,16784,2098
455.551,57,1137.0,17054,2132
455.601,56,1117.4,16761,2095
455.652,57,1137.0,17056,2132
455.702,56,1119.6,16793,2099
455.752,56,1118.9,16783,2098
455.802,57,1139.7,17096,2137
455.852,56,1117.7,16766,2096
455.902,56,1115.0,16726,2091
455.952,57,1139.1,17087,2136
456.002,56,1119.7,16796,2099
456.052,56,1119.9,16798,2100
456.102,57,1139.2,17088,2136
456.152,56,1118.1,16772,2097
456.202,56,1119.5,16792,2099
456.252,56,1119.4,16791,2099
456.302,57,1140.0,17100,2137
456.352,56,1116.5,16747,2093
456.402,56,1118.2,16773,2097
456.453,57,1136.4,17046,2131
456.503,56,1118.7,16781,2098
456.553,57,1137.6,17064,2133
456.603,56,1118.4,16776,2097
456.653,56,1118.7,16781,2098
456.703,56,1119.3,16790,2099
456.753,57,1136.8,17052,2131
456.803,56,1117.2,16758,2095
456.853,57,1135.1,17027,2128
456.903,56,1119.2,16788,2098
456.954,56,1116.7,16750,2094
457.004,57,1138.8,17082,2135
457.054,56,1118.5,16778,2097
457.104,56,1117.5,16763,2095
457.154,57,1137.1,17056,2132
457.204,56,1117.2,16758,2095
457.254,56,1118.5,16777,2097
457.304,57,1138.0,17071,2134
457.354,56,1117.4,16761,2095
457.404,56,1117.8,16768,2096
457.455,57,1138.0,17070,2134
457.505,56,1115.8,16738,2092
457.555,57,1137.5,17062,2133
457.605,56,1116.0,16739,2092
457.655,56,1119.9,16798,2100
457.705,57,1139.0,17085,2136
457.755,56,1118.0,16770,2096
457.805,56,1118.9,16783,2098
457.855,57,1139.8,17097,2137
457.905,56,1116.9,16754,2094
457.955,57,1137.6,17064,2133
458.006,56,1118.8,16782,2098
458.056,56,1119.5,16793,2099
458.106,57,1135.8,17038,2130
458.156,56,1118.8,16782,2098
458.206,56,1119.9,16799,2100
458.256,57,1138.8,17082,2135
458.306,56,1116.9,16753,2094
458.356,56,1119.9,16799,2100
458.406,56,1114.3,16714,2089
458.456,55,1097.5,16463,2058
458.506,55,1099.2,16488,2061
458.556,54,1079.0,16186,2023
458.606,54,1079.5,16192,2024
458.656,53,1059.5,15893,1987
458.707,53,1056.1,15841,1980
458.757,52,1038.4,15576,1947
458.807,52,1036.9,15553,1944
458.857,51,1018.9,15284,1910
458.907,51,1017.5,15262,1908
458.957,51,1016.7,15251,1906
459.007,50,996.3,14944,1868
459.057,50,999.3,14989,1874
459.108,49,978.2,14672,1834
459.158,49,977.9,14669,1834
459.208,49,976.0,14640,1830
459.258,48,958.6,14379,1797
459.308,48,957.8,14367,1796
459.358,48,957.2,14358,1795
459.408,47,938.1,14072,1759
459.458,47,939.1,14086,1761
459.508,48,957.2,14358,1795
459.559,47,937.9,14068,1758
459.609,47,938.0,14070,1759
459.659,47,938.8,14081,1760
459.709,47,938.7,14081,1760
459.759,47,939.9,14099,1762
459.809,47,939.1,14086,1761
459.859,48,956.1,14341,1793
459.909,49,976.6,14649,1831
459.959,48,958.8,14381,1798
460.010,50,994.9,14923,1865
460.060,49,978.8,14683,1835
460.110,50,996.1,14942,1868
460.160,50,998.0,14969,1871
460.210,50,998.5,14978,1872
460.260,51,1018.6,15279,1910
460.310,51,1018.0,15270,1909
460.360,51,1019.3,15289,1911
460.410,52,1036.6,15549,1944
460.461,52,1037.3,15559,1945
460.511,52,1039.1,15586,1948
460.561,52,1039.6,15594,1949
460.611,52,1038.8,15582,1948
460.661,53,1058.4,15876,1985
460.711,52,1038.7,15580,1948
460.761,53,1059.0,15885,1986
460.811,53,1058.0,15870,1984
460.861,54,1077.0,16155,2019
460.911,53,1059.3,15889,1986
460.961,54,1078.8,16182,2023
461.011,54,1076.7,16151,2019
461.061,53,1059.2,15888,1986
461.112,54,1076.5,16147,2018
461.162,55,1098.6,16479,2060
461.212,54,1076.3,16145,2018
461.262,54,1076.9,16154,2019
461.312,55,1097.0,16454,2057
461.362,54,1079.0,16186,2023
461.412,55,1099.4,16490,2061
461.462,54,1079.1,16187,2023
461.512,55,1098.9,16483,2060
461.562,55,1100.0,16500,2062
461.612,55,1098.4,16477,2060
461.662,55,1096.1,16441,2055
461.713,55,1097.1,16456,2057
461.763,55,1099.9,16498,2062
461.813,55,1099.8,16496,2062
461.863,55,1096.5,16448,2056
461.913,55,1098.7,16480,2060
461.963,55,1097.1,16457,2057
462.013,56,1115.7,16735,2092
462.063,55,1097.3,16459,2057
462.113,55,1098.0,16470,2059
462.164,55,1096.2,16443,2055
462.214,56,1118.7,16781,2098
462.264,55,1098.7,16481,2060
462.314,55,1097.4,16461,2058
462.364,56,1117.2,16758,2095
462.414,55,1097.9,16468,2058
462.464,56,1117.8,16766,2096
462.514,55,1099.9,16498,2062
462.564,56,1118.6,16779,2097
462.614,55,1098.5,16477,2060
462.664,56,1119.2,16788,2098
462.714,55,1097.4,16460,2058
462.764,56,1118.7,16781,2098
462.814,55,1099.9,16499,2062
462.865,56,1117.8,16767,2096
462.915,55,1099.6,16493,2062
462.965,56,1119.8,16796,2100
463.015,55,1099.9,16498,2062
463.065,56,1119.0,16784,2098
463.115,55,1098.6,16480,2060
463.165,56,1118.2,16773,2097
463.215,56,1117.7,16766,2096
463.265,55,1099.1,16487,2061
463.315,56,1117.4,16761,2095
463.365,56,1119.5,16792,2099
463.415,55,1098.0,16470,2059
463.465,56,1118.5,16778,2097
463.515,56,1115.9,16739,2092
463.566,56,1116.1,16742,2093
463.616,55,1099.1,16486,2061
463.666,56,1118.1,16772,2097
463.716,56,1117.9,16769,2096
463.766,56,1117.7,16765,2096
463.816,55,1097.7,16466,2058
463.866,56,1116.8,16753,2094
463.916,56,1115.6,16734,2092
463.966,55,1097.6,16464,2058
464.017,56,1114.1,16711,2089
464.067,56,1115.8,16736,2092
464.117,55,1097.4,16460,2058
464.167,55,1097.2,16458,2057
464.217,56,1118.6,16780,2097
464.267,55,1097.4,16461,2058
464.317,55,1098.2,16473,2059
464.368,55,1096.5,16447,2056
464.418,55,1097.4,16462,2058
464.468,55,1094.0,16410,2051
464.518,54,1076.2,16143,2018
464.568,55,1097.3,16460,2058
464.618,54,1077.1,16156,2019
464.669,54,1076.7,16151,2019
464.719,53,1057.3,15859,1982
464.769,54,1079.6,16193,2024
464.819,53,1058.8,15882,1985
464.869,53,1057.1,15857,1982
464.919,53,1059.3,15889,1986
464.969,52,1039.9,15598,1950
465.019,51,1019.3,15290,1911
465.069,52,1038.8,15581,1948
465.119,51,1016.2,15244,1905
465.169,51,1018.7,15280,1910
465.219,51,1018.8,15281,1910
465.270,51,1016.4,15245,1906
465.320,50,998.9,14983,1873
465.370,49,976.7,14651,1831
465.420,50,998.2,14972,1872
465.470,49,975.0,14625,1828
465.520,48,955.0,14325,1791
465.571,48,957.0,14355,1794
465.621,48,957.5,14362,1795
465.671,47,937.7,14066,1758
465.721,47,939.1,14087,1761
465.771,47,939.2,14089,1761
465.821,47,939.1,14086,1761
465.871,47,936.7,14050,1756
465.921,47,935.0,14025,1753
465.971,46,919.1,13786,1723
466.021,46,920.0,13800,1725
466.072,46,917.9,13769,1721
466.122,46,917.7,13765,1721
466.172,46,918.9,13783,1723
466.222,46,916.6,13748,1719
466.272,46,917.5,13763,1720
466.322,45,899.8,13497,1687
466.372,45,896.7,13451,1681
466.422,46,916.5,13748,1718
466.473,45,897.9,13469,1684
466.523,46,919.1,13787,1723
466.573,45,896.7,13450,1681
466.623,45,899.6,13494,1687
466.673,45,898.1,13471,1684
466.723,45,899.7,13496,1687
466.773,45,898.9,13483,1685
466.823,46,916.7,13751,1719
466.873,45,897.5,13462,1683
466.923,45,899.5,13493,1687
466.973,45,898.3,13475,1684
467.023,45,898.8,13482,1685
467.074,45,897.8,13467,1683
467.124,45,896.8,13452,1681
467.174,45,897.7,13465,1683
467.224,45,898.0,13469,1684
467.274,45,897.6,13464,1683
467.324,44,879.1,13186,1648
467.374,45,897.6,13464,1683
467.424,45,898.6,13480,1685
467.475,45,898.0,13469,1684
467.525,45,899.9,13498,1687
467.575,45,897.2,13458,1682
467.625,44,879.3,13189,1649
467.675,45,898.8,13482,1685
467.725,45,897.9,13468,1684
467.775,45,896.9,13453,1682
467.825,45,899.2,13488,1686
467.875,44,878.6,13178,1647
467.925,45,899.1,13486,1686
467.975,45,899.1,13487,1686
468.025,44,877.7,13165,1646
468.076,45,897.9,13468,1684
468.126,45,899.2,13488,1686
468.176,44,877.0,13155,1644
468.226,45,899.6,13494,1687
468.276,45,897.5,13463,1683
468.326,44,875.1,13127,1641
468.376,45,897.8,13466,1683
468.426,45,897.9,13469,1684
468.476,44,879.1,13187,1648
468.527,45,897.7,13466,1683
468.577,45,898.7,13481,1685
468.627,44,879.1,13187,1648
468.677,45,898.5,13478,1685
468.727,44,878.1,13172,1646
468.777,45,898.9,13484,1686
468.827,45,897.5,13462,1683
468.877,44,877.9,13169,1646
468.927,45,896.4,13446,1681
468.978,45,899.2,13488,1686
469.028,44,877.6,13163,1645
469.078,45,896.8,13452,1681
469.128,45,896.4,13446,1681
469.178,44,879.6,13195,1649
469.228,45,897.4,13461,1683
469.278,44,879.5,13192,1649
469.328,45,897.5,13462,1683
469.378,45,899.4,13491,1686
469.428,44,879.1,13187,1648
469.479,45,896.6,13448,1681
469.529,44,878.9,13183,1648
469.579,45,898.9,13483,1685
469.629,45,897.8,13468,1683
469.679,44,879.9,13199,1650
469.729,45,897.9,13468,1683
469.779,44,878.4,13176,1647
469.829,45,898.7,13480,1685
469.879,45,899.2,13488,1686
469.929,44,878.1,13171,1646
469.979,45,899.0,13485,1686
470.030,45,897.8,13466,1683
470.080,44,879.0,13185,1648
470.130,45,897.0,13455,1682
470.180,45,898.3,13475,1684
470.230,44,879.1,13186,1648
470.280,45,899.9,13499,1687
470.330,45,900.0,13500,1687
470.380,44,879.8,13197,1650
470.430,45,899.2,13487,1686
470.480,45,895.6,13433,1679
470.530,44,878.9,13183,1648
470.580,45,899.9,13499,1687
470.630,45,898.6,13480,1685
470.680,44,879.1,13187,1648
470.730,45,900.0,13500,1687
470.781,44,877.6,13164,1645
470.831,45,898.8,13482,1685
470.881,44,877.1,13157,1645
470.931,45,898.7,13480,1685
470.981,45,899.2,13488,1686
471.031,44,880.0,13200,1650
471.081,45,897.7,13466,1683
471.131,44,878.8,13182,1648
471.181,45,899.8,13497,1687
471.231,44,878.1,13171,1646
471.281,45,898.3,13475,1684
471.331,45,897.5,13462,1683
471.381,44,879.6,13194,1649
471.431,45,899.6,13494,1687
471.482,44,877.1,13157,1645
471.532,45,897.6,13464,1683
471.582,45,896.7,13451,1681
471.632,45,898.0,13471,1684
471.682,44,878.5,13178,1647
471.732,45,899.4,13490,1686
471.782,45,896.7,13450,1681
471.833,45,897.6,13464,1683
471.883,45,899.1,13486,1686
471.933,45,899.7,13495,1687
471.983,44,879.2,13188,1649
472.033,45,900.0,13499,1687
472.083,45,899.3,13490,1686
472.133,45,896.8,13452,1682
472.183,45,898.7,13480,1685
472.233,45,899.1,13487,1686
472.283,45,899.2,13488,1686
472.333,45,897.7,13466,1683
472.383,45,898.4,13476,1685
472.433,45,899.3,13490,1686
472.483,45,897.9,13468,1683
472.534,45,897.7,13465,1683
472.584,45,896.9,13454,1682
472.634,45,897.3,13460,1683
472.684,45,899.2,13488,1686
472.734,45,899.6,13495,1687
472.784,44,879.0,13185,1648
472.834,45,899.6,13494,1687
472.884,45,899.2,13488,1686
472.934,45,897.2,13458,1682
472.984,45,897.8,13466,1683
473.035,46,915.1,13726,1716
473.085,45,899.6,13494,1687
473.135,45,899.4,13491,1686
473.185,45,898.7,13480,1685
473.235,45,897.1,13456,1682
473.285,45,899.2,13489,1686
473.335,45,899.2,13488,1686
473.385,45,897.9,13468,1683
473.435,45,900.0,13499,1687
473.485,45,896.7,13451,1681
473.535,45,897.3,13459,1682
473.585,45,899.7,13496,1687
473.635,45,899.6,13494,1687
473.686,46,915.4,13731,1716
473.736,45,900.0,13500,1687
473.786,45,897.6,13464,1683
473.836,45,898.3,13474,1684
473.886,45,898.7,13481,1685
473.936,45,897.7,13466,1683
473.986,45,899.1,13486,1686
474.036,44,879.8,13198,1650
474.086,45,897.8,13467,1683
474.136,45,898.9,13483,1685
474.186,45,899.9,13498,1687
474.237,45,897.6,13464,1683
474.287,45,898.2,13474,1684
474.337,45,898.7,13480,1685
474.387,45,898.7,13481,1685
474.437,44,879.0,13185,1648
474.487,45,899.0,13485,1686
474.537,45,899.8,13497,1687
474.587,45,898.7,13481,1685
474.637,45,896.0,13440,1680
474.687,44,877.6,13164,1645
474.737,45,899.1,13487,1686
474.787,45,897.4,13461,1683
474.838,45,897.9,13468,1683
474.888,45,896.3,13445,1681
474.938,45,899.1,13487,1686
474.988,44,879.8,13198,1650
475.038,45,896.7,13451,1681
475.088,45,896.8,13452,1682
475.138,45,899.7,13496,1687
475.188,44,878.0,13170,1646
475.238,45,899.9,13499,1687
475.289,45,896.6,13449,1681
475.339,45,896.9,13453,1682
475.389,45,899.8,13497,1687
475.439,44,877.7,13166,1646
475.489,45,898.0,13470,1684
475.539,45,898.5,13478,1685
475.589,44,880.0,13200,1650
475.639,45,899.5,13492,1687
475.689,45,898.5,13478,1685
475.739,45,898.2,13472,1684
475.789,44,878.5,13177,1647
475.840,45,897.2,13458,1682
475.890,45,897.3,13459,1682
475.940,44,879.0,13185,1648
475.990,45,897.8,13467,1683
476.040,45,899.0,13485,1686
476.090,44,878.4,13176,1647
476.140,45,899.0,13485,1686
476.190,45,898.0,13470,1684
476.240,44,877.2,13158,1645
476.290,45,899.0,13486,1686
476.341,45,897.0,13454,1682
476.391,44,876.6,13149,1644
476.441,45,898.7,13481,1685
476.491,44,878.8,13182,1648
476.541,45,899.0,13486,1686
476.591,45,898.0,13469,1684
476.641,44,876.7,13151,1644
476.691,45,897.2,13457,1682
476.741,45,898.4,13475,1684
476.792,44,879.0,13184,1648
476.842,45,899.8,13498,1687
476.892,45,899.2,13488,1686
476.942,44,879.2,13188,1648
476.992,45,899.6,13494,1687
477.042,45,897.9,13468,1684
477.092,44,878.1,13171,1646
477.142,45,898.6,13479,1685
477.192,45,899.9,13498,1687
477.242,44,879.7,13195,1649
477.292,45,898.1,13471,1684
477.342,45,896.6,13449,1681
477.392,44,877.7,13166,1646
477.443,45,898.0,13470,1684
477.493,45,898.7,13480,1685
477.543,44,876.7,13150,1644
477.593,45,899.3,13490,1686
477.643,45,899.7,13496,1687
477.693,44,879.8,13196,1650
477.743,45,896.9,13453,1682
477.793,44,877.8,13167,1646
477.843,45,897.9,13468,1683
477.893,44,878.4,13176,1647
477.943,45,899.1,13487,1686
477.993,45,899.0,13485,1686
478.044,44,877.3,13159,1645
478.094,45,897.8,13466,1683
478.144,45,898.5,13477,1685
478.194,44,879.9,13199,1650
478.244,45,899.2,13488,1686
478.294,44,877.8,13166,1646
478.344,45,898.0,13470,1684
478.394,45,897.5,13462,1683
478.444,45,898.7,13480,1685
478.495,44,876.7,13151,1644
478.545,45,898.9,13483,1685
478.595,45,896.9,13454,1682
478.645,45,898.6,13479,1685
478.695,44,876.9,13154,1644
478.745,45,896.9,13453,1682
478.795,45,898.6,13479,1685
478.845,45,898.6,13479,1685
478.896,44,877.1,13157,1645
478.946,45,899.1,13487,1686
478.996,45,897.2,13459,1682
479.046,45,897.8,13467,1683
479.096,44,878.6,13178,1647
479.146,45,899.3,13489,1686
479.196,45,899.9,13499,1687
479.246,45,897.0,13455,1682
479.296,44,879.5,13192,1649
479.346,45,898.1,13471,1684
479.396,45,897.9,13469,1684
479.447,45,895.1,13426,1678
479.497,44,878.9,13184,1648
479.547,45,896.9,13453,1682
479.597,45,898.9,13483,1685
479.647,44,878.1,13171,1646
479.697,45,898.5,13477,1685
479.747,45,896.9,13454,1682
479.797,45,899.9,13498,1687
479.847,44,877.6,13164,1646
479.897,45,899.9,13499,1687
479.948,45,897.1,13456,1682
479.998,44,878.5,13177,1647
480.048,45,898.2,13473,1684
480.098,45,899.8,13497,1687
480.148,44,877.6,13165,1646
480.198,45,896.3,13444,1681
480.248,45,899.1,13487,1686
480.298,44,878.1,13171,1646
480.349,45,896.7,13451,1681
480.399,45,898.0,13470,1684
480.449,44,879.7,13196,1649
480.499,45,896.7,13450,1681
480.549,45,898.9,13484,1686
480.599,44,877.7,13165,1646
480.649,45,899.1,13486,1686
480.699,45,899.9,13498,1687
480.749,44,877.9,13169,1646
480.799,45,898.8,13481,1685
480.849,44,878.5,13177,1647
480.899,45,899.7,13496,1687
480.949,44,879.9,13198,1650
480.999,45,898.3,13474,1684
481.050,44,879.6,13193,1649
481.100,45,897.3,13460,1682
481.150,44,878.8,13182,1648
481.200,45,898.6,13479,1685
481.250,45,897.9,13468,1684
481.300,44,878.3,13175,1647
481.350,45,897.1,13456,1682
481.400,44,877.2,13157,1645
481.451,45,896.5,13448,1681
481.501,44,877.9,13169,1646
481.551,45,897.8,13467,1683
481.601,45,899.0,13485,1686
481.651,44,877.9,13168,1646
481.701,45,897.7,13465,1683
481.751,44,877.9,13168,1646
481.801,45,896.6,13449,1681
481.852,45,898.0,13470,1684
481.902,44,878.8,13182,1648
481.952,45,898.7,13480,1685
482.002,44,878.7,13180,1647
482.052,45,898.3,13474,1684
482.102,45,899.0,13486,1686
482.152,44,879.7,13196,1649
482.202,45,897.5,13463,1683
482.252,44,879.9,13199,1650
482.302,45,899.4,13490,1686
482.352,45,898.8,13482,1685
482.402,44,878.0,13170,1646
482.452,45,898.0,13470,1684
482.502,45,898.1,13472,1684
482.552,44,879.6,13194,1649
482.603,45,899.5,13493,1687
482.653,45,899.0,13484,1686
482.703,44,877.8,13167,1646
482.753,45,897.8,13467,1683
482.803,45,898.6,13479,1685
482.853,44,879.8,13198,1650
482.903,45,898.8,13482,1685
482.953,45,898.3,13474,1684
483.003,44,878.5,13178,1647
483.053,45,897.9,13468,1684
483.103,45,898.2,13473,1684
483.154,45,896.8,13452,1681
483.204,44,879.5,13193,1649
483.254,45,899.6,13494,1687
483.304,45,897.3,13460,1682
483.354,44,879.5,13193,1649
483.404,45,898.1,13472,1684
483.454,45,897.8,13467,1683
483.504,44,879.9,13198,1650
483.554,45,898.0,13470,1684
483.604,45,896.5,13448,1681
483.654,44,878.1,13172,1647
483.705,45,896.1,13442,1680
483.755,45,898.2,13473,1684
483.805,44,877.8,13167,1646
483.855,45,898.7,13480,1685
483.905,45,898.8,13481,1685
483.955,44,879.8,13197,1650
484.005,45,899.2,13487,1686
484.055,45,896.6,13449,1681
484.105,45,898.8,13482,1685
484.155,44,879.5,13193,1649
484.205,45,898.1,13471,1684
484.256,45,897.0,13455,1682
484.306,45,899.6,13493,1687
484.356,45,898.2,13474,1684
484.406,45,898.6,13480,1685
484.456,44,877.7,13166,1646
484.506,45,899.2,13488,1686
484.556,45,898.7,13480,1685
484.606,45,898.0,13470,1684
484.656,45,897.3,13460,1682
484.706,45,898.0,13471,1684
484.757,45,898.1,13472,1684
484.807,45,898.7,13481,1685
484.857,44,879.8,13197,1650
484.907,45,897.8,13468,1683
484.957,45,898.7,13480,1685
485.007,45,899.9,13499,1687
485.057,45,898.9,13484,1685
485.107,45,897.7,13466,1683
485.157,45,897.6,13464,1683
485.207,45,898.4,13476,1685
485.257,45,897.7,13466,1683
485.308,45,897.7,13466,1683
485.358,45,896.9,13453,1682
485.408,45,899.6,13494,1687
485.458,45,898.9,13483,1685
485.508,45,897.4,13461,1683
485.558,45,896.9,13454,1682
485.608,45,898.7,13480,1685
485.658,45,899.0,13485,1686
485.708,45,897.9,13468,1684
485.758,45,899.7,13496,1687
485.808,45,897.4,13461,1683
485.859,45,897.1,13457,1682
485.909,45,899.0,13485,1686
485.959,45,898.7,13481,1685
486.009,45,898.2,13474,1684
486.059,45,898.8,13481,1685
486.109,46,917.5,13763,1720
486.159,45,899.7,13495,1687
486.209,45,898.7,13480,1685
486.259,45,897.0,13455,1682
486.309,45,899.1,13487,1686
486.359,45,899.7,13496,1687
486.410,45,895.7,13436,1679
486.460,45,898.8,13482,1685
486.510,46,917.6,13764,1721
486.560,45,899.3,13489,1686
486.610,45,898.4,13477,1685
486.660,45,899.5,13492,1687
486.710,45,898.5,13478,1685
486.760,45,896.1,13441,1680
486.810,46,919.3,13790,1724
486.860,45,897.6,13464,1683
486.911,45,899.2,13488,1686
486.961,45,898.7,13481,1685
487.011,45,898.2,13473,1684
487.061,46,917.2,13758,1720
487.111,45,899.1,13486,1686
487.161,45,897.3,13459,1682
487.211,45,899.2,13488,1686
487.261,45,898.6,13479,1685
487.311,45,898.3,13474,1684
487.361,45,899.4,13491,1686
487.411,45,898.2,13472,1684
487.462,45,896.8,13453,1682
487.512,45,897.5,13463,1683
487.562,45,899.8,13497,1687
487.612,45,898.0,13470,1684
487.662,45,897.8,13467,1683
487.712,45,899.3,13489,1686
487.762,45,898.5,13478,1685
487.812,45,897.6,13464,1683
487.862,45,899.0,13485,1686
487.912,45,898.7,13480,1685
487.962,45,897.3,13459,1682
488.013,45,898.6,13479,1685
488.063,45,897.4,13461,1683
488.113,45,898.5,13478,1685
488.163,45,898.1,13471,1684
488.213,45,897.9,13469,1684
488.263,45,897.8,13467,1683
488.313,45,896.8,13453,1682
488.363,45,898.8,13482,1685
488.413,45,898.4,13475,1684
488.464,44,877.2,13159,1645
488.514,45,897.5,13462,1683
488.564,45,898.9,13483,1685
488.614,45,899.3,13489,1686
488.664,44,877.1,13156,1645
488.714,45,899.4,13492,1686
488.764,45,900.0,13499,1687
488.814,45,898.8,13482,1685
488.864,44,878.7,13181,1648
488.914,45,898.1,13472,1684
488.964,44,879.9,13198,1650
489.015,45,896.6,13449,1681
489.065,45,896.8,13452,1682
489.115,44,878.3,13175,1647
489.165,45,897.0,13455,1682
489.215,45,897.9,13468,1683
489.265,45,900.0,13499,1687
489.315,44,879.9,13198,1650
489.365,45,897.7,13466,1683
489.415,45,899.3,13489,1686
489.465,44,879.9,13199,1650
489.515,45,896.6,13450,1681
489.565,44,879.0,13185,1648
489.616,45,898.1,13472,1684
489.666,45,896.9,13453,1682
489.716,44,878.3,13175,1647
489.766,45,898.5,13478,1685
489.816,44,878.9,13183,1648
489.866,45,899.7,13495,1687
489.916,44,879.0,13185,1648
489.966,45,898.2,13473,1684
490.016,45,898.6,13479,1685
490.066,44,879.1,13187,1648
490.116,45,898.2,13472,1684
490.166,44,879.6,13193,1649
490.217,45,897.8,13466,1683
490.267,44,879.8,13196,1650
490.317,45,898.1,13472,1684
490.367,44,878.9,13184,1648
490.417,45,899.0,13485,1686
490.467,45,899.0,13485,1686
490.517,44,878.9,13184,1648
490.567,45,897.4,13461,1683
490.617,44,879.7,13196,1650
490.667,45,896.4,13446,1681
490.717,45,899.3,13490,1686
490.767,44,877.1,13156,1644
490.818,45,898.0,13470,1684
490.868,45,899.3,13490,1686
490.918,44,879.3,13190,1649
490.968,45,898.8,13483,1685
491.018,44,878.0,13171,1646
491.068,45,897.0,13456,1682
491.118,45,899.1,13486,1686
491.168,44,879.0,13186,1648
491.218,45,899.9,13499,1687
491.268,44,877.7,13165,1646
491.318,45,898.9,13483,1685
491.368,45,898.7,13481,1685
491.418,44,879.2,13187,1648
491.469,45,897.2,13458,1682
491.519,45,898.4,13476,1684
491.569,44,879.1,13186,1648
491.619,45,898.6,13478,1685
491.669,45,897.0,13455,1682
491.719,45,894.9,13423,1678
491.769,44,878.1,13172,1646
491.819,45,899.3,13489,1686
491.869,45,899.2,13487,1686
491.920,44,879.3,13189,1649
491.970,45,899.0,13486,1686
492.020,45,899.0,13486,1686
492.070,45,898.0,13469,1684
492.120,44,878.7,13180,1648
492.170,45,898.7,13480,1685
492.220,45,897.7,13466,1683
492.270,44,878.4,13176,1647
492.320,45,899.5,13492,1687
492.370,45,899.3,13489,1686
492.420,44,879.5,13192,1649
492.470,45,897.8,13467,1683
492.520,45,896.7,13451,1681
492.571,44,879.2,13188,1648
492.621,45,897.6,13464,1683
492.671,45,898.7,13480,1685
492.721,44,879.8,13197,1650
492.771,45,899.0,13485,1686
492.821,44,879.5,13193,1649
492.871,45,899.5,13493,1687
492.921,45,899.8,13497,1687
492.971,44,879.2,13188,1648
493.021,45,897.8,13467,1683
493.071,45,896.3,13444,1680
493.121,44,878.1,13172,1647
493.172,45,896.7,13451,1681
493.222,45,895.9,13438,1680
493.272,45,897.2,13458,1682
493.322,44,878.0,13169,1646
493.372,45,897.9,13468,1683
493.422,45,900.0,13499,1687
493.472,44,877.7,13166,1646
493.522,45,897.6,13465,1683
493.573,45,896.9,13453,1682
493.623,44,876.7,13151,1644
493.673,45,898.9,13483,1685
493.723,45,899.8,13496,1687
493.773,44,878.1,13171,1646
493.823,45,896.5,13448,1681
493.873,45,896.4,13446,1681
493.924,45,896.7,13450,1681
493.974,44,878.0,13170,1646
494.024,45,897.7,13466,1683
494.074,45,900.0,13500,1687
494.124,44,879.7,13195,1649
494.174,45,897.7,13466,1683
494.224,45,898.8,13482,1685
494.274,45,896.9,13454,1682
494.324,44,878.7,13180,1648
494.374,45,899.8,13497,1687
494.424,44,879.3,13190,1649
494.474,45,898.1,13471,1684
494.524,45,899.0,13485,1686
494.575,44,878.7,13181,1648
494.625,45,896.7,13451,1681
494.675,45,897.9,13468,1683
494.725,45,897.7,13466,1683
494.775,45,897.8,13467,1683
494.825,44,878.7,13181,1648
494.875,45,897.8,13467,1683
494.925,45,899.0,13485,1686
494.975,45,898.7,13481,1685
495.025,44,879.3,13190,1649
495.076,45,898.3,13475,1684
495.126,45,900.0,13499,1687
495.176,44,879.0,13185,1648
495.226,45,898.3,13475,1684
495.276,45,897.1,13457,1682
495.326,45,898.1,13471,1684
495.376,44,879.6,13195,1649
495.426,45,897.7,13465,1683
495.476,45,899.5,13492,1687
495.526,45,896.1,13442,1680
495.577,45,896.8,13453,1682
495.627,44,877.8,13167,1646
495.677,45,897.7,13466,1683
495.727,45,899.8,13496,1687
495.777,44,878.1,13172,1646
495.827,45,896.7,13450,1681
495.877,45,898.8,13482,1685
495.927,45,899.0,13485,1686
495.977,45,898.8,13482,1685
496.027,44,877.9,13168,1646
496.078,45,897.7,13465,1683
496.128,45,897.7,13466,1683
496.178,45,899.8,13498,1687
496.228,45,897.8,13466,1683
496.278,44,877.7,13166,1646
496.328,45,897.7,13466,1683
496.378,45,897.9,13468,1683
496.428,45,896.8,13452,1681
496.478,44,879.9,13199,1650
496.528,45,898.9,13484,1685
496.578,45,899.1,13486,1686
496.628,44,879.8,13197,1650
496.679,45,897.9,13468,1684
496.729,45,898.6,13478,1685
496.779,44,879.0,13185,1648
496.829,45,897.7,13465,1683
496.879,45,898.8,13482,1685
496.929,44,879.3,13189,1649
496.979,45,897.5,13463,1683
497.029,45,899.0,13485,1686
497.079,44,880.0,13200,1650
497.129,45,897.8,13467,1683
497.179,44,879.0,13185,1648
497.229,45,898.9,13484,1685
497.280,45,896.2,13444,1680
497.330,44,877.6,13163,1645
497.380,45,898.3,13475,1684
497.430,45,897.9,13468,1683
497.480,44,878.8,13182,1648
497.530,45,897.8,13467,1683
497.580,44,880.0,13199,1650
497.630,45,899.8,13497,1687
497.680,45,899.0,13485,1686
497.730,44,876.5,13148,1644
497.781,45,898.2,13473,1684
497.831,44,879.1,13187,1648
497.881,45,898.7,13481,1685
497.931,45,899.6,13494,1687
497.981,44,878.0,13170,1646
498.031,45,900.0,13500,1687
498.081,44,877.9,13168,1646
498.131,45,898.7,13480,1685
498.181,45,897.5,13462,1683
498.231,44,879.2,13188,1649
498.281,45,898.0,13469,1684
498.331,44,878.8,13182,1648
498.381,45,899.5,13492,1687
498.431,45,899.0,13485,1686
498.482,44,878.2,13173,1647
498.532,45,899.8,13497,1687
498.582,45,898.0,13471,1684
498.632,44,878.8,13181,1648
498.682,45,898.9,13484,1685
498.732,45,897.8,13467,1683
498.782,44,877.8,13168,1646
498.832,45,897.7,13466,1683
498.882,44,880.0,13199,1650
498.932,45,899.7,13496,1687
498.982,45,897.2,13457,1682
499.032,44,877.8,13167,1646
499.083,45,896.6,13448,1681
499.133,45,898.7,13481,1685
499.183,44,875.2,13128,1641
499.233,45,898.4,13476,1684
499.283,45,897.6,13464,1683
499.333,45,898.8,13483,1685
499.383,44,876.5,13147,1643
499.434,45,897.1,13456,1682
499.484,45,897.7,13465,1683
499.534,45,899.1,13487,1686
499.584,45,895.1,13426,1678
499.634,44,879.1,13187,1648
499.684,45,899.9,13499,1687
499.734,45,897.7,13465,1683
499.784,45,898.1,13472,1684
499.834,45,899.4,13491,1686
499.884,44,879.7,13195,1649
499.934,45,899.7,13496,1687
499.985,45,897.3,13459,1682
500.035,45,896.9,13454,1682
500.085,45,898.0,13469,1684
500.135,45,898.0,13471,1684
500.185,45,898.2,13472,1684
500.235,45,896.9,13454,1682
500.285,45,897.7,13465,1683
500.336,45,896.9,13454,1682
500.386,45,897.9,13468,1683
500.436,45,899.7,13496,1687
500.486,45,895.2,13428,1678
500.536,45,898.1,13471,1684
500.586,45,896.9,13454,1682
500.636,45,899.5,13492,1686
500.686,45,899.1,13486,1686
500.736,45,899.3,13490,1686
500.787,45,897.5,13463,1683
500.837,44,879.2,13188,1649
500.887,45,899.8,13497,1687
500.937,46,916.5,13747,1718
500.987,44,879.4,13192,1649
501.037,46,917.6,13764,1720
501.087,45,897.3,13460,1683
501.137,45,897.9,13469,1684
501.187,45,898.8,13481,1685
501.237,45,899.1,13487,1686
501.287,45,897.8,13467,1683
501.338,45,898.3,13474,1684
501.388,45,897.1,13457,1682
501.438,45,899.3,13489,1686
501.488,45,898.5,13477,1685
501.538,45,896.9,13454,1682
501.588,45,899.2,13488,1686
501.638,45,896.6,13448,1681
501.688,45,898.3,13474,1684
501.738,45,898.6,13479,1685
501.789,45,896.7,13450,1681
501.839,46,916.5,13748,1718
501.889,45,899.9,13499,1687
501.939,45,897.9,13468,1684
501.989,45,899.2,13488,1686
502.039,45,898.6,13480,1685
502.089,45,896.2,13443,1680
502.139,45,895.9,13439,1680
502.190,45,897.8,13467,1683
502.240,45,898.7,13481,1685
502.290,45,898.7,13481,1685
502.340,45,897.1,13457,1682
502.390,45,899.1,13486,1686
502.440,45,897.6,13464,1683
502.490,46,915.0,13724,1716
502.540,45,898.4,13476,1684
502.591,45,898.6,13478,1685
502.641,45,896.8,13452,1681
502.691,45,898.8,13481,1685
502.741,45,897.8,13467,1683
502.791,45,897.6,13465,1683
502.841,45,896.7,13451,1681
502.891,45,899.8,13498,1687
502.941,46,915.3,13729,1716
502.992,45,898.1,13472,1684
503.042,45,898.0,13470,1684
503.092,45,898.7,13481,1685
503.142,45,897.3,13460,1682
503.192,45,897.4,13460,1683
503.242,45,898.4,13476,1684
503.292,45,897.8,13467,1683
503.342,45,896.6,13450,1681
503.393,45,898.9,13484,1685
503.443,45,898.7,13480,1685
503.493,45,898.4,13476,1685
503.543,45,899.3,13489,1686
503.593,45,899.2,13489,1686
503.643,45,899.8,13496,1687
503.693,45,896.4,13446,1681
503.743,45,898.0,13470,1684
503.793,45,898.7,13480,1685
503.843,46,918.3,13774,1722
503.893,45,898.8,13483,1685
503.943,45,897.7,13466,1683
503.994,45,898.7,13481,1685
504.044,46,916.3,13745,1718
504.094,45,898.4,13476,1684
504.144,45,898.5,13478,1685
504.194,46,917.5,13763,1720
504.244,45,899.2,13488,1686
504.294,45,897.7,13466,1683
504.344,45,898.7,13481,1685
504.394,46,917.5,13762,1720
504.445,45,898.1,13471,1684
504.495,45,896.3,13445,1681
504.545,46,918.2,13772,1722
504.595,45,896.4,13446,1681
504.645,45,899.0,13485,1686
504.695,46,918.7,13781,1723
504.745,45,898.1,13472,1684
504.795,45,898.7,13481,1685
504.846,46,915.2,13728,1716
504.896,45,898.7,13480,1685
504.946,45,897.7,13466,1683
504.996,46,917.9,13768,1721
505.046,45,898.0,13470,1684
505.096,45,899.8,13497,1687
505.146,45,899.9,13499,1687
505.196,45,896.6,13449,1681
505.246,46,918.0,13771,1721
505.296,45,897.7,13466,1683
505.347,45,898.7,13481,1685
505.397,45,896.7,13450,1681
505.447,45,897.3,13459,1682
505.497,46,916.9,13754,1719
505.547,45,898.0,13470,1684
505.597,45,900.0,13499,1687
505.647,45,897.1,13456,1682
505.697,45,899.7,13496,1687
505.747,46,918.6,13780,1722
505.797,45,899.6,13495,1687
505.847,45,898.5,13478,1685
505.898,45,899.8,13496,1687
505.948,45,899.1,13486,1686
505.998,45,898.5,13478,1685
506.048,45,896.8,13452,1682
506.098,45,899.8,13497,1687
506.148,45,900.0,13499,1687
506.198,46,916.8,13752,1719
506.248,44,880.0,13200,1650
506.298,46,917.6,13764,1720
506.348,45,898.8,13483,1685
506.398,45,896.8,13452,1681
506.448,45,899.7,13496,1687
506.499,45,897.8,13467,1683
506.549,44,879.2,13187,1648
506.599,45,898.8,13482,1685
506.649,45,897.8,13467,1683
506.699,45,899.2,13487,1686
506.749,45,899.7,13495,1687
506.799,45,896.9,13454,1682
506.849,45,898.7,13481,1685
506.899,45,898.6,13479,1685
506.949,44,879.3,13189,1649
506.999,45,898.5,13478,1685
507.049,45,899.6,13493,1687
507.099,45,898.7,13480,1685
507.149,45,899.5,13493,1687
507.200,45,896.5,13447,1681
507.250,45,898.2,13473,1684
507.300,45,895.2,13429,1679
507.350,45,896.8,13453,1682
507.400,44,877.8,13167,1646
507.450,45,898.5,13477,1685
507.500,45,898.9,13484,1685
507.550,45,899.1,13486,1686
507.601,45,899.0,13485,1686
507.651,45,899.9,13499,1687
507.701,45,896.7,13450,1681
507.751,44,880.0,13199,1650
507.801,46,916.3,13745,1718
507.851,44,879.3,13190,1649
507.901,45,899.9,13498,1687
507.951,45,899.8,13497,1687
508.001,45,898.3,13474,1684
508.051,45,896.5,13447,1681
508.101,46,917.6,13763,1720
508.151,44,879.9,13198,1650
508.201,45,899.8,13496,1687
508.251,45,899.3,13490,1686
508.302,45,898.0,13470,1684
508.352,45,894.7,13420,1678
508.402,45,898.4,13475,1684
508.452,46,916.6,13749,1719
508.502,44,877.7,13165,1646
508.552,45,898.9,13484,1685
508.602,45,898.0,13469,1684
508.652,45,899.4,13492,1686
508.703,45,898.5,13477,1685
508.753,45,898.9,13484,1685
508.803,45,897.3,13459,1682
508.853,45,897.0,13454,1682
508.903,45,897.9,13468,1684
508.953,44,879.6,13194,1649
509.003,45,895.4,13432,1679
509.053,45,897.4,13461,1683
509.104,45,898.5,13478,1685
509.154,45,897.4,13460,1683
509.204,45,899.4,13491,1686
509.254,45,899.8,13498,1687
509.304,44,879.3,13189,1649
509.354,45,897.7,13465,1683
509.404,45,899.6,13494,1687
509.454,45,896.5,13447,1681
509.504,45,897.9,13469,1684
509.554,44,876.0,13140,1643
509.605,45,897.4,13460,1683
509.655,45,898.9,13484,1686
509.705,45,895.3,13429,1679
509.755,44,875.4,13131,1641
509.805,45,897.0,13454,1682
509.855,45,897.8,13467,1683
509.906,45,897.5,13462,1683
509.956,44,876.9,13154,1644
510.006,45,899.1,13486,1686
510.056,45,899.8,13497,1687
510.106,44,877.9,13168,1646
510.156,45,899.0,13485,1686
510.206,44,879.9,13198,1650
510.256,45,898.8,13481,1685
510.306,45,897.3,13459,1682
510.356,44,877.4,13161,1645
510.407,45,897.6,13465,1683
510.457,44,880.0,13200,1650
510.507,45,898.1,13471,1684
510.557,45,898.5,13477,1685
510.607,44,876.8,13153,1644
510.657,45,898.8,13482,1685
510.707,44,879.9,13199,1650
510.757,45,899.2,13488,1686
510.807,45,897.8,13467,1683
510.857,44,877.7,13166,1646
510.907,45,899.8,13497,1687
510.957,45,898.6,13479,1685
511.007,44,879.1,13186,1648
511.058,45,898.3,13474,1684
511.108,45,898.7,13481,1685
511.158,44,879.0,13185,1648
511.208,45,896.7,13450,1681
511.258,45,896.2,13443,1680
511.308,45,896.9,13453,1682
511.358,44,877.6,13165,1646
511.408,45,899.2,13487,1686
511.459,45,895.2,13429,1679
511.509,44,878.9,13184,1648
511.559,45,899.1,13486,1686
511.609,44,879.6,13194,1649
511.659,45,899.1,13487,1686
511.709,45,898.5,13477,1685
511.759,45,896.9,13454,1682
511.809,44,876.5,13148,1643
511.859,45,898.4,13475,1684
511.910,45,897.7,13465,1683
511.960,45,895.0,13425,1678
512.010,45,895.8,13437,1680
512.060,44,879.2,13188,1648
512.110,45,897.5,13463,1683
512.160,45,896.7,13450,1681
512.211,45,897.5,13462,1683
512.261,45,899.1,13486,1686
512.311,44,877.5,13163,1645
512.361,45,898.0,13469,1684
512.411,45,899.3,13490,1686
512.461,45,897.6,13464,1683
512.511,44,879.6,13193,1649
512.561,45,899.3,13490,1686
512.611,45,897.8,13466,1683
512.661,45,900.0,13500,1687
512.711,45,896.6,13449,1681
512.762,44,875.4,13131,1641
512.812,45,899.2,13488,1686
512.862,45,897.7,13466,1683
512.912,45,899.9,13498,1687
512.962,45,898.9,13483,1685
513.012,44,879.1,13186,1648
513.062,45,897.7,13466,1683
513.112,45,897.5,13463,1683
513.162,45,899.1,13486,1686
513.212,45,897.8,13467,1683
513.263,44,877.0,13154,1644
513.313,45,898.7,13481,1685
513.363,45,897.8,13466,1683
513.413,45,897.7,13465,1683
513.463,45,896.6,13449,1681
513.513,44,879.7,13196,1650
513.563,45,898.2,13474,1684
513.613,45,899.1,13487,1686
513.663,44,877.7,13166,1646
513.714,45,897.2,13458,1682
513.764,45,898.9,13484,1686
513.814,44,877.8,13167,1646
513.864,45,898.9,13484,1685
513.914,45,897.6,13465,1683
513.964,45,896.8,13452,1682
514.014,44,879.8,13197,1650
514.064,45,897.9,13469,1684
514.114,45,899.3,13490,1686
514.164,44,877.8,13167,1646
514.214,45,899.6,13495,1687
514.265,45,898.0,13470,1684
514.315,44,877.8,13167,1646
514.365,45,897.0,13454,1682
514.415,45,898.3,13475,1684
514.465,45,898.3,13474,1684
514.515,44,877.4,13161,1645
514.565,45,898.8,13481,1685
514.615,45,896.5,13447,1681
514.665,45,899.0,13485,1686
514.716,45,896.5,13448,1681
514.766,45,895.4,13430,1679
514.816,44,878.2,13173,1647
514.866,45,899.6,13494,1687
514.916,45,898.1,13471,1684
514.966,45,897.5,13463,1683
515.016,44,878.3,13175,1647
515.066,45,898.6,13479,1685
515.117,45,897.8,13467,1683
515.167,45,897.7,13466,1683
515.217,44,879.0,13185,1648
515.267,45,898.9,13483,1685
515.317,45,899.1,13486,1686
515.367,45,897.5,13462,1683
515.417,44,879.6,13194,1649
515.467,45,899.5,13492,1687
515.517,45,898.8,13482,1685
515.567,45,895.3,13430,1679
515.618,45,896.6,13449,1681
515.668,45,899.0,13484,1686
515.718,45,897.6,13464,1683
515.768,45,898.0,13470,1684
515.818,45,897.8,13467,1683
515.868,45,899.2,13489,1686
515.918,44,878.6,13179,1647
515.968,45,898.0,13471,1684
516.018,45,897.4,13461,1683
516.069,46,917.6,13764,1721
516.119,45,895.5,13433,1679
516.169,45,897.9,13469,1684
516.219,45,899.7,13495,1687
516.269,45,896.8,13453,1682
516.319,45,898.0,13470,1684
516.369,45,898.7,13481,1685
516.419,45,897.4,13461,1683
516.469,45,899.2,13487,1686
516.519,45,899.7,13496,1687
516.570,45,898.0,13470,1684
516.620,45,897.7,13465,1683
516.670,45,896.7,13451,1681
516.720,45,898.1,13471,1684
516.770,45,898.3,13474,1684
516.820,45,897.1,13457,1682
516.870,45,899.5,13492,1687
516.920,45,897.0,13454,1682
516.971,44,878.4,13176,1647
517.021,45,899.6,13493,1687
517.071,45,898.6,13479,1685
517.121,45,898.0,13470,1684
517.171,45,898.8,13482,1685
517.221,45,898.3,13474,1684
517.271,45,899.3,13489,1686
517.321,45,899.3,13490,1686
517.371,45,897.4,13461,1683
517.421,45,897.5,13462,1683
517.471,45,897.1,13456,1682
517.521,45,899.9,13499,1687
517.571,45,900.0,13500,1687
517.622,45,896.4,13446,1681
517.672,45,896.9,13453,1682
517.722,45,899.3,13490,1686
517.772,45,899.8,13497,1687
517.822,45,899.5,13493,1687
517.872,45,897.9,13469,1684
517.922,45,898.0,13470,1684
517.972,45,899.9,13498,1687
518.022,45,897.4,13461,1683
518.072,45,896.9,13453,1682
518.122,45,899.9,13498,1687
518.173,45,898.2,13474,1684
518.223,44,878.2,13173,1647
518.273,45,898.5,13477,1685
518.323,45,898.4,13476,1685
518.373,45,897.0,13454,1682
518.423,45,898.8,13482,1685
518.473,45,899.0,13486,1686
518.523,45,897.6,13464,1683
518.573,45,897.8,13467,1683
518.624,45,897.8,13467,1683
518.674,45,896.5,13448,1681
518.724,44,879.8,13198,1650
518.774,45,899.4,13491,1686
518.824,45,897.1,13457,1682
518.874,45,899.2,13489,1686
518.924,44,879.4,13191,1649
518.974,45,899.4,13490,1686
519.024,44,878.5,13178,1647
519.074,45,897.7,13465,1683
519.124,45,897.2,13458,1682
519.174,45,898.5,13477,1685
519.225,44,876.6,13149,1644
519.275,45,899.5,13493,1687
519.325,45,897.6,13463,1683
519.375,44,879.5,13192,1649
519.425,45,897.5,13463,1683
519.475,45,899.5,13493,1687
519.525,44,878.1,13171,1646
519.575,45,897.5,13462,1683
519.625,45,899.1,13487,1686
519.675,44,878.9,13183,1648
519.726,45,896.6,13449,1681
519.776,45,898.7,13480,1685
519.826,45,896.8,13452,1682
519.876,44,876.3,13144,1643
519.926,45,897.3,13459,1682
519.976,45,897.6,13464,1683
520.026,45,897.6,13465,1683
520.077,44,877.0,13155,1644
520.127,45,898.8,13482,1685
520.177,45,899.0,13484,1686
520.227,44,877.7,13165,1646
520.277,45,896.6,13450,1681
520.327,45,899.8,13496,1687
520.377,44,876.1,13142,1643
520.427,45,898.4,13476,1685
520.478,45,896.5,13447,1681
520.528,44,877.1,13157,1645
520.578,45,899.8,13498,1687
520.628,44,879.0,13185,1648
520.678,45,897.8,13467,1683
520.728,44,878.3,13175,1647
520.778,45,899.7,13495,1687
520.828,44,878.9,13184,1648
520.878,45,898.9,13483,1685
520.928,45,897.5,13462,1683
520.978,44,879.1,13187,1648
521.029,45,897.3,13460,1683
521.079,44,878.3,13174,1647
521.129,45,899.3,13489,1686
521.179,44,879.4,13191,1649
521.229,45,899.3,13490,1686
521.279,44,878.9,13183,1648
521.329,45,899.4,13492,1686
521.379,45,898.7,13480,1685
521.429,44,876.9,13153,1644
521.479,45,899.2,13488,1686
521.529,44,878.0,13169,1646
521.579,45,898.8,13482,1685
521.629,45,897.5,13463,1683
521.679,44,879.5,13192,1649
521.730,45,899.4,13491,1686
521.780,45,899.0,13484,1686
521.830,44,877.6,13164,1646
521.880,45,896.4,13447,1681
521.930,45,898.1,13472,1684
521.980,45,895.0,13425,1678
522.030,44,879.2,13188,1648
522.080,45,899.1,13487,1686
522.131,45,897.4,13461,1683
522.181,44,879.2,13188,1649
522.231,45,900.0,13499,1687
522.281,44,879.4,13191,1649
522.331,45,897.3,13460,1682
522.381,45,898.7,13481,1685
522.431,45,897.8,13468,1683
522.481,44,877.0,13155,1644
522.531,45,898.8,13481,1685
522.581,45,898.9,13483,1685
522.631,44,877.1,13157,1645
522.682,45,897.0,13456,1682
522.732,45,897.7,13465,1683
522.782,45,898.0,13470,1684
522.832,44,876.9,13153,1644
522.882,45,896.8,13453,1682
522.932,45,897.4,13461,1683
522.982,45,897.7,13466,1683
523.033,44,877.9,13168,1646
523.083,45,899.9,13499,1687
523.133,44,879.9,13199,1650
523.183,45,899.1,13486,1686
523.233,45,897.8,13468,1683
523.283,44,877.8,13167,1646
523.333,45,899.3,13489,1686
523.383,45,898.4,13476,1684
523.433,44,879.9,13199,1650
523.483,45,897.9,13468,1684
523.533,45,895.1,13426,1678
523.583,44,878.6,13179,1647
523.634,45,898.2,13472,1684
523.684,45,897.8,13467,1683
523.734,44,876.9,13154,1644
523.784,45,897.7,13465,1683
523.834,45,898.8,13483,1685
523.884,44,877.4,13161,1645
523.934,45,898.2,13473,1684
523.984,45,897.7,13466,1683
524.035,44,876.5,13147,1643
524.085,45,899.5,13492,1687
524.135,44,878.5,13177,1647
524.185,45,898.8,13481,1685
524.235,45,898.1,13472,1684
524.285,44,878.9,13183,1648
524.335,45,899.0,13484,1686
524.385,45,898.8,13482,1685
524.435,44,877.1,13156,1645
524.485,45,897.3,13459,1682
524.536,45,897.6,13464,1683
524.586,45,898.1,13471,1684
524.636,44,877.8,13167,1646
524.686,45,898.0,13470,1684
524.736,45,896.0,13440,1680
524.786,44,876.8,13153,1644
524.836,45,899.9,13498,1687
524.886,44,879.7,13196,1649
524.936,45,899.4,13491,1686
524.987,45,896.9,13454,1682
525.037,44,878.7,13180,1648
525.087,45,898.9,13484,1685
525.137,45,897.7,13465,1683
525.187,44,876.5,13148,1643
525.237,45,898.4,13476,1684
525.287,45,898.1,13472,1684
525.337,44,877.7,13166,1646
525.387,45,898.3,13475,1684
525.437,45,899.0,13485,1686
525.488,45,896.6,13449,1681
525.538,44,878.8,13182,1648
525.588,45,898.0,13470,1684
525.638,44,878.1,13172,1647
525.688,45,899.2,13489,1686
525.738,45,897.5,13462,1683
525.788,45,896.5,13447,1681
525.838,44,877.8,13167,1646
525.889,45,898.6,13479,1685
525.939,45,899.5,13493,1687
525.989,44,877.5,13163,1645
526.039,45,897.0,13455,1682
526.089,45,898.1,13472,1684
526.139,44,878.0,13170,1646
526.189,45,899.7,13496,1687
526.239,45,898.2,13474,1684
526.289,44,879.9,13199,1650
526.339,45,899.7,13496,1687
526.389,44,877.9,13169,1646
526.440,45,895.0,13425,1678
526.490,45,899.2,13487,1686
526.540,45,899.2,13487,1686
526.590,44,879.8,13197,1650
526.640,45,899.9,13499,1687
526.690,45,897.8,13468,1683
526.740,44,878.8,13182,1648
526.790,45,896.2,13443,1680
526.840,45,897.7,13466,1683
526.890,45,898.3,13475,1684
526.941,45,896.5,13447,1681
526.991,44,877.3,13160,1645
527.041,45,898.7,13480,1685
527.091,45,897.6,13464,1683
527.141,45,896.3,13444,1681
527.191,45,897.9,13468,1684
527.241,44,877.8,13166,1646
527.291,45,899.2,13488,1686
527.341,45,898.7,13481,1685
527.392,45,898.7,13480,1685
527.442,44,879.0,13186,1648
527.492,45,897.7,13466,1683
527.542,45,898.9,13484,1685
527.592,44,879.1,13186,1648
527.642,45,896.5,13448,1681
527.692,45,897.6,13464,1683
527.742,44,877.9,13169,1646
527.792,45,897.7,13466,1683
527.843,45,897.7,13466,1683
527.893,44,877.2,13158,1645
527.943,45,899.8,13497,1687
527.993,45,894.9,13423,1678
528.043,44,878.0,13169,1646
528.093,45,896.9,13453,1682
528.144,45,896.0,13440,1680
528.194,44,879.7,13195,1649
528.244,45,896.2,13443,1680
528.294,44,878.7,13180,1647
528.344,45,899.1,13486,1686
528.394,44,879.3,13189,1649
528.444,45,899.8,13498,1687
528.494,44,877.8,13168,1646
528.544,45,897.9,13469,1684
528.594,45,896.2,13443,1680
528.644,44,878.4,13175,1647
528.695,45,898.7,13481,1685
528.745,45,897.9,13469,1684
528.795,44,876.2,13143,1643
528.845,45,897.0,13454,1682
528.895,45,898.0,13470,1684
528.945,44,877.5,13163,1645
528.995,45,897.8,13467,1683
529.046,45,897.7,13466,1683
529.096,44,878.0,13170,1646
529.146,45,898.5,13478,1685
529.196,45,898.4,13476,1684
529.246,44,878.5,13177,1647
529.296,45,898.8,13481,1685
529.346,45,899.0,13485,1686
529.396,45,897.8,13467,1683
529.446,44,877.6,13165,1646
529.496,45,897.8,13466,1683
529.547,45,897.9,13468,1684
529.597,44,878.9,13183,1648
529.647,45,899.9,13498,1687
529.697,45,899.1,13487,1686
529.747,44,878.4,13176,1647
529.797,45,897.2,13458,1682
529.847,45,899.1,13486,1686
529.897,44,878.1,13171,1646
529.947,45,897.1,13456,1682
529.997,45,899.1,13486,1686
530.047,44,878.8,13182,1648
530.098,45,896.7,13450,1681
530.148,45,897.8,13467,1683
530.198,44,878.6,13179,1647
530.248,45,896.9,13453,1682
530.298,45,899.7,13496,1687
530.348,44,879.1,13187,1648
530.398,45,897.5,13463,1683
530.448,45,897.2,13457,1682
530.498,45,897.5,13462,1683
530.549,44,876.9,13153,1644
530.599,45,898.8,13482,1685
530.649,45,897.9,13469,1684
530.699,44,878.8,13183,1648
530.749,45,899.0,13485,1686
530.799,45,899.1,13486,1686
530.849,44,878.1,13171,1646
530.899,45,896.8,13452,1681
530.949,45,897.6,13465,1683
530.999,44,878.8,13182,1648
531.050,45,896.8,13452,1681
531.100,45,897.0,13455,1682
531.150,44,875.7,13136,1642
531.200,45,899.9,13498,1687
531.250,45,898.6,13479,1685
531.300,44,878.4,13175,1647
531.350,45,897.6,13465,1683
531.400,45,897.8,13468,1683
531.450,44,879.9,13198,1650
531.501,45,897.3,13460,1682
531.551,44,877.8,13167,1646
531.601,45,899.4,13491,1686
531.651,45,898.8,13482,1685
531.701,45,899.2,13487,1686
531.751,44,875.9,13139,1642
531.801,45,898.1,13471,1684
531.851,45,896.6,13449,1681
531.902,45,897.8,13467,1683
531.952,44,879.1,13187,1648
532.002,45,898.6,13479,1685
532.052,45,898.1,13472,1684
532.102,44,876.3,13144,1643
532.152,45,898.1,13472,1684
532.202,45,899.4,13492,1686
532.252,44,879.2,13188,1648
532.302,45,898.6,13478,1685
532.352,45,899.0,13486,1686
532.402,44,880.0,13200,1650
532.452,45,899.5,13493,1687
532.502,44,877.3,13159,1645
532.553,45,899.4,13491,1686
532.603,45,899.8,13498,1687
532.653,44,879.1,13187,1648
532.703,45,897.3,13459,1682
532.753,45,895.5,13433,1679
532.803,45,899.1,13487,1686
532.853,44,879.1,13186,1648
532.903,45,898.6,13479,1685
532.953,44,878.7,13181,1648
533.003,45,899.0,13486,1686
533.053,45,897.1,13456,1682
533.103,44,879.7,13196,1649
533.154,45,898.7,13480,1685
533.204,45,896.8,13451,1681
533.254,44,879.7,13196,1649
533.304,45,899.0,13485,1686
533.354,45,898.8,13483,1685
533.404,44,878.9,13183,1648
533.454,45,898.1,13472,1684
533.504,45,896.6,13450,1681
533.554,45,898.5,13477,1685
533.604,44,878.5,13177,1647
533.655,45,897.5,13462,1683
533.705,45,898.8,13482,1685
533.755,44,877.9,13169,1646
533.805,45,897.5,13462,1683
533.855,45,898.9,13483,1685
533.905,44,880.0,13199,1650
533.955,45,897.9,13468,1684
534.005,45,897.9,13468,1684
534.055,44,877.8,13168,1646
534.105,45,899.8,13497,1687
534.155,44,879.3,13189,1649
534.206,45,896.8,13452,1682
534.256,44,878.5,13178,1647
534.306,45,899.8,13497,1687
534.356,45,899.1,13487,1686
534.406,44,877.8,13167,1646
534.456,45,898.6,13479,1685
534.506,45,895.7,13436,1679
534.556,44,879.9,13198,1650
534.606,45,897.9,13469,1684
534.656,44,879.0,13185,1648
534.706,45,896.4,13446,1681
534.757,45,898.9,13483,1685
534.807,44,878.9,13184,1648
534.857,45,896.7,13451,1681
534.907,44,876.4,13147,1643
534.957,45,896.9,13453,1682
535.007,45,898.7,13481,1685
535.057,44,876.9,13154,1644
535.107,45,900.0,13499,1687
535.157,44,879.9,13198,1650
535.207,45,899.2,13489,1686
535.258,44,878.0,13170,1646
535.308,45,897.6,13463,1683
535.358,44,878.3,13174,1647
535.408,45,899.2,13487,1686
535.458,44,878.3,13174,1647
535.508,45,898.9,13484,1685
535.558,45,896.5,13447,1681
535.608,44,877.6,13164,1645
535.658,45,899.0,13485,1686
535.709,44,877.6,13163,1645
535.759,45,899.6,13493,1687
535.809,44,878.0,13170,1646
535.859,45,898.3,13474,1684
535.909,44,876.4,13146,1643
535.959,45,897.0,13455,1682
536.009,45,899.0,13484,1686
536.059,44,878.7,13180,1648
536.109,45,896.5,13448,1681
536.160,44,878.2,13174,1647
536.210,45,897.6,13464,1683
536.260,44,879.4,13191,1649
536.310,45,896.1,13441,1680
536.360,45,898.6,13479,1685
536.410,44,877.9,13168,1646
536.460,45,898.3,13474,1684
536.510,45,899.5,13493,1687
536.560,44,876.9,13154,1644
536.611,45,898.7,13480,1685
536.661,45,896.5,13447,1681
536.711,44,879.0,13186,1648
536.761,45,897.8,13467,1683
536.811,44,876.8,13152,1644
536.861,45,896.7,13451,1681
536.911,45,898.9,13483,1685
536.961,44,877.9,13169,1646
537.012,45,894.9,13424,1678
537.062,44,879.2,13188,1649
537.112,45,898.4,13476,1685
537.162,45,899.1,13487,1686
537.212,44,877.0,13155,1644
537.262,45,896.6,13449,1681
537.312,45,897.6,13464,1683
537.363,44,876.5,13147,1643
537.413,45,897.8,13466,1683
537.463,44,877.1,13156,1644
537.513,45,898.8,13482,1685
537.563,45,896.6,13450,1681
537.613,44,878.0,13171,1646
537.663,45,899.0,13484,1686
537.713,44,878.9,13183,1648
537.763,45,899.9,13499,1687
537.814,44,876.7,13151,1644
537.864,45,898.9,13483,1685
537.914,44,879.3,13189,1649
537.964,45,898.6,13480,1685
538.014,44,877.6,13164,1645
538.064,45,896.5,13448,1681
538.114,45,896.5,13447,1681
538.164,45,898.1,13471,1684
538.214,44,878.5,13177,1647
538.265,45,899.3,13490,1686
538.315,44,878.8,13181,1648
538.365,45,898.8,13482,1685
538.415,45,896.6,13449,1681
538.465,44,879.2,13189,1649
538.515,45,896.6,13449,1681
538.565,45,898.4,13475,1684
538.615,44,879.6,13194,1649
538.665,45,899.0,13485,1686
538.715,45,897.3,13460,1683
538.765,44,879.1,13186,1648
538.816,45,896.9,13454,1682
538.866,45,896.2,13443,1680
538.916,45,896.5,13447,1681
538.966,44,876.8,13152,1644
539.016,45,898.3,13475,1684
539.066,45,897.3,13460,1683
539.117,44,879.1,13187,1648
539.167,45,898.7,13480,1685
539.217,44,877.7,13166,1646
539.267,45,899.8,13497,1687
539.317,45,899.2,13489,1686
539.367,44,877.8,13167,1646
539.417,45,896.4,13446,1681
539.467,45,897.9,13468,1684
539.517,44,876.9,13154,1644
539.568,45,897.8,13468,1683
539.618,44,878.8,13181,1648
539.668,45,898.0,13470,1684
539.718,45,898.2,13473,1684
539.768,44,879.2,13187,1648
539.818,45,895.5,13433,1679
539.868,45,898.4,13475,1684
539.918,44,877.7,13165,1646
539.968,45,898.8,13482,1685
540.019,45,897.4,13462,1683
540.069,44,876.6,13149,1644
540.119,45,899.6,13494,1687
540.169,45,898.8,13482,1685
540.219,44,877.7,13165,1646
540.269,45,898.3,13474,1684
540.319,44,879.9,13198,1650
540.369,45,896.9,13454,1682
540.419,45,899.5,13493,1687
540.469,44,878.6,13179,1647
540.519,45,899.6,13494,1687
540.569,45,897.3,13460,1682
540.620,44,879.4,13191,1649
540.670,45,898.5,13478,1685
540.720,44,878.5,13177,1647
540.770,45,898.5,13477,1685
540.820,45,899.9,13499,1687
540.870,44,876.4,13146,1643
540.920,45,898.4,13477,1685
540.970,45,897.9,13469,1684
541.020,44,879.6,13194,1649
541.070,45,896.7,13451,1681
541.120,45,898.6,13479,1685
541.171,45,897.7,13465,1683
541.221,45,895.9,13439,1680
541.271,44,877.8,13167,1646
541.321,45,898.9,13483,1685
541.371,45,897.8,13468,1683
541.421,45,897.5,13463,1683
541.471,44,879.6,13193,1649
541.521,45,898.2,13474,1684
541.572,45,896.5,13448,1681
541.622,45,898.2,13473,1684
541.672,45,897.8,13468,1683
541.722,44,876.8,13152,1644
541.772,45,899.6,13494,1687
541.822,45,899.0,13485,1686
541.872,45,898.6,13479,1685
541.922,45,899.4,13491,1686
541.972,44,877.6,13163,1645
542.022,45,899.6,13494,1687
542.072,45,898.6,13478,1685
542.123,45,898.5,13477,1685
542.173,45,899.2,13488,1686
542.223,44,879.5,13193,1649
542.273,45,895.5,13432,1679
542.323,45,898.3,13474,1684
542.373,45,899.8,13498,1687
542.423,45,898.5,13478,1685
542.473,44,877.3,13160,1645
542.523,45,899.2,13488,1686
542.573,45,897.0,13456,1682
542.623,45,899.9,13499,1687
542.674,45,897.8,13466,1683
542.724,44,877.7,13165,1646
542.774,45,897.9,13469,1684
542.824,45,899.9,13499,1687
542.874,45,899.8,13497,1687
542.924,44,879.7,13195,1649
542.974,45,897.2,13458,1682
543.024,45,896.5,13447,1681
543.074,45,897.9,13469,1684
543.124,44,879.1,13187,1648
543.174,45,899.0,13485,1686
543.225,45,897.4,13462,1683
543.275,45,897.9,13469,1684
543.325,44,876.5,13148,1643
543.375,45,899.7,13495,1687
543.425,45,899.2,13487,1686
543.475,44,879.7,13196,1649
543.525,45,898.0,13471,1684
543.575,45,896.6,13449,1681
543.625,45,899.2,13487,1686
543.675,44,878.9,13183,1648
543.725,45,899.0,13485,1686
543.776,45,897.4,13460,1683
543.826,45,898.8,13482,1685
543.876,44,878.4,13176,1647
543.926,45,897.2,13458,1682
543.976,45,896.9,13454,1682
544.026,45,898.9,13484,1685
544.076,45,896.3,13445,1681
544.126,44,879.6,13194,1649
544.176,45,899.5,13493,1687
544.226,45,899.6,13495,1687
544.276,44,877.8,13167,1646
544.327,45,898.7,13481,1685
544.377,45,898.4,13476,1684
544.427,45,898.9,13483,1685
544.477,44,877.6,13164,1646
544.527,45,898.3,13475,1684
544.577,45,898.4,13477,1685
544.627,45,897.1,13457,1682
544.677,44,879.4,13191,1649
544.727,45,898.1,13472,1684
544.777,45,899.9,13498,1687
544.827,45,897.7,13465,1683
544.878,44,877.9,13168,1646
544.928,45,897.4,13462,1683
544.978,45,899.9,13499,1687
545.028,45,898.9,13483,1685
545.078,44,877.1,13157,1645
545.128,45,898.6,13478,1685
545.178,45,897.8,13468,1683
545.228,44,879.8,13196,1650
545.278,45,897.8,13468,1683
545.328,45,897.7,13465,1683
545.379,45,896.7,13451,1681
545.429,44,877.8,13167,1646
545.479,45,899.4,13491,1686
545.529,45,897.6,13464,1683
545.579,45,896.3,13445,1681
545.629,44,880.0,13200,1650
545.679,45,899.1,13487,1686
545.729,45,898.9,13484,1686
545.779,44,878.8,13183,1648
545.829,45,898.5,13477,1685
545.879,45,899.1,13487,1686
545.929,44,878.0,13171,1646
545.980,45,897.5,13462,1683
546.030,45,896.6,13449,1681
546.080,44,877.7,13165,1646
546.130,45,897.8,13467,1683
546.180,45,897.9,13469,1684
546.230,44,877.2,13158,1645
546.280,45,898.8,13483,1685
546.331,45,897.0,13455,1682
546.381,44,878.0,13170,1646
546.431,45,896.9,13454,1682
546.481,45,898.7,13480,1685
546.531,44,877.9,13169,1646
546.581,45,898.7,13481,1685
546.631,44,879.0,13185,1648
546.681,45,896.6,13448,1681
546.732,45,897.2,13457,1682
546.782,44,879.6,13193,1649
546.832,45,895.1,13426,1678
546.882,45,898.4,13475,1684
546.932,44,878.6,13179,1647
546.982,45,899.2,13488,1686
547.032,45,898.6,13479,1685
547.082,44,877.9,13169,1646
547.132,45,898.9,13484,1685
547.182,44,879.8,13197,1650
547.232,45,898.6,13479,1685
547.282,45,899.6,13494,1687
547.333,44,877.7,13165,1646
547.383,45,896.6,13450,1681
547.433,44,879.6,13195,1649
547.483,45,898.1,13471,1684
547.533,44,878.3,13174,1647
547.583,45,899.6,13493,1687
547.633,44,878.8,13182,1648
547.683,45,898.3,13474,1684
547.733,44,879.3,13190,1649
547.783,45,896.9,13453,1682
547.833,44,878.8,13181,1648
547.883,44,879.0,13185,1648
547.934,45,899.0,13486,1686
547.984,44,878.8,13183,1648
548.034,45,899.0,13485,1686
548.084,44,880.0,13200,1650
548.134,44,879.8,13196,1650
548.184,45,896.7,13450,1681
548.234,44,879.9,13199,1650
548.284,44,878.9,13183,1648
548.334,45,897.3,13460,1682
548.384,44,878.5,13177,1647
548.434,45,897.6,13464,1683
548.484,44,877.8,13167,1646
548.535,45,897.7,13466,1683
548.585,45,898.8,13482,1685
548.635,44,878.0,13169,1646
548.685,45,896.6,13449,1681
548.735,44,878.0,13171,1646
548.785,45,897.6,13465,1683
548.835,44,879.8,13197,1650
548.885,45,898.1,13472,1684
548.935,45,896.7,13451,1681
548.986,45,896.6,13449,1681
549.036,44,877.6,13164,1645
549.086,45,899.6,13494,1687
549.136,45,898.4,13475,1684
549.186,44,880.0,13199,1650
549.236,45,899.4,13491,1686
549.286,45,899.8,13497,1687
549.336,44,876.7,13151,1644
549.386,45,897.0,13455,1682
549.436,45,896.8,13452,1681
549.487,45,897.5,13463,1683
549.537,45,898.0,13470,1684
549.587,44,879.8,13198,1650
549.637,45,899.3,13490,1686
549.687,45,899.0,13484,1686
549.737,45,899.5,13493,1687
549.787,45,897.9,13468,1683
549.837,45,897.1,13457,1682
549.887,45,894.7,13421,1678
549.937,44,879.4,13191,1649
549.987,45,899.9,13499,1687
550.038,45,897.8,13467,1683
550.088,45,896.2,13443,1680
550.138,45,899.1,13486,1686
550.188,44,876.8,13151,1644
550.238,45,895.5,13432,1679
550.288,45,896.8,13452,1682
550.339,45,898.4,13476,1684
550.389,45,897.4,13461,1683
550.439,45,899.7,13495,1687
550.489,44,876.8,13151,1644
550.539,45,898.9,13483,1685
550.589,45,898.5,13478,1685
550.639,45,897.6,13464,1683
550.689,45,898.0,13470,1684
550.739,45,899.2,13487,1686
550.789,45,899.5,13492,1687
550.839,45,899.5,13492,1687
550.889,45,898.7,13481,1685
550.940,45,897.8,13467,1683
550.990,45,897.9,13469,1684
551.040,45,898.5,13478,1685
551.090,45,899.0,13486,1686
551.140,46,917.3,13759,1720
551.190,45,899.5,13492,1687
551.240,45,897.8,13466,1683
551.290,45,896.7,13451,1681
551.340,46,919.4,13791,1724
551.390,45,898.8,13482,1685
551.441,45,895.8,13438,1680
551.491,46,917.9,13768,1721
551.541,45,899.0,13485,1686
551.591,45,897.8,13466,1683
551.641,46,918.6,13779,1722
551.691,45,898.9,13483,1685
551.741,45,897.8,13467,1683
551.791,45,897.1,13457,1682
551.841,46,918.5,13778,1722
551.892,45,898.8,13483,1685
551.942,45,899.1,13487,1686
551.992,45,897.5,13462,1683
552.042,45,898.4,13476,1685
552.092,46,916.9,13754,1719
552.142,45,898.6,13479,1685
552.192,45,898.3,13475,1684
552.242,45,898.4,13476,1685
552.292,45,898.9,13483,1685
552.342,45,897.8,13467,1683
552.393,46,918.2,13773,1722
552.443,45,897.0,13455,1682
552.493,45,897.7,13466,1683
552.543,45,898.7,13481,1685
552.593,45,899.2,13487,1686
552.643,45,897.9,13469,1684
552.693,45,895.3,13429,1679
552.743,46,918.0,13770,1721
552.793,45,899.1,13486,1686
552.844,45,897.7,13466,1683
552.894,45,899.0,13484,1686
552.944,45,898.7,13480,1685
552.994,45,899.9,13499,1687
553.044,45,897.9,13468,1683
553.094,45,898.8,13482,1685
553.144,45,898.6,13479,1685
553.194,45,898.2,13472,1684
553.244,45,898.6,13479,1685
553.294,45,897.8,13467,1683
553.344,44,877.5,13162,1645
553.395,45,898.6,13479,1685
553.445,45,897.2,13458,1682
553.495,45,899.3,13490,1686
553.545,45,897.6,13464,1683
553.595,45,897.9,13469,1684
553.645,45,898.8,13482,1685
553.695,44,878.9,13184,1648
553.745,45,899.5,13492,1686
553.795,45,899.6,13494,1687
553.845,45,899.9,13499,1687
553.895,45,895.1,13427,1678
553.946,44,877.0,13155,1644
553.996,45,899.2,13488,1686
554.046,45,897.0,13455,1682
554.096,45,899.2,13488,1686
554.146,45,897.8,13468,1683
554.196,44,878.9,13183,1648
554.246,45,898.7,13480,1685
554.296,45,897.9,13469,1684
554.346,45,897.7,13465,1683
554.396,45,899.3,13490,1686
554.447,44,877.6,13163,1645
554.497,45,899.9,13498,1687
554.547,45,899.7,13496,1687
554.597,45,896.9,13453,1682
554.647,44,879.7,13195,1649
554.697,45,896.9,13453,1682
554.747,45,897.1,13457,1682
554.797,45,898.6,13480,1685
554.847,45,894.9,13424,1678
554.898,44,877.8,13167,1646
554.948,45,898.7,13480,1685
554.998,45,899.9,13499,1687
555.048,44,878.5,13178,1647
555.098,45,897.8,13467,1683
555.148,45,896.6,13449,1681
555.198,44,877.8,13167,1646
555.248,44,879.3,13189,1649
555.298,45,898.4,13477,1685
555.348,44,879.0,13186,1648
555.399,44,876.6,13149,1644
555.449,45,897.7,13465,1683
555.499,44,878.0,13171,1646
555.549,44,877.8,13167,1646
555.599,44,879.9,13198,1650
555.649,44,878.0,13169,1646
555.699,44,877.8,13167,1646
555.749,44,879.6,13195,1649
555.799,44,879.8,13197,1650
555.849,44,877.1,13156,1645
555.899,44,878.0,13171,1646
555.950,45,897.8,13467,1683
556.000,43,859.9,12899,1612
556.050,44,879.9,13199,1650
556.100,44,877.1,13156,1644
556.150,44,878.6,13179,1647
556.200,44,878.8,13182,1648
556.250,44,878.7,13181,1648
556.300,44,877.0,13155,1644
556.350,44,878.7,13181,1648
556.400,43,860.0,12900,1612
556.450,44,876.9,13154,1644
556.500,44,879.6,13194,1649
556.551,44,877.5,13162,1645
556.601,44,879.5,13192,1649
556.651,43,858.1,12871,1609
556.701,44,879.3,13190,1649
556.751,44,878.5,13178,1647
556.801,44,877.8,13167,1646
556.851,44,877.6,13164,1645
556.901,43,859.2,12888,1611
556.951,44,879.1,13187,1648
557.001,43,859.7,12895,1612
557.051,44,877.8,13168,1646
557.101,44,877.6,13163,1645
557.152,43,859.1,12886,1611
557.202,43,858.6,12879,1610
557.252,44,877.1,13157,1645
557.302,44,876.6,13149,1644
557.352,43,856.8,12852,1607
557.402,43,857.2,12859,1607
557.452,44,877.5,13163,1645
557.503,43,858.1,12872,1609
557.553,43,858.9,12884,1611
557.603,44,879.9,13198,1650
557.653,43,855.5,12832,1604
557.703,43,858.1,12871,1609
557.753,44,875.1,13127,1641
557.803,43,857.3,12859,1607
557.854,43,857.6,12864,1608
557.904,43,858.9,12883,1610
557.954,44,879.1,13186,1648
558.004,43,859.1,12886,1611
558.054,43,859.0,12885,1611
558.104,43,859.7,12896,1612
558.154,43,856.7,12850,1606
558.204,44,876.9,13153,1644
558.254,43,857.8,12866,1608
558.304,43,858.0,12870,1609
558.354,43,859.4,12891,1611
558.405,43,858.4,12876,1609
558.455,44,877.8,13168,1646
558.505,43,860.0,12900,1612
558.555,43,858.7,12881,1610
558.605,43,858.4,12876,1609
558.655,43,857.2,12858,1607
558.705,43,855.9,12839,1605
558.755,44,879.1,13186,1648
558.805,43,857.8,12866,1608
558.856,43,859.2,12888,1611
558.906,43,859.5,12892,1612
558.956,43,857.0,12855,1607
559.006,43,859.2,12888,1611
559.056,42,838.7,12580,1573
559.106,43,859.2,12888,1611
559.156,43,858.8,12882,1610
559.206,42,840.0,12599,1575
559.256,42,837.3,12560,1570
559.306,43,857.7,12866,1608
559.356,42,838.7,12581,1573
559.406,42,837.3,12560,1570
559.456,42,840.0,12599,1575
559.507,42,837.9,12569,1571
559.557,43,857.4,12861,1608
559.607,42,838.0,12570,1571
559.657,42,837.6,12565,1571
559.707,42,839.9,12598,1575
559.757,42,839.2,12589,1574
559.807,41,819.3,12290,1536
559.857,42,838.2,12574,1572
559.907,42,836.9,12553,1569
559.957,42,839.4,12592,1574
560.007,42,840.0,12599,1575
560.058,41,819.0,12284,1536
560.108,42,838.9,12583,1573
560.158,42,838.6,12579,1572
560.208,41,819.3,12289,1536
560.258,42,836.9,12554,1569
560.308,42,838.2,12573,1572
560.358,41,818.2,12273,1534
560.408,42,838.7,12581,1573
560.458,42,839.7,12596,1574
560.508,41,817.9,12269,1534
560.559,42,836.6,12550,1569
560.609,42,839.4,12591,1574
560.659,41,819.9,12298,1537
560.709,42,839.0,12585,1573
560.759,42,838.0,12570,1571
560.809,42,835.6,12534,1567
560.859,41,819.0,12286,1536
560.909,42,839.6,12593,1574
560.959,42,839.5,12593,1574
561.009,42,838.0,12570,1571
561.059,41,818.0,12269,1534
561.109,42,838.3,12575,1572
561.160,42,839.6,12594,1574
561.210,42,838.8,12582,1573
561.260,41,819.5,12293,1537
561.310,42,837.2,12558,1570
561.360,42,837.3,12559,1570
561.410,42,839.9,12599,1575
561.460,42,836.6,12549,1569
561.510,42,837.8,12568,1571
561.560,42,839.0,12585,1573
561.610,42,837.9,12568,1571
561.661,41,819.2,12288,1536
561.711,42,838.7,12581,1573
561.761,42,839.1,12586,1573
561.811,42,839.0,12586,1573
561.861,42,839.9,12599,1575
561.911,41,816.7,12251,1531
561.961,42,838.7,12580,1573
562.011,42,837.9,12568,1571
562.061,42,837.2,12558,1570
562.111,42,838.7,12581,1573
562.161,42,838.2,12572,1572
562.211,41,819.8,12298,1537
562.262,42,837.8,12567,1571
562.312,42,838.3,12574,1572
562.362,42,837.9,12568,1571
562.412,42,838.2,12573,1572
562.462,41,819.2,12287,1536
562.512,42,839.5,12592,1574
562.562,42,838.9,12584,1573
562.612,42,837.9,12569,1571
562.662,42,836.6,12549,1569
562.712,41,819.5,12292,1537
562.762,42,839.0,12585,1573
562.813,42,838.9,12584,1573
562.863,42,840.0,12599,1575
562.913,41,818.7,12281,1535
562.963,42,837.1,12557,1570
563.013,42,837.9,12569,1571
563.063,42,839.8,12598,1575
563.113,42,838.0,12569,1571
563.163,41,818.0,12270,1534
563.213,42,839.3,12589,1574
563.263,42,837.4,12561,1570
563.313,42,838.2,12573,1572
563.364,41,816.8,12252,1532
563.414,42,837.9,12568,1571
563.464,42,837.3,12560,1570
563.514,42,837.3,12559,1570
563.564,42,838.1,12572,1571
563.614,42,837.7,12566,1571
563.665,41,817.1,12256,1532
563.715,42,839.0,12584,1573
563.765,42,839.5,12593,1574
563.815,41,817.3,12260,1533
563.865,42,838.0,12570,1571
563.915,42,838.6,12579,1572
563.965,41,818.2,12273,1534
564.015,42,837.1,12557,1570
564.066,42,836.4,12545,1568
564.116,41,817.3,12259,1532
564.166,42,837.9,12568,1571
564.216,42,839.5,12592,1574
564.266,41,819.9,12299,1537
564.316,42,839.3,12590,1574
564.366,41,818.3,12274,1534
564.416,42,839.0,12585,1573
564.466,42,839.1,12587,1573
564.516,42,838.6,12580,1572
564.566,41,819.1,12286,1536
564.616,42,838.9,12583,1573
564.666,42,837.9,12569,1571
564.717,42,836.6,12549,1569
564.767,42,838.5,12577,1572
564.817,41,818.8,12282,1535
564.867,42,837.3,12560,1570
564.917,42,838.5,12578,1572
564.967,42,839.8,12597,1575
565.017,42,838.1,12571,1571
565.067,42,838.0,12570,1571
565.117,41,819.9,12298,1537
565.167,42,838.4,12576,1572
565.218,42,837.3,12560,1570
565.268,42,839.6,12594,1574
565.318,41,817.2,12258,1532
565.368,42,839.3,12590,1574
565.418,42,839.9,12598,1575
565.468,41,819.6,12294,1537
565.518,42,838.4,12575,1572
565.568,42,837.1,12556,1570
565.618,41,819.0,12285,1536
565.668,42,837.4,12561,1570
565.718,41,817.6,12265,1533
565.769,42,839.4,12591,1574
565.819,42,837.0,12556,1569
565.869,41,817.8,12268,1533
565.919,42,837.8,12568,1571
565.969,41,819.3,12289,1536
566.019,41,819.8,12297,1537
566.069,42,835.3,12529,1566
566.119,41,819.1,12286,1536
566.170,42,837.1,12557,1570
566.220,41,819.3,12289,1536
566.270,41,818.9,12284,1535
566.320,42,838.4,12576,1572
566.370,41,818.6,12279,1535
566.420,42,838.8,12582,1573
566.470,41,818.3,12274,1534
566.520,42,837.8,12567,1571
566.570,41,818.9,12284,1536
566.620,42,838.1,12571,1571
566.670,41,818.6,12279,1535
566.720,42,839.1,12587,1573
566.771,41,818.7,12280,1535
566.821,42,839.9,12599,1575
566.871,42,835.9,12539,1567
566.921,41,817.9,12268,1534
566.971,42,838.3,12575,1572
567.021,41,818.7,12280,1535
567.071,42,839.3,12589,1574
567.121,41,818.9,12284,1535
567.171,42,838.4,12576,1572
567.221,41,818.6,12279,1535
567.271,42,838.8,12582,1573
567.321,42,839.9,12598,1575
567.372,41,818.4,12276,1534
567.422,42,837.6,12563,1570
567.472,42,837.1,12557,1570
567.522,41,819.9,12299,1537
567.572,42,837.6,12564,1570
567.622,42,838.2,12573,1572
567.672,41,818.2,12273,1534
567.722,42,838.6,12579,1572
567.772,42,838.7,12581,1573
567.823,42,835.9,12538,1567
567.873,41,818.0,12270,1534
567.923,42,837.0,12554,1569
567.973,42,838.0,12571,1571
568.023,42,838.9,12583,1573
568.073,41,817.0,12255,1532
568.123,42,837.9,12568,1571
568.173,42,838.7,12581,1573
568.224,42,837.0,12555,1569
568.274,42,837.8,12567,1571
568.324,41,819.0,12285,1536
568.374,42,839.0,12586,1573
568.424,42,839.0,12585,1573
568.474,41,819.0,12285,1536
568.524,42,837.8,12567,1571
568.574,42,839.2,12588,1573
568.624,42,839.6,12594,1574
568.674,41,818.2,12272,1534
568.725,42,837.2,12558,1570
568.775,42,837.5,12562,1570
568.825,41,819.3,12289,1536
568.875,42,838.6,12579,1572
568.925,41,819.6,12295,1537
568.975,42,838.4,12577,1572
569.025,42,839.6,12593,1574
569.075,41,817.0,12255,1532
569.125,42,837.4,12561,1570
569.175,41,816.8,12252,1532
569.226,42,838.5,12578,1572
569.276,42,839.9,12598,1575
569.326,41,818.6,12279,1535
569.376,42,837.9,12569,1571
569.426,41,818.0,12270,1534
569.476,42,839.9,12598,1575
569.526,41,818.6,12279,1535
569.576,42,839.3,12590,1574
569.626,41,817.9,12269,1534
569.676,42,837.7,12566,1571
569.726,41,818.1,12271,1534
569.776,42,839.0,12585,1573
569.827,41,817.8,12266,1533
569.877,42,839.1,12586,1573
569.932,39,704.8,10572,1321
570.009,27,350.0,5249,656
570.059,25,499.8,7497,937
570.109,42,837.8,12568,1571
570.159,41,817.5,12262,1533
570.231,40,557.6,8364,1046
570.281,38,757.8,11367,1421
570.331,42,838.0,12570,1571
570.382,41,816.8,12253,1532
570.432,42,837.8,12567,1571
570.482,41,817.8,12267,1533
570.532,41,819.9,12298,1537
570.582,42,839.1,12586,1573
570.632,41,818.0,12269,1534
570.682,25,498.5,7477,935
570.733,41,816.1,12241,1530
570.783,42,836.8,12552,1569
570.833,42,839.1,12587,1573
570.883,41,819.3,12290,1536
570.933,42,837.8,12568,1571
570.983,41,819.2,12288,1536
571.033,41,817.6,12265,1533
571.083,41,815.5,12233,1529
571.133,39,779.3,11690,1461
571.184,42,838.0,12570,1571
571.234,41,818.8,12282,1535
571.284,42,837.1,12557,1570
571.334,41,819.9,12299,1537
571.384,42,838.9,12584,1573
571.434,41,818.3,12275,1534
571.484,42,838.9,12583,1573
571.534,41,819.7,12295,1537
571.584,42,839.8,12597,1575
571.634,41,819.4,12291,1536
571.684,42,837.6,12564,1571
571.734,42,838.2,12574,1572
571.784,41,819.2,12288,1536
571.835,42,837.6,12564,1571
571.885,41,819.9,12299,1537
571.935,42,839.1,12586,1573
571.985,41,818.8,12283,1535
572.035,42,839.7,12595,1574
572.085,41,818.3,12275,1534
572.135,42,836.7,12551,1569
572.185,42,839.4,12592,1574
572.235,41,817.3,12260,1532
572.285,42,839.4,12591,1574
572.335,41,817.9,12269,1534
572.385,42,838.1,12571,1571
572.436,41,819.3,12289,1536
572.486,42,837.4,12560,1570
572.536,42,837.9,12569,1571
572.586,41,819.4,12291,1536
572.636,42,838.6,12579,1572
572.686,41,818.9,12284,1535
572.736,42,838.0,12571,1571
572.786,42,839.2,12588,1573
572.836,41,816.3,12245,1531
572.887,42,837.2,12557,1570
572.937,42,839.0,12584,1573
572.987,41,819.0,12285,1536
573.037,42,839.2,12589,1574
573.087,41,818.8,12281,1535
573.137,42,839.6,12594,1574
573.187,42,838.2,12574,1572
573.237,41,818.0,12270,1534
573.287,42,837.9,12568,1571
573.337,42,836.7,12550,1569
573.387,41,817.9,12269,1534
573.438,42,837.3,12559,1570
573.488,42,836.5,12547,1568
573.538,42,839.3,12590,1574
573.588,41,818.4,12276,1535
573.638,42,837.2,12558,1570
573.688,42,839.1,12586,1573
573.738,41,819.6,12293,1537
573.788,42,839.4,12591,1574
573.838,42,838.8,12582,1573
573.888,41,819.1,12287,1536
573.939,42,837.9,12569,1571
573.989,42,838.9,12583,1573
574.039,42,839.8,12597,1575
574.089,42,838.1,12572,1572
574.139,41,819.0,12284,1536
574.189,42,839.5,12592,1574
574.239,42,837.1,12557,1570
574.289,41,819.6,12294,1537
574.339,42,838.7,12580,1573
574.389,42,839.8,12596,1575
574.439,42,839.9,12598,1575
574.489,42,838.1,12571,1571
574.539,42,838.2,12574,1572
574.589,42,837.4,12561,1570
574.640,41,819.3,12290,1536
574.690,42,839.1,12586,1573
574.740,42,837.4,12562,1570
574.790,42,839.1,12586,1573
574.840,42,838.1,12571,1571
574.890,42,838.1,12572,1572
574.940,42,837.6,12563,1570
574.990,42,837.8,12567,1571
575.040,42,838.2,12573,1572
575.090,41,819.2,12287,1536
575.141,42,838.5,12578,1572
575.191,42,837.1,12556,1570
575.241,42,838.8,12582,1573
575.291,42,837.7,12566,1571
575.341,41,817.6,12264,1533
575.391,42,839.0,12585,1573
575.441,42,839.7,12595,1574
575.491,42,838.9,12584,1573
575.541,41,818.8,12282,1535
575.591,42,837.2,12558,1570
575.641,42,839.7,12595,1574
575.691,41,819.8,12298,1537
575.742,42,839.2,12588,1574
575.792,42,837.8,12567,1571
575.842,41,819.9,12298,1537
575.892,42,839.3,12589,1574
575.942,41,818.9,12283,1535
575.992,42,839.9,12598,1575
576.042,42,837.9,12569,1571
576.092,41,818.0,12270,1534
576.142,42,837.9,12568,1571
576.192,41,816.9,12253,1532
576.242,42,837.4,12561,1570
576.293,42,839.6,12594,1574
576.343,41,817.9,12269,1534
576.393,42,839.1,12586,1573
576.443,41,817.8,12267,1533
576.493,42,837.6,12565,1571
576.543,41,817.3,12259,1532
576.593,42,836.8,12553,1569
576.643,42,837.8,12567,1571
576.694,41,817.9,12269,1534
576.744,42,839.1,12587,1573
576.794,41,818.0,12270,1534
576.844,42,838.8,12583,1573
576.894,41,817.0,12254,1532
576.944,42,837.1,12557,1570
576.994,41,817.6,12264,1533
577.045,42,836.8,12553,1569
577.095,42,837.2,12557,1570
577.145,41,818.7,12281,1535
577.195,42,839.2,12588,1574
577.245,41,816.9,12253,1532
577.295,42,838.0,12571,1571
577.345,42,838.1,12571,1571
577.395,41,816.0,12240,1530
577.446,42,837.5,12562,1570
577.496,41,816.9,12254,1532
577.546,42,839.9,12598,1575
577.596,42,837.4,12560,1570
577.646,41,819.7,12295,1537
577.696,42,837.9,12569,1571
577.746,41,817.1,12257,1532
577.796,42,840.0,12600,1575
577.846,41,818.8,12282,1535
577.897,42,836.7,12550,1569
577.947,42,837.3,12559,1570
577.997,41,819.7,12295,1537
578.047,42,839.9,12599,1575
578.097,41,819.7,12295,1537
578.147,42,837.5,12563,1570
578.197,42,839.9,12598,1575
578.247,41,817.9,12268,1534
578.297,42,838.9,12583,1573
578.347,42,837.9,12569,1571
578.397,42,838.0,12570,1571
578.447,41,819.5,12292,1536
578.498,42,837.6,12564,1571
578.548,42,839.9,12599,1575
578.598,42,838.7,12580,1573
578.648,42,837.1,12557,1570
578.698,42,838.1,12572,1571
578.748,42,838.7,12580,1572
578.798,42,839.2,12588,1574
578.848,42,837.6,12565,1571
578.898,42,838.8,12582,1573
578.948,42,837.6,12564,1570
578.999,42,837.3,12560,1570
579.049,42,838.9,12584,1573
579.099,41,820.0,12300,1537
579.149,42,838.1,12571,1571
579.199,42,839.8,12597,1575
579.249,42,838.9,12583,1573
579.299,42,838.3,12575,1572
579.349,42,838.5,12578,1572
579.399,42,838.1,12571,1571
579.449,42,837.1,12557,1570
579.499,42,837.8,12567,1571
579.550,42,838.2,12573,1572
579.600,42,839.7,12595,1574
579.650,42,839.9,12599,1575
579.700,42,837.6,12565,1571
579.750,42,839.0,12584,1573
579.800,42,836.7,12551,1569
579.850,42,839.4,12591,1574
579.900,42,836.6,12548,1569
579.950,42,839.0,12585,1573
580.000,41,818.5,12278,1535
580.051,42,837.3,12560,1570
580.101,42,838.1,12571,1571
580.151,42,836.6,12549,1569
580.201,42,835.9,12538,1567
580.251,42,838.2,12573,1572
580.301,41,818.8,12282,1535
580.351,42,838.1,12572,1571
580.402,42,837.7,12566,1571
580.452,42,839.0,12585,1573
580.502,41,818.2,12273,1534
580.552,42,836.5,12548,1569
580.602,42,839.1,12586,1573
580.652,42,835.5,12532,1567
580.702,41,817.9,12269,1534
580.752,42,839.2,12587,1573
580.802,42,840.0,12599,1575
580.853,41,817.1,12257,1532
580.903,42,838.5,12577,1572
580.953,42,838.3,12575,1572
581.003,42,837.8,12567,1571
581.053,41,819.1,12286,1536
581.103,42,837.2,12558,1570
581.153,42,838.9,12583,1573
581.203,42,837.7,12565,1571
581.253,41,819.7,12295,1537
581.303,42,839.2,12588,1573
581.354,42,837.1,12557,1570
581.404,42,838.8,12582,1573
581.454,42,837.0,12556,1569
581.504,42,839.7,12595,1574
581.554,42,837.0,12555,1569
581.604,42,839.9,12599,1575
581.654,42,837.9,12569,1571
581.704,41,818.0,12270,1534
581.754,42,839.9,12599,1575
581.804,42,838.8,12583,1573
581.854,42,838.2,12574,1572
581.904,42,839.5,12593,1574
581.955,42,837.1,12557,1570
582.005,41,817.4,12260,1533
582.055,42,838.0,12571,1571
582.105,42,838.5,12577,1572
582.155,42,839.1,12586,1573
582.205,41,818.3,12274,1534
582.255,42,837.6,12564,1571
582.305,42,837.8,12567,1571
582.356,41,818.7,12280,1535
582.406,42,838.3,12575,1572
582.456,42,836.6,12549,1569
582.506,41,818.3,12275,1534
582.556,42,835.7,12535,1567
582.606,42,838.1,12572,1571
582.656,42,839.9,12599,1575
582.706,41,819.9,12299,1537
582.756,42,836.8,12552,1569
582.807,42,839.9,12599,1575
582.857,42,838.0,12570,1571
582.907,41,818.7,12281,1535
582.957,42,839.2,12588,1574
583.007,42,838.8,12582,1573
583.057,42,837.9,12569,1571
583.107,41,818.9,12283,1535
583.157,42,839.3,12590,1574
583.207,42,837.7,12566,1571
583.257,42,837.1,12557,1570
583.308,42,837.5,12562,1570
583.358,41,819.5,12292,1537
583.408,42,837.1,12557,1570
583.458,42,837.2,12558,1570
583.508,42,837.7,12566,1571
583.558,41,817.4,12260,1533
583.608,42,838.7,12580,1573
583.658,42,838.4,12575,1572
583.708,41,817.7,12265,1533
583.759,42,836.5,12548,1569
583.809,42,837.6,12564,1570
583.859,42,839.6,12594,1574
583.909,41,817.7,12266,1533
583.959,42,836.5,12547,1568
584.009,42,839.3,12590,1574
584.059,41,817.6,12264,1533
584.109,42,839.6,12594,1574
584.159,42,839.1,12586,1573
584.210,42,837.7,12566,1571
584.260,41,817.0,12254,1532
584.310,42,838.1,12571,1571
584.360,42,838.7,12581,1573
584.410,42,837.8,12567,1571
584.460,42,839.9,12599,1575
584.510,41,818.3,12274,1534
584.560,42,839.4,12591,1574
584.610,42,839.3,12590,1574
584.660,42,838.2,12573,1572
584.710,42,838.8,12581,1573
584.761,42,836.8,12551,1569
584.811,42,835.9,12539,1567
584.861,41,817.9,12268,1533
584.911,42,839.1,12587,1573
584.961,42,839.9,12599,1575
585.011,42,839.0,12585,1573
585.061,42,838.9,12583,1573
585.111,42,839.3,12589,1574
585.161,42,839.3,12589,1574
585.211,42,838.1,12572,1572
585.261,42,839.3,12590,1574
585.312,42,836.6,12549,1569
585.362,42,839.8,12597,1575
585.412,42,835.8,12537,1567
585.462,42,837.6,12564,1571
585.512,42,837.5,12563,1570
585.562,42,837.3,12559,1570
585.613,42,837.1,12557,1570
585.663,42,839.3,12590,1574
585.713,42,838.1,12572,1571
585.763,41,817.8,12268,1533
585.813,42,837.9,12568,1571
585.863,42,840.0,12600,1575
585.913,42,838.8,12581,1573
585.963,41,819.1,12287,1536
586.013,42,839.5,12592,1574
586.063,42,835.2,12528,1566
586.113,42,839.9,12599,1575
586.164,42,837.5,12563,1570
586.214,42,837.4,12561,1570
586.264,42,836.7,12550,1569
586.314,42,838.9,12584,1573
586.364,41,818.1,12271,1534
586.414,42,837.0,12555,1569
586.464,42,838.3,12574,1572
586.515,42,836.6,12549,1569
586.565,42,836.6,12549,1569
586.615,42,837.9,12568,1571
586.665,42,839.5,12593,1574
586.715,42,837.4,12561,1570
586.765,42,839.1,12587,1573
586.815,41,819.2,12288,1536
586.865,42,840.0,12600,1575
586.915,42,839.3,12590,1574
586.965,42,839.6,12594,1574
587.015,42,837.7,12566,1571
587.066,42,837.2,12559,1570
587.116,42,839.9,12599,1575
587.166,41,818.8,12283,1535
587.216,42,839.7,12596,1574
587.266,42,837.8,12567,1571
587.316,42,839.3,12589,1574
587.366,41,818.7,12280,1535
587.416,42,839.0,12585,1573
587.466,42,839.5,12593,1574
587.516,42,839.9,12598,1575
587.566,41,820.0,12299,1537
587.616,42,838.9,12583,1573
587.666,41,819.9,12298,1537
587.716,42,837.0,12556,1569
587.766,42,839.8,12597,1575
587.816,41,818.5,12277,1535
587.866,42,838.7,12580,1573
587.917,42,837.9,12568,1571
587.967,41,817.1,12256,1532
588.017,42,839.8,12597,1575
588.067,42,835.4,12531,1566
588.117,41,818.4,12276,1535
588.167,42,836.8,12552,1569
588.217,42,839.9,12599,1575
588.267,41,819.2,12289,1536
588.317,42,838.7,12581,1573
588.368,42,836.6,12548,1569
588.418,41,819.5,12292,1536
588.468,42,838.0,12570,1571
588.518,42,838.0,12570,1571
588.568,42,838.9,12584,1573
588.618,41,818.3,12275,1534
588.668,42,839.2,12588,1573
588.718,42,838.4,12576,1572
588.768,42,837.8,12567,1571
588.819,41,817.4,12261,1533
588.869,42,835.9,12538,1567
588.919,42,838.4,12576,1572
588.969,42,838.1,12571,1571
589.019,42,838.4,12576,1572
589.069,42,839.4,12591,1574
589.119,42,835.3,12529,1566
589.170,42,836.9,12554,1569
589.220,42,836.6,12548,1569
589.270,42,839.3,12590,1574
589.320,42,836.7,12551,1569
589.370,42,836.9,12554,1569
589.420,42,837.1,12557,1570
589.471,42,838.1,12572,1571
589.521,42,835.3,12529,1566
589.571,42,838.6,12578,1572
589.621,41,818.7,12280,1535
589.671,42,836.6,12549,1569
589.721,42,839.3,12590,1574
589.771,42,839.9,12599,1575
589.821,42,837.9,12568,1571
589.871,41,819.0,12284,1536
589.922,42,838.3,12575,1572
589.972,42,839.7,12596,1574
590.022,41,818.4,12276,1535
590.072,42,838.6,12578,1572
590.122,41,819.9,12299,1537
590.172,42,836.7,12551,1569
590.222,42,835.9,12539,1567
590.272,42,836.8,12552,1569
590.322,41,818.7,12281,1535
590.373,42,838.1,12571,1571
590.423,42,835.7,12536,1567
590.473,42,837.1,12557,1570
590.523,41,819.1,12286,1536
590.573,42,836.6,12550,1569
590.623,42,838.2,12574,1572
590.674,42,836.1,12542,1568
590.724,41,818.5,12278,1535
590.774,42,838.9,12583,1573
590.824,42,837.9,12569,1571
590.874,42,839.9,12599,1575
590.924,42,839.9,12598,1575
590.974,42,838.2,12574,1572
591.024,41,818.9,12284,1535
591.074,42,836.6,12549,1569
591.124,42,838.1,12572,1572
591.174,42,839.8,12598,1575
591.224,42,839.4,12590,1574
591.274,41,819.4,12291,1536
591.324,42,839.8,12597,1575
591.375,42,838.5,12578,1572
591.425,42,838.8,12581,1573
591.475,41,818.0,12270,1534
591.525,42,839.3,12590,1574
591.575,42,837.3,12560,1570
591.625,41,818.5,12278,1535
591.675,42,837.4,12561,1570
591.725,42,835.5,12532,1567
591.776,42,836.2,12543,1568
591.826,41,819.2,12288,1536
591.876,42,839.9,12599,1575
591.926,41,819.7,12295,1537
591.976,42,840.0,12599,1575
592.026,41,819.6,12293,1537
592.076,42,836.7,12550,1569
592.126,42,839.2,12588,1574
592.176,41,817.5,12263,1533
592.226,42,839.1,12586,1573
592.276,42,838.7,12580,1572
592.326,41,819.4,12291,1536
592.376,42,837.7,12565,1571
592.427,42,838.0,12569,1571
592.477,41,819.5,12292,1537
592.527,42,836.6,12550,1569
592.577,42,836.7,12550,1569
592.627,41,815.8,12237,1530
592.677,42,838.0,12570,1571
592.728,42,838.2,12572,1572
592.778,42,837.8,12567,1571
592.828,42,835.5,12533,1567
592.878,42,838.6,12579,1572
592.928,42,838.7,12581,1573
592.978,42,838.8,12582,1573
593.028,42,838.0,12570,1571
593.078,42,837.9,12569,1571
593.129,42,837.9,12568,1571
593.179,42,838.7,12581,1573
593.229,42,838.2,12573,1572
593.279,42,837.5,12562,1570
593.329,42,839.4,12591,1574
593.379,42,837.2,12558,1570
593.429,42,838.3,12574,1572
593.479,42,839.0,12586,1573
593.529,42,838.1,12571,1571
593.579,42,839.6,12594,1574
593.629,42,838.2,12572,1572
593.680,42,838.1,12571,1571
593.730,42,839.9,12598,1575
593.780,42,837.8,12567,1571
593.830,42,839.4,12591,1574
593.880,42,838.6,12579,1572
593.930,42,837.0,12555,1569
593.980,41,818.8,12281,1535
594.030,42,839.9,12598,1575
594.080,42,837.3,12559,1570
594.130,42,838.3,12574,1572
594.180,42,839.4,12591,1574
594.231,42,837.8,12567,1571
594.281,42,839.7,12596,1575
594.331,42,837.4,12561,1570
594.381,42,837.7,12565,1571
594.431,42,839.2,12588,1573
594.481,42,837.5,12563,1570
594.531,42,837.0,12555,1569
594.581,42,837.4,12560,1570
594.631,42,838.7,12580,1573
594.682,42,839.0,12585,1573
594.732,42,835.4,12531,1566
594.782,41,819.2,12288,1536
594.832,42,836.9,12553,1569
594.882,42,839.0,12585,1573
594.932,42,839.9,12599,1575
594.982,41,818.9,12283,1535
595.032,42,839.1,12587,1573
595.082,42,838.9,12583,1573
595.132,42,837.0,12555,1569
595.182,41,819.7,12296,1537
595.233,42,836.7,12551,1569
595.283,42,837.8,12567,1571
595.333,42,837.6,12564,1570
595.383,42,837.2,12559,1570
595.433,41,819.7,12295,1537
595.483,42,838.0,12570,1571
595.533,42,839.8,12597,1575
595.583,42,838.9,12583,1573
595.633,41,817.9,12268,1534
595.684,42,839.1,12587,1573
595.734,42,839.4,12591,1574
595.784,41,819.3,12290,1536
595.834,42,838.7,12581,1573
595.884,42,837.1,12556,1570
595.934,42,836.7,12550,1569
595.984,41,819.3,12289,1536
596.034,42,838.6,12579,1572
596.084,42,839.3,12589,1574
596.134,41,815.9,12238,1530
596.184,42,839.3,12590,1574
596.235,42,839.1,12587,1573
596.285,42,838.6,12578,1572
596.335,41,819.0,12285,1536
596.385,42,838.4,12577,1572
596.435,42,838.2,12573,1572
596.485,42,838.8,12582,1573
596.535,42,837.6,12564,1570
596.585,41,818.5,12277,1535
596.635,42,836.7,12551,1569
596.686,42,837.0,12554,1569
596.736,42,839.1,12587,1573
596.786,41,819.1,12286,1536
596.836,42,840.0,12599,1575
596.886,42,839.8,12597,1575
596.936,42,838.7,12580,1572
596.986,41,819.4,12291,1536
597.036,42,839.2,12588,1574
597.086,42,839.1,12586,1573
597.136,42,839.2,12588,1573
597.186,41,817.0,12255,1532
597.236,42,839.0,12585,1573
597.286,42,837.2,12558,1570
597.337,42,838.0,12570,1571
597.387,42,837.8,12566,1571
597.437,42,838.9,12583,1573
597.487,41,819.9,12298,1537
597.537,42,839.2,12588,1574
597.587,42,839.8,12597,1575
597.637,42,838.0,12570,1571
597.687,41,818.9,12284,1535
597.737,42,838.1,12572,1572
597.787,42,839.6,12595,1574
597.837,42,836.7,12551,1569
597.888,41,816.0,12241,1530
597.938,42,838.3,12574,1572
597.988,42,837.2,12558,1570
598.038,42,838.0,12570,1571
598.088,42,836.8,12553,1569
598.138,42,837.5,12563,1570
598.188,41,819.7,12296,1537
598.238,42,838.6,12579,1572
598.288,42,837.9,12569,1571
598.339,42,838.1,12572,1571
598.389,42,837.8,12568,1571
598.439,41,819.3,12289,1536
598.489,42,838.0,12569,1571
598.539,42,839.2,12588,1574
598.589,42,838.0,12570,1571
598.639,42,839.5,12592,1574
598.689,41,819.9,12299,1537
598.739,42,839.4,12591,1574
598.789,42,838.8,12581,1573
598.839,42,837.1,12556,1569
598.889,42,839.8,12597,1575
598.939,41,819.9,12299,1537
598.990,43,855.5,12832,1604
599.040,41,818.4,12277,1535
599.090,42,838.4,12575,1572
599.140,42,838.9,12584,1573
599.190,42,835.8,12538,1567
599.240,42,838.2,12573,1572
599.290,42,837.4,12561,1570
599.340,42,838.8,12582,1573
599.391,42,839.6,12594,1574
599.441,42,838.6,12579,1572
599.491,42,839.4,12592,1574
599.541,42,837.9,12569,1571
599.591,42,838.2,12573,1572
599.641,42,839.7,12596,1574
599.691,42,838.7,12581,1573
599.741,42,838.4,12575,1572
599.791,42,839.7,12595,1574
599.841,42,836.3,12544,1568
599.891,42,837.4,12562,1570
599.941,43,859.0,12885,1611
599.992,42,837.9,12569,1571
600.042,42,838.8,12583,1573
600.092,42,837.9,12569,1571
600.142,42,839.2,12589,1574
600.192,42,837.9,12568,1571
600.242,42,838.1,12571,1571
600.292,42,837.7,12565,1571
600.342,42,837.7,12566,1571
600.392,42,839.1,12587,1573
600.442,42,840.0,12600,1575
600.493,42,837.2,12558,1570
600.543,42,838.3,12575,1572
600.593,42,837.4,12560,1570
600.643,42,839.6,12593,1574
600.693,42,839.7,12596,1575
600.743,43,858.1,12871,1609
600.793,42,838.2,12573,1572
600.843,42,838.7,12580,1573
600.893,42,837.8,12567,1571
600.943,42,839.1,12586,1573
600.993,42,838.1,12571,1571
601.044,42,837.0,12555,1569
601.094,42,837.8,12567,1571
601.144,42,837.9,12569,1571
601.194,42,839.7,12596,1574
601.244,42,838.7,12581,1573
601.294,42,838.4,12577,1572
601.344,42,837.4,12562,1570
601.394,42,839.1,12586,1573
601.444,42,838.2,12573,1572
601.494,42,839.7,12596,1575
601.545,42,837.6,12564,1571
601.595,42,837.5,12562,1570
601.645,42,837.0,12554,1569
601.695,42,839.8,12596,1575
601.745,42,837.9,12569,1571
601.795,42,839.0,12586,1573
601.845,42,839.8,12597,1575
601.895,42,837.3,12559,1570
601.945,42,838.6,12578,1572
601.995,42,839.2,12588,1573
602.045,42,839.0,12586,1573
602.096,42,835.2,12528,1566
602.146,43,858.1,12871,1609
602.196,42,838.1,12572,1571
602.246,42,839.7,12595,1574
602.296,42,837.1,12557,1570
602.346,42,839.1,12587,1573
602.396,42,837.9,12569,1571
602.446,42,838.7,12580,1572
602.497,42,836.8,12552,1569
602.547,42,839.3,12590,1574
602.597,42,838.2,12573,1572
602.647,42,839.6,12595,1574
602.697,42,839.7,12595,1574
602.747,42,839.6,12594,1574
602.797,41,819.4,12292,1536
602.847,43,856.7,12851,1606
602.897,42,836.6,12549,1569
602.947,42,837.5,12562,1570
602.998,42,837.9,12569,1571
603.048,42,839.0,12585,1573
603.098,42,839.9,12598,1575
603.148,42,840.0,12600,1575
603.198,42,838.9,12583,1573
603.248,42,837.1,12557,1570
603.298,42,838.9,12583,1573
603.348,42,839.8,12596,1575
603.398,42,838.0,12570,1571
603.448,42,836.5,12548,1569
603.498,43,857.0,12855,1607
603.548,42,839.5,12592,1574
603.599,42,838.6,12579,1572
603.649,42,836.9,12554,1569
603.699,42,838.0,12569,1571
603.749,42,838.8,12583,1573
603.799,42,838.8,12582,1573
603.849,42,837.1,12557,1570
603.899,42,837.9,12569,1571
603.949,42,838.6,12580,1572
604.000,42,837.1,12556,1570
604.050,42,839.9,12599,1575
604.100,42,839.2,12587,1573
604.150,42,838.9,12583,1573
604.200,42,838.9,12584,1573
604.250,42,837.7,12565,1571
604.300,42,839.1,12586,1573
604.350,42,837.9,12569,1571
604.400,42,839.8,12598,1575
604.450,42,837.8,12567,1571
604.500,42,839.9,12598,1575
604.550,42,838.3,12574,1572
604.600,42,837.2,12558,1570
604.650,42,839.7,12595,1574
604.701,42,837.1,12557,1570
604.751,42,838.7,12581,1573
604.801,42,838.0,12570,1571
604.851,42,838.6,12579,1572
604.901,42,837.3,12559,1570
604.951,42,836.7,12551,1569
605.001,42,837.9,12569,1571
605.051,41,819.1,12286,1536
605.102,42,835.5,12533,1567
605.152,42,838.7,12581,1573
605.202,42,838.2,12573,1572
605.252,42,837.8,12566,1571
605.302,42,839.0,12585,1573
605.352,42,836.9,12554,1569
605.402,42,837.8,12566,1571
605.452,42,839.3,12589,1574
605.502,42,839.8,12597,1575
605.553,42,838.4,12576,1572
605.603,41,819.8,12296,1537
605.653,42,839.4,12592,1574
605.703,42,837.3,12559,1570
605.753,42,837.8,12567,1571
605.803,43,858.1,12872,1609
605.853,42,839.3,12589,1574
605.903,42,839.6,12595,1574
605.953,41,819.8,12297,1537
606.003,42,839.7,12596,1574
606.053,42,838.2,12573,1572
606.103,42,838.7,12581,1573
606.153,43,858.0,12870,1609
606.204,42,837.0,12555,1569
606.254,42,839.9,12599,1575
606.304,42,838.5,12578,1572
606.354,42,839.3,12590,1574
606.404,42,838.4,12576,1572
606.454,42,839.9,12599,1575
606.504,42,838.5,12577,1572
606.554,42,837.1,12556,1569
606.604,42,839.0,12585,1573
606.654,43,859.3,12889,1611
606.704,42,839.7,12596,1575
606.754,42,839.7,12596,1574
606.804,42,838.1,12572,1571
606.855,42,835.8,12536,1567
606.905,42,838.6,12579,1572
606.955,43,857.2,12858,1607
607.005,42,839.1,12586,1573
607.055,42,837.9,12569,1571
607.105,42,839.2,12588,1574
607.155,42,837.3,12559,1570
607.205,42,838.8,12582,1573
607.255,42,839.9,12599,1575
607.305,42,838.7,12581,1573
607.355,42,839.7,12595,1574
607.406,42,838.0,12569,1571
607.456,42,838.3,12574,1572
607.506,42,837.2,12558,1570
607.556,42,839.6,12594,1574
607.606,41,817.7,12265,1533
607.656,42,839.3,12590,1574
607.706,42,838.8,12582,1573
607.756,42,838.7,12581,1573
607.806,41,819.2,12287,1536
607.856,42,837.5,12563,1570
607.906,42,838.5,12577,1572
607.956,42,839.6,12594,1574
608.007,41,815.8,12236,1530
608.057,42,839.9,12598,1575
608.107,42,838.5,12577,1572
608.157,42,840.0,12599,1575
608.207,42,839.0,12585,1573
608.257,41,819.7,12296,1537
608.307,42,837.2,12558,1570
608.357,42,838.6,12579,1572
608.407,42,837.1,12557,1570
608.457,41,819.0,12284,1536
608.507,42,839.1,12586,1573
608.557,42,839.5,12592,1574
608.608,42,838.7,12581,1573
608.658,42,837.6,12564,1571
608.708,42,835.4,12531,1566
608.758,41,819.3,12290,1536
608.808,42,838.7,12580,1573
608.858,42,839.9,12598,1575
608.908,42,835.7,12536,1567
608.958,41,819.2,12288,1536
609.008,42,839.2,12588,1573
609.059,41,817.9,12268,1534
609.109,42,838.8,12582,1573
609.159,42,836.7,12550,1569
609.209,41,818.0,12269,1534
609.259,42,838.3,12575,1572
609.309,42,838.7,12581,1573
609.359,41,816.9,12253,1532
609.409,42,839.0,12586,1573
609.460,42,837.9,12569,1571
609.510,42,838.8,12582,1573
609.560,41,819.1,12286,1536
609.610,42,838.9,12584,1573
609.660,42,837.1,12557,1570
609.710,42,836.9,12553,1569
609.760,41,817.6,12264,1533
609.810,42,836.0,12540,1568
609.861,42,838.1,12571,1571
609.911,42,837.8,12566,1571
609.961,42,838.8,12583,1573
610.011,41,820.0,12300,1537
610.061,42,837.4,12561,1570
610.111,42,837.6,12564,1570
610.161,42,835.3,12529,1566
610.211,42,839.9,12598,1575
610.262,42,837.7,12566,1571
610.312,42,839.3,12589,1574
610.362,42,839.7,12596,1574
610.412,41,818.6,12280,1535
610.462,42,836.8,12552,1569
610.512,42,838.0,12570,1571
610.562,42,838.4,12576,1572
610.612,42,839.4,12592,1574
610.662,42,840.0,12599,1575
610.712,42,837.1,12556,1570
610.762,42,837.7,12566,1571
610.812,42,839.2,12587,1573
610.862,42,839.9,12599,1575
610.912,42,839.8,12597,1575
610.963,42,835.8,12537,1567
611.013,42,838.2,12573,1572
611.063,42,837.6,12564,1571
611.113,42,837.3,12559,1570
611.163,42,839.8,12597,1575
611.213,42,838.4,12576,1572
611.263,43,858.4,12876,1609
611.313,42,837.9,12569,1571
611.364,42,837.1,12557,1570
611.414,42,839.7,12596,1574
611.464,42,839.4,12591,1574
611.514,43,856.8,12852,1606
611.564,42,839.5,12593,1574
611.614,42,836.8,12552,1569
611.664,42,835.7,12536,1567
611.715,43,857.1,12857,1607
611.765,42,839.7,12595,1574
611.815,42,838.1,12571,1571
611.865,42,836.9,12554,1569
611.915,42,839.0,12585,1573
611.965,42,836.6,12549,1569
612.015,42,839.0,12585,1573
612.065,42,838.0,12570,1571
612.115,42,839.6,12594,1574
612.165,42,837.8,12567,1571
612.216,42,837.6,12564,1570
612.266,43,855.6,12834,1604
612.316,42,838.3,12575,1572
612.366,42,839.3,12590,1574
612.416,42,838.3,12575,1572
612.466,42,839.0,12585,1573
612.516,42,839.0,12585,1573
612.566,42,839.7,12595,1574
612.616,42,839.1,12586,1573
612.666,42,836.8,12552,1569
612.716,42,839.9,12599,1575
612.767,42,839.3,12589,1574
612.817,42,840.0,12600,1575
612.867,42,839.5,12593,1574
612.917,42,838.1,12572,1571
612.967,42,837.2,12558,1570
613.017,42,838.3,12575,1572
613.067,42,837.5,12563,1570
613.117,42,837.3,12559,1570
613.167,42,837.5,12563,1570
613.218,42,837.7,12565,1571
613.268,42,839.6,12595,1574
613.318,42,837.7,12565,1571
613.368,41,819.3,12289,1536
613.418,42,839.2,12588,1573
613.468,42,838.9,12583,1573
613.518,42,838.4,12576,1572
613.568,42,838.1,12571,1571
613.618,42,839.9,12599,1575
613.668,42,838.0,12570,1571
613.718,42,838.4,12576,1572
613.768,42,837.8,12567,1571
613.819,42,836.8,12552,1569
613.869,42,839.2,12588,1574
613.919,42,839.0,12585,1573
613.969,42,837.7,12565,1571
614.019,42,838.9,12584,1573
614.069,42,837.6,12564,1571
614.119,42,837.2,12558,1570
614.169,42,835.8,12536,1567
614.220,42,836.8,12551,1569
614.270,42,838.2,12573,1572
614.320,42,839.5,12592,1574
614.370,42,839.5,12593,1574
614.420,42,838.1,12571,1571
614.470,42,836.7,12551,1569
614.520,43,857.7,12865,1608
614.570,42,839.9,12599,1575
614.620,42,838.0,12570,1571
614.671,42,838.3,12575,1572
614.721,42,837.7,12566,1571
614.771,42,839.9,12599,1575
614.821,42,839.9,12598,1575
614.871,42,837.1,12557,1570
614.921,42,839.7,12596,1575
614.971,42,835.8,12537,1567
615.021,42,839.1,12586,1573
615.071,42,839.0,12585,1573
615.121,42,839.1,12586,1573
615.171,43,857.7,12866,1608
615.222,42,837.7,12566,1571
615.272,42,840.0,12599,1575
615.322,42,839.9,12598,1575
615.372,42,837.4,12561,1570
615.422,42,838.2,12573,1572
615.472,42,838.8,12582,1573
615.522,42,837.9,12568,1571
615.572,42,836.5,12548,1568
615.622,42,838.0,12569,1571
615.672,42,838.9,12584,1573
615.722,42,839.4,12591,1574
615.773,42,838.8,12581,1573
615.823,42,837.9,12569,1571
615.873,42,839.9,12598,1575
615.923,42,839.2,12588,1573
615.973,42,838.0,12570,1571
616.023,42,838.9,12583,1573
616.073,42,838.7,12581,1573
616.123,42,838.8,12583,1573
616.173,42,839.2,12588,1573
616.223,42,839.5,12593,1574
616.273,42,838.2,12573,1572
616.323,42,839.2,12589,1574
616.373,42,837.2,12558,1570
616.424,43,857.1,12857,1607
616.474,42,837.4,12561,1570
616.524,42,837.5,12563,1570
616.574,42,837.2,12558,1570
616.624,42,835.3,12530,1566
616.675,43,855.7,12836,1605
616.725,42,837.9,12569,1571
616.775,42,838.8,12582,1573
616.825,42,838.2,12573,1572
616.875,42,836.9,12553,1569
616.925,42,838.2,12574,1572
616.975,42,839.5,12593,1574
617.025,43,859.2,12888,1611
617.075,42,839.1,12586,1573
617.125,42,838.5,12578,1572
617.175,42,839.2,12588,1574
617.226,42,839.0,12585,1573
617.276,42,836.7,12550,1569
617.326,43,857.0,12854,1607
617.376,42,837.9,12569,1571
617.426,42,839.8,12597,1575
617.476,42,837.5,12562,1570
617.526,42,836.9,12553,1569
617.576,42,838.9,12584,1573
617.627,43,858.5,12878,1610
617.677,42,840.0,12600,1575
617.727,42,837.6,12564,1571
617.777,42,838.5,12577,1572
617.827,42,839.8,12597,1575
617.877,42,837.8,12567,1571
617.927,41,819.4,12292,1536
617.977,42,838.4,12576,1572
618.027,42,837.8,12567,1571
618.077,42,837.1,12556,1569
618.127,42,838.2,12573,1572
618.178,42,837.5,12562,1570
618.228,42,837.5,12562,1570
618.278,41,817.4,12261,1533
618.328,42,838.5,12578,1572
618.378,42,838.4,12576,1572
618.428,42,837.7,12565,1571
618.478,41,818.6,12280,1535
618.528,42,838.3,12575,1572
618.578,42,838.7,12580,1573
618.629,41,817.8,12267,1533
618.679,42,839.3,12590,1574
618.729,42,838.8,12582,1573
618.779,42,839.2,12588,1573
618.829,41,818.2,12273,1534
618.879,42,837.8,12568,1571
618.929,42,837.8,12566,1571
618.979,42,839.8,12597,1575
619.029,41,818.2,12273,1534
619.079,42,838.9,12584,1573
619.129,42,838.7,12581,1573
619.180,41,817.1,12256,1532
619.230,42,838.4,12576,1572
619.280,42,837.9,12568,1571
619.330,42,839.6,12593,1574
619.380,41,819.8,12297,1537
619.430,42,838.3,12575,1572
619.480,42,838.9,12584,1573
619.530,42,836.7,12550,1569
619.580,42,835.9,12538,1567
619.631,42,838.3,12575,1572
619.681,42,839.4,12592,1574
619.731,42,839.3,12590,1574
619.781,42,838.7,12580,1573
619.831,42,839.0,12586,1573
619.881,42,837.0,12555,1569
619.931,42,838.3,12575,1572
619.981,42,837.6,12565,1571
620.031,42,835.6,12534,1567
620.082,42,838.2,12572,1572
620.132,42,838.8,12581,1573
620.182,42,838.5,12577,1572
620.232,41,819.4,12291,1536
620.282,42,837.6,12564,1571
620.332,42,839.4,12591,1574
620.382,42,839.8,12598,1575
620.432,42,839.1,12587,1573
620.482,42,839.4,12591,1574
620.532,42,839.7,12595,1574
620.582,42,838.3,12574,1572
620.632,42,838.2,12573,1572
620.682,42,838.0,12570,1571
620.732,42,837.9,12569,1571
620.783,42,837.0,12556,1569
620.833,42,837.8,12567,1571
620.883,42,839.8,12597,1575
620.933,42,839.1,12586,1573
620.983,42,839.6,12593,1574
621.033,42,837.7,12566,1571
621.083,42,837.2,12559,1570
621.133,42,837.1,12557,1570
621.183,42,839.0,12585,1573
621.234,42,838.0,12569,1571
621.284,42,838.9,12584,1573
621.334,42,839.1,12586,1573
621.384,41,818.7,12281,1535
621.434,42,839.1,12586,1573
621.484,42,837.5,12563,1570
621.534,42,837.1,12556,1570
621.584,42,839.2,12587,1573
621.634,42,837.9,12569,1571
621.684,42,838.0,12571,1571
621.734,42,839.8,12597,1575
621.785,41,818.2,12272,1534
621.835,42,838.4,12575,1572
621.885,42,838.3,12574,1572
621.935,42,837.9,12569,1571
621.985,42,837.9,12569,1571
622.035,42,836.6,12549,1569
622.085,41,819.4,12291,1536
622.135,42,838.9,12584,1573
622.185,42,837.9,12568,1571
622.236,42,837.5,12562,1570
622.286,42,837.3,12559,1570
622.336,41,819.7,12296,1537
622.386,42,839.3,12590,1574
622.436,42,839.6,12594,1574
622.486,42,838.0,12570,1571
622.536,41,819.2,12288,1536
622.586,42,839.2,12588,1573
622.636,42,838.9,12583,1573
622.686,41,816.4,12245,1531
622.736,42,837.4,12561,1570
622.787,42,838.5,12577,1572
622.837,42,837.3,12559,1570
622.887,41,820.0,12299,1537
622.937,42,839.8,12597,1575
622.987,41,818.8,12283,1535
623.037,42,838.5,12578,1572
623.087,42,837.5,12562,1570
623.137,41,818.5,12277,1535
623.187,42,838.7,12580,1573
623.237,42,838.6,12579,1572
623.288,42,835.9,12538,1567
623.338,41,818.0,12269,1534
623.388,42,836.8,12551,1569
623.438,42,836.9,12554,1569
623.488,42,839.1,12587,1573
623.538,42,836.7,12550,1569
623.589,41,815.8,12237,1530
623.639,42,838.4,12575,1572
623.689,42,839.8,12596,1575
623.739,41,819.1,12286,1536
623.789,42,836.7,12551,1569
623.839,42,835.9,12539,1567
623.889,41,817.1,12256,1532
623.939,42,837.8,12566,1571
623.990,41,819.7,12296,1537
624.040,42,839.4,12591,1574
624.090,42,837.7,12566,1571
624.140,41,817.1,12256,1532
624.190,42,838.9,12584,1573
624.240,41,819.0,12285,1536
624.290,42,837.2,12558,1570
624.340,41,819.7,12296,1537
624.390,42,839.7,12596,1574
624.440,42,837.5,12562,1570
624.490,41,818.4,12276,1535
624.541,42,837.0,12555,1569
624.591,41,818.9,12283,1535
624.641,42,835.9,12539,1567
624.691,41,819.9,12298,1537
624.741,42,835.9,12538,1567
624.791,41,818.3,12275,1534
624.842,42,835.5,12533,1567
624.892,41,815.7,12235,1529
624.942,42,837.1,12556,1570
624.992,41,818.1,12272,1534
625.042,41,820.0,12299,1537
625.092,42,836.7,12551,1569
625.142,41,817.2,12258,1532
625.193,41,819.1,12286,1536
625.243,42,839.7,12596,1574
625.293,41,818.4,12275,1534
625.343,41,819.5,12292,1536
625.393,42,838.6,12579,1572
625.443,41,818.2,12273,1534
625.493,41,819.5,12293,1537
625.543,41,817.7,12265,1533
625.593,42,838.3,12575,1572
625.643,41,819.1,12286,1536
625.693,41,817.5,12263,1533
625.743,41,819.3,12290,1536
625.794,42,838.0,12570,1571
625.844,41,818.2,12274,1534
625.894,41,817.2,12259,1532
625.944,41,818.9,12284,1535
625.994,41,818.3,12274,1534
626.044,42,837.0,12555,1569
626.094,41,818.4,12277,1535
626.144,41,817.9,12268,1534
626.194,41,818.9,12283,1535
626.245,41,818.5,12277,1535
626.295,42,835.5,12533,1567
626.345,41,819.1,12287,1536
626.395,41,819.8,12296,1537
626.445,41,819.4,12291,1536
626.495,42,837.1,12556,1570
626.545,41,819.6,12294,1537
626.595,41,818.0,12269,1534
626.645,41,819.0,12286,1536
626.695,42,837.9,12569,1571
626.746,41,817.5,12262,1533
626.796,41,817.3,12260,1532
626.846,42,838.7,12581,1573
626.896,41,819.2,12287,1536
626.946,41,819.1,12286,1536
626.996,41,818.3,12274,1534
627.046,42,838.8,12582,1573
627.096,41,819.7,12296,1537
627.146,41,819.6,12294,1537
627.196,42,838.4,12576,1572
627.246,41,818.8,12281,1535
627.296,41,817.8,12267,1533
627.347,42,837.1,12556,1570
627.397,41,819.1,12287,1536
627.447,42,837.1,12556,1569
627.497,41,816.6,12249,1531
627.547,42,839.3,12589,1574
627.597,41,819.0,12284,1536
627.647,42,839.0,12585,1573
627.697,41,819.9,12299,1537
627.747,42,839.7,12595,1574
627.797,41,818.4,12276,1535
627.847,42,837.8,12566,1571
627.898,41,818.6,12279,1535
627.948,42,837.0,12555,1569
627.998,42,837.8,12567,1571
628.048,41,819.4,12291,1536
628.098,42,838.6,12579,1572
628.148,41,818.4,12276,1535
628.198,42,836.1,12541,1568
628.248,41,818.7,12280,1535
628.298,42,839.8,12597,1575
628.349,42,838.0,12571,1571
628.399,41,818.2,12274,1534
628.449,42,838.7,12580,1572
628.499,41,817.4,12261,1533
628.549,42,839.6,12594,1574
628.599,41,816.1,12242,1530
628.649,42,837.6,12565,1571
628.699,41,818.9,12284,1535
628.749,42,837.9,12569,1571
628.800,41,817.8,12268,1533
628.850,42,836.9,12553,1569
628.900,41,818.4,12276,1535
628.950,42,837.0,12555,1569
629.000,41,818.5,12278,1535
629.050,42,838.0,12571,1571
629.100,41,818.7,12280,1535
629.150,42,840.0,12600,1575
629.200,41,819.9,12299,1537
629.250,42,838.8,12582,1573
629.300,41,819.3,12290,1536
629.351,42,836.7,12551,1569
629.401,41,819.1,12286,1536
629.451,42,838.9,12584,1573
629.501,41,816.9,12254,1532
629.551,42,838.1,12571,1571
629.601,42,838.5,12578,1572
629.651,41,819.2,12288,1536
629.701,42,838.0,12570,1571
629.751,41,818.9,12284,1535
629.802,42,837.8,12568,1571
629.852,41,819.0,12285,1536
629.902,42,838.8,12582,1573
629.952,41,817.2,12257,1532
630.002,42,839.9,12599,1575
630.052,41,818.9,12283,1535
630.102,42,838.5,12578,1572
630.152,42,839.7,12596,1574
630.202,41,816.9,12253,1532
630.252,42,839.9,12599,1575
630.302,41,816.6,12249,1531
630.352,42,838.9,12583,1573
630.403,42,839.5,12593,1574
630.453,41,817.9,12268,1534
630.503,42,838.5,12577,1572
630.553,42,838.4,12576,1572
630.603,41,819.2,12287,1536
630.653,42,839.5,12593,1574
630.703,41,819.2,12288,1536
630.753,42,838.9,12584,1573
630.803,41,815.9,12239,1530
630.853,42,839.2,12588,1573
630.904,42,837.0,12555,1569
630.954,41,819.6,12294,1537
631.004,42,839.2,12587,1573
631.054,42,837.9,12568,1571
631.104,41,819.1,12287,1536
631.154,42,836.6,12549,1569
631.204,41,819.5,12293,1537
631.254,42,837.4,12562,1570
631.304,42,835.7,12535,1567
631.355,41,816.9,12254,1532
631.405,42,838.0,12570,1571
631.455,42,838.1,12571,1571
631.505,42,837.9,12569,1571
631.555,41,820.0,12300,1537
631.605,42,839.9,12598,1575
631.655,42,837.5,12563,1570
631.705,42,838.5,12577,1572
631.755,42,836.6,12548,1569
631.805,42,839.3,12590,1574
631.855,42,839.4,12591,1574
631.906,42,839.6,12595,1574
631.956,42,836.7,12550,1569
632.006,42,838.2,12573,1572
632.056,42,840.0,12599,1575
632.106,42,837.6,12564,1571
632.156,42,839.8,12597,1575
632.206,42,838.9,12583,1573
632.256,41,819.9,12299,1537
632.306,42,839.8,12598,1575
632.356,42,837.4,12561,1570
632.406,42,837.9,12568,1571
632.456,42,839.3,12589,1574
632.507,42,836.9,12554,1569
632.557,42,838.9,12584,1573
632.607,42,838.0,12570,1571
632.657,42,839.7,12595,1574
632.707,42,839.2,12588,1573
632.757,42,839.1,12586,1573
632.807,42,838.7,12580,1572
632.857,42,837.8,12567,1571
632.907,42,838.2,12573,1572
632.957,43,858.5,12877,1610
633.007,42,839.3,12590,1574
633.057,42,837.9,12568,1571
633.108,42,837.4,12561,1570
633.158,43,857.1,12856,1607
633.208,42,837.9,12568,1571
633.258,43,857.0,12855,1607
633.308,42,839.2,12588,1574
633.358,42,838.7,12580,1573
633.408,43,857.9,12869,1609
633.458,42,839.7,12596,1574
633.509,42,836.8,12552,1569
633.559,43,859.6,12893,1612
633.609,42,838.7,12581,1573
633.659,42,837.9,12569,1571
633.709,43,857.6,12864,1608
633.759,42,839.1,12586,1573
633.809,42,837.9,12568,1571
633.859,43,856.7,12851,1606
633.909,42,839.1,12586,1573
633.959,43,857.2,12857,1607
634.010,42,837.7,12565,1571
634.060,42,837.8,12567,1571
634.110,43,857.4,12860,1608
634.160,42,839.5,12592,1574
634.210,42,839.8,12598,1575
634.260,42,839.0,12585,1573
634.310,42,837.0,12555,1569
634.360,43,858.1,12872,1609
634.410,42,837.2,12558,1570
634.461,42,836.9,12554,1569
634.511,42,839.4,12591,1574
634.561,42,837.6,12564,1571
634.611,42,836.9,12554,1569
634.661,42,839.3,12589,1574
634.711,42,838.8,12582,1573
634.761,42,839.8,12597,1575
634.811,41,815.7,12236,1529
634.861,42,839.3,12590,1574
634.912,42,837.8,12567,1571
634.962,42,837.1,12556,1570
635.012,42,835.4,12531,1566
635.062,42,837.1,12556,1570
635.112,41,819.6,12293,1537
635.162,42,837.0,12555,1569
635.212,42,839.2,12588,1574
635.263,41,818.1,12271,1534
635.313,42,837.7,12566,1571
635.363,41,817.0,12255,1532
635.413,42,837.9,12568,1571
635.463,41,818.0,12270,1534
635.513,42,838.0,12570,1571
635.563,41,818.4,12276,1534
635.613,41,820.0,12300,1537
635.663,42,838.5,12578,1572
635.714,41,818.0,12270,1534
635.764,41,819.8,12297,1537
635.814,42,838.1,12571,1571
635.864,41,817.8,12267,1533
635.914,42,838.0,12570,1571
635.964,41,817.9,12269,1534
636.014,42,837.9,12568,1571
636.064,41,818.8,12282,1535
636.114,41,817.8,12267,1533
636.165,42,836.9,12553,1569
636.215,42,839.3,12589,1574
636.265,41,818.4,12277,1535
636.315,41,819.2,12289,1536
636.365,42,839.1,12587,1573
636.415,42,837.7,12566,1571
636.465,41,817.3,12259,1532
636.515,42,838.5,12577,1572
636.565,41,819.4,12291,1536
636.615,42,837.8,12567,1571
636.665,41,819.8,12297,1537
636.716,42,837.2,12558,1570
636.766,42,839.0,12585,1573
636.816,41,818.4,12276,1535
636.866,42,838.5,12578,1572
636.916,41,819.8,12297,1537
636.966,42,838.1,12572,1571
637.016,41,819.7,12296,1537
637.066,42,838.1,12572,1572
637.116,41,817.0,12254,1532
637.166,42,839.1,12586,1573
637.216,41,818.7,12280,1535
637.266,42,839.0,12585,1573
637.316,41,819.2,12289,1536
637.367,41,817.8,12266,1533
637.417,42,836.8,12553,1569
637.467,41,818.0,12271,1534
637.517,41,819.9,12299,1537
637.567,42,837.9,12568,1571
637.617,41,818.0,12270,1534
637.667,42,838.0,12570,1571
637.717,41,818.9,12284,1535
637.768,42,836.8,12552,1569
637.818,41,819.4,12291,1536
637.868,41,818.8,12281,1535
637.918,42,838.8,12582,1573
637.968,41,820.0,12300,1537
638.018,41,818.2,12273,1534
638.068,42,838.8,12582,1573
638.118,41,818.0,12270,1534
638.168,42,837.9,12569,1571
638.218,41,817.6,12263,1533
638.268,41,817.4,12261,1533
638.319,42,835.5,12533,1567
638.369,41,817.2,12258,1532
638.419,41,817.8,12267,1533
638.469,42,839.3,12589,1574
638.519,41,819.0,12285,1536
638.569,41,819.8,12297,1537
638.619,42,837.3,12560,1570
638.669,41,819.7,12295,1537
638.719,41,818.0,12270,1534
638.770,41,818.8,12282,1535
638.820,42,837.1,12556,1570
638.870,41,819.5,12292,1537
638.920,41,817.1,12257,1532
638.970,42,837.9,12569,1571
639.020,41,819.9,12299,1537
639.070,41,819.2,12289,1536
639.120,42,838.1,12571,1571
639.170,41,818.4,12276,1534
639.220,41,819.4,12291,1536
639.271,42,837.6,12565,1571
639.321,41,819.1,12287,1536
639.371,42,839.0,12584,1573
639.421,41,818.0,12270,1534
639.471,42,837.7,12566,1571
639.521,41,819.3,12289,1536
639.571,41,819.6,12293,1537
639.621,42,837.0,12555,1569
639.671,42,838.1,12571,1571
639.721,41,819.8,12297,1537
639.771,41,819.2,12288,1536
639.821,42,837.6,12564,1571
639.872,42,837.3,12559,1570
639.922,41,818.9,12284,1536
639.972,42,839.7,12595,1574
640.022,41,819.5,12293,1537
640.072,42,837.8,12567,1571
640.122,41,819.7,12295,1537
640.172,42,838.3,12575,1572
640.222,42,838.6,12579,1572
640.272,41,819.7,12295,1537
640.322,42,837.7,12566,1571
640.372,41,819.5,12292,1537
640.422,42,837.2,12558,1570
640.473,42,837.8,12567,1571
640.523,41,819.1,12286,1536
640.573,42,836.7,12551,1569
640.623,42,837.0,12555,1569
640.673,41,815.6,12235,1529
640.723,42,838.1,12572,1572
640.773,41,818.1,12271,1534
640.824,42,838.7,12581,1573
640.874,41,817.9,12269,1534
640.924,42,839.8,12597,1575
640.974,41,819.0,12285,1536
641.024,41,817.1,12257,1532
641.074,42,838.7,12580,1573
641.124,41,817.3,12260,1532
641.174,42,837.8,12568,1571
641.224,41,818.9,12283,1535
641.274,42,838.1,12572,1571
641.325,41,818.7,12281,1535
641.375,42,839.3,12589,1574
641.425,41,819.4,12290,1536
641.475,42,837.4,12560,1570
641.525,41,819.8,12296,1537
641.575,42,837.6,12564,1570
641.625,41,818.7,12280,1535
641.675,42,839.8,12597,1575
641.725,41,817.2,12259,1532
641.775,42,838.8,12581,1573
641.825,41,818.7,12280,1535
641.876,42,837.9,12568,1571
641.926,42,837.0,12554,1569
641.976,41,816.9,12254,1532
642.026,42,839.9,12599,1575
642.076,41,818.4,12276,1535
642.126,42,838.5,12577,1572
642.176,41,817.0,12256,1532
642.226,42,839.1,12587,1573
642.276,42,836.9,12554,1569
642.327,41,819.5,12293,1537
642.377,42,838.4,12576,1572
642.427,41,818.9,12284,1535
642.477,42,839.4,12591,1574
642.527,42,838.6,12579,1572
642.577,41,819.9,12299,1537
642.627,42,837.9,12569,1571
642.677,41,816.7,12251,1531
642.727,42,837.0,12554,1569
642.777,42,839.6,12594,1574
642.827,41,818.4,12276,1534
642.878,42,838.7,12581,1573
642.928,41,819.3,12290,1536
642.978,42,837.9,12568,1571
643.028,41,819.9,12299,1537
643.078,42,840.0,12600,1575
643.128,41,816.9,12253,1532
643.178,42,838.2,12572,1572
643.228,41,818.2,12273,1534
643.278,42,839.4,12591,1574
643.328,41,818.6,12279,1535
643.378,42,839.6,12594,1574
643.428,41,819.3,12290,1536
643.478,42,838.9,12583,1573
643.529,41,817.1,12257,1532
643.579,42,840.0,12600,1575
643.629,41,817.6,12263,1533
643.679,42,839.8,12597,1575
643.729,41,818.3,12274,1534
643.779,42,838.7,12581,1573
643.829,41,819.1,12287,1536
643.879,42,837.8,12567,1571
643.929,41,818.8,12282,1535
643.979,42,839.2,12588,1573
644.029,41,817.7,12266,1533
644.079,42,838.1,12572,1572
644.130,41,817.9,12268,1533
644.180,42,839.1,12587,1573
644.230,41,818.9,12283,1535
644.280,41,819.6,12295,1537
644.330,42,838.9,12583,1573
644.380,41,817.5,12263,1533
644.430,42,838.5,12577,1572
644.480,41,817.4,12260,1533
644.530,42,838.5,12578,1572
644.580,41,818.5,12277,1535
644.630,42,838.9,12584,1573
644.681,41,818.0,12271,1534
644.731,42,837.7,12565,1571
644.781,41,817.2,12257,1532
644.831,42,838.0,12570,1571
644.881,41,818.1,12271,1534
644.931,42,838.4,12576,1572
644.981,41,819.9,12298,1537
645.031,42,838.3,12574,1572
645.081,41,818.3,12275,1534
645.131,42,838.6,12578,1572
645.182,41,817.0,12255,1532
645.232,42,838.6,12578,1572
645.282,42,838.8,12582,1573
645.332,41,819.6,12294,1537
645.382,42,839.9,12599,1575
645.432,41,819.9,12299,1537
645.482,41,819.6,12295,1537
645.532,42,838.1,12571,1571
645.582,42,838.3,12574,1572
645.632,41,819.6,12294,1537
645.682,42,837.1,12557,1570
645.732,42,838.8,12581,1573
645.782,41,819.2,12288,1536
645.833,42,837.8,12567,1571
645.883,42,839.2,12589,1574
645.933,41,818.9,12283,1535
645.983,42,838.9,12583,1573
646.033,42,838.9,12584,1573
646.083,41,817.9,12268,1534
646.133,42,837.2,12559,1570
646.183,42,838.6,12579,1572
646.233,42,839.0,12585,1573
646.283,41,818.9,12284,1535
646.333,42,840.0,12600,1575
646.383,42,840.0,12600,1575
646.433,41,818.0,12271,1534
646.483,42,838.7,12581,1573
646.533,42,839.9,12598,1575
646.584,42,838.1,12571,1571
646.634,42,835.7,12536,1567
646.684,42,837.0,12555,1569
646.734,42,839.0,12585,1573
646.784,42,839.8,12598,1575
646.834,42,837.0,12556,1569
646.884,42,839.1,12586,1573
646.934,42,838.0,12569,1571
646.985,42,835.4,12531,1566
647.035,43,858.0,12871,1609
647.085,42,838.9,12584,1573
647.135,42,839.0,12585,1573
647.185,42,839.1,12587,1573
647.235,42,840.0,12600,1575
647.285,43,859.0,12885,1611
647.335,42,838.3,12574,1572
647.385,42,838.5,12578,1572
647.435,43,858.0,12869,1609
647.485,42,839.9,12599,1575
647.535,43,859.9,12898,1612
647.586,42,836.3,12544,1568
647.636,43,859.3,12890,1611
647.686,42,838.9,12584,1573
647.736,42,839.4,12592,1574
647.786,43,858.5,12878,1610
647.836,42,838.7,12581,1573
647.886,43,858.2,12872,1609
647.936,42,839.0,12585,1573
647.986,43,858.9,12883,1610
648.036,42,839.4,12592,1574
648.086,43,855.1,12827,1603
648.137,42,838.1,12572,1571
648.187,43,858.6,12879,1610
648.237,42,839.1,12586,1573
648.287,42,838.4,12577,1572
648.337,42,837.6,12563,1570
648.387,43,858.6,12879,1610
648.437,42,837.2,12558,1570
648.487,42,837.0,12554,1569
648.538,42,836.7,12551,1569
648.588,42,838.3,12574,1572
648.638,42,838.7,12581,1573
648.688,43,857.9,12868,1608
648.738,41,819.2,12287,1536
648.788,42,837.6,12565,1571
648.838,42,838.9,12584,1573
648.888,42,839.1,12586,1573
648.938,42,838.2,12573,1572
648.988,42,837.9,12568,1571
649.039,42,838.8,12582,1573
649.089,41,817.8,12267,1533
649.139,42,838.8,12582,1573
649.189,42,838.6,12579,1572
649.239,42,837.2,12558,1570
649.289,41,816.0,12240,1530
649.339,42,839.3,12589,1574
649.389,42,837.5,12562,1570
649.439,41,819.3,12289,1536
649.490,42,838.0,12569,1571
649.540,42,839.8,12598,1575
649.590,41,815.7,12236,1530
649.640,42,837.1,12557,1570
649.690,42,838.8,12582,1573
649.740,41,817.2,12257,1532
649.790,42,838.0,12571,1571
649.841,42,836.1,12542,1568
649.891,41,818.5,12277,1535
649.941,42,837.7,12566,1571
649.991,41,817.9,12269,1534
650.041,42,839.2,12587,1573
650.091,41,820.0,12300,1537
650.141,42,838.9,12584,1573
650.191,41,818.2,12273,1534
650.241,42,840.0,12600,1575
650.291,41,818.7,12281,1535
650.341,42,836.8,12552,1569
650.392,41,818.0,12270,1534
650.442,42,837.8,12568,1571
650.492,41,817.1,12257,1532
650.542,42,839.0,12585,1573
650.592,41,818.9,12283,1535
650.642,41,819.2,12288,1536
650.692,42,836.8,12552,1569
650.742,41,818.1,12271,1534
650.792,42,839.7,12596,1574
650.843,41,817.9,12269,1534
650.893,41,818.9,12283,1535
650.943,42,838.1,12572,1571
650.993,41,818.2,12273,1534
651.043,42,840.0,12600,1575
651.093,41,817.9,12269,1534
651.143,41,819.7,12296,1537
651.193,42,837.9,12568,1571
651.243,41,818.4,12276,1535
651.293,42,839.8,12596,1575
651.343,41,819.6,12294,1537
651.393,42,835.6,12534,1567
651.444,41,818.6,12278,1535
651.494,42,837.0,12555,1569
651.544,41,818.7,12280,1535
651.594,42,837.7,12566,1571
651.644,41,818.6,12279,1535
651.694,42,838.0,12571,1571
651.744,41,818.5,12278,1535
651.794,41,819.9,12298,1537
651.844,42,837.7,12566,1571
651.894,41,819.0,12284,1536
651.945,42,837.1,12556,1570
651.995,41,819.9,12299,1537
652.045,42,836.8,12552,1569
652.095,41,817.1,12256,1532
652.145,42,837.8,12566,1571
652.195,41,818.2,12274,1534
652.245,42,837.7,12566,1571
652.295,41,819.7,12295,1537
652.346,42,838.4,12576,1572
652.396,41,819.9,12299,1537
652.446,41,818.4,12276,1535
652.496,42,837.4,12560,1570
652.546,41,817.5,12263,1533
652.596,42,837.1,12556,1570
652.646,41,818.6,12279,1535
652.696,42,838.5,12577,1572
652.746,41,817.2,12259,1532
652.796,42,839.9,12598,1575
652.847,41,817.8,12267,1533
652.897,42,839.8,12597,1575
652.947,41,818.3,12274,1534
652.997,42,837.1,12556,1570
653.047,42,837.9,12569,1571
653.097,41,819.1,12286,1536
653.147,42,835.2,12528,1566
653.197,42,839.3,12589,1574
653.247,42,838.8,12582,1573
653.297,41,820.0,12300,1537
653.348,42,838.0,12571,1571
653.398,42,837.9,12569,1571
653.448,42,837.0,12555,1569
653.498,42,837.6,12564,1571
653.548,41,816.7,12250,1531
653.598,42,839.5,12592,1574
653.648,42,837.1,12557,1570
653.699,41,818.6,12279,1535
653.749,42,836.9,12554,1569
653.799,42,835.6,12534,1567
653.849,41,817.2,12258,1532
653.899,42,837.7,12565,1571
653.949,41,819.0,12284,1536
654.000,41,815.9,12239,1530
654.050,42,838.9,12584,1573
654.100,41,816.9,12254,1532
654.150,42,839.1,12586,1573
654.200,41,816.9,12253,1532
654.250,41,818.3,12274,1534
654.300,42,839.0,12585,1573
654.350,41,818.6,12278,1535
654.400,42,839.1,12586,1573
654.450,41,819.1,12287,1536
654.501,41,818.8,12281,1535
654.551,42,839.1,12587,1573
654.601,41,817.1,12256,1532
654.651,42,836.4,12546,1568
654.701,41,819.1,12287,1536
654.751,41,819.3,12289,1536
654.801,42,837.1,12557,1570
654.851,41,817.6,12264,1533
654.902,42,836.5,12548,1568
654.952,41,818.4,12276,1534
655.002,41,819.0,12285,1536
655.052,41,818.5,12278,1535
655.102,42,838.9,12584,1573
655.152,41,817.1,12257,1532
655.202,41,818.5,12278,1535
655.252,41,819.6,12294,1537
655.302,41,818.9,12284,1535
655.352,42,837.3,12560,1570
655.403,41,817.5,12263,1533
655.453,42,839.0,12586,1573
655.503,41,819.9,12299,1537
655.553,41,818.1,12272,1534
655.603,42,839.6,12594,1574
655.653,41,817.0,12255,1532
655.703,41,817.1,12257,1532
655.753,42,838.1,12571,1571
655.803,41,819.1,12286,1536
655.853,41,818.7,12281,1535
655.903,42,838.1,12571,1571
655.954,41,818.4,12277,1535
656.004,42,839.2,12589,1574
656.054,41,817.1,12257,1532
656.104,42,835.6,12535,1567
656.154,41,818.9,12284,1535
656.204,41,817.4,12262,1533
656.254,42,837.5,12563,1570
656.304,41,819.2,12288,1536
656.355,42,837.5,12563,1570
656.405,41,818.2,12273,1534
656.455,42,837.0,12555,1569
656.505,41,818.8,12282,1535
656.555,41,819.7,12296,1537
656.605,42,838.1,12571,1571
656.655,41,818.2,12273,1534
656.705,42,837.9,12569,1571
656.755,41,817.9,12269,1534
656.806,42,837.8,12567,1571
656.856,41,817.1,12256,1532
656.906,41,817.8,12268,1533
656.956,42,838.2,12574,1572
657.006,41,818.5,12278,1535
657.056,42,836.8,12552,1569
657.106,41,820.0,12300,1537
657.157,41,817.0,12255,1532
657.207,42,838.0,12570,1571
657.257,41,817.6,12264,1533
657.307,41,819.5,12293,1537
657.357,41,819.3,12289,1536
657.407,42,839.6,12593,1574
657.457,41,819.1,12286,1536
657.507,41,818.8,12282,1535
657.557,42,836.7,12550,1569
657.607,41,817.2,12259,1532
657.657,41,819.0,12284,1536
657.708,42,838.2,12573,1572
657.758,41,819.8,12297,1537
657.808,41,815.7,12236,1529
657.858,42,838.0,12570,1571
657.908,41,820.0,12299,1537
657.958,41,816.8,12252,1531
658.008,42,839.3,12589,1574
658.058,41,817.7,12265,1533
658.108,41,819.2,12288,1536
658.159,42,837.7,12565,1571
658.209,41,818.3,12274,1534
658.259,41,819.8,12297,1537
658.309,41,819.6,12294,1537
658.359,42,839.3,12589,1574
658.409,41,819.9,12299,1537
658.459,41,819.2,12288,1536
658.509,41,818.6,12279,1535
658.559,42,839.3,12590,1574
658.609,41,819.8,12296,1537
658.659,41,819.4,12291,1536
658.709,41,819.8,12297,1537
658.759,42,836.8,12552,1569
658.809,41,819.0,12285,1536
658.859,41,819.1,12286,1536
658.909,42,837.8,12567,1571
658.959,41,817.9,12268,1533
659.010,41,819.5,12292,1537
659.060,42,838.5,12577,1572
659.110,41,818.0,12270,1534
659.160,42,836.6,12549,1569
659.210,41,819.4,12291,1536
659.260,42,837.7,12565,1571
659.310,41,818.1,12271,1534
659.360,42,838.7,12580,1572
659.410,41,818.8,12282,1535
659.460,42,838.5,12577,1572
659.511,41,817.9,12268,1534
659.561,42,839.2,12588,1573
659.611,42,839.8,12597,1575
659.661,41,819.0,12284,1536
659.711,42,839.9,12599,1575
659.761,41,816.0,12240,1530
659.811,42,837.3,12560,1570
659.861,42,837.7,12565,1571
659.911,41,816.9,12253,1532
659.962,42,836.6,12548,1569
660.012,41,817.1,12256,1532
660.062,42,837.2,12558,1570
660.112,41,818.5,12277,1535
660.162,42,839.2,12588,1574
660.212,41,819.7,12295,1537
660.262,42,838.4,12576,1572
660.312,42,839.4,12591,1574
660.362,41,818.2,12273,1534
660.413,42,838.0,12570,1571
660.463,42,837.5,12563,1570
660.513,41,818.4,12276,1535
660.563,42,837.4,12562,1570
660.613,42,837.5,12562,1570
660.663,41,817.7,12265,1533
660.713,42,839.1,12586,1573
660.763,41,818.7,12281,1535
660.814,42,837.4,12560,1570
660.864,41,818.6,12279,1535
660.914,42,837.8,12568,1571
660.964,41,820.0,12299,1537
661.014,42,838.0,12569,1571
661.064,41,819.2,12288,1536
661.114,41,819.9,12298,1537
661.164,42,838.8,12583,1573
661.214,41,820.0,12300,1537
661.264,42,837.9,12568,1571
661.314,41,818.1,12271,1534
661.364,42,839.9,12599,1575
661.414,41,818.1,12271,1534
661.464,42,839.0,12585,1573
661.515,41,817.7,12266,1533
661.565,42,837.1,12556,1569
661.615,41,818.9,12283,1535
661.665,42,839.3,12589,1574
661.715,41,819.7,12296,1537
661.765,42,839.3,12590,1574
661.815,41,817.4,12261,1533
661.865,41,819.3,12290,1536
661.915,42,839.0,12585,1573
661.965,41,819.8,12297,1537
662.015,42,837.9,12568,1571
662.065,41,819.2,12288,1536
662.115,42,838.9,12584,1573
662.166,41,818.0,12270,1534
662.216,42,838.3,12574,1572
662.266,41,818.0,12270,1534
662.316,42,837.2,12558,1570
662.366,41,817.1,12257,1532
662.416,42,837.9,12569,1571
662.466,41,818.8,12282,1535
662.516,42,838.3,12575,1572
662.566,41,818.8,12282,1535
662.616,42,840.0,12599,1575
662.666,41,819.8,12297,1537
662.717,42,839.5,12592,1574
662.767,41,817.4,12260,1533
662.817,42,839.7,12595,1574
662.867,42,836.3,12545,1568
662.917,41,817.6,12264,1533
662.967,42,837.9,12569,1571
663.017,41,819.3,12290,1536
663.067,42,837.8,12567,1571
663.117,41,818.2,12273,1534
663.168,42,836.6,12549,1569
663.218,41,817.2,12258,1532
663.268,42,839.2,12588,1574
663.318,41,818.7,12281,1535
663.368,41,820.0,12300,1537
663.418,42,836.4,12547,1568
663.468,41,818.7,12280,1535
663.518,41,819.5,12293,1537
663.568,41,818.4,12275,1534
663.618,42,839.9,12598,1575
663.669,41,817.6,12264,1533
663.719,41,817.1,12257,1532
663.769,41,819.8,12298,1537
663.819,42,839.4,12591,1574
663.869,41,819.6,12294,1537
663.919,41,818.2,12273,1534
663.969,41,819.0,12284,1536
664.019,42,836.4,12546,1568
664.069,41,817.3,12260,1532
664.119,41,819.0,12284,1536
664.169,41,818.8,12281,1535
664.220,42,837.9,12569,1571
664.270,41,819.6,12294,1537
664.320,41,819.1,12286,1536
664.370,41,816.3,12244,1530
664.420,42,839.2,12587,1573
664.470,41,818.0,12270,1534
664.520,41,818.0,12270,1534
664.570,42,837.9,12569,1571
664.620,41,818.0,12270,1534
664.670,41,820.0,12299,1537
664.721,41,818.0,12270,1534
664.771,42,836.6,12549,1569
664.821,41,819.2,12289,1536
664.871,42,837.9,12569,1571
664.921,41,819.7,12296,1537
664.971,41,818.0,12270,1534
665.021,41,817.0,12255,1532
665.071,42,838.0,12569,1571
665.121,41,819.0,12285,1536
665.172,41,817.8,12267,1533
665.222,41,819.3,12289,1536
665.272,42,837.7,12566,1571
665.322,41,818.9,12284,1536
665.372,41,818.1,12272,1534
665.422,42,837.9,12568,1571
665.472,41,819.4,12291,1536
665.522,41,819.5,12292,1537
665.572,41,818.3,12275,1534
665.622,42,838.5,12577,1572
665.672,41,818.0,12270,1534
665.723,41,817.9,12269,1534
665.773,42,836.7,12551,1569
665.823,42,835.6,12535,1567
665.873,41,818.7,12281,1535
665.923,42,838.6,12579,1572
665.973,41,817.9,12269,1534
666.023,42,838.7,12581,1573
666.073,41,819.4,12290,1536
666.124,42,839.0,12585,1573
666.174,41,817.5,12263,1533
666.224,42,838.1,12571,1571
666.274,41,819.3,12289,1536
666.324,42,838.3,12574,1572
666.374,42,838.7,12580,1573
666.424,41,817.8,12268,1533
666.474,42,837.6,12564,1570
666.525,41,816.1,12241,1530
666.575,42,838.2,12572,1572
666.625,41,819.8,12297,1537
666.675,41,817.8,12267,1533
666.725,42,836.9,12554,1569
666.775,41,818.8,12282,1535
666.825,42,838.4,12576,1572
666.875,41,818.7,12280,1535
666.925,42,836.9,12554,1569
666.976,41,818.0,12271,1534
667.026,42,838.0,12571,1571
667.076,41,819.8,12296,1537
667.126,41,819.8,12298,1537
667.176,42,838.3,12574,1572
667.226,41,819.7,12295,1537
667.276,42,838.9,12583,1573
667.326,41,818.1,12271,1534
667.376,42,839.0,12584,1573
667.426,41,818.1,12272,1534
667.476,42,839.0,12585,1573
667.526,41,817.7,12266,1533
667.576,42,838.8,12582,1573
667.626,41,819.2,12288,1536
667.677,42,836.5,12548,1569
667.727,42,838.5,12577,1572
667.777,41,817.9,12269,1534
667.827,42,838.8,12582,1573
667.877,41,818.8,12283,1535
667.927,42,838.2,12572,1572
667.977,42,839.1,12587,1573
668.027,42,837.4,12561,1570
668.077,41,820.0,12299,1537
668.127,42,839.5,12592,1574
668.178,43,857.2,12858,1607
668.228,42,837.3,12559,1570
668.278,42,836.9,12554,1569
668.328,43,857.3,12859,1607
668.378,43,859.4,12892,1611
668.428,42,836.4,12546,1568
668.478,43,858.4,12875,1609
668.528,42,839.1,12587,1573
668.579,43,857.6,12864,1608
668.629,43,859.0,12886,1611
668.679,42,838.1,12572,1571
668.729,43,857.6,12863,1608
668.779,43,857.8,12867,1608
668.829,43,859.9,12898,1612
668.879,43,859.0,12884,1611
668.929,42,837.2,12557,1570
668.979,43,859.8,12897,1612
669.029,43,858.8,12881,1610
669.079,43,858.0,12870,1609
669.129,43,860.0,12900,1612
669.180,43,857.9,12868,1609
669.230,43,859.8,12898,1612
669.280,43,856.7,12850,1606
669.330,44,879.0,13185,1648
669.380,43,859.9,12899,1612
669.430,43,859.1,12887,1611
669.480,43,857.3,12859,1607
669.530,44,878.7,13180,1648
669.580,43,857.8,12867,1608
669.630,44,876.7,13150,1644
669.681,43,858.6,12880,1610
669.731,43,858.7,12880,1610
669.781,44,879.7,13196,1649
669.831,43,857.6,12864,1608
669.881,44,880.0,13200,1650
669.931,44,875.0,13124,1641
669.981,43,857.5,12863,1608
670.031,44,879.3,13190,1649
670.081,44,877.5,13163,1645
670.132,44,877.6,13165,1646
670.182,44,876.7,13151,1644
670.232,43,859.6,12894,1612
670.282,44,878.0,13169,1646
670.332,44,877.5,13162,1645
670.382,44,879.7,13196,1649
670.432,44,878.0,13170,1646
670.482,44,878.7,13181,1648
670.532,44,877.2,13158,1645
670.582,44,879.3,13190,1649
670.632,45,900.0,13500,1687
670.683,44,877.9,13169,1646
670.733,45,899.6,13494,1687
670.783,45,899.0,13485,1686
670.833,45,899.0,13486,1686
670.883,45,898.2,13473,1684
670.933,45,898.3,13475,1684
670.983,45,900.0,13500,1687
671.033,45,897.1,13456,1682
671.083,46,917.1,13757,1720
671.133,45,899.2,13488,1686
671.183,46,918.5,13777,1722
671.233,45,898.1,13472,1684
671.283,46,919.8,13797,1725
671.333,46,919.7,13796,1724
671.384,46,916.7,13751,1719
671.434,46,917.2,13758,1720
671.484,46,919.5,13792,1724
671.534,47,939.0,14085,1761
671.584,46,919.8,13797,1725
671.634,47,939.1,14087,1761
671.684,46,917.3,13759,1720
671.734,47,939.5,14092,1762
671.784,47,937.3,14060,1757
671.834,47,939.0,14085,1761
671.884,47,937.2,14058,1757
671.935,47,938.1,14071,1759
671.985,48,958.8,14381,1798
672.035,47,937.8,14066,1758
672.085,48,957.5,14362,1795
672.135,48,958.8,14383,1798
672.185,48,960.0,14399,1800
672.235,48,958.5,14378,1797
672.285,48,957.2,14358,1795
672.335,48,957.9,14369,1796
672.385,49,976.6,14649,1831
672.435,48,959.0,14384,1798
672.485,49,979.9,14699,1837
672.535,48,959.1,14387,1798
672.586,49,974.7,14620,1828
672.636,48,958.6,14379,1797
672.686,49,978.1,14671,1834
672.736,48,959.2,14389,1799
672.786,49,979.3,14690,1836
672.836,48,957.5,14362,1795
672.886,49,979.8,14696,1837
672.936,49,976.8,14653,1832
672.986,48,958.7,14381,1798
673.036,49,980.0,14700,1837
673.086,49,977.8,14667,1833
673.137,49,978.7,14681,1835
673.187,49,977.5,14662,1833
673.237,49,979.5,14693,1837
673.287,48,957.5,14362,1795
673.337,50,997.4,14961,1870
673.387,48,957.8,14368,1796
673.437,49,978.9,14683,1835
673.487,49,979.1,14686,1836
673.537,49,979.8,14696,1837
673.587,49,977.8,14668,1833
673.637,49,977.8,14668,1833
673.687,49,979.6,14695,1837
673.737,48,960.0,14399,1800
673.788,49,978.6,14679,1835
673.838,49,979.8,14697,1837
673.888,48,959.9,14399,1800
673.938,49,979.6,14694,1837
673.988,49,979.8,14696,1837
674.038,48,959.4,14391,1799
674.088,49,978.3,14674,1834
674.138,49,977.4,14662,1833
674.188,49,978.0,14671,1834
674.238,49,976.9,14654,1832
674.288,49,976.7,14651,1831
674.338,49,976.3,14644,1830
674.388,48,959.2,14388,1799
674.439,49,978.1,14672,1834
674.489,49,979.0,14685,1836
674.539,49,979.7,14696,1837
674.589,49,979.1,14686,1836
674.639,48,958.9,14384,1798
674.689,49,978.9,14684,1835
674.739,49,975.9,14638,1830
674.789,49,974.6,14618,1827
674.839,48,958.9,14383,1798
674.889,49,979.1,14686,1836
674.939,49,978.8,14682,1835
674.990,48,958.0,14370,1796
675.040,49,978.7,14680,1835
675.090,48,957.9,14368,1796
675.140,49,977.5,14662,1833
675.190,48,957.1,14357,1795
675.240,49,977.6,14664,1833
675.290,48,959.9,14399,1800
675.340,49,976.6,14649,1831
675.390,48,957.2,14359,1795
675.441,49,979.0,14685,1836
675.491,48,956.7,14351,1794
675.541,49,977.6,14664,1833
675.591,48,957.6,14365,1796
675.641,49,979.8,14697,1837
675.691,48,957.1,14357,1795
675.741,49,979.5,14693,1837
675.791,48,958.7,14380,1798
675.841,49,978.7,14680,1835
675.891,48,956.7,14351,1794
675.941,49,979.6,14695,1837
675.991,48,959.1,14387,1798
676.042,49,976.3,14644,1831
676.092,49,979.8,14697,1837
676.142,48,958.1,14371,1796
676.192,48,959.0,14386,1798
676.242,49,978.4,14675,1834
676.292,48,959.0,14385,1798
676.342,49,979.2,14688,1836
676.392,48,957.0,14355,1794
676.442,48,959.7,14396,1799
676.492,48,959.1,14386,1798
676.542,48,958.3,14374,1797
676.592,48,959.4,14391,1799
676.642,47,938.5,14077,1760
676.693,48,956.1,14341,1793
676.743,47,937.0,14055,1757
676.793,48,956.2,14343,1793
676.843,47,938.0,14071,1759
676.893,47,938.8,14081,1760
676.943,47,936.1,14041,1755
676.994,47,935.2,14028,1753
677.044,47,940.0,14099,1762
677.094,47,939.3,14090,1761
677.144,47,937.4,14061,1758
677.194,47,937.8,14067,1758
677.244,46,918.1,13772,1722
677.294,47,938.7,14081,1760
677.344,47,938.7,14081,1760
677.394,46,918.9,13784,1723
677.444,47,936.5,14048,1756
677.495,47,937.3,14060,1758
677.545,46,918.7,13780,1722
677.595,47,939.0,14086,1761
677.645,46,917.9,13769,1721
677.695,47,938.6,14079,1760
677.745,46,918.6,13778,1722
677.795,47,937.2,14058,1757
677.845,46,917.7,13765,1721
677.896,47,934.7,14020,1753
677.946,46,915.4,13732,1716
677.996,47,938.9,14084,1761
678.046,46,920.0,13800,1725
678.096,47,938.0,14070,1759
678.146,46,917.6,13764,1721
678.196,46,917.8,13766,1721
678.246,47,935.9,14039,1755
678.296,46,918.9,13783,1723
678.347,45,897.4,13461,1683
678.397,46,917.9,13769,1721
678.447,46,919.5,13792,1724
678.497,45,898.8,13483,1685
678.547,46,917.7,13766,1721
678.597,45,899.8,13498,1687
678.647,45,897.2,13458,1682
678.697,45,898.8,13482,1685
678.747,45,897.5,13463,1683
678.797,45,897.9,13468,1684
678.847,45,899.7,13496,1687
678.897,44,879.4,13191,1649
678.948,45,897.5,13463,1683
678.998,45,899.5,13492,1687
679.048,45,897.1,13456,1682
679.098,45,897.4,13461,1683
679.148,44,879.3,13190,1649
679.198,45,897.2,13458,1682
679.248,45,897.9,13469,1684
679.298,44,878.2,13173,1647
679.349,45,896.9,13454,1682
679.399,45,896.9,13454,1682
679.449,44,879.3,13189,1649
679.499,45,898.0,13470,1684
679.549,44,876.5,13148,1644
679.599,45,897.5,13463,1683
679.649,45,897.5,13463,1683
679.699,44,879.2,13188,1648
679.749,45,898.8,13482,1685
679.799,44,879.0,13185,1648
679.850,45,897.9,13468,1684
679.900,45,897.6,13464,1683
679.950,45,895.4,13430,1679
680.000,44,876.7,13151,1644
680.050,45,897.9,13469,1684
680.100,44,878.8,13182,1648
680.150,44,878.2,13173,1647
680.201,45,895.1,13427,1678
680.251,44,879.9,13198,1650
680.301,44,878.1,13172,1647
680.351,44,877.9,13168,1646
680.401,44,878.7,13180,1648
680.451,44,878.5,13177,1647
680.501,44,875.9,13138,1642
680.551,43,858.5,12877,1610
680.602,44,878.4,13176,1647
680.652,43,859.1,12887,1611
680.702,44,878.9,13183,1648
680.752,43,856.9,12853,1607
680.802,44,876.9,13153,1644
680.852,43,858.5,12877,1610
680.902,44,878.5,13178,1647
680.952,43,857.7,12865,1608
681.002,43,857.8,12867,1608
681.052,43,859.4,12892,1611
681.103,43,859.3,12889,1611
681.153,43,857.5,12862,1608
681.203,43,856.8,12851,1606
681.253,43,859.3,12890,1611
681.303,43,856.4,12845,1606
681.353,43,859.4,12891,1611
681.403,43,860.0,12899,1612
681.453,43,858.8,12882,1610
681.503,43,857.0,12855,1607
681.554,43,857.8,12868,1608
681.604,43,856.6,12848,1606
681.654,42,838.4,12576,1572
681.704,43,859.6,12894,1612
681.754,43,858.2,12874,1609
681.804,42,838.6,12579,1572
681.854,43,859.0,12885,1611
681.904,43,859.8,12897,1612
681.954,43,859.3,12889,1611
682.004,42,839.1,12586,1573
682.054,43,858.1,12872,1609
682.104,43,859.7,12896,1612
682.154,43,859.8,12896,1612
682.204,42,838.9,12583,1573
682.254,43,858.8,12882,1610
682.305,33,658.3,9874,1234
682.355,0,0.0,0,0
682.405,0,0.0,0,0
682.455,0,0.0,0,0
682.505,0,0.0,0,0
682.555,0,0.0,0,0
682.605,0,0.0,0,0
682.655,0,0.0,0,0
682.705,0,0.0,0,0
682.755,0,0.0,0,0
682.805,0,0.0,0,0
682.855,0,0.0,0,0
682.905,0,0.0,0,0
682.956,0,0.0,0,0
683.006,0,0.0,0,0
683.056,0,0.0,0,0
683.106,0,0.0,0,0
683.156,0,0.0,0,0
683.206,0,0.0,0,0
683.256,0,0.0,0,0
683.306,0,0.0,0,0
683.356,0,0.0,0,0
683.406,0,0.0,0,0
683.456,0,0.0,0,0
683.507,0,0.0,0,0
683.557,0,0.0,0,0
683.607,0,0.0,0,0
683.657,0,0.0,0,0
683.707,0,0.0,0,0
683.757,0,0.0,0,0
683.808,0,0.0,0,0
683.858,0,0.0,0,0
683.908,0,0.0,0,0
683.958,0,0.0,0,0
684.008,0,0.0,0,0
684.058,0,0.0,0,0
684.108,0,0.0,0,0
684.158,0,0.0,0,0
684.208,0,0.0,0,0
684.258,0,0.0,0,0
684.308,0,0.0,0,0
684.359,0,0.0,0,0
684.409,0,0.0,0,0
684.459,0,0.0,0,0
684.509,0,0.0,0,0
684.559,0,0.0,0,0
684.609,0,0.0,0,0
684.659,0,0.0,0,0
684.709,0,0.0,0,0
684.759,0,0.0,0,0
684.809,0,0.0,0,0
684.859,0,0.0,0,0
684.910,0,0.0,0,0
684.960,0,0.0,0,0
685.010,0,0.0,0,0
685.060,0,0.0,0,0
685.110,0,0.0,0,0
685.160,0,0.0,0,0
685.210,0,0.0,0,0
685.260,0,0.0,0,0
685.310,0,0.0,0,0
685.361,0,0.0,0,0
685.411,0,0.0,0,0
685.461,0,0.0,0,0
685.511,0,0.0,0,0
685.561,0,0.0,0,0
685.611,0,0.0,0,0
685.661,0,0.0,0,0
685.711,0,0.0,0,0
685.761,0,0.0,0,0
685.811,0,0.0,0,0
685.861,0,0.0,0,0
685.911,0,0.0,0,0
685.962,0,0.0,0,0
686.012,0,0.0,0,0
686.062,0,0.0,0,0
686.112,0,0.0,0,0
686.162,0,0.0,0,0
686.212,0,0.0,0,0
686.262,0,0.0,0,0
686.312,0,0.0,0,0
686.362,0,0.0,0,0
686.412,0,0.0,0,0
686.463,0,0.0,0,0
686.513,0,0.0,0,0
686.563,0,0.0,0,0
686.613,0,0.0,0,0
686.663,0,0.0,0,0
686.713,0,0.0,0,0
686.763,0,0.0,0,0
686.813,0,0.0,0,0
686.863,0,0.0,0,0
686.913,0,0.0,0,0
686.963,0,0.0,0,0
687.014,0,0.0,0,0
687.064,0,0.0,0,0
687.114,0,0.0,0,0
687.164,0,0.0,0,0
687.214,0,0.0,0,0
687.264,0,0.0,0,0
687.314,0,0.0,0,0
687.364,0,0.0,0,0
687.414,0,0.0,0,0
687.464,0,0.0,0,0
687.515,0,0.0,0,0
687.565,0,0.0,0,0
687.615,0,0.0,0,0
687.665,0,0.0,0,0
687.715,0,0.0,0,0
687.765,0,0.0,0,0
687.815,0,0.0,0,0
687.866,0,0.0,0,0
687.916,0,0.0,0,0
687.966,0,0.0,0,0
688.016,0,0.0,0,0
688.066,0,0.0,0,0
688.116,0,0.0,0,0
688.166,0,0.0,0,0
688.216,0,0.0,0,0
688.266,0,0.0,0,0
688.316,0,0.0,0,0
688.366,0,0.0,0,0
688.416,0,0.0,0,0
688.467,0,0.0,0,0
688.517,0,0.0,0,0
688.567,0,0.0,0,0
688.617,0,0.0,0,0
688.667,0,0.0,0,0
688.717,0,0.0,0,0
688.767,0,0.0,0,0
688.817,0,0.0,0,0
688.867,0,0.0,0,0
688.917,0,0.0,0,0
688.967,0,0.0,0,0
689.018,0,0.0,0,0
689.068,0,0.0,0,0
689.118,0,0.0,0,0
689.168,0,0.0,0,0
689.218,0,0.0,0,0
689.268,0,0.0,0,0
689.318,0,0.0,0,0
689.368,0,0.0,0,0
689.418,0,0.0,0,0
689.468,0,0.0,0,0
689.518,0,0.0,0,0
689.568,0,0.0,0,0
689.619,0,0.0,0,0
689.669,0,0.0,0,0
689.719,0,0.0,0,0
689.769,0,0.0,0,0
689.819,0,0.0,0,0
689.869,0,0.0,0,0
689.919,0,0.0,0,0
689.969,0,0.0,0,0
690.019,0,0.0,0,0
690.069,0,0.0,0,0
690.119,0,0.0,0,0
690.169,0,0.0,0,0
690.220,0,0.0,0,0
690.270,0,0.0,0,0
690.320,0,0.0,0,0
690.370,0,0.0,0,0
690.420,0,0.0,0,0
690.470,0,0.0,0,0
690.520,0,0.0,0,0
690.570,0,0.0,0,0
690.621,0,0.0,0,0
690.671,0,0.0,0,0
690.721,0,0.0,0,0
690.771,0,0.0,0,0
690.821,0,0.0,0,0
690.871,0,0.0,0,0
690.921,0,0.0,0,0
690.971,0,0.0,0,0
691.021,0,0.0,0,0
691.071,0,0.0,0,0
691.122,0,0.0,0,0
691.172,0,0.0,0,0
691.222,0,0.0,0,0
691.272,0,0.0,0,0
691.322,0,0.0,0,0
691.372,0,0.0,0,0
691.422,0,0.0,0,0
691.472,0,0.0,0,0
691.522,0,0.0,0,0
691.572,0,0.0,0,0
691.622,0,0.0,0,0
691.673,0,0.0,0,0
691.723,0,0.0,0,0
691.773,0,0.0,0,0
691.823,0,0.0,0,0
691.873,0,0.0,0,0
691.923,0,0.0,0,0
691.973,0,0.0,0,0
692.023,0,0.0,0,0
692.073,0,0.0,0,0
692.123,0,0.0,0,0
692.174,0,0.0,0,0
692.224,0,0.0,0,0
692.274,0,0.0,0,0
692.324,0,0.0,0,0
692.374,0,0.0,0,0
692.424,0,0.0,0,0
692.474,0,0.0,0,0
692.525,0,0.0,0,0
692.575,0,0.0,0,0
692.625,0,0.0,0,0
692.675,0,0.0,0,0
692.725,0,0.0,0,0
692.775,0,0.0,0,0
692.825,0,0.0,0,0
692.875,0,0.0,0,0
692.926,0,0.0,0,0
692.976,0,0.0,0,0
693.026,0,0.0,0,0
693.076,0,0.0,0,0
693.126,0,0.0,0,0
693.176,0,0.0,0,0
693.226,0,0.0,0,0
693.276,0,0.0,0,0
693.326,0,0.0,0,0
693.376,0,0.0,0,0
693.426,0,0.0,0,0
693.476,0,0.0,0,0
693.527,0,0.0,0,0
693.577,0,0.0,0,0
693.627,0,0.0,0,0
693.677,0,0.0,0,0
693.727,0,0.0,0,0
693.777,0,0.0,0,0
693.827,0,0.0,0,0
693.877,0,0.0,0,0
693.927,0,0.0,0,0
693.977,0,0.0,0,0
694.028,0,0.0,0,0
694.078,0,0.0,0,0
694.128,0,0.0,0,0
694.178,0,0.0,0,0
694.228,0,0.0,0,0
694.278,0,0.0,0,0
694.328,0,0.0,0,0
694.378,0,0.0,0,0
694.428,0,0.0,0,0
694.478,0,0.0,0,0
694.529,0,0.0,0,0
694.579,0,0.0,0,0
694.629,0,0.0,0,0
694.679,0,0.0,0,0
694.729,0,0.0,0,0
694.779,0,0.0,0,0
694.829,0,0.0,0,0
694.879,0,0.0,0,0
694.929,0,0.0,0,0
694.980,0,0.0,0,0
695.030,0,0.0,0,0
695.080,0,0.0,0,0
695.130,0,0.0,0,0
695.180,0,0.0,0,0
695.230,0,0.0,0,0
695.280,0,0.0,0,0
695.330,0,0.0,0,0
695.380,0,0.0,0,0
695.431,0,0.0,0,0
695.481,0,0.0,0,0
695.531,0,0.0,0,0
695.581,0,0.0,0,0
695.631,0,0.0,0,0
695.681,0,0.0,0,0
695.731,0,0.0,0,0
695.781,0,0.0,0,0
695.831,0,0.0,0,0
695.881,0,0.0,0,0
695.931,0,0.0,0,0
695.982,0,0.0,0,0
696.032,0,0.0,0,0
696.082,0,0.0,0,0
696.132,0,0.0,0,0
696.182,0,0.0,0,0
696.232,0,0.0,0,0
696.282,0,0.0,0,0
696.332,0,0.0,0,0
696.382,0,0.0,0,0
696.433,0,0.0,0,0
696.483,0,0.0,0,0
696.533,0,0.0,0,0
696.583,0,0.0,0,0
696.633,0,0.0,0,0
696.683,0,0.0,0,0
696.733,0,0.0,0,0
696.783,0,0.0,0,0
696.833,0,0.0,0,0
696.883,0,0.0,0,0
696.933,0,0.0,0,0
696.984,0,0.0,0,0
697.034,0,0.0,0,0
697.084,0,0.0,0,0
697.134,0,0.0,0,0
697.184,0,0.0,0,0
697.234,0,0.0,0,0
697.284,0,0.0,0,0
697.334,0,0.0,0,0
697.384,0,0.0,0,0
697.434,0,0.0,0,0
697.484,0,0.0,0,0
697.535,0,0.0,0,0
697.585,0,0.0,0,0
697.635,0,0.0,0,0
697.685,0,0.0,0,0
697.735,0,0.0,0,0
697.785,0,0.0,0,0
697.835,0,0.0,0,0
697.885,0,0.0,0,0
697.935,0,0.0,0,0
697.985,0,0.0,0,0
698.035,0,0.0,0,0
698.086,0,0.0,0,0
698.136,0,0.0,0,0
698.186,0,0.0,0,0
698.236,0,0.0,0,0
698.286,0,0.0,0,0
698.336,0,0.0,0,0
698.386,0,0.0,0,0
698.437,0,0.0,0,0
698.487,0,0.0,0,0
698.537,0,0.0,0,0
698.587,0,0.0,0,0
698.637,0,0.0,0,0
698.687,0,0.0,0,0
698.737,0,0.0,0,0
698.788,0,0.0,0,0
698.838,0,0.0,0,0
698.888,0,0.0,0,0
698.938,0,0.0,0,0
698.988,0,0.0,0,0
699.038,0,0.0,0,0
699.088,0,0.0,0,0
699.138,0,0.0,0,0
699.188,0,0.0,0,0
699.238,0,0.0,0,0
699.288,0,0.0,0,0
699.338,0,0.0,0,0
699.388,0,0.0,0,0
699.438,0,0.0,0,0
699.488,0,0.0,0,0
699.538,0,0.0,0,0
699.589,0,0.0,0,0
699.639,0,0.0,0,0
699.689,0,0.0,0,0
699.739,0,0.0,0,0
699.789,0,0.0,0,0
699.839,0,0.0,0,0
699.889,0,0.0,0,0
699.939,0,0.0,0,0
699.989,0,0.0,0,0
700.039,0,0.0,0,0
700.090,0,0.0,0,0
700.140,0,0.0,0,0
700.190,0,0.0,0,0
700.240,0,0.0,0,0
700.290,0,0.0,0,0
700.340,0,0.0,0,0
700.390,0,0.0,0,0
700.440,0,0.0,0,0
700.490,0,0.0,0,0
700.540,0,0.0,0,0
700.590,0,0.0,0,0
700.641,0,0.0,0,0
700.691,0,0.0,0,0
700.741,0,0.0,0,0
700.791,0,0.0,0,0
700.841,0,0.0,0,0
700.891,0,0.0,0,0
700.941,0,0.0,0,0
700.991,0,0.0,0,0
701.041,0,0.0,0,0
701.091,0,0.0,0,0
701.141,0,0.0,0,0
701.192,0,0.0,0,0
701.242,0,0.0,0,0
701.292,0,0.0,0,0
701.342,0,0.0,0,0
701.392,0,0.0,0,0
701.442,0,0.0,0,0
701.492,0,0.0,0,0
701.542,0,0.0,0,0
701.592,0,0.0,0,0
701.642,0,0.0,0,0
701.692,0,0.0,0,0
701.743,0,0.0,0,0
701.793,0,0.0,0,0
701.843,0,0.0,0,0
701.893,0,0.0,0,0
701.943,0,0.0,0,0
701.993,0,0.0,0,0
702.043,0,0.0,0,0
702.093,0,0.0,0,0
702.143,0,0.0,0,0
702.193,0,0.0,0,0
702.243,0,0.0,0,0
702.293,0,0.0,0,0
702.343,0,0.0,0,0
702.393,0,0.0,0,0
702.444,0,0.0,0,0
702.494,0,0.0,0,0
702.544,0,0.0,0,0
702.594,0,0.0,0,0
702.644,0,0.0,0,0
702.694,0,0.0,0,0
702.744,0,0.0,0,0
702.794,0,0.0,0,0
702.844,0,0.0,0,0
702.894,0,0.0,0,0
702.944,0,0.0,0,0
702.994,0,0.0,0,0
703.045,0,0.0,0,0
703.095,0,0.0,0,0
703.145,0,0.0,0,0
703.195,0,0.0,0,0
703.245,0,0.0,0,0
703.295,0,0.0,0,0
703.345,0,0.0,0,0
703.395,0,0.0,0,0
703.445,0,0.0,0,0
703.496,0,0.0,0,0
703.546,0,0.0,0,0
703.596,0,0.0,0,0
703.646,0,0.0,0,0
703.696,0,0.0,0,0
703.746,0,0.0,0,0
703.796,0,0.0,0,0
703.846,0,0.0,0,0
703.896,0,0.0,0,0
703.946,0,0.0,0,0
703.996,0,0.0,0,0
704.047,0,0.0,0,0
704.097,0,0.0,0,0
704.147,0,0.0,0,0
704.197,0,0.0,0,0
704.247,0,0.0,0,0
704.297,0,0.0,0,0
704.347,0,0.0,0,0
704.398,0,0.0,0,0
704.448,0,0.0,0,0
704.498,0,0.0,0,0
704.548,0,0.0,0,0
704.598,0,0.0,0,0
704.648,0,0.0,0,0
704.698,0,0.0,0,0
704.748,0,0.0,0,0
704.798,0,0.0,0,0
704.848,0,0.0,0,0
704.898,0,0.0,0,0
704.948,0,0.0,0,0
704.998,0,0.0,0,0
705.049,0,0.0,0,0
705.099,0,0.0,0,0
705.149,0,0.0,0,0
705.199,0,0.0,0,0
705.249,0,0.0,0,0
705.299,0,0.0,0,0
705.349,0,0.0,0,0
705.399,0,0.0,0,0
705.449,0,0.0,0,0
705.500,0,0.0,0,0
705.550,0,0.0,0,0
705.600,0,0.0,0,0
705.650,0,0.0,0,0
705.700,0,0.0,0,0
705.750,0,0.0,0,0
705.800,0,0.0,0,0
705.850,0,0.0,0,0
705.900,0,0.0,0,0
705.950,0,0.0,0,0
706.000,0,0.0,0,0
706.050,0,0.0,0,0
706.101,0,0.0,0,0
706.151,0,0.0,0,0
706.201,0,0.0,0,0
706.251,0,0.0,0,0
706.301,0,0.0,0,0
706.351,0,0.0,0,0
706.401,0,0.0,0,0
706.451,0,0.0,0,0
706.501,0,0.0,0,0
706.551,0,0.0,0,0
706.601,0,0.0,0,0
706.651,0,0.0,0,0
706.701,0,0.0,0,0
706.752,0,0.0,0,0
706.802,0,0.0,0,0
706.852,0,0.0,0,0
706.902,0,0.0,0,0
706.952,0,0.0,0,0
707.002,0,0.0,0,0
707.052,0,0.0,0,0
707.102,0,0.0,0,0
707.152,0,0.0,0,0
707.203,0,0.0,0,0
707.253,0,0.0,0,0
707.303,0,0.0,0,0
707.353,0,0.0,0,0
707.403,0,0.0,0,0
707.453,0,0.0,0,0
707.503,0,0.0,0,0
707.553,0,0.0,0,0
707.603,0,0.0,0,0
707.653,0,0.0,0,0
707.703,0,0.0,0,0
707.754,0,0.0,0,0
707.804,0,0.0,0,0
707.854,0,0.0,0,0
707.904,0,0.0,0,0
707.954,0,0.0,0,0
708.004,0,0.0,0,0
708.054,0,0.0,0,0
708.104,0,0.0,0,0
708.155,0,0.0,0,0
708.205,0,0.0,0,0
708.255,0,0.0,0,0
708.305,0,0.0,0,0
708.355,0,0.0,0,0
708.405,0,0.0,0,0
708.455,0,0.0,0,0
708.505,0,0.0,0,0
708.555,0,0.0,0,0
708.605,0,0.0,0,0
708.655,0,0.0,0,0
708.705,0,0.0,0,0
708.756,0,0.0,0,0
708.806,0,0.0,0,0
708.856,0,0.0,0,0
708.906,0,0.0,0,0
708.956,0,0.0,0,0
709.006,0,0.0,0,0
709.056,0,0.0,0,0
709.106,0,0.0,0,0
709.156,0,0.0,0,0
709.207,0,0.0,0,0
709.257,0,0.0,0,0
709.307,0,0.0,0,0
709.357,0,0.0,0,0
709.407,0,0.0,0,0
709.457,0,0.0,0,0
709.507,0,0.0,0,0
709.557,0,0.0,0,0
709.607,0,0.0,0,0
709.657,0,0.0,0,0
709.707,0,0.0,0,0
709.757,0,0.0,0,0
709.807,0,0.0,0,0
709.858,0,0.0,0,0
709.908,0,0.0,0,0
709.958,0,0.0,0,0
710.008,0,0.0,0,0
710.058,0,0.0,0,0
710.108,0,0.0,0,0
710.158,0,0.0,0,0
710.208,0,0.0,0,0
710.258,0,0.0,0,0
710.308,0,0.0,0,0
710.358,0,0.0,0,0
710.409,0,0.0,0,0
710.459,0,0.0,0,0
710.509,0,0.0,0,0
710.559,0,0.0,0,0
710.609,0,0.0,0,0
710.659,0,0.0,0,0
710.709,0,0.0,0,0
710.759,0,0.0,0,0
710.809,0,0.0,0,0
710.859,0,0.0,0,0
710.909,0,0.0,0,0
710.959,0,0.0,0,0
711.010,0,0.0,0,0
711.060,0,0.0,0,0
711.110,0,0.0,0,0
711.160,0,0.0,0,0
711.210,0,0.0,0,0
711.260,0,0.0,0,0
711.310,0,0.0,0,0
711.361,0,0.0,0,0
711.411,0,0.0,0,0
711.461,0,0.0,0,0
711.511,0,0.0,0,0
711.561,0,0.0,0,0
711.611,0,0.0,0,0
711.661,0,0.0,0,0
711.711,0,0.0,0,0
711.761,0,0.0,0,0
711.811,0,0.0,0,0
711.861,0,0.0,0,0
711.911,0,0.0,0,0
711.961,0,0.0,0,0
712.011,0,0.0,0,0
712.061,0,0.0,0,0
712.111,0,0.0,0,0
712.161,0,0.0,0,0
712.212,0,0.0,0,0
712.262,0,0.0,0,0
712.312,0,0.0,0,0
712.362,0,0.0,0,0
712.412,0,0.0,0,0
712.462,0,0.0,0,0
712.512,3,59.9,899,112
712.562,1,19.9,299,37
712.612,2,39.8,598,75
712.662,2,39.9,599,75
712.713,3,59.8,897,112
712.763,4,79.8,1196,150
712.813,4,79.8,1197,150
712.863,5,99.6,1494,187
712.913,5,99.7,1496,187
712.963,5,100.0,1499,187
713.013,6,119.8,1797,225
713.064,6,119.6,1794,224
713.114,7,139.8,2096,262
713.164,7,139.9,2098,262
713.214,7,139.7,2095,262
713.264,7,139.6,2095,262
713.314,8,159.5,2393,299
713.364,8,159.4,2391,299
713.414,9,179.3,2690,336
713.464,8,159.9,2398,300
713.514,9,180.0,2700,337
713.565,9,179.5,2692,337
713.615,9,180.0,2699,337
713.665,10,199.4,2992,374
713.715,10,199.5,2992,374
713.765,10,199.4,2992,374
713.815,10,199.7,2996,374
713.865,10,199.8,2997,375
713.915,11,220.0,3300,412
713.965,10,199.6,2993,374
714.015,11,219.5,3292,411
714.065,11,219.7,3296,412
714.116,12,239.3,3589,449
714.166,11,219.6,3293,412
714.216,12,239.6,3595,449
714.266,11,219.3,3289,411
714.316,12,239.6,3593,449
714.366,12,239.2,3589,449
714.416,12,239.4,3591,449
714.466,12,239.6,3595,449
714.517,13,259.3,3889,486
714.567,12,239.7,3596,450
714.617,13,259.1,3886,486
714.667,12,240.0,3599,450
714.717,13,258.9,3884,485
714.767,13,259.1,3887,486
714.817,13,258.9,3884,485
714.867,13,259.5,3893,487
714.918,13,259.5,3893,487
714.968,13,259.1,3886,486
715.018,13,259.5,3893,487
715.068,13,259.4,3890,486
715.118,14,279.5,4192,524
715.168,13,259.9,3899,487
715.218,13,259.0,3885,486
715.268,14,279.9,4198,525
715.318,14,279.1,4187,523
715.368,13,259.9,3899,487
715.418,14,279.9,4199,525
715.469,14,279.0,4186,523
715.519,14,279.4,4192,524
715.569,13,260.0,3900,487
715.619,14,278.6,4179,522
715.669,15,299.0,4485,561
715.719,14,278.8,4183,523
715.769,14,279.8,4198,525
715.820,15,299.2,4488,561
715.870,15,298.8,4481,560
715.920,15,299.6,4495,562
715.970,16,319.0,4784,598
716.020,15,299.9,4498,562
716.070,16,318.4,4775,597
716.120,17,339.3,5090,636
716.170,16,320.0,4799,600
716.220,17,339.4,5091,636
716.270,18,359.7,5395,674
716.321,17,339.6,5093,637
716.371,19,378.6,5679,710
716.421,18,358.1,5371,671
716.471,19,378.1,5672,709
716.521,20,398.8,5982,748
716.571,20,399.8,5996,750
716.622,20,398.7,5980,748
716.672,21,418.8,6281,785
716.722,21,419.1,6287,786
716.772,22,438.9,6584,823
716.822,22,439.4,6591,824
716.872,23,458.8,6882,860
716.922,23,458.8,6881,860
716.972,23,458.5,6878,860
717.023,24,477.3,7159,895
717.073,24,479.3,7189,899
717.123,24,479.2,7188,898
717.173,25,498.7,7481,935
717.223,25,498.8,7482,935
717.273,25,499.4,7491,936
717.324,26,517.1,7757,970
717.374,26,518.9,7783,973
717.424,27,538.1,8071,1009
717.474,27,537.7,8066,1008
717.524,27,539.6,8094,1012
717.574,28,557.6,8365,1046
717.624,28,558.7,8381,1048
717.674,28,558.9,8383,1048
717.725,28,559.4,8391,1049
717.775,29,579.9,8698,1087
717.825,30,599.1,8986,1123
717.875,29,579.4,8691,1086
717.925,31,617.3,9260,1158
717.975,30,598.0,8969,1121
718.025,31,618.5,9278,1160
718.075,31,618.2,9273,1159
718.125,31,618.4,9277,1160
718.176,32,637.4,9561,1195
718.226,32,638.1,9571,1196
718.276,33,658.4,9877,1235
718.326,33,660.0,9900,1237
718.376,33,659.2,9889,1236
718.426,34,679.1,10187,1273
718.476,34,679.2,10188,1274
718.526,34,679.0,10185,1273
718.576,35,698.3,10474,1309
718.626,35,697.4,10461,1308
718.676,36,719.8,10797,1350
718.727,36,719.2,10787,1348
718.777,37,737.5,11062,1383
718.827,37,738.1,11071,1384
718.877,37,739.2,11087,1386
718.927,38,758.1,11371,1421
718.977,39,778.0,11671,1459
719.027,38,759.0,11386,1423
719.077,40,798.0,11970,1496
719.127,39,779.0,11684,1461
719.178,41,817.7,12266,1533
719.228,41,817.4,12262,1533
719.278,41,817.8,12268,1533
719.328,41,819.6,12295,1537
719.378,42,839.5,12592,1574
719.428,43,858.9,12883,1610
719.478,43,856.8,12852,1606
719.528,43,859.2,12889,1611
719.578,44,879.2,13187,1648
719.628,44,879.3,13189,1649
719.678,45,900.0,13499,1687
719.728,44,878.3,13174,1647
719.778,46,919.6,13794,1724
719.829,45,897.8,13468,1683
719.879,47,938.9,14083,1760
719.929,46,918.8,13782,1723
719.979,47,938.9,14084,1761
720.029,47,939.7,14096,1762
720.079,48,959.0,14384,1798
720.129,47,938.8,14082,1760
720.179,48,956.5,14347,1793
720.229,49,977.1,14657,1832
720.279,48,959.6,14394,1799
720.329,49,979.2,14689,1836
720.379,49,978.6,14679,1835
720.429,49,977.1,14656,1832
720.480,49,977.8,14667,1833
720.530,50,999.3,14990,1874
720.580,49,980.0,14700,1837
720.630,50,997.8,14967,1871
720.680,50,996.8,14952,1869
720.730,50,997.6,14964,1871
720.780,50,998.0,14970,1871
720.830,51,1017.0,15255,1907
720.880,50,996.7,14950,1869
720.930,50,998.7,14980,1872
720.981,51,1017.4,15262,1908
721.031,50,997.9,14969,1871
721.081,51,1020.0,15300,1912
721.131,50,997.2,14958,1870
721.181,51,1014.0,15210,1901
721.231,51,1019.1,15286,1911
721.281,50,997.0,14954,1869
721.331,51,1018.6,15279,1910
721.381,50,999.9,14998,1875
721.432,50,996.0,14940,1867
721.482,51,1018.0,15270,1909
721.532,50,1000.0,15000,1875
721.582,50,998.6,14980,1872
721.632,50,998.8,14982,1873
721.682,51,1017.2,15258,1907
721.732,50,998.9,14983,1873
721.782,50,997.5,14962,1870
721.832,51,1017.4,15262,1908
721.882,50,998.9,14984,1873
721.932,50,1000.0,15000,1875
721.982,50,998.4,14977,1872
722.033,50,997.8,14967,1871
722.083,50,996.4,14946,1868
722.133,50,999.7,14996,1874
722.183,51,1013.6,15205,1901
722.233,50,997.8,14967,1871
722.283,50,999.8,14997,1875
722.333,50,1000.0,14999,1875
722.383,50,998.4,14976,1872
722.433,50,998.2,14973,1872
722.483,50,997.4,14961,1870
722.534,50,997.3,14960,1870
722.584,50,999.8,14997,1875
722.634,50,997.9,14968,1871
722.684,50,997.6,14963,1870
722.734,50,999.9,14999,1875
722.784,50,997.2,14957,1870
722.834,50,997.8,14967,1871
722.884,50,999.6,14994,1874
722.934,50,999.1,14986,1873
722.984,50,998.9,14983,1873
723.034,50,997.3,14959,1870
723.084,50,997.3,14960,1870
723.134,50,999.8,14997,1875
723.185,50,997.9,14969,1871
723.235,50,997.9,14969,1871
723.285,49,977.0,14656,1832
723.335,51,1016.1,15241,1905
723.385,49,979.0,14684,1836
723.435,50,997.3,14960,1870
723.485,50,996.5,14948,1869
723.536,50,997.4,14960,1870
723.586,50,999.1,14987,1873
723.636,50,997.8,14967,1871
723.686,50,998.6,14980,1872
723.736,50,998.2,14972,1872
723.786,50,997.9,14968,1871
723.836,50,998.9,14983,1873
723.886,50,997.2,14958,1870
723.936,49,976.1,14641,1830
723.986,50,999.6,14994,1874
724.036,50,999.6,14994,1874
724.086,50,998.8,14982,1873
724.137,50,996.0,14940,1868
724.187,50,997.5,14963,1870
724.237,50,998.6,14979,1872
724.287,50,997.5,14963,1870
724.337,50,997.4,14961,1870
724.387,49,979.0,14686,1836
724.437,50,997.8,14967,1871
724.487,50,995.9,14938,1867
724.538,50,996.4,14946,1868
724.588,50,995.8,14937,1867
724.638,50,998.4,14976,1872
724.688,50,997.3,14959,1870
724.738,50,998.6,14979,1872
724.788,50,996.4,14946,1868
724.838,50,997.3,14959,1870
724.889,50,997.7,14966,1871
724.939,50,998.6,14979,1872
724.989,50,996.3,14944,1868
725.039,50,997.4,14960,1870
725.089,50,998.8,14982,1873
725.139,50,996.7,14951,1869
725.189,50,999.2,14988,1874
725.239,50,998.2,14973,1872
725.289,50,998.9,14984,1873
725.340,50,996.5,14948,1868
725.390,49,979.5,14692,1837
725.440,50,998.4,14976,1872
725.490,50,996.1,14942,1868
725.540,50,996.6,14949,1869
725.590,50,998.4,14976,1872
725.640,50,995.0,14926,1866
725.691,50,996.5,14948,1868
725.741,50,998.6,14979,1872
725.791,50,994.9,14924,1866
725.841,50,997.5,14963,1870
725.891,50,999.8,14997,1875
725.941,50,997.6,14964,1870
725.991,50,996.8,14953,1869
726.041,50,996.0,14940,1867
726.092,50,997.5,14963,1870
726.142,50,998.8,14982,1873
726.192,50,997.5,14962,1870
726.242,50,998.9,14983,1873
726.292,50,997.3,14959,1870
726.342,50,997.3,14959,1870
726.392,50,996.7,14951,1869
726.442,50,995.9,14938,1867
726.493,49,978.3,14675,1834
726.543,50,997.4,14961,1870
726.593,50,997.1,14956,1870
726.643,50,994.8,14922,1865
726.693,50,998.8,14982,1873
726.743,50,997.6,14964,1870
726.793,50,998.8,14982,1873
726.843,50,1000.0,15000,1875
726.893,50,997.8,14968,1871
726.944,50,996.5,14948,1869
726.994,50,999.4,14991,1874
727.044,50,997.4,14960,1870
727.094,50,997.8,14967,1871
727.144,50,998.1,14972,1871
727.194,50,997.5,14962,1870
727.244,50,999.7,14996,1874
727.294,50,998.3,14974,1872
727.344,50,997.9,14968,1871
727.394,50,996.9,14954,1869
727.445,50,998.6,14980,1872
727.495,50,997.8,14968,1871
727.545,50,998.7,14980,1873
727.595,50,998.0,14969,1871
727.645,50,997.2,14958,1870
727.695,50,999.9,14999,1875
727.745,50,997.4,14961,1870
727.795,50,998.8,14983,1873
727.845,50,998.0,14970,1871
727.895,50,997.3,14959,1870
727.945,50,999.9,14998,1875
727.995,49,978.7,14680,1835
728.046,50,997.8,14968,1871
728.096,50,998.2,14972,1872
728.146,50,999.1,14987,1873
728.196,50,998.8,14982,1873
728.246,50,995.8,14937,1867
728.296,50,999.2,14989,1874
728.346,50,997.3,14959,1870
728.396,50,996.3,14945,1868
728.446,50,998.9,14983,1873
728.496,50,998.9,14983,1873
728.546,50,999.6,14994,1874
728.596,50,999.9,14998,1875
728.646,50,999.4,14992,1874
728.697,50,998.9,14983,1873
728.747,49,979.9,14698,1837
728.797,50,994.6,14919,1865
728.847,50,996.4,14946,1868
728.897,50,997.4,14961,1870
728.947,50,999.1,14986,1873
728.997,50,997.8,14967,1871
729.047,50,999.2,14988,1873
729.097,50,997.3,14959,1870
729.148,50,997.8,14967,1871
729.198,50,997.7,14965,1871
729.248,49,978.7,14681,1835
729.298,50,997.6,14964,1870
729.348,50,997.7,14965,1871
729.398,50,999.8,14997,1875
729.448,50,998.7,14980,1873
729.498,50,994.9,14924,1866
729.548,49,978.9,14684,1835
729.598,50,998.9,14984,1873
729.648,50,998.7,14980,1873
729.699,50,998.8,14983,1873
729.749,50,994.6,14918,1865
729.799,49,978.9,14684,1836
729.849,50,996.5,14947,1868
729.899,50,997.9,14969,1871
729.949,50,999.5,14993,1874
729.999,50,995.0,14924,1866
730.050,50,998.3,14975,1872
730.100,49,978.0,14670,1834
730.150,50,999.0,14985,1873
730.200,50,998.6,14979,1872
730.250,50,996.4,14946,1868
730.300,49,979.5,14693,1837
730.350,50,997.7,14966,1871
730.400,50,994.7,14921,1865
730.450,50,998.0,14970,1871
730.501,50,998.5,14978,1872
730.551,50,996.3,14944,1868
730.601,50,997.4,14961,1870
730.651,49,978.0,14670,1834
730.701,50,997.4,14961,1870
730.751,50,998.7,14980,1873
730.801,50,999.9,14999,1875
730.851,50,998.7,14981,1873
730.901,50,994.9,14924,1865
730.952,49,978.1,14672,1834
731.002,50,998.5,14978,1872
731.052,50,996.0,14941,1868
731.102,50,996.5,14948,1868
731.152,50,999.0,14985,1873
731.202,50,999.6,14993,1874
731.252,50,996.2,14942,1868
731.302,49,978.9,14683,1835
731.352,50,996.3,14945,1868
731.403,50,998.8,14982,1873
731.453,50,999.9,14999,1875
731.503,50,998.2,14972,1872
731.553,49,978.4,14676,1835
731.603,50,998.7,14980,1873
731.653,50,997.2,14958,1870
731.703,50,998.5,14978,1872
731.753,49,977.5,14662,1833
731.803,50,998.0,14971,1871
731.853,50,997.8,14966,1871
731.904,50,995.9,14938,1867
731.954,50,994.8,14922,1865
732.004,50,997.7,14965,1871
732.054,49,978.9,14684,1835
732.104,50,997.4,14961,1870
732.154,50,996.9,14954,1869
732.204,50,999.5,14992,1874
732.254,50,997.9,14969,1871
732.304,49,979.4,14691,1836
732.354,50,998.8,14981,1873
732.405,50,999.2,14988,1874
732.455,49,979.7,14695,1837
732.505,50,996.7,14950,1869
732.555,50,997.0,14955,1869
732.605,50,996.8,14952,1869
732.655,50,999.3,14990,1874
732.705,50,996.5,14947,1868
732.755,49,976.9,14653,1832
732.806,50,996.9,14953,1869
732.856,50,996.4,14945,1868
732.906,50,999.0,14985,1873
732.956,50,998.5,14978,1872
733.006,49,979.1,14687,1836
733.056,50,998.3,14975,1872
733.106,50,995.9,14938,1867
733.156,50,996.6,14949,1869
733.206,50,997.9,14968,1871
733.257,49,978.7,14681,1835
733.307,50,998.6,14978,1872
733.357,50,997.3,14959,1870
733.407,50,998.7,14980,1872
733.457,50,999.1,14986,1873
733.507,49,978.8,14681,1835
733.557,50,999.8,14997,1875
733.607,50,997.1,14957,1870
733.657,50,998.6,14979,1872
733.707,49,977.7,14666,1833
733.757,50,998.2,14973,1872
733.807,50,999.7,14996,1874
733.858,50,996.5,14948,1869
733.908,49,978.0,14670,1834
733.958,50,999.6,14994,1874
734.008,50,997.3,14960,1870
734.058,50,1000.0,15000,1875
734.108,50,995.1,14926,1866
734.158,50,1000.0,15000,1875
734.208,49,978.0,14671,1834
734.258,50,998.4,14975,1872
734.308,50,997.3,14960,1870
734.358,50,999.7,14996,1874
734.408,50,999.1,14986,1873
734.459,50,997.1,14957,1870
734.509,49,979.2,14689,1836
734.559,50,995.9,14939,1867
734.609,50,996.4,14946,1868
734.659,50,995.9,14938,1867
734.709,50,998.5,14977,1872
734.759,50,998.5,14978,1872
734.809,50,997.8,14966,1871
734.860,50,998.4,14976,1872
734.910,50,996.4,14946,1868
734.960,50,999.3,14990,1874
735.010,49,978.8,14682,1835
735.060,50,999.4,14991,1874
735.110,50,998.4,14977,1872
735.160,50,998.3,14975,1872
735.210,50,998.1,14971,1871
735.260,50,997.6,14964,1871
735.310,50,995.6,14933,1867
735.361,50,996.4,14946,1868
735.411,50,1000.0,14999,1875
735.461,50,996.7,14951,1869
735.511,50,995.0,14925,1866
735.561,50,997.3,14960,1870
735.611,50,998.0,14971,1871
735.661,49,980.0,14700,1837
735.711,50,998.7,14980,1873
735.761,50,997.3,14960,1870
735.812,50,998.0,14971,1871
735.862,50,998.8,14982,1873
735.912,50,998.1,14972,1871
735.962,50,998.4,14977,1872
736.012,50,998.1,14971,1871
736.062,50,998.7,14981,1873
736.112,49,979.5,14692,1836
736.162,50,999.3,14989,1874
736.212,50,997.6,14964,1870
736.262,50,996.4,14946,1868
736.312,50,998.4,14976,1872
736.363,50,997.6,14964,1871
736.413,50,998.4,14976,1872
736.463,50,998.7,14981,1873
736.513,50,996.4,14946,1868
736.563,50,996.6,14949,1869
736.613,49,978.8,14682,1835
736.663,50,997.3,14959,1870
736.713,50,999.0,14984,1873
736.763,50,999.0,14985,1873
736.813,50,999.5,14993,1874
736.863,50,998.8,14981,1873
736.914,50,995.1,14926,1866
736.964,50,997.5,14962,1870
737.014,50,995.1,14927,1866
737.064,50,997.9,14969,1871
737.114,50,996.9,14953,1869
737.165,50,995.2,14928,1866
737.215,50,996.4,14946,1868
737.265,50,995.6,14935,1867
737.315,50,997.0,14955,1869
737.365,50,998.7,14980,1873
737.415,50,997.6,14964,1871
737.465,50,998.0,14969,1871
737.515,49,978.0,14671,1834
737.566,50,997.8,14968,1871
737.616,50,997.7,14965,1871
737.666,50,997.3,14959,1870
737.716,50,998.9,14983,1873
737.766,50,999.3,14990,1874
737.816,50,996.8,14953,1869
737.866,50,1000.0,15000,1875
737.916,49,978.7,14680,1835
737.966,50,998.9,14984,1873
738.016,50,998.9,14984,1873
738.066,50,998.5,14977,1872
738.116,50,998.6,14979,1872
738.167,50,996.5,14948,1868
738.217,49,979.1,14686,1836
738.267,50,998.4,14976,1872
738.317,50,998.9,14983,1873
738.367,50,998.4,14976,1872
738.417,50,998.2,14973,1872
738.467,50,998.8,14982,1873
738.517,49,977.8,14667,1833
738.567,50,997.2,14959,1870
738.617,50,997.5,14963,1870
738.667,50,997.7,14965,1871
738.718,50,998.3,14975,1872
738.768,50,998.7,14981,1873
738.818,50,999.7,14995,1874
738.868,50,996.3,14944,1868
738.918,50,997.6,14965,1871
738.968,49,977.4,14662,1833
739.018,50,996.8,14952,1869
739.068,50,998.4,14976,1872
739.118,50,997.4,14961,1870
739.169,50,998.3,14974,1872
739.219,50,998.1,14971,1871
739.269,50,997.7,14966,1871
739.319,50,997.0,14955,1869
739.369,50,998.9,14983,1873
739.419,50,997.4,14961,1870
739.469,50,997.5,14962,1870
739.519,50,999.5,14992,1874
739.569,50,996.7,14950,1869
739.620,50,997.8,14968,1871
739.670,50,997.5,14963,1870
739.720,50,997.4,14960,1870
739.770,50,994.7,14921,1865
739.820,50,997.8,14968,1871
739.870,50,999.0,14986,1873
739.920,50,997.7,14966,1871
739.970,49,979.8,14697,1837
740.020,50,997.5,14963,1870
740.071,50,997.9,14968,1871
740.121,50,999.0,14985,1873
740.171,50,998.2,14973,1872
740.221,50,995.8,14937,1867
740.271,50,996.5,14948,1868
740.321,49,978.6,14679,1835
740.371,50,997.9,14969,1871
740.421,50,998.0,14970,1871
740.471,50,999.4,14991,1874
740.521,49,978.8,14681,1835
740.572,50,999.1,14987,1873
740.622,50,996.7,14951,1869
740.672,50,998.0,14970,1871
740.722,50,994.9,14924,1866
740.772,49,975.0,14625,1828
740.822,50,996.5,14947,1868
740.873,50,998.6,14979,1872
740.923,50,999.9,14998,1875
740.973,49,978.7,14681,1835
741.023,50,997.9,14968,1871
741.073,50,997.8,14967,1871
741.123,50,998.0,14970,1871
741.173,49,978.5,14678,1835
741.223,50,999.0,14984,1873
741.273,50,996.7,14951,1869
741.323,49,979.3,14689,1836
741.373,50,999.2,14988,1873
741.423,50,998.9,14984,1873
741.473,50,997.0,14955,1869
741.524,49,979.5,14693,1837
741.574,50,999.5,14993,1874
741.624,50,996.6,14949,1869
741.674,49,976.9,14654,1832
741.724,50,997.1,14957,1870
741.774,50,1000.0,14999,1875
741.824,49,978.8,14683,1835
741.874,50,999.9,14998,1875
741.924,50,998.3,14974,1872
741.974,49,979.3,14690,1836
742.024,50,998.8,14981,1873
742.074,50,997.4,14961,1870
742.125,50,997.7,14966,1871
742.175,50,994.7,14921,1865
742.225,49,974.8,14622,1828
742.275,50,996.8,14952,1869
742.325,50,998.4,14977,1872
742.375,50,998.8,14982,1873
742.425,49,979.5,14693,1837
742.475,50,998.1,14972,1872
742.526,50,997.5,14963,1870
742.576,50,996.6,14949,1869
742.626,49,978.5,14678,1835
742.676,50,997.5,14962,1870
742.726,50,996.6,14948,1869
742.776,49,978.3,14675,1834
742.826,50,999.3,14989,1874
742.877,50,994.3,14915,1864
742.927,49,977.7,14666,1833
742.977,50,997.4,14961,1870
743.027,50,997.8,14967,1871
743.077,49,977.9,14668,1834
743.127,50,999.8,14997,1875
743.177,50,999.2,14988,1873
743.227,49,979.3,14689,1836
743.277,50,997.7,14965,1871
743.327,50,998.8,14982,1873
743.377,49,980.0,14700,1837
743.427,50,998.6,14980,1872
743.477,49,979.0,14684,1836
743.527,50,998.6,14979,1872
743.578,49,977.6,14664,1833
743.628,50,999.7,14996,1875
743.678,49,977.8,14668,1833
743.728,50,998.8,14982,1873
743.778,49,979.1,14686,1836
743.828,50,999.7,14995,1874
743.878,49,978.8,14682,1835
743.928,49,979.9,14698,1837
743.978,50,997.3,14959,1870
744.028,49,975.2,14628,1828
744.078,50,998.8,14983,1873
744.128,49,979.5,14692,1836
744.179,50,997.1,14956,1869
744.229,49,978.7,14681,1835
744.279,49,979.9,14699,1837
744.329,50,998.4,14976,1872
744.379,49,976.7,14651,1831
744.429,50,998.3,14974,1872
744.479,49,976.8,14653,1832
744.529,50,1000.0,15000,1875
744.579,49,979.0,14684,1836
744.629,49,978.7,14680,1835
744.679,50,999.9,14999,1875
744.729,49,978.4,14675,1834
744.779,50,998.1,14971,1871
744.829,49,977.7,14665,1833
744.880,50,997.3,14959,1870
744.930,49,976.7,14651,1831
744.980,49,978.2,14673,1834
745.030,50,996.2,14943,1868
745.080,49,977.8,14668,1833
745.130,50,997.1,14956,1869
745.180,49,976.9,14654,1832
745.231,49,977.5,14662,1833
745.281,50,999.5,14992,1874
745.331,49,978.3,14674,1834
745.381,49,978.3,14674,1834
745.431,50,995.8,14937,1867
745.481,49,978.4,14676,1834
745.531,50,997.1,14957,1870
745.581,49,976.4,14646,1831
745.632,49,977.8,14666,1833
745.682,50,998.4,14975,1872
745.732,49,979.8,14697,1837
745.782,50,999.2,14988,1874
745.832,49,978.9,14683,1835
745.882,49,978.6,14678,1835
745.932,50,996.6,14950,1869
745.982,50,997.0,14956,1869
746.032,49,979.5,14692,1836
746.082,49,978.7,14680,1835
746.132,50,997.2,14958,1870
746.183,50,997.1,14956,1869
746.233,49,976.8,14652,1831
746.283,50,995.8,14936,1867
746.333,50,996.4,14945,1868
746.383,49,977.4,14661,1833
746.433,50,997.0,14956,1869
746.483,50,998.6,14979,1872
746.534,49,977.6,14663,1833
746.584,50,997.1,14957,1870
746.634,49,977.8,14668,1833
746.684,50,997.6,14964,1870
746.734,50,996.1,14942,1868
746.784,49,977.7,14666,1833
746.834,50,997.4,14962,1870
746.884,49,978.3,14674,1834
746.935,50,998.1,14972,1871
746.985,49,979.8,14697,1837
747.035,50,997.8,14966,1871
747.085,49,979.4,14691,1836
747.135,50,997.2,14958,1870
747.185,49,978.6,14679,1835
747.235,50,997.3,14959,1870
747.285,49,979.3,14689,1836
747.335,50,998.3,14974,1872
747.385,49,979.6,14694,1837
747.435,50,996.8,14952,1869
747.485,49,978.8,14681,1835
747.536,50,997.6,14964,1870
747.586,50,998.8,14982,1873
747.636,49,977.6,14664,1833
747.686,50,997.8,14968,1871
747.736,49,977.1,14656,1832
747.786,50,998.5,14977,1872
747.836,49,976.8,14652,1831
747.886,50,997.2,14958,1870
747.937,49,976.4,14646,1831
747.987,50,997.7,14965,1871
748.037,49,977.4,14660,1833
748.087,50,997.6,14964,1870
748.137,49,978.2,14673,1834
748.187,49,979.3,14690,1836
748.237,50,997.2,14958,1870
748.287,49,977.9,14668,1834
748.338,50,996.0,14940,1868
748.388,49,977.3,14659,1832
748.438,50,998.0,14969,1871
748.488,49,980.0,14700,1837
748.538,50,996.3,14944,1868
748.588,49,976.4,14645,1831
748.638,50,997.4,14962,1870
748.688,49,977.6,14663,1833
748.739,50,994.9,14924,1865
748.789,49,978.8,14682,1835
748.839,49,976.3,14644,1830
748.889,50,996.4,14946,1868
748.939,49,979.8,14698,1837
748.989,50,996.4,14947,1868
749.039,49,977.8,14667,1833
749.090,50,997.2,14958,1870
749.140,49,977.9,14669,1834
749.190,50,997.9,14968,1871
749.240,49,975.8,14637,1830
749.290,49,979.8,14698,1837
749.340,50,997.0,14955,1869
749.390,49,977.6,14664,1833
749.440,50,996.7,14950,1869
749.490,50,998.2,14973,1872
749.541,49,978.4,14676,1834
749.591,50,997.4,14961,1870
749.641,49,977.4,14662,1833
749.691,50,996.6,14949,1869
749.741,49,976.0,14640,1830
749.791,50,997.5,14963,1870
749.841,49,977.0,14655,1832
749.892,50,998.2,14973,1872
749.942,49,979.2,14687,1836
749.992,50,998.8,14981,1873
750.042,50,995.8,14937,1867
750.092,49,976.5,14648,1831
750.142,50,997.3,14960,1870
750.192,49,977.8,14667,1833
750.242,50,998.2,14973,1872
750.292,49,978.2,14673,1834
750.343,50,998.6,14978,1872
750.393,49,978.8,14682,1835
750.443,50,996.2,14942,1868
750.493,49,976.8,14651,1831
750.543,50,999.6,14994,1874
750.593,50,994.8,14921,1865
750.643,49,978.9,14683,1835
750.693,50,999.3,14989,1874
750.743,49,978.6,14679,1835
750.794,50,997.1,14957,1870
750.844,49,978.9,14683,1835
750.894,50,999.0,14985,1873
750.944,50,995.7,14935,1867
750.994,49,978.6,14679,1835
751.044,50,996.8,14952,1869
751.094,49,979.0,14686,1836
751.144,50,998.9,14984,1873
751.194,49,978.2,14673,1834
751.244,50,999.1,14987,1873
751.294,50,998.5,14977,1872
751.344,49,978.9,14683,1835
751.395,50,998.6,14979,1872
751.445,49,976.6,14650,1831
751.495,50,997.9,14968,1871
751.545,50,996.6,14950,1869
751.595,49,979.2,14688,1836
751.645,50,999.7,14996,1875
751.695,49,977.9,14668,1834
751.745,50,999.9,14998,1875
751.795,50,996.9,14954,1869
751.845,49,977.1,14656,1832
751.896,50,997.4,14961,1870
751.946,49,978.7,14680,1835
751.996,50,999.7,14996,1874
752.046,49,977.8,14667,1833
752.096,50,998.6,14979,1872
752.146,50,994.9,14923,1865
752.196,49,978.1,14671,1834
752.246,50,998.7,14980,1873
752.296,49,979.8,14697,1837
752.346,49,979.9,14699,1837
752.396,50,997.6,14964,1870
752.447,49,976.0,14640,1830
752.497,50,996.4,14946,1868
752.547,49,979.6,14694,1837
752.597,50,998.4,14975,1872
752.647,49,977.6,14664,1833
752.697,50,995.9,14939,1867
752.747,49,979.0,14686,1836
752.797,50,997.4,14962,1870
752.847,49,979.4,14691,1836
752.897,50,999.6,14993,1874
752.947,49,980.0,14699,1837
752.998,49,977.8,14667,1833
753.048,50,997.9,14969,1871
753.098,49,979.6,14694,1837
753.148,50,998.1,14971,1871
753.198,49,977.9,14669,1834
753.248,50,997.4,14961,1870
753.298,49,977.6,14664,1833
753.348,50,998.9,14983,1873
753.398,49,979.6,14695,1837
753.448,49,979.9,14698,1837
753.498,50,996.6,14950,1869
753.549,49,977.8,14667,1833
753.599,50,998.7,14980,1873
753.649,49,980.0,14700,1837
753.699,49,977.3,14659,1832
753.749,50,998.9,14984,1873
753.799,49,979.9,14698,1837
753.849,50,996.3,14944,1868
753.899,49,978.9,14683,1835
753.949,50,998.5,14977,1872
753.999,49,976.8,14652,1832
754.049,50,997.4,14961,1870
754.099,49,979.3,14689,1836
754.150,50,997.7,14965,1871
754.200,49,979.7,14695,1837
754.250,50,997.5,14963,1870
754.300,50,999.4,14990,1874
754.350,49,977.3,14660,1832
754.400,50,999.1,14986,1873
754.450,49,977.2,14659,1832
754.500,50,997.8,14967,1871
754.550,50,996.3,14944,1868
754.601,49,977.0,14655,1832
754.651,50,997.1,14956,1869
754.701,49,977.7,14665,1833
754.751,50,997.6,14964,1871
754.801,50,996.0,14940,1867
754.851,49,976.7,14651,1831
754.901,50,997.2,14958,1870
754.952,49,977.6,14663,1833
755.002,50,1000.0,14999,1875
755.052,49,978.7,14681,1835
755.102,50,1000.0,14999,1875
755.152,49,979.9,14698,1837
755.202,50,998.6,14979,1872
755.252,50,996.5,14947,1868
755.302,49,975.5,14633,1829
755.352,50,999.4,14991,1874
755.402,49,978.6,14680,1835
755.452,50,997.3,14959,1870
755.502,50,996.9,14954,1869
755.553,49,977.3,14659,1832
755.603,50,997.7,14966,1871
755.653,49,978.2,14674,1834
755.703,50,997.2,14958,1870
755.753,50,994.5,14918,1865
755.803,49,978.1,14671,1834
755.853,50,999.7,14996,1874
755.903,49,979.0,14685,1836
755.953,50,998.4,14976,1872
756.003,49,980.0,14699,1837
756.054,50,998.0,14970,1871
756.104,50,994.3,14914,1864
756.154,49,979.1,14686,1836
756.204,50,998.4,14975,1872
756.254,49,978.6,14679,1835
756.304,50,998.0,14970,1871
756.354,50,996.7,14950,1869
756.404,49,977.3,14660,1832
756.455,50,998.9,14984,1873
756.505,50,995.9,14939,1867
756.555,49,978.9,14684,1835
756.605,50,997.7,14966,1871
756.655,50,999.3,14990,1874
756.705,49,977.1,14657,1832
756.755,50,999.5,14993,1874
756.805,49,978.5,14677,1835
756.855,50,996.9,14953,1869
756.905,49,979.9,14698,1837
756.955,50,998.8,14981,1873
757.005,50,999.4,14991,1874
757.056,49,978.4,14676,1834
757.106,50,995.6,14934,1867
757.156,49,977.7,14665,1833
757.206,50,997.1,14957,1870
757.256,50,995.1,14927,1866
757.306,49,975.4,14631,1829
757.357,50,999.2,14988,1874
757.407,49,978.7,14681,1835
757.457,50,998.8,14982,1873
757.507,49,977.6,14664,1833
757.557,50,996.1,14942,1868
757.607,50,996.5,14948,1868
757.657,49,977.6,14664,1833
757.707,50,997.4,14960,1870
757.757,49,978.9,14684,1836
757.807,50,999.7,14995,1874
757.858,49,978.2,14674,1834
757.908,50,997.8,14967,1871
757.958,50,997.7,14965,1871
758.008,49,979.1,14687,1836
758.058,50,997.0,14955,1869
758.108,49,976.8,14651,1831
758.158,50,999.9,14999,1875
758.208,49,978.8,14683,1835
758.258,50,997.1,14957,1870
758.308,49,978.3,14675,1834
758.359,50,998.4,14976,1872
758.409,49,978.7,14681,1835
758.459,50,997.1,14957,1870
758.509,49,979.1,14687,1836
758.559,50,998.4,14976,1872
758.609,49,977.8,14667,1833
758.659,50,996.6,14949,1869
758.709,50,997.3,14959,1870
758.759,49,978.6,14679,1835
758.809,50,999.1,14986,1873
758.860,49,975.6,14634,1829
758.910,50,997.7,14966,1871
758.960,49,978.6,14680,1835
759.010,50,997.5,14962,1870
759.060,50,997.0,14955,1869
759.110,49,976.3,14644,1830
759.160,50,998.6,14979,1872
759.211,49,974.7,14621,1828
759.261,50,998.3,14975,1872
759.311,50,996.0,14940,1867
759.361,49,978.3,14674,1834
759.411,50,999.1,14987,1873
759.461,49,977.7,14666,1833
759.511,50,995.9,14939,1867
759.561,49,979.6,14695,1837
759.612,50,995.5,14932,1867
759.662,49,976.5,14648,1831
759.712,50,997.7,14965,1871
759.762,49,977.5,14663,1833
759.812,50,998.5,14977,1872
759.862,49,977.1,14656,1832
759.912,50,995.5,14933,1867
759.963,49,978.1,14672,1834
760.013,49,979.6,14695,1837
760.063,50,996.5,14948,1868
760.113,49,978.7,14681,1835
760.163,50,997.3,14960,1870
760.213,49,979.9,14699,1837
760.263,50,996.3,14945,1868
760.313,49,976.5,14647,1831
760.363,50,998.6,14979,1872
760.414,49,975.9,14638,1830
760.464,50,999.1,14987,1873
760.514,49,977.6,14664,1833
760.564,50,999.9,14998,1875
760.614,49,976.7,14651,1831
760.664,49,979.8,14696,1837
760.714,50,999.7,14995,1874
760.764,49,978.2,14672,1834
760.814,49,977.7,14666,1833
760.864,50,999.4,14992,1874
760.914,49,976.5,14648,1831
760.964,50,1000.0,14999,1875
761.014,49,979.9,14699,1837
761.065,49,976.1,14642,1830
761.115,50,998.2,14973,1872
761.165,49,977.2,14658,1832
761.215,50,998.0,14970,1871
761.265,49,976.8,14652,1832
761.315,49,979.0,14685,1836
761.365,50,996.5,14947,1868
761.415,49,978.5,14678,1835
761.465,50,998.6,14979,1872
761.516,49,976.7,14650,1831
761.566,50,995.8,14938,1867
761.616,49,976.7,14651,1831
761.666,50,997.3,14960,1870
761.716,49,978.8,14683,1835
761.766,50,994.8,14922,1865
761.817,49,978.0,14670,1834
761.867,50,997.1,14956,1870
761.917,49,976.6,14649,1831
761.967,50,995.6,14934,1867
762.017,49,979.4,14690,1836
762.067,49,979.8,14697,1837
762.117,50,999.0,14985,1873
762.167,49,978.5,14677,1835
762.217,49,978.9,14684,1835
762.267,49,978.4,14677,1835
762.318,50,997.7,14966,1871
762.368,49,977.3,14659,1832
762.418,49,977.8,14667,1833
762.468,50,996.3,14945,1868
762.518,49,976.7,14651,1831
762.568,49,978.5,14678,1835
762.618,50,997.6,14964,1871
762.668,49,977.6,14664,1833
762.719,49,977.1,14656,1832
762.769,49,979.0,14685,1836
762.819,50,996.0,14940,1867
762.869,49,978.2,14673,1834
762.919,49,979.7,14696,1837
762.969,50,997.3,14960,1870
763.019,49,976.4,14647,1831
763.069,49,978.9,14683,1835
763.119,49,978.3,14674,1834
763.169,50,998.9,14984,1873
763.220,49,979.3,14689,1836
763.270,49,979.2,14689,1836
763.320,49,979.6,14694,1837
763.370,49,979.7,14696,1837
763.420,50,997.1,14957,1870
763.470,49,979.5,14693,1837
763.520,49,975.6,14633,1829
763.570,50,997.9,14968,1871
763.620,49,978.8,14682,1835
763.670,49,979.2,14687,1836
763.720,50,997.1,14957,1870
763.770,49,980.0,14699,1837
763.820,49,979.8,14697,1837
763.871,49,976.7,14650,1831
763.921,50,997.9,14969,1871
763.971,49,977.0,14655,1832
764.021,49,979.2,14687,1836
764.071,49,978.1,14672,1834
764.121,50,997.0,14955,1869
764.171,49,977.2,14658,1832
764.221,49,979.8,14696,1837
764.271,50,997.9,14968,1871
764.321,49,978.7,14680,1835
764.371,49,978.7,14680,1835
764.422,49,977.6,14663,1833
764.472,50,999.0,14984,1873
764.522,49,976.9,14654,1832
764.572,49,977.6,14664,1833
764.622,50,996.9,14954,1869
764.672,49,980.0,14700,1837
764.722,49,978.8,14682,1835
764.772,49,978.5,14678,1835
764.822,50,997.2,14959,1870
764.872,49,979.2,14688,1836
764.922,49,979.4,14692,1836
764.972,49,979.4,14691,1836
765.022,50,999.8,14998,1875
765.073,49,977.9,14669,1834
765.123,49,978.4,14676,1834
765.173,50,997.5,14963,1870
765.223,49,979.9,14699,1837
765.273,49,979.1,14687,1836
765.323,49,974.5,14617,1827
765.373,50,997.6,14964,1870
765.423,49,978.2,14673,1834
765.473,49,979.9,14698,1837
765.523,50,998.7,14981,1873
765.574,49,977.4,14662,1833
765.624,49,977.7,14666,1833
765.674,50,996.3,14944,1868
765.724,49,978.8,14682,1835
765.774,49,977.6,14663,1833
765.824,50,999.1,14987,1873
765.874,49,978.2,14672,1834
765.924,49,977.8,14667,1833
765.974,50,998.0,14970,1871
766.024,49,979.4,14691,1836
766.074,49,979.5,14692,1837
766.125,50,998.0,14969,1871
766.175,49,977.6,14664,1833
766.225,50,995.9,14939,1867
766.275,49,977.0,14655,1832
766.325,50,996.8,14952,1869
766.375,49,979.1,14686,1836
766.425,49,977.8,14666,1833
766.475,50,999.8,14997,1875
766.525,49,978.1,14672,1834
766.576,50,998.4,14976,1872
766.626,49,977.5,14662,1833
766.676,49,977.8,14667,1833
766.726,50,999.6,14995,1874
766.776,49,977.7,14666,1833
766.826,49,978.8,14682,1835
766.876,50,999.9,14998,1875
766.926,49,975.0,14625,1828
766.976,50,996.7,14951,1869
767.026,49,979.0,14685,1836
767.077,50,997.2,14957,1870
767.127,49,978.4,14676,1834
767.177,50,996.6,14949,1869
767.227,49,978.9,14684,1836
767.277,50,996.6,14949,1869
767.327,49,979.6,14694,1837
767.377,50,998.7,14981,1873
767.427,49,979.3,14690,1836
767.477,50,999.3,14989,1874
767.527,49,978.1,14672,1834
767.577,50,998.2,14973,1872
767.628,49,976.7,14650,1831
767.678,50,999.5,14993,1874
767.728,49,979.2,14689,1836
767.778,50,998.9,14983,1873
767.828,49,977.8,14667,1833
767.878,50,999.3,14990,1874
767.928,49,979.2,14688,1836
767.978,50,995.9,14938,1867
768.028,49,979.1,14686,1836
768.078,50,996.0,14940,1868
768.129,49,976.4,14645,1831
768.179,50,998.8,14982,1873
768.229,49,979.8,14697,1837
768.279,50,998.7,14981,1873
768.329,49,976.6,14650,1831
768.379,50,997.7,14965,1871
768.429,49,979.0,14685,1836
768.479,50,999.7,14995,1874
768.529,49,979.0,14685,1836
768.579,50,997.4,14961,1870
768.629,50,996.2,14943,1868
768.680,49,976.1,14642,1830
768.730,50,997.7,14966,1871
768.780,50,994.7,14921,1865
768.830,49,977.6,14665,1833
768.880,50,997.9,14968,1871
768.930,49,978.0,14669,1834
768.980,50,999.8,14996,1875
769.030,49,978.5,14678,1835
769.080,50,998.5,14977,1872
769.130,49,978.8,14683,1835
769.181,50,998.8,14982,1873
769.231,49,978.7,14681,1835
769.281,50,996.9,14953,1869
769.331,49,976.7,14651,1831
769.381,50,999.8,14997,1875
769.431,49,978.1,14671,1834
769.481,50,997.4,14961,1870
769.531,49,978.6,14679,1835
769.581,50,996.6,14949,1869
769.632,49,976.7,14651,1831
769.682,50,998.3,14975,1872
769.732,49,976.7,14650,1831
769.782,50,995.7,14935,1867
769.832,49,976.7,14651,1831
769.882,50,998.5,14977,1872
769.932,49,977.7,14665,1833
769.982,49,979.5,14692,1836
770.033,50,998.4,14975,1872
770.083,49,977.6,14664,1833
770.133,50,998.6,14978,1872
770.183,49,979.9,14699,1837
770.233,49,978.4,14676,1834
770.283,50,998.8,14982,1873
770.333,49,978.9,14683,1835
770.383,50,994.6,14919,1865
770.433,49,978.6,14680,1835
770.483,50,999.7,14995,1874
770.533,49,978.6,14679,1835
770.583,49,977.6,14665,1833
770.634,50,998.8,14981,1873
770.684,49,977.6,14664,1833
770.734,50,998.8,14981,1873
770.784,49,977.6,14664,1833
770.834,49,977.8,14667,1833
770.884,50,997.5,14963,1870
770.934,49,979.7,14695,1837
770.984,50,998.8,14983,1873
771.034,49,976.7,14650,1831
771.084,50,997.0,14956,1869
771.135,49,977.6,14664,1833
771.185,50,998.7,14981,1873
771.235,49,976.3,14645,1831
771.285,50,999.9,14998,1875
771.335,49,977.5,14662,1833
771.385,50,996.5,14947,1868
771.435,49,977.9,14669,1834
771.485,49,978.5,14677,1835
771.536,50,996.1,14942,1868
771.586,49,978.2,14673,1834
771.636,50,997.9,14968,1871
771.686,49,976.7,14650,1831
771.736,50,997.9,14969,1871
771.786,49,978.5,14677,1835
771.836,50,996.0,14940,1868
771.886,49,979.0,14684,1836
771.936,50,997.5,14963,1870
771.987,49,978.5,14677,1835
772.037,50,998.5,14978,1872
772.087,49,979.5,14692,1837
772.137,50,998.5,14978,1872
772.187,49,976.4,14647,1831
772.237,50,999.8,14997,1875
772.287,49,978.8,14682,1835
772.337,50,998.8,14982,1873
772.387,49,978.9,14684,1835
772.437,50,999.6,14993,1874
772.487,49,979.6,14695,1837
772.537,50,999.4,14991,1874
772.587,49,979.0,14686,1836
772.637,50,997.2,14958,1870
772.687,49,979.4,14690,1836
772.737,50,998.0,14970,1871
772.788,49,979.7,14695,1837
772.838,50,996.9,14954,1869
772.888,50,994.6,14918,1865
772.938,49,977.6,14664,1833
772.988,50,996.8,14951,1869
773.038,50,996.1,14941,1868
773.089,49,978.2,14673,1834
773.139,50,999.4,14990,1874
773.189,49,978.0,14670,1834
773.239,50,999.4,14991,1874
773.289,49,977.9,14668,1834
773.339,50,997.7,14966,1871
773.389,49,977.3,14659,1832
773.439,50,999.0,14985,1873
773.489,50,997.5,14962,1870
773.539,49,978.2,14673,1834
773.590,50,995.2,14927,1866
773.640,49,977.2,14659,1832
773.690,50,997.9,14968,1871
773.740,49,979.1,14687,1836
773.790,50,999.9,14998,1875
773.840,49,977.9,14669,1834
773.890,50,999.8,14996,1875
773.940,49,979.7,14696,1837
773.990,50,996.3,14944,1868
774.040,49,978.9,14683,1835
774.090,50,997.5,14963,1870
774.141,50,996.6,14949,1869
774.191,49,978.4,14676,1835
774.241,50,997.1,14956,1869
774.291,49,976.8,14653,1832
774.341,50,997.2,14958,1870
774.391,49,979.3,14689,1836
774.441,50,998.6,14979,1872
774.491,49,976.5,14648,1831
774.541,50,997.5,14962,1870
774.592,49,977.3,14660,1833
774.642,50,998.3,14974,1872
774.692,49,977.1,14656,1832
774.742,50,998.3,14974,1872
774.792,49,976.6,14649,1831
774.842,50,999.1,14987,1873
774.892,49,979.8,14697,1837
774.942,50,997.5,14963,1870
774.992,49,977.5,14663,1833
775.043,49,977.1,14657,1832
775.093,50,999.0,14984,1873
775.143,49,979.1,14687,1836
775.193,50,999.5,14992,1874
775.243,49,976.5,14648,1831
775.293,49,978.7,14681,1835
775.343,50,996.8,14952,1869
775.393,49,979.1,14686,1836
775.443,50,999.2,14988,1874
775.493,49,976.5,14648,1831
775.544,50,996.0,14940,1867
775.594,49,979.0,14685,1836
775.644,50,996.2,14944,1868
775.694,49,979.1,14686,1836
775.744,50,995.9,14939,1867
775.794,49,978.7,14681,1835
775.844,49,980.0,14700,1837
775.894,50,998.7,14980,1873
775.944,49,977.8,14667,1833
775.995,50,994.8,14923,1865
776.045,49,977.9,14668,1834
776.095,50,998.1,14972,1872
776.145,49,979.3,14690,1836
776.195,49,978.3,14674,1834
776.245,50,996.2,14944,1868
776.295,49,979.4,14691,1836
776.345,49,978.2,14674,1834
776.395,50,995.1,14926,1866
776.446,49,977.8,14668,1833
776.496,50,997.7,14966,1871
776.546,49,977.9,14668,1833
776.596,50,998.1,14972,1872
776.646,49,976.2,14643,1830
776.696,50,998.9,14983,1873
776.746,49,976.5,14647,1831
776.796,50,997.2,14958,1870
776.847,49,975.5,14633,1829
776.897,50,998.2,14972,1872
776.947,49,977.3,14659,1832
776.997,50,999.4,14990,1874
777.047,49,979.0,14685,1836
777.097,50,998.7,14981,1873
777.147,49,978.6,14678,1835
777.197,50,998.8,14982,1873
777.247,49,976.5,14648,1831
777.297,50,997.9,14969,1871
777.348,49,977.1,14657,1832
777.398,50,999.0,14986,1873
777.448,49,980.0,14699,1837
777.498,49,979.9,14699,1837
777.548,50,998.9,14983,1873
777.598,49,979.7,14696,1837
777.648,50,998.5,14977,1872
777.698,49,976.5,14648,1831
777.748,50,998.8,14982,1873
777.798,49,977.8,14666,1833
777.848,50,998.0,14970,1871
777.898,49,976.9,14653,1832
777.948,49,978.7,14681,1835
777.999,50,996.8,14952,1869
778.049,49,979.9,14699,1837
778.099,50,996.0,14940,1867
778.149,49,979.1,14686,1836
778.199,49,978.1,14672,1834
778.249,49,976.7,14651,1831
778.299,49,979.6,14695,1837
778.349,49,979.4,14691,1836
778.399,49,977.2,14658,1832
778.449,49,978.7,14680,1835
778.500,49,975.3,14630,1829
778.550,48,957.8,14367,1796
778.600,48,959.7,14396,1799
778.650,48,958.9,14384,1798
778.700,48,957.3,14360,1795
778.750,48,957.9,14369,1796
778.800,48,958.7,14381,1798
778.850,48,959.1,14386,1798
778.900,47,937.3,14059,1757
778.950,47,940.0,14100,1762
779.000,47,939.2,14088,1761
779.050,48,959.9,14398,1800
779.100,46,918.1,13772,1721
779.151,47,937.3,14060,1757
779.201,46,918.4,13776,1722
779.251,46,918.0,13770,1721
779.301,46,917.5,13762,1720
779.351,46,918.1,13771,1721
779.401,45,896.1,13441,1680
779.451,46,917.0,13755,1719
779.502,45,898.7,13480,1685
779.552,45,897.9,13468,1684
779.602,44,879.3,13189,1649
779.652,44,878.8,13181,1648
779.702,44,877.5,13162,1645
779.752,43,857.0,12856,1607
779.802,43,857.7,12866,1608
779.852,43,859.2,12888,1611
779.902,42,837.7,12565,1571
779.953,42,838.0,12570,1571
780.003,42,837.4,12562,1570
780.053,42,839.3,12589,1574
780.103,42,838.0,12570,1571
780.153,41,818.3,12274,1534
780.203,41,819.8,12296,1537
780.253,41,818.7,12281,1535
780.303,41,819.1,12286,1536
780.353,40,800.0,12000,1500
780.403,41,817.1,12256,1532
780.453,41,818.4,12276,1534
780.503,40,798.9,11984,1498
780.554,40,797.9,11968,1496
780.604,40,798.0,11970,1496
780.654,41,817.7,12265,1533
780.704,40,797.1,11956,1494
780.754,39,779.1,11686,1461
780.804,40,798.8,11982,1498
780.854,40,797.8,11968,1496
780.904,40,797.5,11962,1495
780.955,40,797.7,11965,1496
781.005,39,780.0,11700,1462
781.055,39,779.0,11686,1461
781.105,40,797.2,11958,1495
781.155,39,779.5,11692,1462
781.205,40,797.5,11963,1495
781.255,39,779.7,11696,1462
781.305,39,779.4,11691,1461
781.355,39,778.5,11678,1460
781.405,40,799.4,11991,1499
781.455,39,779.1,11687,1461
781.505,39,779.6,11695,1462
781.555,39,779.7,11696,1462
781.605,39,779.7,11696,1462
781.655,39,779.1,11686,1461
781.706,39,775.6,11634,1454
781.756,39,777.5,11662,1458
781.806,39,778.8,11682,1460
781.856,39,779.8,11696,1462
781.906,39,779.6,11694,1462
781.956,39,776.5,11647,1456
782.006,39,779.7,11695,1462
782.056,39,777.9,11669,1459
782.106,39,779.0,11685,1461
782.157,39,777.4,11661,1458
782.207,39,776.7,11651,1456
782.257,39,777.2,11658,1457
782.307,38,759.7,11395,1424
782.357,39,778.9,11684,1460
782.407,39,777.8,11667,1458
782.457,39,779.7,11695,1462
782.507,38,759.9,11398,1425
782.557,39,779.4,11692,1461
782.607,39,777.7,11666,1458
782.658,39,777.9,11669,1459
782.708,38,758.6,11378,1422
782.758,39,777.8,11667,1458
782.808,39,779.1,11687,1461
782.858,38,758.8,11382,1423
782.908,39,779.3,11689,1461
782.958,39,779.4,11691,1461
783.008,38,758.0,11370,1421
783.058,39,778.6,11679,1460
783.108,39,776.1,11642,1455
783.159,38,758.1,11372,1422
783.209,39,777.1,11657,1457
783.259,39,777.8,11667,1458
783.309,38,758.5,11377,1422
783.359,39,778.7,11680,1460
783.409,39,777.5,11663,1458
783.459,38,758.9,11383,1423
783.509,39,779.1,11686,1461
783.559,38,759.0,11385,1423
783.610,39,777.9,11669,1459
783.660,39,777.3,11660,1457
783.710,38,759.8,11396,1425
783.760,39,777.3,11659,1457
783.810,38,759.2,11388,1423
783.860,39,778.8,11682,1460
783.910,38,758.4,11376,1422
783.960,39,778.9,11683,1460
784.010,39,778.7,11680,1460
784.060,38,759.2,11388,1424
784.110,39,779.8,11696,1462
784.161,38,756.4,11345,1418
784.211,39,779.3,11689,1461
784.261,38,758.0,11370,1421
784.311,39,779.9,11699,1462
784.361,39,776.9,11654,1457
784.411,38,758.7,11380,1422
784.461,39,779.7,11696,1462
784.511,38,758.0,11370,1421
784.561,39,777.5,11663,1458
784.612,39,776.8,11652,1456
784.662,38,758.5,11377,1422
784.712,39,779.5,11692,1462
784.762,39,777.2,11657,1457
784.812,38,757.1,11357,1420
784.862,39,779.2,11688,1461
784.912,39,777.0,11655,1457
784.962,38,759.9,11398,1425
785.012,39,778.9,11683,1460
785.062,39,779.4,11691,1461
785.113,38,758.8,11383,1423
785.163,39,778.8,11682,1460
785.213,39,778.4,11676,1459
785.263,38,757.8,11366,1421
785.313,39,777.4,11660,1458
785.363,39,779.0,11684,1461
785.413,39,777.9,11669,1459
785.463,38,757.8,11367,1421
785.513,39,779.8,11697,1462
785.564,39,777.8,11668,1458
785.614,39,777.3,11659,1457
785.664,38,760.0,11400,1425
785.714,39,779.1,11686,1461
785.764,39,779.1,11686,1461
785.814,38,759.4,11391,1424
785.864,39,778.4,11676,1460
785.914,39,779.1,11686,1461
785.964,38,758.9,11383,1423
786.014,39,777.5,11662,1458
786.064,39,777.8,11666,1458
786.115,38,759.1,11386,1423
786.165,39,778.6,11680,1460
786.215,39,778.0,11670,1459
786.265,38,759.5,11392,1424
786.315,39,777.8,11667,1458
786.365,39,777.3,11659,1457
786.415,38,758.2,11373,1422
786.465,39,779.1,11687,1461
786.515,39,779.9,11698,1462
786.565,38,758.4,11376,1422
786.615,39,778.7,11681,1460
786.666,39,778.2,11674,1459
786.716,38,759.3,11389,1424
786.766,39,778.9,11683,1460
786.816,38,757.9,11369,1421
786.866,39,779.3,11690,1461
786.916,39,777.7,11666,1458
786.966,38,756.1,11342,1418
787.016,39,779.6,11693,1462
787.066,39,778.6,11679,1460
787.116,38,759.3,11389,1424
787.167,39,776.7,11651,1456
787.217,39,778.4,11677,1460
787.267,38,758.8,11381,1423
787.317,39,779.0,11685,1461
787.367,39,778.1,11671,1459
787.417,38,757.4,11361,1420
787.467,39,779.1,11687,1461
787.517,38,759.4,11391,1424
787.567,39,778.6,11679,1460
787.617,39,779.1,11686,1461
787.668,38,757.0,11355,1419
787.718,39,779.2,11688,1461
787.768,39,779.2,11688,1461
787.818,38,758.8,11382,1423
787.868,39,778.0,11671,1459
787.918,39,778.8,11682,1460
787.968,38,757.6,11364,1420
788.018,39,777.9,11669,1459
788.068,39,777.0,11656,1457
788.119,39,779.1,11687,1461
788.169,38,758.2,11372,1422
788.219,39,778.4,11676,1460
788.269,39,778.6,11679,1460
788.319,39,778.4,11677,1460
788.369,38,758.7,11380,1422
788.419,39,777.5,11662,1458
788.469,39,779.6,11694,1462
788.519,39,778.0,11670,1459
788.569,39,778.5,11678,1460
788.620,39,778.7,11680,1460
788.670,38,760.0,11400,1425
788.720,39,777.1,11657,1457
788.770,39,778.3,11675,1459
788.820,39,780.0,11700,1462
788.870,39,779.9,11699,1462
788.920,39,778.7,11680,1460
788.970,38,759.2,11388,1423
789.020,39,779.0,11685,1461
789.070,39,779.2,11688,1461
789.120,39,778.1,11672,1459
789.170,39,778.8,11682,1460
789.220,39,779.3,11689,1461
789.270,39,780.0,11700,1462
789.320,39,778.0,11670,1459
789.371,39,778.5,11678,1460
789.421,39,779.2,11689,1461
789.471,39,777.1,11657,1457
789.521,39,778.3,11675,1459
789.571,39,779.7,11695,1462
789.621,39,779.3,11690,1461
789.671,39,780.0,11700,1462
789.721,39,777.5,11663,1458
789.771,39,778.7,11680,1460
789.821,39,777.8,11667,1458
789.872,39,777.1,11657,1457
789.922,39,779.9,11698,1462
789.972,39,777.0,11656,1457
790.022,39,779.2,11688,1461
790.072,39,778.8,11681,1460
790.122,39,777.3,11659,1457
790.172,39,779.6,11694,1462
790.222,40,797.2,11958,1495
790.272,39,779.1,11686,1461
790.322,39,779.2,11688,1461
790.372,39,779.8,11697,1462
790.423,39,776.2,11643,1455
790.473,39,779.2,11688,1461
790.523,39,779.1,11687,1461
790.573,38,759.8,11397,1425
790.623,40,796.9,11953,1494
790.673,38,759.9,11398,1425
790.723,39,778.1,11671,1459
790.773,39,778.3,11674,1459
790.823,39,776.9,11653,1457
790.874,39,776.0,11640,1455
790.924,39,779.5,11692,1462
790.974,39,778.0,11670,1459
791.024,39,779.0,11686,1461
791.074,39,779.4,11690,1461
791.124,39,779.4,11691,1461
791.174,39,777.0,11656,1457
791.224,39,777.9,11669,1459
791.274,39,777.9,11669,1459
791.324,39,779.4,11692,1461
791.375,39,778.1,11671,1459
791.425,39,778.5,11677,1460
791.475,39,779.7,11696,1462
791.525,39,778.7,11681,1460
791.575,39,777.2,11658,1457
791.625,39,777.0,11654,1457
791.675,39,779.2,11688,1461
791.725,39,779.3,11689,1461
791.775,39,775.5,11633,1454
791.826,39,778.8,11682,1460
791.876,39,775.6,11634,1454
791.926,40,797.3,11959,1495
791.976,39,777.1,11656,1457
792.026,39,779.0,11686,1461
792.076,39,778.0,11670,1459
792.127,39,776.4,11647,1456
792.177,39,777.5,11663,1458
792.227,39,777.3,11659,1457
792.277,39,778.3,11674,1459
792.327,39,778.8,11681,1460
792.377,39,776.4,11647,1456
792.427,39,778.6,11679,1460
792.478,39,778.5,11677,1460
792.528,39,777.4,11661,1458
792.578,39,778.7,11680,1460
792.628,39,778.9,11683,1460
792.678,39,777.9,11668,1459
792.728,39,779.9,11699,1462
792.778,40,798.9,11984,1498
792.828,39,778.2,11673,1459
792.878,39,779.1,11687,1461
792.928,39,777.7,11665,1458
792.979,39,778.4,11676,1460
793.029,39,778.2,11674,1459
793.079,40,797.1,11956,1495
793.129,39,779.0,11685,1461
793.179,39,777.7,11666,1458
793.229,39,778.2,11673,1459
793.279,40,796.6,11949,1494
793.329,39,778.5,11677,1460
793.379,39,779.5,11692,1462
793.430,39,779.4,11691,1461
793.480,39,779.4,11690,1461
793.530,39,778.4,11676,1460
793.580,40,797.4,11960,1495
793.630,39,779.7,11695,1462
793.680,39,777.6,11663,1458
793.730,39,776.6,11650,1456
793.780,39,778.5,11677,1460
793.830,40,799.8,11997,1500
793.880,39,778.2,11673,1459
793.930,39,779.8,11698,1462
793.981,39,779.6,11694,1462
794.031,39,777.6,11665,1458
794.081,39,777.6,11663,1458
794.131,40,797.5,11962,1495
794.181,39,778.8,11682,1460
794.231,39,779.2,11687,1461
794.281,39,778.5,11678,1460
794.331,39,779.3,11690,1461
794.381,40,797.3,11959,1495
794.432,39,777.2,11658,1457
794.482,39,779.0,11686,1461
794.532,39,778.4,11676,1460
794.582,40,797.6,11964,1495
794.632,39,779.0,11686,1461
794.682,39,777.5,11663,1458
794.732,39,779.4,11691,1461
794.782,39,777.3,11660,1458
794.833,39,775.5,11633,1454
794.883,40,799.4,11991,1499
794.933,39,778.1,11671,1459
794.983,39,780.0,11700,1462
795.033,39,777.5,11662,1458
795.083,39,779.8,11698,1462
795.133,39,778.7,11680,1460
795.183,39,777.3,11659,1457
795.233,39,777.8,11667,1458
795.283,39,779.2,11688,1461
795.334,39,778.0,11670,1459
795.384,38,758.9,11384,1423
795.434,40,797.4,11961,1495
795.484,38,759.8,11397,1425
795.534,39,779.2,11688,1461
795.584,39,777.5,11663,1458
795.634,39,776.6,11649,1456
795.684,39,779.1,11686,1461
795.734,39,779.9,11699,1462
795.784,39,778.2,11673,1459
795.834,39,779.9,11699,1462
795.885,39,778.0,11670,1459
795.935,39,777.4,11661,1458
795.985,39,775.7,11636,1454
796.035,39,777.3,11659,1457
796.085,39,777.0,11655,1457
796.135,39,777.8,11667,1458
796.186,39,778.3,11674,1459
796.236,39,779.2,11689,1461
796.286,39,779.2,11688,1461
796.336,39,779.7,11695,1462
796.386,39,777.7,11666,1458
796.436,39,778.9,11683,1460
796.486,39,779.8,11696,1462
796.536,39,778.1,11671,1459
796.586,39,778.9,11683,1460
796.636,39,779.1,11687,1461
796.686,38,759.0,11385,1423
796.736,39,780.0,11700,1462
796.786,39,777.0,11655,1457
796.837,39,778.1,11671,1459
796.887,39,777.2,11659,1457
796.937,39,778.0,11671,1459
796.987,39,777.9,11669,1459
797.037,39,777.3,11660,1457
797.087,39,777.8,11666,1458
797.138,39,776.9,11653,1457
797.188,38,757.3,11360,1420
797.238,39,779.1,11686,1461
797.288,39,779.5,11693,1462
797.338,39,779.6,11694,1462
797.388,39,775.8,11637,1455
797.438,39,779.4,11691,1461
797.488,38,759.4,11391,1424
797.538,39,779.3,11690,1461
797.588,39,779.4,11691,1461
797.638,39,777.8,11666,1458
797.688,38,758.5,11378,1422
797.739,39,777.8,11667,1458
797.789,39,778.3,11675,1459
797.839,39,779.3,11689,1461
797.889,38,759.9,11399,1425
797.939,39,777.7,11666,1458
797.989,39,778.1,11672,1459
798.039,38,757.9,11368,1421
798.089,39,776.0,11640,1455
798.139,39,779.6,11694,1462
798.190,38,759.4,11392,1424
798.240,39,778.8,11682,1460
798.290,39,779.4,11691,1461
798.340,38,758.1,11371,1421
798.390,39,779.7,11695,1462
798.440,38,757.5,11362,1420
798.490,39,777.2,11657,1457
798.540,39,776.8,11653,1457
798.590,38,759.3,11389,1424
798.640,39,779.9,11698,1462
798.691,39,778.3,11674,1459
798.741,38,758.0,11369,1421
798.791,39,778.2,11673,1459
798.841,39,778.0,11669,1459
798.891,38,759.1,11387,1423
798.941,39,778.9,11684,1460
798.991,39,778.1,11671,1459
799.041,38,759.3,11389,1424
799.091,39,778.8,11682,1460
799.141,39,780.0,11700,1462
799.191,38,758.1,11372,1421
799.242,39,776.9,11654,1457
799.292,39,776.2,11643,1455
799.342,38,757.3,11360,1420
799.392,39,777.8,11667,1458
799.442,39,779.0,11685,1461
799.492,38,759.2,11388,1423
799.542,39,778.3,11674,1459
799.593,39,778.1,11671,1459
799.643,38,758.1,11371,1421
799.693,39,776.9,11654,1457
799.743,39,779.2,11688,1461
799.793,38,759.1,11387,1423
799.843,39,778.8,11682,1460
799.893,38,759.3,11389,1424
799.943,39,777.3,11659,1457
799.993,39,778.1,11671,1459
800.044,38,756.6,11349,1419
800.094,39,779.3,11689,1461
800.144,39,777.3,11660,1457
800.194,38,756.0,11340,1417
800.244,39,778.3,11674,1459
800.294,39,779.0,11685,1461
800.344,38,757.6,11364,1420
800.394,39,779.6,11694,1462
800.445,38,759.1,11386,1423
800.495,39,777.9,11669,1459
800.545,39,779.0,11685,1461
800.595,38,757.6,11364,1420
800.645,39,778.0,11669,1459
800.695,39,777.8,11667,1458
800.745,38,759.2,11388,1423
800.795,39,778.8,11682,1460
800.845,39,776.5,11648,1456
800.896,38,759.7,11395,1424
800.946,39,777.9,11668,1458
800.996,39,778.3,11675,1459
801.046,38,758.8,11382,1423
801.096,39,778.1,11672,1459
801.146,39,779.1,11686,1461
801.196,38,759.7,11396,1425
801.246,39,777.9,11668,1459
801.296,39,776.7,11650,1456
801.346,38,758.8,11382,1423
801.397,39,779.2,11688,1461
801.447,38,759.2,11388,1424
801.497,39,779.2,11687,1461
801.547,39,777.8,11668,1458
801.597,38,757.0,11355,1419
801.647,39,777.2,11658,1457
801.697,39,778.2,11673,1459
801.747,38,756.9,11353,1419
801.798,39,777.3,11660,1458
801.848,39,777.9,11669,1459
801.898,39,777.7,11665,1458
801.948,38,758.5,11378,1422
801.998,39,777.3,11660,1457
802.048,39,777.6,11663,1458
802.098,38,758.3,11375,1422
802.149,39,777.1,11656,1457
802.199,39,777.1,11657,1457
802.249,38,758.7,11380,1423
802.299,39,778.5,11678,1460
802.349,39,779.0,11685,1461
802.399,39,777.8,11668,1458
802.449,38,758.7,11381,1423
802.499,39,778.8,11682,1460
802.550,39,776.8,11652,1456
802.600,38,759.1,11386,1423
802.650,39,778.1,11672,1459
802.700,39,778.7,11680,1460
802.750,38,757.2,11358,1420
802.800,39,777.4,11661,1458
802.850,39,779.1,11686,1461
802.900,39,779.0,11686,1461
802.950,38,758.5,11378,1422
803.000,39,778.8,11683,1460
803.051,39,776.6,11650,1456
803.101,38,758.4,11375,1422
803.151,39,777.4,11660,1458
803.201,39,779.6,11695,1462
803.251,39,777.9,11668,1459
803.301,38,759.9,11398,1425
803.351,39,777.2,11659,1457
803.401,39,778.0,11670,1459
803.451,38,759.9,11398,1425
803.502,39,778.6,11679,1460
803.552,39,778.0,11671,1459
803.602,38,758.8,11382,1423
803.652,39,778.2,11673,1459
803.702,39,779.2,11688,1461
803.752,38,758.9,11383,1423
803.802,39,778.8,11683,1460
803.852,39,778.3,11675,1459
803.902,38,759.8,11397,1425
803.952,39,779.0,11685,1461
804.002,39,778.1,11671,1459
804.053,38,757.4,11361,1420
804.103,39,778.1,11672,1459
804.153,39,777.9,11669,1459
804.203,39,779.0,11684,1461
804.253,38,758.6,11380,1422
804.303,39,777.2,11658,1457
804.353,39,778.2,11672,1459
804.403,39,779.5,11692,1461
804.454,38,755.9,11338,1417
804.504,39,777.2,11658,1457
804.554,39,778.2,11673,1459
804.604,39,778.8,11682,1460
804.654,39,779.1,11687,1461
804.704,38,759.9,11399,1425
804.754,39,778.6,11678,1460
804.804,39,779.1,11687,1461
804.854,39,777.3,11660,1457
804.904,39,778.1,11672,1459
804.954,38,759.8,11397,1425
805.005,39,777.2,11658,1457
805.055,39,777.0,11655,1457
805.105,39,779.8,11697,1462
805.155,39,777.5,11662,1458
805.205,38,757.4,11360,1420
805.255,39,779.5,11692,1462
805.305,39,779.7,11696,1462
805.355,39,778.6,11678,1460
805.405,39,777.3,11659,1457
805.456,38,759.5,11392,1424
805.506,39,779.4,11691,1461
805.556,39,776.4,11645,1456
805.606,39,777.1,11656,1457
805.656,38,759.9,11398,1425
805.706,39,778.2,11673,1459
805.756,39,779.1,11686,1461
805.806,38,758.3,11375,1422
805.856,39,777.8,11666,1458
805.906,39,779.8,11697,1462
805.956,39,779.1,11686,1461
806.007,38,757.9,11368,1421
806.057,39,779.9,11698,1462
806.107,39,778.5,11677,1460
806.157,39,777.9,11668,1458
806.207,38,758.5,11378,1422
806.257,39,779.7,11696,1462
806.307,39,778.2,11672,1459
806.357,39,779.5,11693,1462
806.407,39,775.3,11630,1454
806.458,38,757.5,11362,1420
806.508,39,779.4,11691,1461
806.558,39,779.5,11693,1462
806.608,39,778.3,11674,1459
806.658,38,758.1,11372,1422
806.708,39,778.2,11673,1459
806.758,39,779.6,11694,1462
806.808,38,757.9,11369,1421
806.858,39,779.2,11688,1461
806.908,39,777.6,11665,1458
806.959,39,777.8,11666,1458
807.009,38,758.4,11376,1422
807.059,39,777.7,11666,1458
807.109,39,779.8,11696,1462
807.159,38,758.2,11373,1422
807.209,39,778.2,11672,1459
807.259,38,759.7,11396,1425
807.309,39,779.2,11688,1461
807.359,39,777.3,11660,1457
807.409,39,776.8,11653,1457
807.460,38,759.0,11385,1423
807.510,39,779.2,11688,1461
807.560,39,779.5,11693,1462
807.610,39,777.5,11663,1458
807.660,38,757.1,11356,1420
807.710,39,779.1,11686,1461
807.760,39,779.1,11686,1461
807.810,38,757.4,11361,1420
807.860,39,778.7,11680,1460
807.911,39,777.3,11659,1457
807.961,39,779.9,11699,1462
808.011,38,757.8,11367,1421
808.061,39,777.2,11659,1457
808.111,39,777.6,11663,1458
808.161,38,758.8,11382,1423
808.211,39,778.6,11680,1460
808.261,39,777.1,11657,1457
808.311,38,758.2,11373,1422
808.362,39,778.6,11679,1460
808.412,39,778.7,11680,1460
808.462,38,756.1,11342,1418
808.512,39,779.8,11697,1462
808.562,39,777.3,11660,1457
808.612,38,758.2,11373,1422
808.662,39,780.0,11700,1462
808.712,38,760.0,11400,1425
808.762,39,779.1,11687,1461
808.812,39,778.8,11681,1460
808.862,38,758.8,11382,1423
808.912,39,779.3,11689,1461
808.963,38,759.6,11394,1424
809.013,39,777.8,11667,1458
809.063,39,779.1,11686,1461
809.113,38,758.0,11370,1421
809.163,39,779.7,11696,1462
809.213,38,757.4,11361,1420
809.263,39,777.7,11666,1458
809.313,38,759.5,11392,1424
809.363,39,779.3,11689,1461
809.413,39,777.7,11666,1458
809.464,38,758.1,11371,1421
809.514,39,779.0,11685,1461
809.564,38,757.4,11361,1420
809.614,39,778.6,11680,1460
809.664,38,758.2,11374,1422
809.714,39,779.5,11693,1462
809.764,38,758.5,11378,1422
809.814,39,777.2,11658,1457
809.864,39,777.2,11659,1457
809.915,38,758.1,11372,1422
809.965,39,778.7,11681,1460
810.015,38,758.9,11383,1423
810.065,39,778.4,11676,1460
810.115,38,758.9,11384,1423
810.165,38,758.9,11383,1423
810.215,39,778.4,11676,1459
810.265,38,759.3,11390,1424
810.315,39,778.9,11683,1460
810.365,38,756.7,11351,1419
810.416,39,778.5,11677,1460
810.466,38,758.0,11370,1421
810.516,39,778.5,11678,1460
810.566,38,758.7,11380,1423
810.616,39,777.8,11668,1458
810.666,38,759.1,11386,1423
810.716,39,779.3,11690,1461
810.766,38,758.7,11381,1423
810.816,39,779.3,11689,1461
810.866,38,759.0,11385,1423
810.916,39,779.9,11699,1462
810.966,38,759.2,11388,1423
811.017,39,776.9,11653,1457
811.067,38,758.5,11377,1422
811.117,38,757.6,11365,1421
811.167,39,779.8,11698,1462
811.217,38,758.5,11378,1422
811.267,39,778.8,11682,1460
811.317,38,757.7,11366,1421
811.367,39,777.7,11665,1458
811.417,38,759.2,11388,1424
811.467,39,779.1,11686,1461
811.518,38,757.1,11356,1419
811.568,39,778.1,11671,1459
811.618,39,777.9,11669,1459
811.668,38,757.4,11361,1420
811.718,39,778.8,11682,1460
811.768,38,759.4,11391,1424
811.818,39,778.0,11669,1459
811.868,39,779.0,11684,1461
811.918,38,757.8,11366,1421
811.969,39,778.2,11674,1459
812.019,38,757.9,11368,1421
812.069,39,777.3,11659,1457
812.119,39,780.0,11699,1462
812.169,38,758.3,11375,1422
812.219,39,778.1,11671,1459
812.269,39,777.9,11668,1459
812.319,38,758.3,11374,1422
812.370,39,777.0,11654,1457
812.420,39,778.8,11682,1460
812.470,38,759.3,11390,1424
812.520,39,780.0,11700,1462
812.570,38,758.2,11374,1422
812.620,39,779.8,11697,1462
812.670,38,759.0,11385,1423
812.720,39,779.1,11687,1461
812.770,38,757.7,11366,1421
812.820,39,779.7,11696,1462
812.870,38,759.5,11393,1424
812.920,39,778.5,11677,1460
812.970,39,778.9,11684,1460
813.020,38,759.8,11397,1425
813.071,39,776.7,11651,1456
813.121,38,759.0,11384,1423
813.171,39,778.0,11669,1459
813.221,38,755.7,11335,1417
813.271,39,778.1,11672,1459
813.321,39,778.1,11671,1459
813.371,38,757.8,11367,1421
813.422,39,776.0,11640,1455
813.472,38,758.9,11383,1423
813.522,39,778.0,11670,1459
813.572,39,775.9,11639,1455
813.622,38,758.9,11384,1423
813.672,39,779.5,11693,1462
813.722,38,757.7,11366,1421
813.773,39,778.2,11673,1459
813.823,38,758.4,11377,1422
813.873,39,779.7,11695,1462
813.923,38,758.5,11378,1422
813.973,39,777.5,11663,1458
814.023,38,759.2,11388,1423
814.073,38,759.8,11397,1425
814.123,39,778.2,11672,1459
814.173,39,776.7,11651,1456
814.223,38,757.6,11364,1420
814.274,39,777.8,11667,1458
814.324,38,758.2,11374,1422
814.374,39,779.0,11685,1461
814.424,38,758.0,11369,1421
814.474,39,778.5,11678,1460
814.524,38,759.9,11399,1425
814.574,39,779.0,11685,1461
814.624,38,758.1,11371,1421
814.674,39,777.9,11668,1459
814.725,38,757.3,11359,1420
814.775,39,779.8,11698,1462
814.825,38,757.4,11362,1420
814.875,39,779.6,11694,1462
814.925,38,758.3,11375,1422
814.975,39,777.3,11659,1457
815.025,38,760.0,11400,1425
815.075,39,779.1,11687,1461
815.125,39,777.7,11665,1458
815.175,38,758.0,11370,1421
815.226,39,777.4,11660,1458
815.276,38,757.9,11368,1421
815.326,39,776.9,11653,1457
815.376,38,758.6,11379,1422
815.426,39,778.5,11678,1460
815.476,39,777.5,11662,1458
815.526,38,757.8,11368,1421
815.576,39,777.7,11666,1458
815.627,39,779.5,11693,1462
815.677,38,757.1,11357,1420
815.727,39,778.0,11669,1459
815.777,38,759.7,11396,1424
815.827,39,779.9,11699,1462
815.877,39,778.9,11684,1460
815.927,38,757.9,11368,1421
815.977,39,779.9,11699,1462
816.027,38,758.2,11372,1422
816.077,39,778.4,11676,1460
816.127,39,777.5,11662,1458
816.177,38,759.8,11397,1425
816.228,39,779.4,11691,1461
816.278,39,778.6,11679,1460
816.328,38,758.1,11372,1421
816.378,39,778.8,11682,1460
816.428,38,757.8,11367,1421
816.478,39,779.1,11686,1461
816.528,39,779.6,11695,1462
816.578,38,758.3,11375,1422
816.628,39,778.5,11677,1460
816.678,39,777.2,11658,1457
816.729,38,758.5,11378,1422
816.779,39,778.7,11681,1460
816.829,38,758.7,11380,1423
816.879,39,777.9,11668,1459
816.929,39,778.7,11680,1460
816.979,38,758.6,11379,1422
817.029,39,777.0,11656,1457
817.079,39,778.0,11670,1459
817.129,38,759.3,11390,1424
817.179,39,779.7,11696,1462
817.229,38,758.6,11379,1422
817.280,39,779.3,11689,1461
817.330,38,758.0,11370,1421
817.380,39,777.4,11661,1458
817.430,38,756.9,11354,1419
817.480,39,778.5,11677,1460
817.530,38,759.7,11396,1424
817.580,39,779.2,11688,1461
817.630,39,777.0,11655,1457
817.681,38,757.1,11357,1420
817.731,39,779.8,11697,1462
817.781,38,757.7,11365,1421
817.831,39,779.9,11699,1462
817.881,38,759.0,11385,1423
817.931,39,776.9,11654,1457
817.981,38,758.6,11379,1422
818.031,39,779.6,11693,1462
818.081,38,755.9,11338,1417
818.131,39,779.3,11689,1461
818.182,38,757.4,11361,1420
818.232,39,778.7,11681,1460
818.282,39,776.9,11653,1457
818.332,38,758.3,11375,1422
818.382,39,777.9,11668,1459
818.432,39,778.3,11675,1459
818.482,38,759.2,11388,1424
818.532,39,779.2,11688,1461
818.583,38,757.8,11366,1421
818.633,39,779.3,11689,1461
818.683,38,759.0,11385,1423
818.733,39,778.8,11681,1460
818.783,39,778.0,11670,1459
818.833,38,759.3,11390,1424
818.883,39,780.0,11700,1462
818.933,38,759.3,11389,1424
818.983,39,779.8,11697,1462
819.033,38,759.0,11385,1423
819.083,39,779.1,11686,1461
819.133,38,758.9,11383,1423
819.183,39,778.5,11677,1460
819.233,38,757.6,11364,1420
819.284,39,777.3,11659,1457
819.334,38,760.0,11399,1425
819.384,39,778.2,11674,1459
819.434,39,776.7,11651,1456
819.484,38,757.2,11358,1420
819.534,39,777.3,11660,1457
819.584,38,757.1,11357,1420
819.635,39,778.4,11676,1460
819.685,38,759.8,11396,1425
819.735,39,777.0,11654,1457
819.785,39,778.4,11675,1459
819.835,38,758.9,11383,1423
819.885,39,778.2,11673,1459
819.935,38,759.7,11396,1425
819.985,39,779.5,11692,1462
820.035,39,777.6,11664,1458
820.085,38,759.1,11387,1423
820.135,39,779.2,11687,1461
820.185,38,758.5,11377,1422
820.236,39,778.7,11680,1460
820.286,39,776.7,11650,1456
820.336,39,777.4,11661,1458
820.386,38,759.9,11399,1425
820.436,39,779.0,11685,1461
820.486,38,759.0,11385,1423
820.536,39,778.1,11671,1459
820.586,39,778.4,11676,1459
820.636,38,758.8,11382,1423
820.687,39,777.1,11657,1457
820.737,39,776.8,11651,1456
820.787,39,777.0,11655,1457
820.837,38,759.9,11399,1425
820.887,39,779.5,11692,1462
820.937,38,757.4,11361,1420
820.987,39,778.0,11670,1459
821.037,38,759.4,11392,1424
821.087,39,777.6,11664,1458
821.138,39,779.8,11696,1462
821.188,38,759.0,11385,1423
821.238,39,777.4,11662,1458
821.288,38,759.1,11387,1423
821.338,39,776.8,11652,1457
821.388,39,777.1,11657,1457
821.438,38,759.3,11389,1424
821.488,39,779.8,11698,1462
821.538,38,757.9,11368,1421
821.588,39,779.3,11690,1461
821.638,38,760.0,11400,1425
821.689,39,778.8,11682,1460
821.739,38,757.5,11362,1420
821.789,39,779.9,11699,1462
821.839,38,759.6,11393,1424
821.889,39,777.2,11658,1457
821.939,38,758.9,11383,1423
821.989,39,778.5,11678,1460
822.039,38,757.7,11366,1421
822.090,39,775.5,11632,1454
822.140,38,759.1,11387,1423
822.190,39,777.9,11669,1459
822.240,38,757.4,11361,1420
822.290,39,779.8,11697,1462
822.340,38,759.2,11388,1423
822.390,39,778.0,11670,1459
822.440,38,760.0,11400,1425
822.490,39,778.1,11671,1459
822.540,39,778.1,11672,1459
822.590,38,758.4,11375,1422
822.640,39,779.6,11694,1462
822.691,38,757.1,11357,1420
822.741,39,778.0,11670,1459
822.791,38,756.7,11351,1419
822.841,39,775.7,11635,1454
822.891,39,777.3,11660,1457
822.941,38,759.4,11392,1424
822.992,39,779.1,11687,1461
823.042,39,778.7,11680,1460
823.092,38,757.9,11369,1421
823.142,39,777.1,11657,1457
823.192,39,777.0,11656,1457
823.242,38,759.9,11398,1425
823.292,39,779.1,11687,1461
823.342,39,778.0,11670,1459
823.392,38,759.6,11394,1424
823.443,39,777.3,11660,1458
823.493,39,777.4,11660,1458
823.543,39,778.0,11670,1459
823.593,38,759.9,11398,1425
823.643,39,778.3,11674,1459
823.693,39,776.9,11654,1457
823.743,38,759.1,11387,1423
823.793,39,777.9,11668,1459
823.843,39,779.1,11687,1461
823.894,39,777.0,11654,1457
823.944,38,759.3,11390,1424
823.994,39,778.9,11683,1460
824.044,39,778.0,11670,1459
824.094,38,759.3,11390,1424
824.144,39,779.9,11698,1462
824.194,38,758.9,11384,1423
824.244,39,778.1,11672,1459
824.294,39,777.4,11661,1458
824.344,38,757.8,11366,1421
824.394,39,778.9,11684,1460
824.445,39,778.4,11676,1459
824.495,38,758.5,11378,1422
824.545,39,779.3,11689,1461
824.595,39,779.1,11686,1461
824.645,38,759.3,11389,1424
824.695,39,777.9,11669,1459
824.745,39,778.0,11671,1459
824.795,39,779.9,11699,1462
824.845,38,758.0,11370,1421
824.895,39,778.9,11684,1461
824.945,39,777.3,11659,1457
824.996,39,778.3,11675,1459
825.046,38,758.8,11381,1423
825.096,39,778.3,11674,1459
825.146,39,776.7,11651,1456
825.196,39,777.0,11655,1457
825.246,38,759.3,11390,1424
825.296,39,776.9,11654,1457
825.347,39,777.3,11659,1457
825.397,39,777.8,11668,1458
825.447,38,759.3,11389,1424
825.497,39,779.9,11698,1462
825.547,39,777.4,11662,1458
825.597,38,757.7,11366,1421
825.647,39,779.1,11686,1461
825.697,39,779.5,11692,1461
825.747,38,758.6,11379,1422
825.797,39,777.3,11659,1457
825.848,39,778.2,11672,1459
825.898,39,780.0,11700,1462
825.948,38,759.1,11386,1423
825.998,39,780.0,11699,1462
826.048,38,758.0,11369,1421
826.098,39,777.9,11669,1459
826.148,39,778.8,11681,1460
826.198,39,778.4,11675,1459
826.248,38,758.2,11372,1422
826.298,39,777.8,11667,1458
826.348,39,777.5,11662,1458
826.398,39,779.9,11699,1462
826.449,38,758.5,11377,1422
826.499,39,777.8,11667,1458
826.549,39,777.3,11659,1457
826.599,38,757.9,11369,1421
826.649,39,778.0,11670,1459
826.699,39,778.0,11670,1459
826.749,38,758.2,11373,1422
826.800,39,778.2,11673,1459
826.850,39,778.0,11669,1459
826.900,38,759.5,11392,1424
826.950,39,778.3,11675,1459
827.000,38,758.1,11372,1422
827.050,39,778.9,11683,1460
827.100,38,758.6,11378,1422
827.150,39,777.8,11667,1458
827.200,39,778.6,11679,1460
827.250,38,759.1,11387,1423
827.301,39,778.1,11672,1459
827.351,39,777.1,11656,1457
827.401,38,757.7,11365,1421
827.451,39,779.4,11691,1461
827.501,38,758.6,11379,1422
827.551,39,778.3,11674,1459
827.601,39,775.3,11630,1454
827.651,38,758.7,11380,1423
827.702,39,777.1,11657,1457
827.752,39,778.8,11681,1460
827.802,38,756.2,11343,1418
827.852,39,776.9,11654,1457
827.902,38,758.7,11381,1423
827.952,39,777.8,11666,1458
828.003,38,758.1,11372,1422
828.053,39,779.9,11699,1462
828.103,38,757.3,11360,1420
828.153,39,777.1,11657,1457
828.203,38,757.7,11365,1421
828.253,39,778.2,11673,1459
828.303,38,759.0,11384,1423
828.353,39,777.8,11667,1458
828.403,38,759.5,11392,1424
828.453,39,779.4,11692,1461
828.504,38,758.8,11382,1423
828.554,39,777.8,11668,1458
828.604,38,758.2,11373,1422
828.654,39,778.1,11671,1459
828.704,38,759.3,11390,1424
828.754,39,779.7,11696,1462
828.804,38,759.0,11386,1423
828.854,39,779.1,11687,1461
828.904,38,758.8,11382,1423
828.954,39,777.6,11663,1458
829.004,38,758.9,11384,1423
829.055,39,776.5,11648,1456
829.105,38,757.2,11357,1420
829.155,39,776.8,11653,1457
829.205,38,759.5,11392,1424
829.255,39,779.5,11692,1461
829.305,38,760.0,11400,1425
829.355,38,757.9,11368,1421
829.405,39,778.1,11672,1459
829.456,39,777.0,11655,1457
829.506,38,758.4,11377,1422
829.556,39,777.8,11667,1458
829.606,38,758.4,11376,1422
829.656,39,779.7,11695,1462
829.706,38,759.8,11397,1425
829.756,39,777.1,11656,1457
829.806,39,779.1,11687,1461
829.856,38,758.3,11374,1422
829.906,39,779.9,11698,1462
829.956,38,757.0,11355,1419
830.007,39,776.2,11644,1455
830.057,39,777.0,11655,1457
830.107,38,757.9,11369,1421
830.157,39,779.4,11690,1461
830.207,38,758.0,11369,1421
830.257,39,779.0,11686,1461
830.307,38,760.0,11400,1425
830.357,39,778.2,11672,1459
830.408,38,757.2,11358,1420
830.458,39,778.0,11670,1459
830.508,39,776.0,11641,1455
830.558,38,758.6,11379,1422
830.608,39,779.6,11693,1462
830.658,38,757.3,11360,1420
830.708,39,777.9,11669,1459
830.759,38,757.6,11364,1420
830.809,39,779.8,11697,1462
830.859,38,759.8,11397,1425
830.909,39,779.8,11696,1462
830.959,38,759.5,11392,1424
831.009,39,779.2,11688,1461
831.059,38,759.8,11397,1425
831.109,39,776.9,11654,1457
831.159,38,757.5,11363,1420
831.209,39,778.6,11679,1460
831.259,38,759.4,11390,1424
831.309,39,778.9,11683,1460
831.359,38,759.4,11391,1424
831.409,39,777.4,11662,1458
831.460,38,757.2,11357,1420
831.510,39,777.3,11659,1457
831.560,38,759.0,11384,1423
831.610,39,777.3,11660,1458
831.660,39,777.7,11666,1458
831.710,38,758.0,11371,1421
831.760,39,778.7,11680,1460
831.811,39,777.9,11668,1458
831.861,38,758.8,11382,1423
831.911,39,778.8,11681,1460
831.961,38,759.2,11388,1424
832.011,39,778.3,11675,1459
832.061,39,777.7,11665,1458
832.111,38,759.3,11389,1424
832.161,39,779.9,11698,1462
832.211,39,779.4,11690,1461
832.261,38,759.0,11385,1423
832.311,39,779.0,11685,1461
832.361,39,777.1,11657,1457
832.412,39,779.0,11685,1461
832.462,38,758.4,11376,1422
832.512,39,779.3,11689,1461
832.562,39,779.8,11696,1462
832.612,39,775.8,11636,1455
832.662,39,778.3,11675,1459
832.712,39,778.9,11684,1461
832.762,38,758.0,11370,1421
832.812,39,778.1,11671,1459
832.862,39,779.1,11686,1461
832.913,39,775.8,11638,1455
832.963,39,776.0,11641,1455
833.013,39,778.0,11671,1459
833.063,39,779.3,11689,1461
833.113,39,777.3,11659,1457
833.164,39,777.1,11656,1457
833.214,39,778.9,11683,1460
833.264,39,779.9,11699,1462
833.314,39,779.1,11686,1461
833.364,39,778.1,11671,1459
833.414,39,776.9,11654,1457
833.464,39,777.6,11664,1458
833.514,39,777.9,11669,1459
833.564,39,779.8,11697,1462
833.614,39,777.2,11657,1457
833.665,39,778.9,11684,1461
833.715,39,780.0,11700,1462
833.765,39,779.4,11691,1461
833.815,39,777.9,11669,1459
833.865,39,776.8,11652,1457
833.915,38,759.9,11399,1425
833.965,39,778.2,11673,1459
834.015,39,778.0,11669,1459
834.065,39,778.1,11671,1459
834.115,39,779.7,11696,1462
834.165,39,778.2,11673,1459
834.216,39,777.5,11663,1458
834.266,39,779.9,11698,1462
834.316,39,777.7,11665,1458
834.366,39,777.6,11664,1458
834.416,39,778.8,11681,1460
834.466,39,778.1,11671,1459
834.516,40,797.6,11964,1495
834.566,39,779.7,11695,1462
834.616,39,779.8,11698,1462
834.666,39,778.1,11671,1459
834.716,39,778.8,11682,1460
834.767,39,777.1,11657,1457
834.817,39,778.1,11672,1459
834.867,39,778.3,11674,1459
834.917,40,798.7,11980,1498
834.967,39,777.5,11662,1458
835.017,39,778.0,11670,1459
835.067,39,780.0,11700,1462
835.117,40,798.0,11969,1496
835.168,39,778.2,11673,1459
835.218,39,779.8,11696,1462
835.268,39,779.3,11690,1461
835.318,40,797.7,11966,1496
835.368,39,778.4,11677,1460
835.418,39,778.6,11678,1460
835.468,39,778.3,11675,1459
835.518,39,778.9,11683,1460
835.568,40,799.2,11988,1498
835.618,39,777.8,11667,1458
835.668,39,777.3,11660,1457
835.719,39,778.1,11671,1459
835.769,39,778.7,11680,1460
835.819,39,776.9,11654,1457
835.869,39,777.3,11660,1458
835.919,39,778.2,11673,1459
835.969,40,797.9,11968,1496
836.019,39,778.2,11673,1459
836.070,39,776.9,11653,1457
836.120,39,779.3,11690,1461
836.170,39,779.8,11697,1462
836.220,39,778.1,11671,1459
836.270,39,777.0,11654,1457
836.320,39,778.4,11676,1460
836.370,39,779.8,11697,1462
836.420,39,775.7,11636,1455
836.470,39,778.5,11678,1460
836.521,39,778.1,11672,1459
836.571,39,779.8,11697,1462
836.621,39,777.9,11668,1459
836.671,39,779.2,11688,1461
836.721,38,759.0,11384,1423
836.771,39,778.4,11676,1460
836.821,40,795.8,11937,1492
836.871,39,779.1,11687,1461
836.921,39,779.1,11687,1461
836.971,39,779.0,11685,1461
837.022,39,777.4,11661,1458
837.072,39,778.5,11678,1460
837.122,39,779.8,11697,1462
837.172,39,778.3,11674,1459
837.222,39,778.1,11671,1459
837.272,39,777.4,11662,1458
837.322,39,778.3,11675,1459
837.372,40,797.5,11963,1495
837.422,39,778.7,11681,1460
837.472,39,779.1,11686,1461
837.523,39,778.6,11679,1460
837.573,39,778.4,11676,1459
837.623,39,779.4,11692,1461
837.673,40,798.8,11982,1498
837.723,39,778.9,11683,1460
837.773,39,777.1,11657,1457
837.823,39,779.0,11685,1461
837.873,39,778.5,11678,1460
837.923,40,798.8,11983,1498
837.973,39,777.9,11668,1459
838.023,39,778.8,11682,1460
838.074,39,779.1,11686,1461
838.124,40,797.0,11954,1494
838.174,39,779.5,11692,1461
838.224,39,779.8,11697,1462
838.274,39,779.6,11693,1462
838.324,40,799.1,11986,1498
838.374,39,777.4,11661,1458
838.424,39,777.4,11660,1458
838.474,39,778.9,11684,1460
838.524,39,778.9,11684,1461
838.575,39,777.0,11655,1457
838.625,40,797.3,11959,1495
838.675,39,779.0,11685,1461
838.725,39,777.4,11661,1458
838.775,39,778.0,11670,1459
838.825,39,777.5,11663,1458
838.875,39,779.2,11688,1461
838.925,39,778.1,11672,1459
838.975,39,779.9,11699,1462
839.026,39,777.2,11658,1457
839.076,39,778.1,11671,1459
839.126,39,777.7,11666,1458
839.176,39,779.7,11695,1462
839.226,39,779.7,11695,1462
839.276,39,778.0,11670,1459
839.326,39,778.9,11684,1460
839.376,39,779.7,11696,1462
839.426,39,777.2,11659,1457
839.476,39,779.3,11689,1461
839.526,39,778.1,11672,1459
839.576,39,779.7,11696,1462
839.627,39,779.0,11685,1461
839.677,39,777.4,11661,1458
839.727,39,779.8,11696,1462
839.777,39,780.0,11700,1462
839.827,39,779.1,11686,1461
839.877,39,779.0,11685,1461
839.927,39,778.6,11679,1460
839.977,39,779.9,11698,1462
840.027,39,779.7,11696,1462
840.077,39,778.9,11683,1460
840.127,39,776.9,11653,1457
840.177,39,778.3,11674,1459
840.227,39,777.8,11667,1458
840.278,39,779.1,11687,1461
840.328,39,778.3,11675,1459
840.378,39,778.6,11679,1460
840.428,39,778.2,11673,1459
840.478,39,779.4,11691,1461
840.528,38,756.5,11348,1418
840.578,39,778.5,11677,1460
840.628,39,776.1,11641,1455
840.679,39,778.5,11677,1460
840.729,39,780.0,11700,1462
840.779,39,779.9,11699,1462
840.829,39,777.0,11654,1457
840.879,38,757.6,11364,1420
840.929,39,779.5,11693,1462
840.979,39,779.9,11699,1462
841.029,39,779.4,11691,1461
841.079,38,756.7,11350,1419
841.129,39,778.8,11682,1460
841.179,39,777.6,11665,1458
841.230,39,777.8,11667,1458
841.280,38,758.9,11384,1423
841.330,39,777.8,11667,1458
841.380,39,777.5,11662,1458
841.430,39,779.0,11685,1461
841.480,38,759.5,11392,1424
841.530,39,777.9,11669,1459
841.580,39,777.7,11665,1458
841.630,38,757.3,11360,1420
841.681,39,777.1,11657,1457
841.731,39,779.1,11687,1461
841.781,39,779.0,11686,1461
841.831,38,759.0,11385,1423
841.881,39,778.7,11681,1460
841.931,39,778.2,11673,1459
841.981,38,759.0,11385,1423
842.031,39,777.4,11661,1458
842.081,39,778.9,11683,1460
842.131,38,759.2,11388,1423
842.182,39,778.0,11670,1459
842.232,38,759.9,11398,1425
842.282,39,775.9,11638,1455
842.332,39,779.4,11690,1461
842.382,38,759.5,11392,1424
842.432,39,779.7,11695,1462
842.482,39,778.1,11672,1459
842.532,38,758.2,11374,1422
842.582,39,779.9,11698,1462
842.632,39,775.7,11635,1454
842.682,38,759.4,11391,1424
842.733,39,777.0,11656,1457
842.783,39,779.0,11685,1461
842.833,38,758.5,11378,1422
842.883,39,777.8,11666,1458
842.933,39,778.9,11683,1460
842.983,38,757.7,11365,1421
843.033,39,779.4,11692,1461
843.083,39,779.4,11691,1461
843.133,38,759.8,11396,1425
843.183,39,777.8,11666,1458
843.233,39,779.1,11687,1461
843.284,38,757.4,11361,1420
843.334,39,779.8,11697,1462
843.384,39,777.1,11656,1457
843.434,38,759.4,11390,1424
843.484,39,777.2,11658,1457
843.534,38,757.7,11365,1421
843.584,39,779.2,11688,1461
843.634,38,759.7,11396,1424
843.684,39,779.4,11692,1461
843.735,39,776.9,11653,1457
843.785,38,758.3,11375,1422
843.835,39,778.0,11670,1459
843.885,38,758.9,11384,1423
843.935,39,778.7,11680,1460
843.985,38,759.4,11391,1424
844.035,39,776.9,11653,1457
844.085,38,759.1,11387,1423
844.135,39,778.2,11673,1459
844.185,38,758.9,11384,1423
844.236,39,778.1,11671,1459
844.286,38,757.2,11358,1420
844.336,39,776.7,11651,1456
844.386,38,758.3,11374,1422
844.436,39,778.3,11674,1459
844.486,38,759.4,11391,1424
844.536,38,759.8,11397,1425
844.586,39,779.9,11698,1462
844.636,38,758.2,11373,1422
844.686,39,778.2,11672,1459
844.737,38,758.9,11383,1423
844.787,38,758.3,11375,1422
844.837,39,777.6,11665,1458
844.887,38,757.4,11360,1420
844.937,39,778.1,11671,1459
844.987,38,759.8,11397,1425
845.037,38,757.5,11363,1420
845.087,39,778.6,11680,1460
845.137,38,758.2,11373,1422
845.188,38,757.6,11364,1421
845.238,39,778.9,11683,1460
845.288,38,758.9,11384,1423
845.338,38,757.5,11363,1420
845.388,39,778.9,11683,1460
845.438,38,758.5,11377,1422
845.488,38,759.2,11388,1423
845.538,39,779.0,11685,1461
845.588,38,757.5,11363,1420
845.638,38,758.8,11382,1423
845.689,39,778.4,11676,1459
845.739,38,758.6,11379,1422
845.789,38,759.1,11387,1423
845.839,38,758.2,11373,1422
845.889,39,778.8,11682,1460
845.939,38,758.1,11372,1421
845.989,39,778.1,11672,1459
846.039,38,757.3,11360,1420
846.089,38,758.2,11372,1422
846.140,39,777.7,11665,1458
846.190,38,760.0,11399,1425
846.240,38,759.1,11387,1423
846.290,38,757.4,11361,1420
846.340,39,780.0,11700,1462
846.390,38,758.3,11374,1422
846.440,38,759.6,11394,1424
846.490,39,778.0,11670,1459
846.540,38,757.9,11368,1421
846.590,39,778.7,11681,1460
846.641,38,757.0,11355,1419
846.691,39,779.2,11688,1461
846.741,39,777.3,11660,1457
846.791,38,759.7,11395,1424
846.841,38,757.8,11367,1421
846.891,39,778.4,11676,1459
846.941,39,779.0,11684,1461
846.991,38,758.3,11375,1422
847.041,39,779.9,11698,1462
847.091,38,758.1,11372,1421
847.141,39,779.2,11688,1461
847.192,38,757.8,11368,1421
847.242,39,778.2,11673,1459
847.292,39,777.1,11656,1457
847.342,38,759.3,11390,1424
847.392,39,779.5,11692,1462
847.442,38,759.4,11391,1424
847.492,39,779.9,11699,1462
847.542,38,758.1,11372,1422
847.592,39,778.9,11684,1460
847.642,39,778.8,11682,1460
847.692,38,758.5,11377,1422
847.742,39,779.7,11696,1462
847.793,39,777.1,11656,1457
847.843,38,758.1,11371,1421
847.893,39,779.2,11688,1461
847.943,39,779.8,11697,1462
847.993,38,759.9,11398,1425
848.043,39,777.4,11662,1458
848.093,39,777.5,11663,1458
848.143,38,757.2,11358,1420
848.193,39,779.1,11686,1461
848.243,39,777.5,11662,1458
848.293,38,759.9,11398,1425
848.344,39,778.6,11678,1460
848.394,39,779.6,11694,1462
848.444,39,778.1,11671,1459
848.494,38,759.7,11396,1424
848.544,39,778.4,11676,1459
848.594,39,776.8,11652,1456
848.644,39,779.4,11690,1461
848.694,39,778.2,11673,1459
848.744,38,760.0,11400,1425
848.794,39,779.1,11687,1461
848.844,39,780.0,11700,1462
848.894,38,758.0,11370,1421
848.944,39,779.1,11686,1461
848.995,39,779.3,11689,1461
849.045,39,777.9,11669,1459
849.095,38,757.9,11369,1421
849.145,39,779.0,11686,1461
849.195,39,776.7,11651,1456
849.245,39,779.5,11693,1462
849.295,39,779.1,11687,1461
849.345,38,757.4,11361,1420
849.395,39,777.4,11661,1458
849.446,39,779.1,11686,1461
849.496,39,777.3,11659,1457
849.546,39,779.8,11697,1462
849.596,38,757.8,11368,1421
849.646,39,779.6,11693,1462
849.696,39,779.2,11688,1461
849.746,39,779.7,11696,1462
849.796,39,779.4,11691,1461
849.846,38,759.8,11398,1425
849.896,39,779.9,11699,1462
849.946,39,779.2,11689,1461
849.996,39,778.7,11680,1460
850.046,38,756.2,11343,1418
850.097,39,778.5,11677,1460
850.147,39,777.9,11668,1459
850.197,39,778.1,11671,1459
850.247,38,758.1,11371,1421
850.297,39,777.6,11664,1458
850.347,39,776.7,11651,1456
850.397,39,779.7,11696,1462
850.448,38,755.9,11338,1417
850.498,39,778.7,11681,1460
850.548,39,777.8,11667,1458
850.598,39,779.8,11697,1462
850.648,38,758.1,11372,1421
850.698,39,778.4,11676,1460
850.748,39,778.3,11674,1459
850.798,39,778.7,11681,1460
850.848,39,780.0,11699,1462
850.898,38,758.2,11372,1422
850.948,39,780.0,11700,1462
850.999,39,777.0,11654,1457
851.049,39,779.0,11685,1461
851.099,39,776.9,11653,1457
851.149,38,759.1,11386,1423
851.199,39,779.4,11691,1461
851.249,39,778.0,11671,1459
851.299,39,778.0,11670,1459
851.349,39,778.2,11673,1459
851.399,40,798.9,11983,1498
851.449,39,778.0,11670,1459
851.500,39,778.1,11671,1459
851.550,40,798.0,11970,1496
851.600,39,778.2,11673,1459
851.650,40,799.9,11999,1500
851.700,40,796.7,11950,1494
851.750,40,797.4,11961,1495
851.800,40,798.2,11972,1497
851.850,41,818.9,12284,1535
851.900,40,799.0,11985,1498
851.951,41,818.8,12281,1535
852.001,41,817.8,12267,1533
852.051,41,818.8,12283,1535
852.101,42,836.9,12553,1569
852.151,42,839.2,12588,1574
852.201,41,818.6,12279,1535
852.251,42,839.3,12590,1574
852.301,42,839.9,12598,1575
852.351,43,858.8,12882,1610
852.401,42,837.8,12567,1571
852.451,43,857.3,12860,1608
852.501,43,859.9,12898,1612
852.552,42,839.2,12588,1574
852.602,43,858.9,12884,1610
852.652,43,857.5,12863,1608
852.702,43,859.1,12887,1611
852.752,43,857.8,12867,1608
852.802,44,879.8,13196,1650
852.852,43,856.7,12851,1606
852.902,43,858.2,12873,1609
852.952,43,857.4,12860,1608
853.002,44,879.0,13185,1648
853.052,43,859.2,12889,1611
853.103,43,857.8,12867,1608
853.153,44,879.0,13185,1648
853.203,43,857.0,12854,1607
853.253,43,858.5,12878,1610
853.303,44,877.9,13169,1646
853.353,43,858.8,12883,1610
853.403,44,878.0,13171,1646
853.453,43,856.9,12853,1607
853.503,44,879.0,13185,1648
853.554,43,858.9,12883,1610
853.604,44,879.9,13198,1650
853.654,44,878.9,13183,1648
853.704,43,859.9,12899,1612
853.754,44,879.7,13195,1649
853.804,44,878.5,13177,1647
853.854,43,859.9,12898,1612
853.904,44,876.6,13149,1644
853.954,44,878.8,13183,1648
854.004,44,878.3,13174,1647
854.054,44,878.2,13172,1647
854.104,44,879.3,13190,1649
854.154,43,859.3,12889,1611
854.204,44,878.5,13177,1647
854.254,44,877.9,13168,1646
854.305,44,878.9,13183,1648
854.355,44,877.8,13168,1646
854.405,43,858.9,12883,1610
854.455,44,878.9,13184,1648
854.505,44,877.7,13166,1646
854.555,44,878.8,13182,1648
854.605,44,877.8,13168,1646
854.655,44,879.0,13185,1648
854.705,44,878.5,13177,1647
854.755,44,877.3,13160,1645
854.805,44,879.6,13193,1649
854.856,44,877.1,13156,1644
854.906,44,879.4,13191,1649
854.956,44,877.9,13168,1646
855.006,44,879.7,13195,1649
855.056,44,877.9,13168,1646
855.106,44,878.4,13176,1647
855.156,44,878.2,13173,1647
855.206,44,878.6,13178,1647
855.256,44,876.9,13154,1644
855.306,43,859.6,12895,1612
855.356,44,877.3,13160,1645
855.406,44,880.0,13199,1650
855.457,44,878.5,13177,1647
855.507,43,859.1,12886,1611
855.557,44,877.8,13166,1646
855.607,44,879.2,13187,1648
855.657,43,859.8,12897,1612
855.707,44,877.8,13167,1646
855.757,44,878.6,13180,1647
855.807,43,859.5,12893,1612
855.857,44,878.7,13181,1648
855.907,43,858.8,12882,1610
855.957,44,876.9,13153,1644
856.007,43,858.9,12883,1610
856.057,44,879.7,13195,1649
856.108,43,859.0,12885,1611
856.158,44,877.4,13161,1645
856.208,43,857.4,12861,1608
856.258,44,876.6,13148,1644
856.308,43,860.0,12900,1612
856.358,44,877.4,13160,1645
856.408,43,856.8,12852,1606
856.458,44,877.5,13162,1645
856.509,43,858.4,12876,1610
856.559,43,858.5,12877,1610
856.609,44,876.1,13141,1643
856.659,43,858.2,12872,1609
856.709,44,877.0,13155,1644
856.759,43,859.1,12886,1611
856.809,44,877.6,13164,1646
856.860,43,857.6,12865,1608
856.910,44,878.5,13177,1647
856.960,43,857.4,12860,1608
857.010,44,879.8,13197,1650
857.060,43,858.5,12877,1610
857.110,44,876.9,13154,1644
857.160,43,858.6,12878,1610
857.210,44,877.8,13166,1646
857.260,43,858.6,12879,1610
857.311,44,876.6,13148,1644
857.361,44,877.8,13167,1646
857.411,43,857.4,12861,1608
857.461,44,879.4,13191,1649
857.511,43,857.8,12867,1608
857.561,44,879.2,13188,1649
857.611,43,858.8,12883,1610
857.661,44,879.1,13187,1648
857.711,43,857.6,12864,1608
857.761,44,877.9,13168,1646
857.811,43,859.0,12885,1611
857.862,44,877.8,13167,1646
857.912,43,857.7,12865,1608
857.962,44,879.9,13199,1650
858.012,44,876.8,13153,1644
858.062,43,859.2,12888,1611
858.112,44,878.6,13180,1647
858.162,43,858.6,12879,1610
858.212,44,878.4,13176,1647
858.262,43,859.9,12898,1612
858.312,44,877.4,13161,1645
858.362,43,858.8,12882,1610
858.412,44,879.3,13189,1649
858.463,43,858.0,12870,1609
858.513,44,877.8,13167,1646
858.563,43,858.6,12879,1610
858.613,44,877.0,13155,1644
858.663,43,856.6,12849,1606
858.713,44,877.8,13167,1646
858.763,43,857.9,12868,1609
858.813,44,878.4,13176,1647
858.864,43,858.6,12879,1610
858.914,44,877.8,13167,1646
858.964,43,856.9,12854,1607
859.014,43,858.8,12882,1610
859.064,44,879.3,13189,1649
859.114,43,857.2,12858,1607
859.164,44,878.0,13170,1646
859.214,43,858.2,12873,1609
859.264,44,877.7,13165,1646
859.315,43,859.4,12891,1611
859.365,44,879.3,13189,1649
859.415,43,857.8,12867,1608
859.465,44,876.8,13153,1644
859.515,43,858.8,12882,1610
859.565,44,879.2,13188,1649
859.615,43,858.3,12874,1609
859.665,44,877.1,13156,1645
859.715,44,879.0,13186,1648
859.765,43,858.0,12870,1609
859.815,44,878.6,13180,1647
859.866,43,857.2,12858,1607
859.916,44,876.3,13145,1643
859.966,44,879.1,13186,1648
860.016,44,877.6,13164,1645
860.066,43,859.3,12889,1611
860.116,44,878.7,13181,1648
860.166,44,877.6,13165,1646
860.216,43,858.7,12881,1610
860.266,44,878.4,13176,1647
860.317,44,878.7,13181,1648
860.367,44,880.0,13200,1650
860.417,43,857.9,12868,1609
860.467,44,879.9,13198,1650
860.517,44,877.8,13168,1646
860.567,43,856.3,12844,1606
860.617,44,879.4,13191,1649
860.667,44,876.7,13151,1644
860.717,44,877.3,13159,1645
860.767,44,878.2,13173,1647
860.818,43,859.1,12887,1611
860.868,44,876.4,13145,1643
860.918,44,877.0,13155,1644
860.968,44,877.6,13164,1646
861.018,43,859.5,12892,1612
861.068,44,877.4,13162,1645
861.118,44,878.6,13178,1647
861.168,43,858.1,12872,1609
861.218,44,879.4,13191,1649
861.269,44,878.5,13178,1647
861.319,44,877.7,13165,1646
861.369,44,877.8,13167,1646
861.419,44,879.9,13199,1650
861.469,43,859.2,12888,1611
861.519,44,878.5,13177,1647
861.569,44,878.0,13170,1646
861.619,44,878.3,13174,1647
861.669,44,878.2,13174,1647
861.719,43,856.0,12839,1605
861.770,44,878.4,13175,1647
861.820,44,879.8,13197,1650
861.870,44,879.6,13195,1649
861.920,44,876.7,13151,1644
861.970,43,858.8,12883,1610
862.020,44,877.7,13165,1646
862.070,44,877.8,13166,1646
862.120,44,877.2,13157,1645
862.170,43,857.7,12865,1608
862.221,44,876.6,13148,1644
862.271,44,876.7,13150,1644
862.321,44,879.3,13189,1649
862.371,43,858.7,12881,1610
862.421,44,879.4,13191,1649
862.471,44,878.4,13176,1647
862.521,43,859.6,12894,1612
862.571,44,878.4,13176,1647
862.621,44,878.2,13172,1647
862.671,44,878.9,13183,1648
862.722,44,875.3,13129,1641
862.772,43,858.2,12873,1609
862.822,44,878.7,13180,1647
862.872,44,879.0,13185,1648
862.922,44,877.9,13168,1646
862.972,44,878.6,13178,1647
863.022,43,858.4,12876,1609
863.072,44,878.7,13181,1648
863.122,44,879.6,13194,1649
863.172,44,879.0,13185,1648
863.222,44,879.1,13187,1648
863.273,44,876.5,13148,1643
863.323,44,877.2,13158,1645
863.373,44,876.6,13149,1644
863.423,43,857.2,12858,1607
863.473,44,879.4,13191,1649
863.523,44,878.9,13183,1648
863.573,44,877.4,13161,1645
863.623,44,877.2,13159,1645
863.674,43,857.0,12855,1607
863.724,44,876.1,13141,1643
863.774,44,879.0,13184,1648
863.824,44,879.1,13186,1648
863.874,43,857.0,12855,1607
863.924,44,876.3,13144,1643
863.974,43,860.0,12900,1612
864.024,44,879.5,13193,1649
864.074,43,859.8,12897,1612
864.124,44,879.7,13196,1649
864.174,43,859.2,12888,1611
864.225,44,877.4,13161,1645
864.275,43,857.3,12859,1607
864.325,43,859.9,12899,1612
864.375,44,877.6,13164,1646
864.425,43,857.4,12861,1608
864.475,44,878.5,13178,1647
864.525,43,856.6,12849,1606
864.576,44,875.5,13133,1642
864.626,43,858.4,12877,1610
864.676,44,877.9,13168,1646
864.726,43,856.7,12851,1606
864.776,44,878.8,13182,1648
864.826,43,857.7,12865,1608
864.876,43,859.5,12893,1612
864.926,44,879.5,13192,1649
864.976,43,859.9,12899,1612
865.026,43,856.5,12847,1606
865.077,43,859.1,12886,1611
865.127,44,879.2,13188,1648
865.177,43,859.9,12898,1612
865.227,43,859.9,12898,1612
865.277,43,857.4,12861,1608
865.327,44,876.1,13142,1643
865.377,43,856.8,12852,1607
865.427,44,879.0,13184,1648
865.477,43,859.0,12884,1611
865.527,43,857.3,12859,1607
865.578,43,856.6,12849,1606
865.628,44,878.8,13182,1648
865.678,43,856.9,12854,1607
865.728,43,859.1,12887,1611
865.778,43,858.0,12870,1609
865.828,44,877.0,13155,1644
865.878,43,858.2,12873,1609
865.929,43,856.9,12853,1607
865.979,43,859.8,12897,1612
866.029,43,858.0,12870,1609
866.079,43,856.6,12849,1606
866.129,44,879.7,13195,1649
866.179,43,858.1,12872,1609
866.229,43,858.1,12872,1609
866.279,43,857.3,12859,1607
866.329,43,858.3,12875,1609
866.379,44,878.7,13181,1648
866.430,43,856.7,12850,1606
866.480,43,859.1,12887,1611
866.530,43,857.0,12856,1607
866.580,43,859.6,12893,1612
866.630,44,879.2,13188,1648
866.680,43,859.3,12890,1611
866.730,43,857.2,12859,1607
866.780,43,858.2,12873,1609
866.830,43,857.4,12861,1608
866.880,43,859.2,12888,1611
866.931,44,876.6,13149,1644
866.981,43,858.0,12870,1609
867.031,43,855.6,12835,1604
867.081,43,859.9,12899,1612
867.131,44,877.8,13166,1646
867.181,43,859.9,12898,1612
867.231,43,856.8,12851,1606
867.281,43,859.4,12892,1611
867.331,43,857.2,12858,1607
867.382,43,859.3,12890,1611
867.432,43,857.8,12867,1608
867.482,43,859.2,12887,1611
867.532,43,858.9,12884,1611
867.582,44,877.7,13165,1646
867.632,43,859.1,12887,1611
867.682,43,858.8,12882,1610
867.732,43,856.8,12851,1606
867.782,43,859.8,12897,1612
867.832,43,856.9,12853,1607
867.882,44,879.5,13192,1649
867.932,43,859.4,12892,1611
867.983,43,855.0,12825,1603
868.033,43,858.5,12877,1610
868.083,44,876.9,13154,1644
868.133,43,857.7,12865,1608
868.183,43,856.4,12846,1606
868.233,43,858.2,12874,1609
868.284,43,856.7,12851,1606
868.334,44,877.9,13168,1646
868.384,43,856.3,12845,1606
868.434,43,858.9,12883,1610
868.484,44,878.0,13170,1646
868.534,43,857.9,12868,1609
868.584,43,858.3,12875,1609
868.634,43,859.7,12895,1612
868.685,43,856.8,12852,1606
868.735,44,878.2,13172,1647
868.785,43,859.8,12898,1612
868.835,43,858.2,12873,1609
868.885,44,877.8,13167,1646
868.935,43,860.0,12900,1612
868.985,43,857.5,12862,1608
869.035,43,857.9,12868,1609
869.085,44,877.8,13167,1646
869.135,43,857.8,12868,1608
869.186,44,876.9,13153,1644
869.236,43,858.4,12876,1610
869.286,43,858.1,12871,1609
869.336,44,878.3,13175,1647
869.386,43,857.5,12862,1608
869.436,43,859.9,12898,1612
869.486,44,879.8,13197,1650
869.536,43,858.6,12878,1610
869.586,43,858.9,12884,1610
869.636,44,878.6,13178,1647
869.686,43,859.2,12888,1611
869.736,43,859.9,12899,1612
869.787,44,876.5,13147,1643
869.837,43,859.2,12888,1611
869.887,44,879.9,13199,1650
869.937,43,856.1,12841,1605
869.987,44,879.9,13198,1650
870.037,43,858.5,12877,1610
870.087,44,876.9,13154,1644
870.137,43,857.8,12867,1608
870.187,44,876.4,13146,1643
870.238,44,877.1,13156,1644
870.288,43,859.0,12884,1611
870.338,44,877.7,13166,1646
870.388,43,858.1,12872,1609
870.438,44,878.6,13178,1647
870.488,43,857.3,12859,1607
870.538,44,878.7,13180,1647
870.588,43,857.0,12855,1607
870.639,44,877.9,13168,1646
870.689,43,859.5,12892,1611
870.739,44,877.2,13158,1645
870.789,43,859.7,12896,1612
870.839,44,877.8,13167,1646
870.889,43,857.9,12868,1609
870.939,43,858.1,12871,1609
870.989,44,879.4,13190,1649
871.039,43,858.3,12875,1609
871.089,43,858.9,12884,1610
871.140,44,876.8,13152,1644
871.190,43,857.0,12855,1607
871.240,43,857.1,12856,1607
871.290,44,878.1,13172,1646
871.340,43,858.0,12871,1609
871.390,43,859.0,12886,1611
871.440,43,859.9,12898,1612
871.490,44,879.8,13197,1650
871.540,43,858.3,12874,1609
871.590,43,858.9,12883,1610
871.640,43,858.8,12881,1610
871.691,44,877.8,13166,1646
871.741,43,859.5,12892,1612
871.791,43,857.7,12866,1608
871.841,44,877.3,13160,1645
871.891,43,856.9,12854,1607
871.941,43,858.9,12884,1610
871.991,44,879.1,13186,1648
872.041,43,859.0,12885,1611
872.091,43,859.6,12894,1612
872.141,43,857.2,12859,1607
872.192,44,877.4,13161,1645
872.242,43,857.8,12867,1608
872.292,43,856.9,12853,1607
872.342,43,858.9,12884,1610
872.392,43,858.0,12871,1609
872.442,44,877.1,13157,1645
872.492,43,857.4,12861,1608
872.542,43,858.1,12871,1609
872.592,43,859.0,12884,1611
872.643,43,856.4,12847,1606
872.693,43,858.2,12872,1609
872.743,43,859.6,12895,1612
872.793,44,878.0,13171,1646
872.843,43,858.0,12870,1609
872.893,43,858.8,12883,1610
872.943,43,856.3,12845,1606
872.993,43,859.3,12889,1611
873.044,43,857.9,12868,1609
873.094,44,876.5,13147,1643
873.144,43,857.0,12855,1607
873.194,43,858.9,12884,1610
873.244,43,858.3,12875,1609
873.294,44,879.9,13198,1650
873.344,43,858.2,12874,1609
873.394,43,858.3,12875,1609
873.444,44,877.4,13160,1645
873.495,43,857.4,12860,1608
873.545,43,857.7,12866,1608
873.595,44,878.8,13182,1648
873.645,43,858.1,12871,1609
873.695,43,860.0,12900,1612
873.745,44,877.2,13158,1645
873.795,43,858.8,12881,1610
873.845,43,858.6,12879,1610
873.895,44,875.5,13133,1642
873.946,44,876.5,13148,1644
873.996,43,858.1,12871,1609
874.046,43,858.0,12870,1609
874.096,44,878.9,13183,1648
874.146,43,857.7,12865,1608
874.196,44,875.2,13127,1641
874.246,43,860.0,12900,1612
874.296,43,859.3,12889,1611
874.347,44,877.3,13160,1645
874.397,43,858.8,12881,1610
874.447,43,856.2,12843,1605
874.497,44,879.4,13191,1649
874.547,43,858.6,12879,1610
874.597,43,859.1,12887,1611
874.647,44,877.5,13162,1645
874.697,43,859.7,12895,1612
874.747,43,859.7,12895,1612
874.797,44,877.5,13162,1645
874.847,43,859.2,12888,1611
874.897,43,857.9,12868,1609
874.948,44,879.8,13198,1650
874.998,43,857.9,12869,1609
875.048,43,858.8,12881,1610
875.098,44,876.8,13153,1644
875.148,43,858.9,12884,1611
875.198,43,859.7,12896,1612
875.248,43,859.2,12888,1611
875.298,43,858.6,12879,1610
875.348,44,877.8,13168,1646
875.398,43,858.3,12875,1609
875.448,43,857.4,12861,1608
875.499,44,878.8,13182,1648
875.549,43,858.0,12870,1609
875.599,43,859.3,12890,1611
875.649,43,858.2,12873,1609
875.699,43,859.8,12897,1612
875.749,44,877.6,13164,1646
875.799,43,858.0,12870,1609
875.849,43,858.6,12879,1610
875.899,44,876.7,13151,1644
875.949,43,859.5,12892,1612
875.999,43,859.1,12886,1611
876.049,43,858.5,12877,1610
876.100,44,879.4,13191,1649
876.150,43,857.9,12868,1609
876.200,43,857.4,12861,1608
876.250,43,858.8,12882,1610
876.300,43,857.0,12854,1607
876.350,44,877.4,13161,1645
876.400,43,859.4,12891,1611
876.450,43,858.9,12884,1611
876.500,43,858.5,12878,1610
876.550,43,858.0,12869,1609
876.601,44,876.5,13148,1643
876.651,43,858.5,12877,1610
876.701,43,858.8,12883,1610
876.751,43,857.7,12865,1608
876.801,43,859.9,12899,1612
876.851,43,859.5,12892,1612
876.901,44,879.2,13189,1649
876.951,43,859.1,12887,1611
877.001,43,857.6,12864,1608
877.051,43,857.2,12858,1607
877.102,43,857.5,12862,1608
877.152,44,875.3,13130,1641
877.202,43,858.4,12876,1610
877.252,43,858.9,12883,1610
877.302,43,858.7,12881,1610
877.352,44,879.8,13196,1650
877.402,43,855.8,12837,1605
877.452,43,859.2,12889,1611
877.502,43,857.9,12869,1609
877.553,44,878.8,13182,1648
877.603,43,859.9,12898,1612
877.653,43,856.9,12853,1607
877.703,43,856.5,12848,1606
877.753,44,878.4,13176,1647
877.803,43,855.5,12832,1604
877.853,43,858.0,12870,1609
877.904,43,857.4,12860,1608
877.954,44,878.4,13175,1647
878.004,43,858.0,12870,1609
878.054,43,858.7,12881,1610
878.104,44,877.8,13167,1646
878.154,43,858.9,12884,1610
878.204,43,858.3,12875,1609
878.254,43,858.5,12877,1610
878.304,43,859.1,12887,1611
878.354,44,877.5,13163,1645
878.405,43,857.9,12869,1609
878.455,43,859.0,12885,1611
878.505,44,877.5,13162,1645
878.555,43,859.2,12887,1611
878.605,43,859.6,12895,1612
878.655,43,859.7,12896,1612
878.705,44,878.6,13179,1647
878.755,43,856.9,12853,1607
878.805,43,856.6,12849,1606
878.855,43,857.9,12869,1609
878.906,44,877.9,13169,1646
878.956,43,859.6,12894,1612
879.006,43,859.0,12885,1611
879.056,43,858.3,12875,1609
879.106,44,877.3,13159,1645
879.156,43,859.1,12886,1611
879.206,44,876.6,13149,1644
879.256,43,858.8,12882,1610
879.306,43,859.8,12897,1612
879.356,43,859.3,12890,1611
879.406,44,878.8,13182,1648
879.456,43,859.0,12885,1611
879.506,43,859.9,12898,1612
879.556,44,879.9,13199,1650
879.607,43,857.0,12854,1607
879.657,43,859.9,12898,1612
879.707,43,858.7,12881,1610
879.757,44,878.2,13173,1647
879.807,43,859.7,12896,1612
879.857,43,859.3,12890,1611
879.907,43,856.7,12851,1606
879.957,44,876.9,13153,1644
880.007,43,859.5,12893,1612
880.057,43,859.1,12886,1611
880.107,43,859.3,12889,1611
880.157,44,878.3,13174,1647
880.208,43,857.7,12865,1608
880.258,43,859.7,12896,1612
880.308,44,879.6,13194,1649
880.358,43,858.1,12871,1609
880.408,43,858.9,12884,1611
880.458,44,877.9,13169,1646
880.508,43,857.9,12868,1608
880.558,43,857.6,12865,1608
880.608,43,858.1,12872,1609
880.658,44,878.6,13179,1647
880.708,43,858.0,12869,1609
880.759,43,858.5,12878,1610
880.809,44,876.9,13154,1644
880.859,43,857.9,12868,1609
880.909,43,858.0,12869,1609
880.959,44,879.1,13186,1648
881.009,43,859.0,12885,1611
881.059,43,858.1,12871,1609
881.109,43,857.9,12869,1609
881.159,43,859.2,12888,1611
881.210,44,875.7,13136,1642
881.260,43,859.1,12886,1611
881.310,43,859.0,12885,1611
881.360,43,857.7,12866,1608
881.410,43,857.1,12856,1607
881.460,44,876.4,13146,1643
881.510,43,859.9,12898,1612
881.560,43,858.0,12870,1609
881.610,43,857.0,12855,1607
881.661,44,877.7,13166,1646
881.711,43,858.9,12883,1610
881.761,43,858.2,12873,1609
881.811,43,857.6,12864,1608
881.861,44,877.6,13163,1645
881.911,43,859.3,12889,1611
881.961,43,858.0,12871,1609
882.011,43,856.4,12846,1606
882.061,44,879.2,13188,1648
882.112,43,857.4,12861,1608
882.162,43,857.3,12860,1607
882.212,44,878.7,13181,1648
882.262,43,856.6,12849,1606
882.312,43,857.1,12857,1607
882.362,43,856.5,12847,1606
882.413,44,876.8,13152,1644
882.463,43,859.0,12885,1611
882.513,43,859.1,12886,1611
882.563,43,859.8,12897,1612
882.613,43,856.5,12848,1606
882.663,44,879.1,13186,1648
882.713,43,857.8,12868,1608
882.763,43,857.9,12869,1609
882.813,43,858.0,12870,1609
882.863,43,859.1,12886,1611
882.914,44,877.9,13169,1646
882.964,43,855.2,12828,1604
883.014,43,857.2,12858,1607
883.064,44,879.6,13194,1649
883.114,43,858.0,12870,1609
883.164,43,858.9,12883,1610
883.214,43,856.7,12851,1606
883.265,43,856.5,12847,1606
883.315,44,877.2,13159,1645
883.365,43,858.0,12870,1609
883.415,43,859.8,12897,1612
883.465,44,876.9,13153,1644
883.515,43,858.1,12871,1609
883.565,43,858.1,12871,1609
883.615,43,859.7,12895,1612
883.665,44,877.7,13165,1646
883.716,43,857.6,12864,1608
883.766,43,858.4,12877,1610
883.816,44,877.9,13169,1646
883.866,43,858.3,12874,1609
883.916,43,858.0,12871,1609
883.966,43,856.7,12851,1606
884.016,44,879.1,13186,1648
884.066,43,859.3,12890,1611
884.116,43,858.4,12876,1609
884.167,43,856.2,12842,1605
884.217,44,877.1,13156,1645
884.267,43,859.0,12885,1611
884.317,43,856.4,12846,1606
884.367,43,857.2,12859,1607
884.417,43,858.9,12883,1610
884.467,43,859.2,12888,1611
884.517,43,859.8,12898,1612
884.567,44,878.2,13173,1647
884.618,43,856.8,12852,1606
884.668,43,858.7,12880,1610
884.718,43,857.6,12864,1608
884.768,43,859.1,12887,1611
884.818,43,857.8,12867,1608
884.868,43,858.0,12870,1609
884.918,43,858.1,12871,1609
884.968,43,859.1,12886,1611
885.018,43,857.4,12861,1608
885.068,44,878.8,13183,1648
885.119,43,857.7,12865,1608
885.169,43,858.3,12874,1609
885.219,43,858.9,12883,1610
885.269,43,858.0,12870,1609
885.319,43,858.9,12884,1610
885.369,43,858.9,12883,1610
885.419,43,859.8,12898,1612
885.469,43,857.7,12865,1608
885.519,43,857.9,12868,1608
885.569,43,858.9,12884,1610
885.619,43,858.2,12873,1609
885.670,43,856.4,12846,1606
885.720,43,858.8,12881,1610
885.770,44,877.1,13157,1645
885.820,43,859.9,12899,1612
885.870,43,858.0,12870,1609
885.920,43,857.5,12862,1608
885.970,43,857.4,12861,1608
886.020,43,859.9,12899,1612
886.070,43,857.3,12859,1607
886.121,44,879.8,13196,1650
886.171,43,857.0,12855,1607
886.221,43,859.5,12892,1611
886.271,43,858.0,12870,1609
886.321,43,856.3,12844,1606
886.371,44,878.0,13170,1646
886.421,43,857.1,12857,1607
886.471,43,859.9,12899,1612
886.521,43,859.5,12893,1612
886.571,43,858.4,12876,1609
886.621,43,859.9,12898,1612
886.672,44,877.9,13168,1646
886.722,43,856.7,12850,1606
886.772,43,856.9,12854,1607
886.822,43,858.0,12871,1609
886.872,43,858.7,12881,1610
886.922,43,858.0,12870,1609
886.972,44,876.7,13150,1644
887.023,43,857.8,12867,1608
887.073,43,857.9,12868,1609
887.123,43,857.2,12858,1607
887.173,43,857.6,12863,1608
887.223,44,878.5,13177,1647
887.273,43,859.4,12890,1611
887.323,43,859.3,12890,1611
887.373,43,858.2,12873,1609
887.423,43,859.3,12889,1611
887.473,43,857.4,12861,1608
887.524,43,858.2,12873,1609
887.574,44,876.7,13151,1644
887.624,43,859.3,12890,1611
887.674,43,856.2,12843,1605
887.724,43,857.1,12856,1607
887.774,44,877.5,13162,1645
887.824,43,859.2,12888,1611
887.875,43,856.8,12852,1606
887.925,44,877.6,13165,1646
887.975,43,858.1,12872,1609
888.025,43,858.7,12880,1610
888.075,44,878.3,13175,1647
888.125,43,857.5,12863,1608
888.175,43,857.7,12866,1608
888.225,44,876.8,13152,1644
888.276,44,877.9,13169,1646
888.326,43,856.4,12846,1606
888.376,44,878.9,13184,1648
888.426,43,858.0,12870,1609
888.476,44,876.5,13148,1643
888.526,43,858.2,12873,1609
888.576,44,877.6,13165,1646
888.627,44,877.8,13167,1646
888.677,43,858.1,12871,1609
888.727,44,878.6,13179,1647
888.777,43,857.9,12869,1609
888.827,44,877.8,13167,1646
888.877,44,878.1,13172,1647
888.927,43,859.9,12899,1612
888.977,44,878.8,13183,1648
889.027,44,878.7,13180,1648
889.077,43,857.7,12865,1608
889.128,44,876.0,13140,1643
889.178,44,879.0,13184,1648
889.228,43,859.5,12892,1612
889.278,44,878.2,13173,1647
889.328,44,877.6,13164,1646
889.378,43,857.6,12865,1608
889.428,44,878.6,13180,1647
889.478,43,858.5,12878,1610
889.528,44,879.1,13186,1648
889.578,44,880.0,13199,1650
889.629,43,855.3,12830,1604
889.679,44,876.9,13153,1644
889.729,44,878.8,13183,1648
889.779,44,879.0,13184,1648
889.829,43,859.1,12887,1611
889.879,44,878.8,13182,1648
889.929,44,877.8,13167,1646
889.979,44,878.0,13170,1646
890.029,43,858.6,12880,1610
890.079,44,877.8,13167,1646
890.129,43,860.0,12900,1612
890.179,44,879.9,13198,1650
890.229,44,879.1,13187,1648
890.280,43,857.5,12863,1608
890.330,44,878.0,13170,1646
890.380,44,877.0,13154,1644
890.430,43,858.4,12876,1609
890.480,44,878.4,13175,1647
890.530,43,857.9,12868,1608
890.580,44,879.9,13198,1650
890.630,43,857.2,12859,1607
890.681,44,877.1,13156,1644
890.731,44,878.1,13171,1646
890.781,43,858.0,12870,1609
890.831,44,879.0,13185,1648
890.881,43,857.6,12863,1608
890.931,44,878.0,13170,1646
890.981,43,856.9,12854,1607
891.031,44,877.8,13167,1646
891.081,43,859.9,12899,1612
891.131,44,878.9,13183,1648
891.182,43,857.4,12862,1608
891.232,44,878.9,13184,1648
891.282,44,878.3,13175,1647
891.332,43,857.8,12867,1608
891.382,43,859.0,12885,1611
891.432,44,879.8,13196,1650
891.482,43,859.0,12885,1611
891.532,44,878.3,13175,1647
891.582,43,857.3,12860,1607
891.632,44,877.5,13163,1645
891.683,43,856.4,12847,1606
891.733,43,859.7,12896,1612
891.783,44,879.8,13197,1650
891.833,43,857.7,12866,1608
891.883,44,875.5,13132,1642
891.933,43,858.9,12883,1610
891.983,43,859.1,12887,1611
892.033,44,877.0,13154,1644
892.083,43,857.8,12867,1608
892.134,44,878.7,13181,1648
892.184,43,858.9,12883,1610
892.234,43,859.5,12893,1612
892.284,44,879.5,13192,1649
892.334,43,858.8,12883,1610
892.384,44,876.9,13153,1644
892.434,43,858.8,12882,1610
892.484,43,859.0,12885,1611
892.534,44,879.8,13197,1650
892.584,43,857.2,12858,1607
892.634,44,877.7,13165,1646
892.684,43,857.8,12867,1608
892.735,43,856.3,12844,1606
892.785,44,878.3,13174,1647
892.835,43,859.9,12899,1612
892.885,44,875.5,13133,1642
892.935,43,858.9,12884,1610
892.985,43,859.7,12896,1612
893.035,44,877.7,13165,1646
893.085,43,857.4,12861,1608
893.135,43,859.7,12896,1612
893.186,44,875.5,13133,1642
893.236,43,859.4,12892,1611
893.286,43,858.5,12877,1610
893.336,44,877.0,13155,1644
893.386,43,857.9,12868,1609
893.436,43,857.9,12869,1609
893.486,44,876.6,13148,1644
893.536,43,859.8,12897,1612
893.587,43,857.5,12862,1608
893.637,43,857.7,12865,1608
893.687,44,877.5,13163,1645
893.737,43,856.7,12851,1606
893.787,43,858.6,12879,1610
893.837,44,877.0,13155,1644
893.887,43,858.4,12876,1610
893.937,43,858.6,12879,1610
893.987,43,859.7,12896,1612
894.037,44,879.7,13195,1649
894.088,43,857.3,12859,1607
894.138,43,859.0,12885,1611
894.188,43,859.1,12886,1611
894.238,43,859.5,12893,1612
894.288,44,878.2,13172,1647
894.338,43,858.8,12882,1610
894.388,43,857.8,12866,1608
894.438,44,879.3,13189,1649
894.488,43,857.4,12862,1608
894.538,43,858.3,12874,1609
894.588,43,859.9,12899,1612
894.638,44,877.9,13169,1646
894.689,43,859.6,12895,1612
894.739,43,859.0,12885,1611
894.789,43,859.1,12886,1611
894.839,44,877.6,13164,1646
894.889,43,856.9,12854,1607
894.939,43,857.9,12869,1609
894.989,44,876.9,13154,1644
895.039,43,857.1,12857,1607
895.089,43,859.3,12890,1611
895.140,44,878.6,13179,1647
895.190,43,857.8,12867,1608
895.240,43,857.1,12857,1607
895.290,44,877.8,13167,1646
895.340,43,857.6,12864,1608
895.390,43,859.2,12889,1611
895.440,44,876.9,13154,1644
895.490,43,857.6,12864,1608
895.541,44,877.7,13165,1646
895.591,43,858.9,12883,1610
895.641,43,856.8,12852,1607
895.691,44,877.8,13167,1646
895.741,43,859.2,12888,1611
895.791,43,858.2,12872,1609
895.841,44,879.2,13188,1649
895.891,43,857.4,12862,1608
895.941,43,859.7,12895,1612
895.991,44,879.0,13186,1648
896.041,43,859.7,12896,1612
896.092,44,876.8,13152,1644
896.142,43,859.1,12887,1611
896.192,43,859.7,12896,1612
896.242,44,876.8,13152,1644
896.292,43,857.1,12857,1607
896.342,44,879.5,13192,1649
896.392,44,875.5,13132,1642
896.442,43,859.3,12889,1611
896.492,44,878.0,13170,1646
896.543,43,857.9,12868,1609
896.593,44,876.5,13148,1643
896.643,44,879.0,13185,1648
896.693,44,876.8,13152,1644
896.743,43,858.2,12873,1609
896.793,44,879.1,13187,1648
896.843,43,856.1,12841,1605
896.893,44,879.0,13186,1648
896.943,43,859.9,12899,1612
896.994,44,877.0,13155,1644
897.044,44,878.5,13178,1647
897.094,43,859.1,12886,1611
897.144,44,877.4,13162,1645
897.194,43,857.2,12859,1607
897.244,44,879.6,13194,1649
897.294,43,857.0,12855,1607
897.344,44,878.8,13181,1648
897.394,43,859.2,12887,1611
897.444,44,879.4,13191,1649
897.495,43,857.2,12858,1607
897.545,44,876.7,13150,1644
897.595,43,859.0,12885,1611
897.645,44,878.9,13184,1648
897.695,44,876.8,13152,1644
897.745,43,858.5,12877,1610
897.795,43,860.0,12899,1612
897.845,44,877.8,13168,1646
897.895,44,879.3,13190,1649
897.945,43,857.9,12869,1609
897.995,44,879.7,13195,1649
898.045,43,859.3,12889,1611
898.096,44,877.5,13163,1645
898.146,44,875.4,13131,1641
898.196,43,858.6,12878,1610
898.246,44,878.8,13182,1648
898.296,44,877.2,13157,1645
898.346,43,857.2,12859,1607
898.396,44,878.6,13180,1647
898.447,44,876.7,13151,1644
898.497,43,859.0,12885,1611
898.547,44,879.0,13185,1648
898.597,43,858.8,12881,1610
898.647,44,877.0,13155,1644
898.697,43,859.4,12891,1611
898.747,44,878.0,13170,1646
898.797,43,857.1,12856,1607
898.847,44,877.7,13166,1646
898.897,43,859.0,12885,1611
898.948,44,877.5,13163,1645
898.998,44,875.7,13135,1642
899.048,43,859.1,12886,1611
899.098,44,879.0,13185,1648
899.148,43,856.7,12850,1606
899.198,44,876.8,13153,1644
899.249,43,856.7,12851,1606
899.299,44,879.6,13195,1649
899.349,43,858.1,12871,1609
899.399,44,877.0,13154,1644
899.449,43,859.8,12898,1612
899.499,43,858.0,12869,1609
899.549,44,878.7,13181,1648
899.599,43,856.8,12852,1607
899.649,43,859.1,12887,1611
899.699,44,877.5,13162,1645
899.749,43,859.4,12891,1611
899.800,44,878.6,13179,1647
899.850,43,859.2,12888,1611
899.900,43,857.7,12865,1608
899.950,44,878.0,13170,1646
900.000,43,857.5,12862,1608
900.050,43,860.0,12900,1612
900.100,44,878.1,13172,1646
900.150,43,857.6,12863,1608
900.200,44,877.9,13168,1646
900.251,43,855.6,12834,1604
900.301,44,879.0,13185,1648
900.351,43,859.7,12896,1612
900.401,43,857.2,12859,1607
900.451,44,878.7,13181,1648
900.501,43,859.5,12893,1612
900.551,44,877.2,13158,1645
900.601,43,859.2,12888,1611
900.651,44,877.8,13167,1646
900.701,43,858.7,12881,1610
900.751,43,857.9,12868,1608
900.802,44,877.6,13164,1645
900.852,43,855.6,12834,1604
900.902,44,875.9,13138,1642
900.952,43,858.9,12884,1610
901.002,43,859.6,12893,1612
901.052,44,877.5,13163,1645
901.102,43,858.8,12882,1610
901.152,44,879.1,13187,1648
901.203,43,857.3,12860,1607
901.253,44,875.7,13136,1642
901.303,43,859.2,12888,1611
901.353,43,857.6,12864,1608
901.403,44,877.0,13155,1644
901.453,44,876.6,13149,1644
901.503,43,859.9,12899,1612
901.553,43,859.6,12894,1612
901.604,44,877.9,13169,1646
901.654,43,857.4,12860,1608
901.704,43,858.7,12881,1610
901.754,44,877.8,13167,1646
901.804,43,857.8,12868,1608
901.854,43,857.3,12859,1607
901.904,44,878.9,13184,1648
901.954,43,856.2,12843,1605
902.005,44,878.2,13173,1647
902.055,43,859.6,12895,1612
902.105,43,857.1,12856,1607
902.155,44,879.8,13197,1650
902.205,43,859.9,12899,1612
902.255,43,858.7,12880,1610
902.305,44,879.1,13186,1648
902.355,43,858.6,12878,1610
902.405,44,876.0,13139,1642
902.455,43,859.2,12888,1611
902.505,44,879.4,13191,1649
902.555,43,858.5,12878,1610
902.606,44,876.5,13148,1644
902.656,43,859.1,12887,1611
902.706,43,859.0,12885,1611
902.756,44,879.7,13196,1650
902.806,43,858.5,12877,1610
902.856,44,878.3,13174,1647
902.906,43,858.7,12881,1610
902.956,44,877.0,13156,1644
903.006,43,858.7,12881,1610
903.056,43,858.7,12881,1610
903.106,44,879.9,13198,1650
903.156,43,859.2,12888,1611
903.206,43,859.1,12887,1611
903.256,44,880.0,13200,1650
903.306,43,859.1,12886,1611
903.357,43,858.9,12883,1610
903.407,44,879.9,13199,1650
903.457,43,859.1,12886,1611
903.507,43,858.9,12883,1610
903.557,44,879.6,13195,1649
903.607,43,858.3,12874,1609
903.657,43,857.9,12869,1609
903.707,44,876.6,13149,1644
903.757,43,857.5,12863,1608
903.807,43,857.1,12857,1607
903.858,44,877.9,13169,1646
903.908,43,859.9,12898,1612
903.958,43,857.9,12868,1609
904.008,44,878.7,13181,1648
904.058,43,858.2,12873,1609
904.108,43,858.7,12881,1610
904.158,44,877.6,13164,1645
904.208,43,859.3,12889,1611
904.258,43,858.1,12872,1609
904.308,44,878.4,13176,1647
904.358,43,859.0,12885,1611
904.408,43,859.1,12886,1611
904.458,43,858.7,12880,1610
904.508,43,859.6,12894,1612
904.559,44,878.2,13172,1647
904.609,43,857.0,12855,1607
904.659,43,856.4,12847,1606
904.709,44,877.3,13160,1645
904.759,43,859.7,12895,1612
904.809,44,878.0,13170,1646
904.859,43,859.1,12886,1611
904.909,43,858.9,12883,1610
904.959,44,879.7,13196,1649
905.010,43,856.8,12851,1606
905.060,43,856.9,12854,1607
905.110,44,879.7,13195,1649
905.160,43,857.9,12868,1609
905.210,43,859.4,12891,1611
905.260,44,877.8,13167,1646
905.310,43,859.5,12893,1612
905.360,43,858.5,12877,1610
905.410,44,877.5,13163,1645
905.460,43,859.6,12893,1612
905.510,43,858.7,12881,1610
905.561,43,857.3,12860,1607
905.611,44,879.8,13197,1650
905.661,43,859.4,12891,1611
905.711,43,859.9,12898,1612
905.761,43,857.6,12865,1608
905.811,44,877.8,13166,1646
905.861,43,857.9,12868,1609
905.911,43,856.6,12849,1606
905.961,44,877.9,13168,1646
906.011,43,858.8,12882,1610
906.061,43,859.7,12896,1612
906.111,44,879.5,13192,1649
906.162,43,857.9,12868,1609
906.212,43,858.4,12877,1610
906.262,43,858.3,12875,1609
906.312,44,879.8,13196,1650
906.362,43,858.7,12881,1610
906.412,43,859.4,12890,1611
906.462,43,859.2,12888,1611
906.512,44,879.8,13198,1650
906.562,43,859.9,12898,1612
906.612,43,857.0,12855,1607
906.662,43,856.5,12847,1606
906.712,44,878.4,13175,1647
906.762,43,859.5,12893,1612
906.813,43,859.0,12885,1611
906.863,43,857.2,12857,1607
906.913,43,859.5,12893,1612
906.963,44,879.3,13189,1649
907.013,43,856.4,12846,1606
907.063,44,875.6,13135,1642
907.113,43,856.2,12843,1605
907.164,43,858.2,12873,1609
907.214,44,879.2,13187,1648
907.264,43,856.6,12849,1606
907.314,43,858.9,12883,1610
907.364,44,877.1,13156,1645
907.414,43,858.9,12884,1611
907.464,43,856.8,12852,1606
907.514,44,877.7,13165,1646
907.565,43,856.8,12852,1607
907.615,43,856.9,12854,1607
907.665,44,877.4,13161,1645
907.715,43,858.2,12873,1609
907.765,44,876.4,13145,1643
907.815,43,860.0,12900,1612
907.865,44,877.6,13164,1645
907.915,43,858.8,12883,1610
907.966,44,878.5,13177,1647
908.016,43,859.2,12888,1611
908.066,44,878.1,13171,1646
908.116,43,858.5,12877,1610
908.166,44,877.9,13169,1646
908.216,43,859.8,12897,1612
908.266,44,876.7,13151,1644
908.316,44,878.0,13170,1646
908.366,43,857.7,12866,1608
908.416,44,877.5,13163,1645
908.467,44,879.0,13185,1648
908.517,43,857.9,12869,1609
908.567,44,879.0,13186,1648
908.617,43,859.6,12894,1612
908.667,44,879.3,13190,1649
908.717,44,877.6,13164,1646
908.767,43,857.8,12867,1608
908.817,44,876.8,13152,1644
908.867,44,879.8,13196,1650
908.917,43,859.1,12887,1611
908.967,44,878.8,13182,1648
909.017,43,859.1,12887,1611
909.067,44,879.0,13185,1648
909.118,44,877.4,13161,1645
909.168,43,858.3,12875,1609
909.218,44,877.4,13161,1645
909.268,44,878.2,13173,1647
909.318,43,857.5,12862,1608
909.368,44,878.8,13182,1648
909.418,44,876.6,13148,1644
909.468,43,858.8,12882,1610
909.519,44,878.4,13175,1647
909.569,43,859.9,12898,1612
909.619,44,877.9,13169,1646
909.669,43,859.4,12891,1611
909.719,44,877.0,13154,1644
909.769,43,859.2,12888,1611
909.819,44,876.8,13152,1644
909.869,43,859.8,12896,1612
909.919,44,879.2,13188,1648
909.969,43,858.9,12884,1610
910.019,44,878.0,13170,1646
910.069,43,858.9,12884,1611
910.120,44,877.7,13165,1646
910.170,43,859.8,12898,1612
910.220,44,878.8,13182,1648
910.270,43,858.2,12873,1609
910.320,43,858.8,12882,1610
910.370,44,877.1,13156,1644
910.420,43,857.9,12868,1609
910.470,44,875.2,13128,1641
910.521,43,855.6,12835,1604
910.571,44,879.1,13187,1648
910.621,43,858.7,12880,1610
910.671,43,859.2,12888,1611
910.721,44,877.9,13169,1646
910.771,43,859.8,12897,1612
910.821,43,856.9,12854,1607
910.871,44,878.7,13181,1648
910.921,43,859.1,12887,1611
910.971,43,858.0,12870,1609
911.021,44,879.5,13192,1649
911.071,43,858.1,12872,1609
911.121,43,859.0,12885,1611
911.172,44,879.0,13185,1648
911.222,43,859.4,12890,1611
911.272,43,857.9,12869,1609
911.322,44,878.8,13183,1648
911.372,43,858.6,12880,1610
911.422,43,857.6,12864,1608
911.472,44,876.6,13150,1644
911.522,43,858.4,12876,1609
911.572,43,859.6,12894,1612
911.622,44,879.8,13198,1650
911.672,43,860.0,12900,1612
911.722,43,858.4,12876,1609
911.773,44,877.3,13160,1645
911.823,43,859.7,12896,1612
911.873,43,859.1,12886,1611
911.923,44,877.1,13157,1645
911.973,43,856.6,12849,1606
912.023,43,858.5,12877,1610
912.073,44,878.3,13174,1647
912.123,43,859.6,12895,1612
912.173,43,859.5,12892,1611
912.223,44,878.6,13179,1647
912.273,43,857.2,12858,1607
912.324,43,858.9,12884,1610
912.374,44,878.5,13177,1647
912.424,43,859.4,12891,1611
912.474,43,858.6,12879,1610
912.524,44,877.9,13169,1646
912.574,43,857.5,12863,1608
912.624,44,879.9,13199,1650
912.674,43,858.6,12879,1610
912.724,43,858.5,12877,1610
912.774,44,879.4,13191,1649
912.824,43,858.3,12874,1609
912.874,44,876.8,13153,1644
912.925,43,858.6,12879,1610
912.975,43,859.2,12888,1611
913.025,44,877.9,13168,1646
913.075,43,858.8,12882,1610
913.125,43,858.2,12874,1609
913.175,44,878.5,13178,1647
913.225,43,858.1,12872,1609
913.275,44,879.9,13198,1650
913.325,43,859.9,12899,1612
913.375,43,857.0,12855,1607
913.425,44,879.8,13197,1650
913.475,43,859.2,12888,1611
913.525,43,858.8,12882,1610
913.576,44,877.6,13165,1646
913.626,43,858.8,12882,1610
913.676,44,877.6,13163,1645
913.726,43,859.6,12894,1612
913.776,43,858.6,12879,1610
913.826,44,877.8,13166,1646
913.876,43,858.8,12883,1610
913.926,43,857.8,12866,1608
913.976,44,876.9,13154,1644
914.027,43,857.1,12857,1607
914.077,44,879.9,13199,1650
914.127,43,855.4,12830,1604
914.177,43,858.4,12876,1610
914.227,44,879.3,13189,1649
914.277,43,857.0,12855,1607
914.327,43,857.9,12869,1609
914.377,44,877.7,13166,1646
914.427,43,859.3,12889,1611
914.477,43,858.6,12879,1610
914.528,43,859.6,12894,1612
914.578,44,878.3,13175,1647
914.628,43,857.9,12869,1609
914.678,43,858.7,12881,1610
914.728,43,858.2,12872,1609
914.778,44,878.0,13170,1646
914.828,43,858.0,12871,1609
914.878,43,858.4,12876,1609
914.928,43,857.8,12866,1608
914.979,44,876.6,13149,1644
915.029,43,859.2,12888,1611
915.079,43,859.2,12888,1611
915.129,43,859.4,12891,1611
915.179,44,879.3,13189,1649
915.229,43,858.7,12880,1610
915.279,43,857.8,12866,1608
915.329,43,859.2,12888,1611
915.379,44,879.0,13185,1648
915.429,43,858.0,12870,1609
915.479,43,859.4,12891,1611
915.529,43,857.2,12859,1607
915.579,44,879.0,13185,1648
915.630,43,857.7,12865,1608
915.680,43,857.8,12867,1608
915.730,44,879.0,13185,1648
915.780,43,859.0,12885,1611
915.830,43,858.2,12873,1609
915.880,44,879.8,13197,1650
915.930,43,857.9,12868,1609
915.980,43,858.8,12882,1610
916.030,44,877.6,13164,1646
916.080,43,859.5,12892,1611
916.130,43,857.8,12867,1608
916.180,43,859.6,12893,1612
916.230,44,879.9,13198,1650
916.281,43,856.7,12851,1606
916.331,43,856.8,12852,1607
916.381,44,878.7,13180,1647
916.431,43,858.2,12873,1609
916.481,44,877.9,13169,1646
916.531,43,859.6,12894,1612
916.581,43,857.3,12860,1608
916.631,44,878.0,13170,1646
916.682,43,858.0,12870,1609
916.732,44,876.3,13145,1643
916.782,43,859.1,12886,1611
916.832,43,858.6,12879,1610
916.882,44,877.7,13166,1646
916.932,43,857.9,12868,1609
916.982,44,876.6,13148,1644
917.032,43,859.1,12886,1611
917.082,44,878.0,13170,1646
917.132,43,860.0,12899,1612
917.183,44,876.2,13144,1643
917.233,43,859.5,12893,1612
917.283,43,859.8,12897,1612
917.333,44,879.6,13194,1649
917.383,43,858.2,12873,1609
917.433,44,877.6,13164,1645
917.483,43,857.5,12863,1608
917.533,44,876.4,13146,1643
917.583,43,857.9,12868,1609
917.634,44,877.7,13166,1646
917.684,43,858.4,12876,1610
917.734,44,878.3,13174,1647
917.784,44,876.8,13153,1644
917.834,43,859.9,12898,1612
917.884,44,879.2,13188,1649
917.934,43,859.6,12894,1612
917.984,44,875.7,13135,1642
918.034,44,877.7,13166,1646
918.085,44,875.8,13136,1642
918.135,43,858.6,12880,1610
918.185,44,877.1,13156,1645
918.235,44,877.2,13157,1645
918.285,44,877.0,13156,1644
918.335,43,859.2,12888,1611
918.385,44,877.8,13166,1646
918.436,44,876.8,13153,1644
918.486,44,878.8,13182,1648
918.536,43,860.0,12899,1612
918.586,44,876.9,13154,1644
918.636,44,877.9,13169,1646
918.686,44,879.0,13185,1648
918.736,44,879.1,13186,1648
918.786,43,857.9,12869,1609
918.836,44,880.0,13199,1650
918.886,44,879.7,13196,1650
918.936,43,858.2,12873,1609
918.986,44,879.6,13195,1649
919.036,44,877.6,13164,1646
919.087,43,859.0,12885,1611
919.137,44,877.7,13165,1646
919.187,44,879.5,13193,1649
919.237,43,859.8,12897,1612
919.287,44,878.3,13174,1647
919.337,43,858.7,12880,1610
919.387,44,877.9,13169,1646
919.437,43,859.6,12894,1612
919.487,44,879.1,13186,1648
919.537,43,858.7,12880,1610
919.587,44,877.3,13160,1645
919.637,44,877.1,13156,1645
919.688,43,858.9,12883,1610
919.738,43,858.8,12883,1610
919.788,44,877.1,13157,1645
919.838,43,857.9,12868,1609
919.888,44,876.7,13150,1644
919.938,44,878.6,13178,1647
919.988,43,857.7,12865,1608
920.038,43,859.2,12888,1611
920.088,44,880.0,13200,1650
920.139,43,856.8,12852,1607
920.189,44,878.7,13181,1648
920.239,43,857.9,12868,1609
920.289,44,880.0,13200,1650
920.339,43,856.8,12853,1607
920.389,44,875.2,13127,1641
920.439,43,858.5,12878,1610
920.489,44,877.2,13158,1645
920.539,44,879.4,13190,1649
920.590,43,858.7,12880,1610
920.640,44,879.2,13187,1648
920.690,43,857.4,12860,1608
920.740,44,876.8,13152,1644
920.790,44,876.1,13142,1643
920.840,43,858.1,12871,1609
920.890,44,877.9,13169,1646
920.940,43,858.2,12873,1609
920.991,44,877.4,13161,1645
921.041,44,879.7,13196,1649
921.091,43,857.5,12863,1608
921.141,44,875.9,13139,1642
921.191,44,878.8,13182,1648
921.241,43,858.1,12871,1609
921.291,44,876.6,13149,1644
921.342,43,858.0,12871,1609
921.392,44,876.9,13153,1644
921.442,43,859.6,12894,1612
921.492,44,876.9,13153,1644
921.542,43,859.7,12895,1612
921.592,44,879.1,13187,1648
921.642,43,857.8,12867,1608
921.692,44,879.4,13191,1649
921.742,43,857.3,12859,1607
921.792,44,878.1,13172,1646
921.843,43,857.4,12861,1608
921.893,44,877.3,13159,1645
921.943,43,860.0,12900,1612
921.993,44,879.7,13196,1650
922.043,43,857.7,12866,1608
922.093,44,877.8,13167,1646
922.143,43,858.6,12879,1610
922.193,44,878.2,13173,1647
922.243,44,878.9,13184,1648
922.293,43,857.6,12865,1608
922.344,44,877.1,13157,1645
922.394,43,857.4,12862,1608
922.444,44,877.3,13159,1645
922.494,44,878.3,13175,1647
922.544,43,857.1,12857,1607
922.594,44,880.0,13200,1650
922.644,43,857.1,12857,1607
922.694,44,880.0,13200,1650
922.744,43,858.2,12873,1609
922.794,44,878.3,13175,1647
922.844,43,860.0,12900,1612
922.894,44,880.0,13199,1650
922.945,43,857.8,12866,1608
922.995,44,877.0,13154,1644
923.045,43,857.5,12863,1608
923.095,44,879.0,13185,1648
923.145,43,858.8,12882,1610
923.195,44,879.0,13185,1648
923.245,43,856.7,12850,1606
923.295,44,879.1,13187,1648
923.345,43,858.8,12882,1610
923.395,44,879.3,13189,1649
923.446,44,877.5,13163,1645
923.496,43,858.8,12883,1610
923.546,43,859.7,12896,1612
923.596,44,877.1,13157,1645
923.646,44,878.0,13169,1646
923.696,43,856.5,12847,1606
923.746,44,878.2,13172,1647
923.796,44,879.7,13195,1649
923.846,43,858.9,12883,1610
923.897,44,876.8,13152,1644
923.947,44,877.8,13168,1646
923.997,43,859.0,12885,1611
924.047,44,877.2,13158,1645
924.097,44,877.7,13165,1646
924.147,44,879.3,13190,1649
924.197,43,858.9,12883,1610
924.247,44,879.3,13190,1649
924.297,44,879.7,13196,1649
924.347,43,857.1,12857,1607
924.397,44,879.1,13186,1648
924.448,44,877.3,13160,1645
924.498,43,859.3,12889,1611
924.548,44,877.5,13163,1645
924.598,44,876.7,13150,1644
924.648,44,878.0,13170,1646
924.698,43,857.8,12867,1608
924.748,44,879.0,13185,1648
924.798,44,879.0,13185,1648
924.848,43,858.9,12883,1610
924.898,43,859.7,12895,1612
924.949,42,836.9,12554,1569
924.999,42,838.4,12576,1572
925.049,41,815.4,12231,1529
925.099,40,798.0,11970,1496
925.149,41,817.2,12258,1532
925.199,39,779.4,11692,1461
925.249,39,777.8,11667,1458
925.299,38,758.4,11377,1422
925.350,38,759.7,11395,1424
925.400,37,737.2,11058,1382
925.450,37,738.8,11082,1385
925.500,36,718.4,10775,1347
925.550,35,699.8,10496,1312
925.600,35,699.4,10490,1311
925.650,35,699.0,10485,1311
925.700,34,679.8,10196,1275
925.750,33,659.8,9897,1237
925.800,33,659.8,9896,1237
925.850,33,659.6,9894,1237
925.900,32,639.9,9599,1200
925.950,31,619.0,9284,1161
926.000,32,638.9,9584,1198
926.051,31,616.9,9254,1157
926.101,30,598.6,8979,1122
926.151,30,598.5,8977,1122
926.201,29,579.3,8689,1086
926.251,29,579.2,8688,1086
926.301,29,579.4,8692,1086
926.351,28,558.4,8376,1047
926.401,28,558.7,8380,1048
926.451,27,537.9,8068,1009
926.502,27,538.2,8073,1009
926.552,27,538.7,8081,1010
926.602,26,518.1,7772,971
926.652,26,518.5,7778,972
926.702,25,498.7,7481,935
926.752,26,518.3,7774,972
926.802,24,479.4,7190,899
926.852,24,479.9,7199,900
926.903,24,478.2,7174,897
926.953,24,478.4,7176,897
927.003,23,459.0,6885,861
927.053,23,459.1,6887,861
927.103,23,458.5,6878,860
927.153,22,439.9,6599,825
927.203,22,438.9,6583,823
927.253,21,418.9,6284,786
927.304,22,438.2,6573,822
927.354,21,418.8,6282,785
927.404,20,398.7,5981,748
927.454,20,399.5,5993,749
927.504,20,399.0,5984,748
927.554,20,399.9,5999,750
927.604,19,378.7,5680,710
927.655,20,398.0,5970,746
927.705,18,358.0,5371,671
927.755,19,379.4,5692,711
927.805,18,358.9,5383,673
927.855,18,359.2,5387,673
927.905,17,339.4,5090,636
927.955,18,359.8,5397,675
928.005,17,339.5,5092,636
928.055,17,339.3,5089,636
928.105,16,320.0,4800,600
928.155,16,319.7,4795,599
928.206,16,319.1,4787,598
928.256,16,319.3,4789,599
928.306,15,299.9,4498,562
928.356,15,299.9,4499,562
928.406,15,299.9,4499,562
928.456,15,299.4,4492,561
928.506,14,279.6,4195,524
928.556,14,279.3,4190,524
928.606,14,279.0,4185,523
928.656,14,279.6,4194,524
928.706,13,259.4,3890,486
928.757,13,259.4,3890,486
928.807,13,259.0,3884,486
928.857,13,259.4,3891,486
928.907,12,238.7,3580,448
928.957,12,238.8,3582,448
929.008,12,239.4,3591,449
929.058,12,239.3,3589,449
929.108,11,219.9,3298,412
929.158,12,239.1,3586,448
929.208,11,219.5,3292,411
929.258,10,199.8,2997,375
929.308,11,219.3,3289,411
929.358,11,220.0,3300,412
929.408,9,180.0,2700,337
929.458,10,199.6,2994,374
929.508,10,199.7,2996,374
929.559,9,179.3,2690,336
929.609,10,200.0,3000,375
929.659,9,179.3,2690,336
929.709,8,159.8,2397,300
929.759,9,179.7,2696,337
929.809,9,179.9,2699,337
929.859,8,159.9,2398,300
929.909,7,139.5,2092,262
929.959,8,159.5,2392,299
930.009,8,159.8,2398,300
930.059,7,140.0,2099,262
930.110,7,139.6,2094,262
930.160,7,139.9,2099,262
930.210,6,119.9,1799,225
930.260,7,139.9,2098,262
930.310,6,119.8,1797,225
930.360,6,119.7,1795,224
930.410,6,119.7,1796,225
930.460,6,119.7,1795,224
930.510,5,99.7,1495,187
930.560,6,120.0,1799,225
930.610,5,99.9,1498,187
930.661,5,99.5,1493,187
930.711,5,99.7,1495,187
930.761,5,99.7,1495,187
930.811,4,80.0,1199,150
930.861,5,99.8,1497,187
930.911,4,79.9,1198,150
930.961,4,79.9,1198,150
931.011,4,79.7,1196,149
931.061,4,79.9,1198,150
931.112,3,59.9,898,112
931.162,4,79.9,1199,150
931.212,3,60.0,899,112
931.262,3,59.9,899,112
931.312,3,60.0,899,112
931.362,2,39.8,598,75
931.412,3,59.7,896,112
931.462,2,39.9,598,75
931.512,2,40.0,600,75
931.562,3,60.0,900,112
931.613,2,39.9,599,75
931.663,1,20.0,299,37
931.713,2,39.9,598,75
931.763,2,39.9,598,75
931.813,1,20.0,299,37
931.863,1,20.0,300,37
931.913,1,20.0,300,37
931.963,1,20.0,299,37
932.013,1,19.9,299,37
932.064,0,0.0,0,0
932.114,1,19.9,299,37
932.164,0,0.0,0,0
932.214,0,0.0,0,0
932.264,0,0.0,0,0
932.314,0,0.0,0,0
932.364,0,0.0,0,0
932.414,0,0.0,0,0
932.465,0,0.0,0,0
932.515,0,0.0,0,0
932.565,0,0.0,0,0
932.615,0,0.0,0,0
932.665,0,0.0,0,0
932.715,0,0.0,0,0
932.765,0,0.0,0,0
932.815,0,0.0,0,0
932.865,0,0.0,0,0
932.916,0,0.0,0,0
932.966,0,0.0,0,0
933.016,0,0.0,0,0
933.066,0,0.0,0,0
933.116,0,0.0,0,0
933.166,0,0.0,0,0
933.216,0,0.0,0,0
933.266,0,0.0,0,0
933.316,0,0.0,0,0
933.366,0,0.0,0,0
933.416,0,0.0,0,0
933.467,0,0.0,0,0
933.517,0,0.0,0,0
933.567,0,0.0,0,0
933.617,0,0.0,0,0
933.667,0,0.0,0,0
933.717,0,0.0,0,0
933.767,0,0.0,0,0
933.817,0,0.0,0,0
933.867,0,0.0,0,0
933.918,0,0.0,0,0
933.968,0,0.0,0,0
934.018,0,0.0,0,0
934.068,0,0.0,0,0
934.118,0,0.0,0,0
934.168,0,0.0,0,0
934.218,0,0.0,0,0
934.268,0,0.0,0,0
934.318,0,0.0,0,0
934.368,0,0.0,0,0
934.419,0,0.0,0,0
934.469,0,0.0,0,0
934.519,0,0.0,0,0
934.569,0,0.0,0,0
934.619,0,0.0,0,0
934.669,0,0.0,0,0
934.719,0,0.0,0,0
934.769,0,0.0,0,0
934.819,0,0.0,0,0
934.869,0,0.0,0,0
934.920,0,0.0,0,0
934.970,0,0.0,0,0
935.020,0,0.0,0,0
935.070,0,0.0,0,0
935.120,0,0.0,0,0
935.170,0,0.0,0,0
935.220,0,0.0,0,0
935.270,0,0.0,0,0
935.320,0,0.0,0,0
935.370,0,0.0,0,0
935.420,0,0.0,0,0
935.471,0,0.0,0,0
935.521,0,0.0,0,0
935.571,0,0.0,0,0
935.621,0,0.0,0,0
935.671,0,0.0,0,0
935.721,1,20.0,299,37
935.771,0,0.0,0,0
935.822,0,0.0,0,0
935.872,0,0.0,0,0
935.922,0,0.0,0,0
935.972,0,0.0,0,0
936.022,0,0.0,0,0
936.072,0,0.0,0,0
936.122,0,0.0,0,0
936.172,0,0.0,0,0
936.222,0,0.0,0,0
936.272,0,0.0,0,0
936.323,0,0.0,0,0
936.373,0,0.0,0,0
936.423,0,0.0,0,0
936.473,0,0.0,0,0
936.523,0,0.0,0,0
936.573,0,0.0,0,0
936.623,0,0.0,0,0
936.673,0,0.0,0,0
936.723,0,0.0,0,0
936.773,0,0.0,0,0
936.823,0,0.0,0,0
936.873,0,0.0,0,0
936.923,0,0.0,0,0
936.974,0,0.0,0,0
937.024,0,0.0,0,0
937.074,0,0.0,0,0
937.124,0,0.0,0,0
937.174,0,0.0,0,0
937.224,0,0.0,0,0
937.274,0,0.0,0,0
937.324,0,0.0,0,0
937.375,0,0.0,0,0
937.425,0,0.0,0,0
937.475,0,0.0,0,0
937.525,0,0.0,0,0
937.575,0,0.0,0,0
937.625,0,0.0,0,0
937.675,0,0.0,0,0
937.725,0,0.0,0,0
937.775,0,0.0,0,0
937.825,0,0.0,0,0
937.875,0,0.0,0,0
937.925,0,0.0,0,0
937.975,0,0.0,0,0
938.025,0,0.0,0,0
938.076,0,0.0,0,0
938.126,0,0.0,0,0
938.176,0,0.0,0,0
938.226,0,0.0,0,0
938.276,0,0.0,0,0
938.326,0,0.0,0,0
938.376,0,0.0,0,0
938.426,0,0.0,0,0
938.476,0,0.0,0,0
938.526,0,0.0,0,0
938.576,0,0.0,0,0
938.626,0,0.0,0,0
938.677,0,0.0,0,0
938.727,0,0.0,0,0
938.777,0,0.0,0,0
938.827,0,0.0,0,0
938.877,0,0.0,0,0
938.927,0,0.0,0,0
938.977,0,0.0,0,0
939.027,0,0.0,0,0
939.077,0,0.0,0,0
939.128,0,0.0,0,0
939.178,0,0.0,0,0
939.228,0,0.0,0,0
939.278,0,0.0,0,0
939.328,0,0.0,0,0
939.378,0,0.0,0,0
939.428,0,0.0,0,0
939.478,0,0.0,0,0
939.528,0,0.0,0,0
939.578,0,0.0,0,0
939.629,0,0.0,0,0
939.679,0,0.0,0,0
939.729,0,0.0,0,0
939.779,0,0.0,0,0
939.829,0,0.0,0,0
939.879,0,0.0,0,0
939.929,0,0.0,0,0
939.979,0,0.0,0,0
940.029,0,0.0,0,0
940.080,0,0.0,0,0
940.130,0,0.0,0,0
940.180,0,0.0,0,0
940.230,0,0.0,0,0
940.280,0,0.0,0,0
940.330,0,0.0,0,0
940.380,0,0.0,0,0
940.430,0,0.0,0,0
940.480,0,0.0,0,0
940.531,0,0.0,0,0
940.581,0,0.0,0,0
940.631,0,0.0,0,0
940.681,0,0.0,0,0
940.731,0,0.0,0,0
940.781,0,0.0,0,0
940.831,0,0.0,0,0
940.881,0,0.0,0,0
940.931,0,0.0,0,0
940.981,0,0.0,0,0
941.031,0,0.0,0,0
941.081,0,0.0,0,0
941.131,0,0.0,0,0
941.182,0,0.0,0,0
941.232,0,0.0,0,0
941.282,0,0.0,0,0
941.332,0,0.0,0,0
941.382,0,0.0,0,0
941.432,0,0.0,0,0
941.482,0,0.0,0,0
941.532,0,0.0,0,0
941.582,0,0.0,0,0
941.632,0,0.0,0,0
941.682,0,0.0,0,0
941.733,0,0.0,0,0
941.783,0,0.0,0,0
941.833,0,0.0,0,0
941.883,0,0.0,0,0
941.933,0,0.0,0,0
941.983,0,0.0,0,0
942.033,0,0.0,0,0
942.083,0,0.0,0,0
942.134,0,0.0,0,0
942.184,0,0.0,0,0
942.234,0,0.0,0,0
942.284,0,0.0,0,0
942.334,0,0.0,0,0
942.384,0,0.0,0,0
942.434,0,0.0,0,0
942.484,0,0.0,0,0
942.534,0,0.0,0,0
942.584,0,0.0,0,0
942.634,0,0.0,0,0
942.684,0,0.0,0,0
942.734,0,0.0,0,0
942.784,0,0.0,0,0
942.834,0,0.0,0,0
942.885,0,0.0,0,0
942.935,0,0.0,0,0
942.985,0,0.0,0,0
943.035,0,0.0,0,0
943.085,0,0.0,0,0
943.135,0,0.0,0,0
943.185,0,0.0,0,0
943.236,0,0.0,0,0
943.286,0,0.0,0,0
943.336,0,0.0,0,0
943.386,0,0.0,0,0
943.436,0,0.0,0,0
943.486,0,0.0,0,0
943.536,0,0.0,0,0
943.586,0,0.0,0,0
943.636,0,0.0,0,0
943.687,0,0.0,0,0
943.737,0,0.0,0,0
943.787,0,0.0,0,0
943.837,0,0.0,0,0
943.887,0,0.0,0,0
943.937,0,0.0,0,0
943.987,0,0.0,0,0
944.037,0,0.0,0,0
944.087,0,0.0,0,0
944.137,0,0.0,0,0
944.187,0,0.0,0,0
944.237,0,0.0,0,0
944.287,0,0.0,0,0
944.338,0,0.0,0,0
944.388,0,0.0,0,0
944.438,0,0.0,0,0
944.488,0,0.0,0,0
944.538,0,0.0,0,0
944.588,0,0.0,0,0
944.638,0,0.0,0,0
944.688,0,0.0,0,0
944.738,0,0.0,0,0
944.788,0,0.0,0,0
944.838,0,0.0,0,0
944.888,0,0.0,0,0
944.938,0,0.0,0,0
944.988,0,0.0,0,0
945.038,0,0.0,0,0
945.089,0,0.0,0,0
945.139,0,0.0,0,0
945.189,0,0.0,0,0
945.239,0,0.0,0,0
945.289,0,0.0,0,0
945.339,0,0.0,0,0
945.389,0,0.0,0,0
945.439,0,0.0,0,0
945.489,0,0.0,0,0
945.539,0,0.0,0,0
945.589,0,0.0,0,0
945.639,0,0.0,0,0
945.690,0,0.0,0,0
945.740,0,0.0,0,0
945.790,0,0.0,0,0
945.840,0,0.0,0,0
945.890,0,0.0,0,0
945.940,0,0.0,0,0
945.990,0,0.0,0,0
946.040,0,0.0,0,0
946.090,0,0.0,0,0
946.140,0,0.0,0,0
946.190,0,0.0,0,0
946.241,0,0.0,0,0
946.291,0,0.0,0,0
946.341,0,0.0,0,0
946.391,0,0.0,0,0
946.441,0,0.0,0,0
946.491,0,0.0,0,0
946.541,0,0.0,0,0
946.591,0,0.0,0,0
946.641,0,0.0,0,0
946.691,0,0.0,0,0
946.741,0,0.0,0,0
946.791,0,0.0,0,0
946.841,0,0.0,0,0
946.892,0,0.0,0,0
946.942,0,0.0,0,0
946.992,0,0.0,0,0
947.042,0,0.0,0,0
947.092,0,0.0,0,0
947.142,0,0.0,0,0
947.192,0,0.0,0,0
947.242,0,0.0,0,0
947.292,0,0.0,0,0
947.342,0,0.0,0,0
947.393,0,0.0,0,0
947.443,0,0.0,0,0
947.493,0,0.0,0,0
947.543,0,0.0,0,0
947.593,0,0.0,0,0
947.643,0,0.0,0,0
947.693,0,0.0,0,0
947.743,0,0.0,0,0
947.793,0,0.0,0,0
947.843,0,0.0,0,0
947.894,0,0.0,0,0
947.944,0,0.0,0,0
947.994,0,0.0,0,0
948.044,0,0.0,0,0
948.094,0,0.0,0,0
948.144,0,0.0,0,0
948.194,0,0.0,0,0
948.244,0,0.0,0,0
948.294,0,0.0,0,0
948.345,0,0.0,0,0
948.395,0,0.0,0,0
948.445,0,0.0,0,0
948.495,0,0.0,0,0
948.545,0,0.0,0,0
948.595,0,0.0,0,0
948.645,0,0.0,0,0
948.695,0,0.0,0,0
948.745,0,0.0,0,0
948.795,0,0.0,0,0
948.846,0,0.0,0,0
948.896,0,0.0,0,0
948.946,0,0.0,0,0
948.996,0,0.0,0,0
949.046,0,0.0,0,0
949.096,0,0.0,0,0
949.146,0,0.0,0,0
949.196,0,0.0,0,0
949.247,0,0.0,0,0
949.297,0,0.0,0,0
949.347,0,0.0,0,0
949.397,0,0.0,0,0
949.447,0,0.0,0,0
949.497,0,0.0,0,0
949.547,0,0.0,0,0
949.597,0,0.0,0,0
949.647,0,0.0,0,0
949.698,0,0.0,0,0
949.748,0,0.0,0,0
949.798,0,0.0,0,0
949.848,0,0.0,0,0
949.898,0,0.0,0,0
949.948,0,0.0,0,0
949.998,0,0.0,0,0
950.049,0,0.0,0,0
950.099,0,0.0,0,0
950.149,0,0.0,0,0
950.199,0,0.0,0,0
950.249,0,0.0,0,0
950.299,0,0.0,0,0
950.349,0,0.0,0,0
950.399,0,0.0,0,0
950.449,0,0.0,0,0
950.499,0,0.0,0,0
950.549,0,0.0,0,0
950.600,0,0.0,0,0
950.650,0,0.0,0,0
950.700,0,0.0,0,0
950.750,0,0.0,0,0
950.800,0,0.0,0,0
950.850,0,0.0,0,0
950.900,0,0.0,0,0
950.950,0,0.0,0,0
951.000,0,0.0,0,0
951.050,0,0.0,0,0
951.100,0,0.0,0,0
951.150,0,0.0,0,0
951.200,0,0.0,0,0
951.251,0,0.0,0,0
951.301,0,0.0,0,0
951.351,0,0.0,0,0
951.401,0,0.0,0,0
951.451,0,0.0,0,0
951.501,0,0.0,0,0
951.551,0,0.0,0,0
951.601,0,0.0,0,0
951.651,0,0.0,0,0
951.701,0,0.0,0,0
951.751,0,0.0,0,0
951.802,0,0.0,0,0
951.852,0,0.0,0,0
951.902,0,0.0,0,0
951.952,0,0.0,0,0
952.002,0,0.0,0,0
952.052,0,0.0,0,0
952.102,0,0.0,0,0
952.152,0,0.0,0,0
952.203,0,0.0,0,0
952.253,0,0.0,0,0
952.303,0,0.0,0,0
952.353,0,0.0,0,0
952.403,0,0.0,0,0
952.453,0,0.0,0,0
952.503,0,0.0,0,0
952.553,0,0.0,0,0
952.603,0,0.0,0,0
952.654,0,0.0,0,0
952.704,0,0.0,0,0
952.754,0,0.0,0,0
952.804,0,0.0,0,0
952.854,0,0.0,0,0
952.904,0,0.0,0,0
952.954,0,0.0,0,0
953.004,0,0.0,0,0
953.054,0,0.0,0,0
953.104,0,0.0,0,0
953.154,0,0.0,0,0
953.204,0,0.0,0,0
953.254,0,0.0,0,0
953.304,0,0.0,0,0
953.355,0,0.0,0,0
953.405,0,0.0,0,0
953.455,0,0.0,0,0
953.505,0,0.0,0,0
953.555,0,0.0,0,0
953.605,0,0.0,0,0
953.655,0,0.0,0,0
953.705,0,0.0,0,0
953.755,0,0.0,0,0
953.805,0,0.0,0,0
953.855,0,0.0,0,0
953.905,0,0.0,0,0
953.955,0,0.0,0,0
954.005,0,0.0,0,0
954.056,0,0.0,0,0
954.106,0,0.0,0,0
954.156,0,0.0,0,0
954.206,0,0.0,0,0
954.256,0,0.0,0,0
954.306,0,0.0,0,0
954.356,0,0.0,0,0
954.406,0,0.0,0,0
954.456,0,0.0,0,0
954.506,0,0.0,0,0
954.556,0,0.0,0,0
954.606,0,0.0,0,0
954.656,0,0.0,0,0
954.707,0,0.0,0,0
954.757,0,0.0,0,0
954.807,0,0.0,0,0
954.857,0,0.0,0,0
954.907,0,0.0,0,0
954.957,0,0.0,0,0
955.007,0,0.0,0,0
955.057,0,0.0,0,0
955.107,0,0.0,0,0
955.158,0,0.0,0,0
955.208,0,0.0,0,0
955.258,0,0.0,0,0
955.308,0,0.0,0,0
955.358,0,0.0,0,0
955.408,0,0.0,0,0
955.458,0,0.0,0,0
955.508,0,0.0,0,0
955.558,0,0.0,0,0
955.609,0,0.0,0,0
955.659,0,0.0,0,0
955.709,0,0.0,0,0
955.759,0,0.0,0,0
955.809,0,0.0,0,0
955.859,0,0.0,0,0
955.909,0,0.0,0,0
955.959,0,0.0,0,0
956.009,0,0.0,0,0
956.059,0,0.0,0,0
956.109,0,0.0,0,0
956.159,0,0.0,0,0
956.209,0,0.0,0,0
956.259,0,0.0,0,0
956.310,0,0.0,0,0
956.360,0,0.0,0,0
956.410,0,0.0,0,0
956.460,0,0.0,0,0
956.510,0,0.0,0,0
956.560,0,0.0,0,0
956.610,0,0.0,0,0
956.660,0,0.0,0,0
956.710,0,0.0,0,0
956.760,0,0.0,0,0
956.811,0,0.0,0,0
956.861,0,0.0,0,0
956.911,0,0.0,0,0
956.961,0,0.0,0,0
957.011,0,0.0,0,0
957.061,0,0.0,0,0
957.111,0,0.0,0,0
957.161,0,0.0,0,0
957.211,0,0.0,0,0
957.261,0,0.0,0,0
957.311,0,0.0,0,0
957.361,0,0.0,0,0
957.412,0,0.0,0,0
957.462,0,0.0,0,0
957.512,0,0.0,0,0
957.562,0,0.0,0,0
957.612,0,0.0,0,0
957.662,0,0.0,0,0
957.712,0,0.0,0,0
957.762,0,0.0,0,0
957.812,0,0.0,0,0
957.862,0,0.0,0,0
957.912,0,0.0,0,0
957.962,0,0.0,0,0
958.012,0,0.0,0,0
958.063,0,0.0,0,0
958.113,0,0.0,0,0
958.163,0,0.0,0,0
958.213,0,0.0,0,0
958.263,0,0.0,0,0
958.313,0,0.0,0,0
958.363,0,0.0,0,0
958.413,0,0.0,0,0
958.463,0,0.0,0,0
958.513,0,0.0,0,0
958.563,0,0.0,0,0
958.613,0,0.0,0,0
958.664,0,0.0,0,0
958.714,0,0.0,0,0
958.764,0,0.0,0,0
958.814,0,0.0,0,0
958.864,0,0.0,0,0
958.914,0,0.0,0,0
958.964,0,0.0,0,0
959.015,0,0.0,0,0
959.065,0,0.0,0,0
959.115,0,0.0,0,0
959.165,0,0.0,0,0
959.215,0,0.0,0,0
959.265,0,0.0,0,0
959.315,0,0.0,0,0
959.365,0,0.0,0,0
959.415,0,0.0,0,0
959.466,0,0.0,0,0
959.516,0,0.0,0,0
959.566,0,0.0,0,0
959.616,0,0.0,0,0
959.666,0,0.0,0,0
959.716,0,0.0,0,0
959.766,0,0.0,0,0
959.816,0,0.0,0,0
959.866,0,0.0,0,0
959.916,0,0.0,0,0
959.966,0,0.0,0,0
960.016,0,0.0,0,0
960.066,0,0.0,0,0
960.117,0,0.0,0,0
960.167,0,0.0,0,0
960.217,0,0.0,0,0
960.267,0,0.0,0,0
960.317,0,0.0,0,0
960.367,0,0.0,0,0
960.417,0,0.0,0,0
960.467,0,0.0,0,0
960.517,0,0.0,0,0
960.568,0,0.0,0,0
960.618,0,0.0,0,0
960.668,0,0.0,0,0
960.718,0,0.0,0,0
960.768,0,0.0,0,0
960.818,0,0.0,0,0
960.868,0,0.0,0,0
960.918,0,0.0,0,0
960.968,0,0.0,0,0
961.019,0,0.0,0,0
961.069,0,0.0,0,0
961.119,0,0.0,0,0
961.169,0,0.0,0,0
961.219,0,0.0,0,0
961.269,0,0.0,0,0
961.319,0,0.0,0,0
961.369,0,0.0,0,0
961.419,0,0.0,0,0
961.469,0,0.0,0,0
961.519,0,0.0,0,0
961.570,0,0.0,0,0
961.620,0,0.0,0,0
961.670,0,0.0,0,0
961.720,0,0.0,0,0
961.770,0,0.0,0,0
961.820,0,0.0,0,0
961.870,0,0.0,0,0
961.920,0,0.0,0,0
961.970,0,0.0,0,0
962.020,0,0.0,0,0
962.070,0,0.0,0,0
962.120,0,0.0,0,0
962.171,0,0.0,0,0
962.221,0,0.0,0,0
962.271,0,0.0,0,0
962.321,0,0.0,0,0
962.371,0,0.0,0,0
962.421,0,0.0,0,0
962.471,0,0.0,0,0
962.521,0,0.0,0,0
962.571,0,0.0,0,0
962.621,0,0.0,0,0
962.672,0,0.0,0,0
962.722,0,0.0,0,0
962.772,0,0.0,0,0
962.822,0,0.0,0,0
962.872,0,0.0,0,0
962.922,0,0.0,0,0
962.972,0,0.0,0,0
963.022,0,0.0,0,0
963.072,0,0.0,0,0
963.122,0,0.0,0,0
963.172,0,0.0,0,0
963.222,0,0.0,0,0
963.272,0,0.0,0,0
963.322,0,0.0,0,0
963.373,0,0.0,0,0
963.423,0,0.0,0,0
963.473,0,0.0,0,0
963.523,0,0.0,0,0
963.573,0,0.0,0,0
963.623,0,0.0,0,0
963.673,0,0.0,0,0
963.723,0,0.0,0,0
963.773,0,0.0,0,0
963.823,0,0.0,0,0
963.873,0,0.0,0,0
963.924,0,0.0,0,0
963.974,0,0.0,0,0
964.024,0,0.0,0,0
964.074,0,0.0,0,0
964.124,0,0.0,0,0
964.174,0,0.0,0,0
964.224,0,0.0,0,0
964.274,0,0.0,0,0
964.325,0,0.0,0,0
964.375,0,0.0,0,0
964.425,0,0.0,0,0
964.475,0,0.0,0,0
964.525,0,0.0,0,0
964.575,0,0.0,0,0
964.625,0,0.0,0,0
964.675,0,0.0,0,0
964.725,0,0.0,0,0
964.775,0,0.0,0,0
964.826,0,0.0,0,0
964.876,0,0.0,0,0
964.926,0,0.0,0,0
964.976,0,0.0,0,0
965.026,0,0.0,0,0
965.076,0,0.0,0,0
965.126,0,0.0,0,0
965.176,0,0.0,0,0
965.227,0,0.0,0,0
965.277,0,0.0,0,0
965.327,0,0.0,0,0
965.377,0,0.0,0,0
965.427,0,0.0,0,0
965.477,0,0.0,0,0
965.527,0,0.0,0,0
965.577,0,0.0,0,0
965.627,0,0.0,0,0
965.677,0,0.0,0,0
965.727,0,0.0,0,0
965.778,0,0.0,0,0
965.828,0,0.0,0,0
965.878,0,0.0,0,0
965.928,0,0.0,0,0
965.978,0,0.0,0,0
966.028,0,0.0,0,0
966.078,0,0.0,0,0
966.128,0,0.0,0,0
966.178,0,0.0,0,0
966.229,0,0.0,0,0
966.279,0,0.0,0,0
966.329,0,0.0,0,0
966.379,0,0.0,0,0
966.429,0,0.0,0,0
966.479,0,0.0,0,0
966.529,0,0.0,0,0
966.579,0,0.0,0,0
966.629,0,0.0,0,0
966.679,0,0.0,0,0
966.730,0,0.0,0,0
966.780,0,0.0,0,0
966.830,0,0.0,0,0
966.880,0,0.0,0,0
966.930,0,0.0,0,0
966.980,0,0.0,0,0
967.030,0,0.0,0,0
967.080,0,0.0,0,0
967.130,0,0.0,0,0
967.180,0,0.0,0,0
967.231,0,0.0,0,0
967.281,0,0.0,0,0
967.331,0,0.0,0,0
967.381,0,0.0,0,0
967.431,0,0.0,0,0
967.481,0,0.0,0,0
967.531,0,0.0,0,0
967.581,0,0.0,0,0
967.631,0,0.0,0,0
967.681,0,0.0,0,0
967.731,0,0.0,0,0
967.781,0,0.0,0,0
967.832,0,0.0,0,0
967.882,0,0.0,0,0
967.932,0,0.0,0,0
967.982,0,0.0,0,0
968.032,0,0.0,0,0
968.082,0,0.0,0,0
968.132,0,0.0,0,0
968.182,0,0.0,0,0
968.233,0,0.0,0,0
968.283,0,0.0,0,0
968.333,0,0.0,0,0
968.383,0,0.0,0,0
968.433,0,0.0,0,0
968.483,0,0.0,0,0
968.533,0,0.0,0,0
968.584,0,0.0,0,0
968.634,0,0.0,0,0
968.684,0,0.0,0,0
968.734,0,0.0,0,0
968.784,0,0.0,0,0
968.834,0,0.0,0,0
968.884,0,0.0,0,0
968.934,0,0.0,0,0
968.984,0,0.0,0,0
969.034,0,0.0,0,0
969.084,0,0.0,0,0
969.134,0,0.0,0,0
969.185,0,0.0,0,0
969.235,0,0.0,0,0
969.285,0,0.0,0,0
969.335,0,0.0,0,0
969.385,0,0.0,0,0
969.435,0,0.0,0,0
969.485,0,0.0,0,0
969.535,0,0.0,0,0
969.585,0,0.0,0,0
969.635,0,0.0,0,0
969.686,0,0.0,0,0
969.736,0,0.0,0,0
969.786,0,0.0,0,0
969.836,0,0.0,0,0
969.886,0,0.0,0,0
969.936,0,0.0,0,0
969.986,0,0.0,0,0
970.036,0,0.0,0,0
970.086,0,0.0,0,0
970.136,0,0.0,0,0
970.186,0,0.0,0,0
970.236,0,0.0,0,0
970.286,0,0.0,0,0
970.336,0,0.0,0,0
970.387,0,0.0,0,0
970.437,0,0.0,0,0
970.487,0,0.0,0,0
970.537,0,0.0,0,0
970.587,0,0.0,0,0
970.637,0,0.0,0,0
970.687,0,0.0,0,0
970.737,0,0.0,0,0
970.788,0,0.0,0,0
970.838,0,0.0,0,0
970.888,0,0.0,0,0
970.938,0,0.0,0,0
970.988,0,0.0,0,0
971.038,0,0.0,0,0
971.088,0,0.0,0,0
971.138,0,0.0,0,0
971.188,0,0.0,0,0
971.239,0,0.0,0,0
971.289,0,0.0,0,0
971.339,0,0.0,0,0
971.389,0,0.0,0,0
971.439,0,0.0,0,0
971.489,0,0.0,0,0
971.539,0,0.0,0,0
971.589,0,0.0,0,0
971.639,0,0.0,0,0
971.689,0,0.0,0,0
971.739,0,0.0,0,0
971.789,0,0.0,0,0
971.839,0,0.0,0,0
971.890,0,0.0,0,0
971.940,0,0.0,0,0
971.990,0,0.0,0,0
972.040,0,0.0,0,0
972.090,0,0.0,0,0
972.140,0,0.0,0,0
972.190,0,0.0,0,0
972.240,0,0.0,0,0
972.290,0,0.0,0,0
972.340,0,0.0,0,0
972.391,0,0.0,0,0
972.441,0,0.0,0,0
972.491,0,0.0,0,0
972.541,0,0.0,0,0
972.591,0,0.0,0,0
972.641,0,0.0,0,0
972.691,0,0.0,0,0
972.741,0,0.0,0,0
972.792,0,0.0,0,0
972.842,0,0.0,0,0
972.892,0,0.0,0,0
972.942,0,0.0,0,0
972.992,0,0.0,0,0
973.042,0,0.0,0,0
973.092,0,0.0,0,0
973.142,0,0.0,0,0
973.192,0,0.0,0,0
973.242,0,0.0,0,0
973.292,0,0.0,0,0
973.342,0,0.0,0,0
973.393,0,0.0,0,0
973.443,0,0.0,0,0
973.493,0,0.0,0,0
973.543,0,0.0,0,0
973.593,0,0.0,0,0
973.643,0,0.0,0,0
973.693,0,0.0,0,0
973.743,0,0.0,0,0
973.793,0,0.0,0,0
973.843,0,0.0,0,0
973.893,0,0.0,0,0
973.943,0,0.0,0,0
973.993,0,0.0,0,0
974.043,0,0.0,0,0
974.094,0,0.0,0,0
974.144,0,0.0,0,0
974.194,0,0.0,0,0
974.244,0,0.0,0,0
974.294,0,0.0,0,0
974.344,0,0.0,0,0
974.394,0,0.0,0,0
974.444,0,0.0,0,0
974.494,0,0.0,0,0
974.544,0,0.0,0,0
974.594,0,0.0,0,0
974.644,0,0.0,0,0
974.695,0,0.0,0,0
974.745,0,0.0,0,0
974.795,0,0.0,0,0
974.845,0,0.0,0,0
974.895,0,0.0,0,0
974.945,0,0.0,0,0
974.995,0,0.0,0,0
975.045,0,0.0,0,0
975.095,0,0.0,0,0
975.145,0,0.0,0,0
975.195,0,0.0,0,0
975.245,0,0.0,0,0
975.296,0,0.0,0,0
975.346,0,0.0,0,0
975.396,0,0.0,0,0
975.446,0,0.0,0,0
975.496,0,0.0,0,0
975.546,0,0.0,0,0
975.596,0,0.0,0,0
975.646,0,0.0,0,0
975.696,0,0.0,0,0
975.746,0,0.0,0,0
975.796,0,0.0,0,0
975.846,0,0.0,0,0
975.896,0,0.0,0,0
975.946,0,0.0,0,0
975.996,0,0.0,0,0
976.047,0,0.0,0,0
976.097,0,0.0,0,0
976.147,0,0.0,0,0
976.197,0,0.0,0,0
976.247,0,0.0,0,0
976.297,0,0.0,0,0
976.347,0,0.0,0,0
976.397,0,0.0,0,0
976.447,0,0.0,0,0
976.497,0,0.0,0,0
976.547,0,0.0,0,0
976.597,0,0.0,0,0
976.647,0,0.0,0,0
976.697,0,0.0,0,0
976.748,0,0.0,0,0
976.798,0,0.0,0,0
976.848,0,0.0,0,0
976.898,0,0.0,0,0
976.948,0,0.0,0,0
976.998,0,0.0,0,0
977.048,0,0.0,0,0
977.098,0,0.0,0,0
977.148,0,0.0,0,0
977.198,0,0.0,0,0
977.249,0,0.0,0,0
977.299,0,0.0,0,0
977.349,0,0.0,0,0
977.399,0,0.0,0,0
977.449,0,0.0,0,0
977.499,0,0.0,0,0
977.549,0,0.0,0,0
977.599,0,0.0,0,0
977.649,0,0.0,0,0
977.699,0,0.0,0,0
977.750,0,0.0,0,0
977.800,0,0.0,0,0
977.850,0,0.0,0,0
977.900,0,0.0,0,0
977.950,0,0.0,0,0
978.000,0,0.0,0,0
978.050,0,0.0,0,0
978.100,0,0.0,0,0
978.150,0,0.0,0,0
978.200,0,0.0,0,0
978.251,0,0.0,0,0
978.301,0,0.0,0,0
978.351,0,0.0,0,0
978.401,0,0.0,0,0
978.451,0,0.0,0,0
978.501,0,0.0,0,0
978.551,0,0.0,0,0
978.601,0,0.0,0,0
978.652,0,0.0,0,0
978.702,0,0.0,0,0
978.752,0,0.0,0,0
978.802,0,0.0,0,0
978.852,0,0.0,0,0
978.902,0,0.0,0,0
978.952,0,0.0,0,0
979.002,0,0.0,0,0
979.052,0,0.0,0,0
979.102,0,0.0,0,0
979.152,0,0.0,0,0
979.202,0,0.0,0,0
979.253,0,0.0,0,0
979.303,0,0.0,0,0
979.353,0,0.0,0,0
979.403,0,0.0,0,0
979.453,0,0.0,0,0
979.503,0,0.0,0,0
979.553,0,0.0,0,0
979.603,0,0.0,0,0
979.653,0,0.0,0,0
979.703,0,0.0,0,0
979.753,0,0.0,0,0
979.803,0,0.0,0,0
979.854,0,0.0,0,0
979.904,0,0.0,0,0
979.954,0,0.0,0,0
980.004,0,0.0,0,0
980.054,0,0.0,0,0
980.104,0,0.0,0,0
980.154,0,0.0,0,0
980.204,0,0.0,0,0
980.254,0,0.0,0,0
980.305,0,0.0,0,0
980.355,0,0.0,0,0
980.405,0,0.0,0,0
980.455,0,0.0,0,0
980.505,0,0.0,0,0
980.555,0,0.0,0,0
980.605,0,0.0,0,0
980.655,0,0.0,0,0
980.705,0,0.0,0,0
980.755,0,0.0,0,0
980.805,0,0.0,0,0
980.856,0,0.0,0,0
980.906,0,0.0,0,0
980.956,0,0.0,0,0
981.006,0,0.0,0,0
981.056,0,0.0,0,0
981.106,0,0.0,0,0
981.156,0,0.0,0,0
981.206,0,0.0,0,0
981.257,0,0.0,0,0
981.307,0,0.0,0,0
981.357,0,0.0,0,0
981.407,0,0.0,0,0
981.457,0,0.0,0,0
981.507,0,0.0,0,0
981.557,0,0.0,0,0
981.607,0,0.0,0,0
981.657,0,0.0,0,0
981.708,0,0.0,0,0
981.758,0,0.0,0,0
981.808,0,0.0,0,0
981.858,0,0.0,0,0
981.908,0,0.0,0,0
981.958,0,0.0,0,0
982.008,0,0.0,0,0
982.058,0,0.0,0,0
982.109,0,0.0,0,0
982.159,0,0.0,0,0
982.209,0,0.0,0,0
982.259,0,0.0,0,0
982.309,0,0.0,0,0
982.359,0,0.0,0,0
982.409,0,0.0,0,0
982.459,0,0.0,0,0
982.509,0,0.0,0,0
982.559,0,0.0,0,0
982.609,0,0.0,0,0
982.659,0,0.0,0,0
982.709,0,0.0,0,0
982.759,0,0.0,0,0
982.810,0,0.0,0,0
982.860,0,0.0,0,0
982.910,0,0.0,0,0
982.960,0,0.0,0,0
983.010,0,0.0,0,0
983.060,0,0.0,0,0
983.110,0,0.0,0,0
983.160,0,0.0,0,0
983.210,0,0.0,0,0
983.260,0,0.0,0,0
983.310,0,0.0,0,0
983.360,0,0.0,0,0
983.410,0,0.0,0,0
983.460,0,0.0,0,0
983.511,0,0.0,0,0
983.561,0,0.0,0,0
983.611,0,0.0,0,0
983.661,0,0.0,0,0
983.711,0,0.0,0,0
983.761,0,0.0,0,0
983.811,0,0.0,0,0
983.861,0,0.0,0,0
983.911,0,0.0,0,0
983.961,0,0.0,0,0
984.012,0,0.0,0,0
984.062,0,0.0,0,0
984.112,0,0.0,0,0
984.162,0,0.0,0,0
984.212,0,0.0,0,0
984.262,0,0.0,0,0
984.312,0,0.0,0,0
984.362,0,0.0,0,0
984.412,0,0.0,0,0
984.463,0,0.0,0,0
984.513,0,0.0,0,0
984.563,0,0.0,0,0
984.613,0,0.0,0,0
984.663,0,0.0,0,0
984.713,0,0.0,0,0
984.763,0,0.0,0,0
984.813,0,0.0,0,0
984.864,0,0.0,0,0
984.914,0,0.0,0,0
984.964,0,0.0,0,0
985.014,0,0.0,0,0
985.064,0,0.0,0,0
985.114,0,0.0,0,0
985.164,0,0.0,0,0
985.214,0,0.0,0,0
985.264,0,0.0,0,0
985.314,0,0.0,0,0
985.364,0,0.0,0,0
985.414,0,0.0,0,0
985.465,0,0.0,0,0
985.515,0,0.0,0,0
985.565,0,0.0,0,0
985.615,0,0.0,0,0
985.665,0,0.0,0,0
985.715,0,0.0,0,0
985.765,0,0.0,0,0
985.815,0,0.0,0,0
985.865,0,0.0,0,0
985.915,0,0.0,0,0
985.966,0,0.0,0,0
986.016,0,0.0,0,0
986.066,0,0.0,0,0
986.116,0,0.0,0,0
986.166,0,0.0,0,0
986.216,0,0.0,0,0
986.266,0,0.0,0,0
986.316,0,0.0,0,0
986.366,0,0.0,0,0
986.417,0,0.0,0,0
986.467,0,0.0,0,0
986.517,0,0.0,0,0
986.567,0,0.0,0,0
986.617,0,0.0,0,0
986.667,0,0.0,0,0
986.717,0,0.0,0,0
986.767,0,0.0,0,0
986.817,0,0.0,0,0
986.867,0,0.0,0,0
986.917,0,0.0,0,0
986.967,0,0.0,0,0
987.018,0,0.0,0,0
987.068,0,0.0,0,0
987.118,0,0.0,0,0
987.168,0,0.0,0,0
987.218,0,0.0,0,0
987.268,0,0.0,0,0
987.318,0,0.0,0,0
987.368,0,0.0,0,0
987.418,0,0.0,0,0
987.468,0,0.0,0,0
987.518,0,0.0,0,0
987.568,0,0.0,0,0
987.618,0,0.0,0,0
987.669,0,0.0,0,0
987.719,0,0.0,0,0
987.769,0,0.0,0,0
987.819,0,0.0,0,0
987.869,0,0.0,0,0
987.919,0,0.0,0,0
987.969,0,0.0,0,0
988.019,0,0.0,0,0
988.069,0,0.0,0,0
988.120,0,0.0,0,0
988.170,0,0.0,0,0
988.220,0,0.0,0,0
988.270,0,0.0,0,0
988.320,0,0.0,0,0
988.370,0,0.0,0,0
988.420,0,0.0,0,0
988.470,0,0.0,0,0
988.520,0,0.0,0,0
988.570,0,0.0,0,0
988.621,0,0.0,0,0
988.671,0,0.0,0,0
988.721,0,0.0,0,0
988.771,0,0.0,0,0
988.821,0,0.0,0,0
988.871,0,0.0,0,0
988.921,0,0.0,0,0
988.971,0,0.0,0,0
989.021,0,0.0,0,0
989.072,0,0.0,0,0
989.122,0,0.0,0,0
989.172,0,0.0,0,0
989.222,0,0.0,0,0
989.272,0,0.0,0,0
989.322,0,0.0,0,0
989.372,0,0.0,0,0
989.422,0,0.0,0,0
989.472,0,0.0,0,0
989.522,0,0.0,0,0
989.573,0,0.0,0,0
989.623,0,0.0,0,0
989.673,0,0.0,0,0
989.723,0,0.0,0,0
989.773,0,0.0,0,0
989.823,0,0.0,0,0
989.873,0,0.0,0,0
989.924,0,0.0,0,0
989.974,0,0.0,0,0
990.024,0,0.0,0,0
990.074,0,0.0,0,0
990.124,0,0.0,0,0
990.174,0,0.0,0,0
990.224,0,0.0,0,0
990.275,0,0.0,0,0
990.325,0,0.0,0,0
990.375,0,0.0,0,0
990.425,0,0.0,0,0
990.475,0,0.0,0,0
990.525,0,0.0,0,0
990.575,0,0.0,0,0
990.625,0,0.0,0,0
990.675,0,0.0,0,0
990.725,0,0.0,0,0
990.776,0,0.0,0,0
990.826,0,0.0,0,0
990.876,0,0.0,0,0
990.926,0,0.0,0,0
990.976,0,0.0,0,0
991.026,0,0.0,0,0
991.076,0,0.0,0,0
991.126,0,0.0,0,0
991.176,0,0.0,0,0
991.227,0,0.0,0,0
991.277,0,0.0,0,0
991.327,0,0.0,0,0
991.377,0,0.0,0,0
991.427,0,0.0,0,0
991.477,0,0.0,0,0
991.527,0,0.0,0,0
991.577,0,0.0,0,0
991.627,0,0.0,0,0
991.677,0,0.0,0,0
991.727,0,0.0,0,0
991.778,0,0.0,0,0
991.828,0,0.0,0,0
991.878,0,0.0,0,0
991.928,0,0.0,0,0
991.978,0,0.0,0,0
992.028,0,0.0,0,0
992.078,0,0.0,0,0
992.128,0,0.0,0,0
992.178,0,0.0,0,0
992.228,0,0.0,0,0
992.278,0,0.0,0,0
992.328,0,0.0,0,0
992.378,0,0.0,0,0
992.429,0,0.0,0,0
992.479,0,0.0,0,0
992.529,0,0.0,0,0
992.579,0,0.0,0,0
992.629,0,0.0,0,0
992.679,0,0.0,0,0
992.729,0,0.0,0,0
992.779,0,0.0,0,0
992.829,0,0.0,0,0
992.880,0,0.0,0,0
992.930,0,0.0,0,0
992.980,0,0.0,0,0
993.030,0,0.0,0,0
993.080,0,0.0,0,0
993.130,0,0.0,0,0
993.180,0,0.0,0,0
993.230,0,0.0,0,0
993.280,0,0.0,0,0
993.330,0,0.0,0,0
993.381,0,0.0,0,0
993.431,0,0.0,0,0
993.481,0,0.0,0,0
993.531,0,0.0,0,0
993.581,0,0.0,0,0
993.631,0,0.0,0,0
993.681,0,0.0,0,0
993.731,0,0.0,0,0
993.781,0,0.0,0,0
993.831,0,0.0,0,0
993.881,0,0.0,0,0
993.931,0,0.0,0,0
993.982,0,0.0,0,0
994.032,0,0.0,0,0
994.082,0,0.0,0,0
994.132,0,0.0,0,0
994.182,0,0.0,0,0
994.232,0,0.0,0,0
994.282,0,0.0,0,0
994.333,0,0.0,0,0
994.383,0,0.0,0,0
994.433,0,0.0,0,0
994.483,0,0.0,0,0
994.533,0,0.0,0,0
994.583,0,0.0,0,0
994.633,0,0.0,0,0
994.683,0,0.0,0,0
994.733,0,0.0,0,0
994.783,0,0.0,0,0
994.833,0,0.0,0,0
994.884,0,0.0,0,0
994.934,0,0.0,0,0
994.984,0,0.0,0,0
995.034,0,0.0,0,0
995.084,0,0.0,0,0
995.134,0,0.0,0,0
995.184,0,0.0,0,0
995.234,0,0.0,0,0
995.284,0,0.0,0,0
995.334,0,0.0,0,0
995.384,0,0.0,0,0
995.435,0,0.0,0,0
995.485,0,0.0,0,0
995.535,0,0.0,0,0
995.585,0,0.0,0,0
995.635,0,0.0,0,0
995.685,0,0.0,0,0
995.735,0,0.0,0,0
995.785,0,0.0,0,0
995.835,0,0.0,0,0
995.885,0,0.0,0,0
995.935,0,0.0,0,0
995.985,0,0.0,0,0
996.035,0,0.0,0,0
996.085,0,0.0,0,0
996.136,0,0.0,0,0
996.186,0,0.0,0,0
996.236,0,0.0,0,0
996.286,0,0.0,0,0
996.336,0,0.0,0,0
996.386,0,0.0,0,0
996.436,0,0.0,0,0
996.486,0,0.0,0,0
996.536,0,0.0,0,0
996.586,0,0.0,0,0
996.637,0,0.0,0,0
996.687,0,0.0,0,0
996.737,0,0.0,0,0
996.787,0,0.0,0,0
996.837,0,0.0,0,0
996.887,0,0.0,0,0
996.937,0,0.0,0,0
996.987,0,0.0,0,0
997.037,0,0.0,0,0
997.087,0,0.0,0,0
997.138,0,0.0,0,0
997.188,0,0.0,0,0
997.238,0,0.0,0,0
997.288,0,0.0,0,0
997.338,0,0.0,0,0
997.388,0,0.0,0,0
997.438,0,0.0,0,0
997.488,0,0.0,0,0
997.538,0,0.0,0,0
997.588,0,0.0,0,0
997.639,0,0.0,0,0
997.689,0,0.0,0,0
997.739,0,0.0,0,0
997.789,0,0.0,0,0
997.839,0,0.0,0,0
997.889,0,0.0,0,0
997.939,0,0.0,0,0
997.990,0,0.0,0,0
998.040,0,0.0,0,0
998.090,0,0.0,0,0
998.140,0,0.0,0,0
998.190,0,0.0,0,0
998.240,0,0.0,0,0
998.290,0,0.0,0,0
998.340,0,0.0,0,0
998.390,0,0.0,0,0
998.440,0,0.0,0,0
998.490,0,0.0,0,0
998.540,0,0.0,0,0
998.591,0,0.0,0,0
998.641,0,0.0,0,0
998.691,0,0.0,0,0
998.741,0,0.0,0,0
998.791,0,0.0,0,0
998.841,0,0.0,0,0
998.891,0,0.0,0,0
998.941,0,0.0,0,0
998.991,0,0.0,0,0
999.042,0,0.0,0,0
999.092,0,0.0,0,0
999.142,0,0.0,0,0
999.192,0,0.0,0,0
999.242,0,0.0,0,0
999.292,0,0.0,0,0
999.342,0,0.0,0,0
999.392,0,0.0,0,0
999.442,0,0.0,0,0
999.493,0,0.0,0,0
999.543,0,0.0,0,0
999.593,0,0.0,0,0
999.643,0,0.0,0,0
999.693,0,0.0,0,0
999.743,0,0.0,0,0
999.793,0,0.0,0,0
999.843,0,0.0,0,0
999.893,0,0.0,0,0
999.943,0,0.0,0,0
999.993,0,0.0,0,0
1000.044,0,0.0,0,0
1000.094,0,0.0,0,0
1000.144,0,0.0,0,0
1000.194,0,0.0,0,0
1000.244,0,0.0,0,0
1000.294,0,0.0,0,0
1000.344,0,0.0,0,0
1000.394,0,0.0,0,0
1000.445,0,0.0,0,0
1000.495,0,0.0,0,0
1000.545,0,0.0,0,0
1000.595,0,0.0,0,0
1000.645,0,0.0,0,0
1000.695,0,0.0,0,0
1000.745,0,0.0,0,0
1000.795,0,0.0,0,0
1000.846,0,0.0,0,0
1000.896,0,0.0,0,0
1000.946,0,0.0,0,0
1000.996,0,0.0,0,0
1001.046,0,0.0,0,0
1001.096,0,0.0,0,0
1001.146,0,0.0,0,0
1001.196,0,0.0,0,0
1001.246,0,0.0,0,0
1001.296,0,0.0,0,0
1001.347,0,0.0,0,0
1001.397,0,0.0,0,0
1001.447,0,0.0,0,0
1001.497,0,0.0,0,0
1001.547,0,0.0,0,0
1001.597,0,0.0,0,0
1001.647,0,0.0,0,0
1001.697,0,0.0,0,0
1001.747,0,0.0,0,0
1001.798,0,0.0,0,0
1001.848,0,0.0,0,0
1001.898,0,0.0,0,0
1001.948,0,0.0,0,0
1001.998,0,0.0,0,0
1002.048,0,0.0,0,0
1002.098,0,0.0,0,0
1002.148,0,0.0,0,0
1002.199,0,0.0,0,0
1002.249,0,0.0,0,0
1002.299,0,0.0,0,0
1002.349,0,0.0,0,0
1002.399,0,0.0,0,0
1002.449,0,0.0,0,0
1002.499,0,0.0,0,0
1002.549,0,0.0,0,0
1002.599,0,0.0,0,0
1002.649,0,0.0,0,0
1002.699,0,0.0,0,0
1002.749,0,0.0,0,0
1002.799,0,0.0,0,0
1002.849,0,0.0,0,0
1002.900,0,0.0,0,0
1002.950,0,0.0,0,0
1003.000,0,0.0,0,0
1003.050,0,0.0,0,0
1003.100,0,0.0,0,0
1003.150,0,0.0,0,0
1003.200,0,0.0,0,0
1003.250,0,0.0,0,0
1003.300,0,0.0,0,0
1003.350,0,0.0,0,0
1003.400,0,0.0,0,0
1003.450,0,0.0,0,0
1003.501,0,0.0,0,0
1003.551,0,0.0,0,0
1003.601,0,0.0,0,0
1003.651,0,0.0,0,0
1003.701,0,0.0,0,0
1003.751,0,0.0,0,0
1003.801,0,0.0,0,0
1003.851,0,0.0,0,0
1003.901,0,0.0,0,0
1003.952,0,0.0,0,0
1004.002,0,0.0,0,0
1004.052,0,0.0,0,0
1004.102,0,0.0,0,0
1004.152,0,0.0,0,0
1004.202,0,0.0,0,0
1004.252,0,0.0,0,0
1004.302,0,0.0,0,0
1004.352,0,0.0,0,0
1004.402,0,0.0,0,0
1004.453,0,0.0,0,0
1004.503,0,0.0,0,0
1004.553,0,0.0,0,0
1004.603,0,0.0,0,0
1004.653,0,0.0,0,0
1004.703,0,0.0,0,0
1004.753,0,0.0,0,0
1004.803,0,0.0,0,0
1004.853,0,0.0,0,0
1004.904,0,0.0,0,0
1004.954,0,0.0,0,0
1005.004,0,0.0,0,0
1005.054,0,0.0,0,0
1005.104,0,0.0,0,0
1005.154,0,0.0,0,0
1005.204,0,0.0,0,0
1005.254,0,0.0,0,0
1005.305,0,0.0,0,0
1005.355,0,0.0,0,0
1005.405,0,0.0,0,0
1005.455,0,0.0,0,0
1005.505,0,0.0,0,0
1005.555,0,0.0,0,0
1005.605,0,0.0,0,0
1005.655,0,0.0,0,0
1005.705,0,0.0,0,0
1005.755,0,0.0,0,0
1005.806,0,0.0,0,0
1005.856,0,0.0,0,0
1005.906,0,0.0,0,0
1005.956,0,0.0,0,0
1006.006,0,0.0,0,0
1006.056,0,0.0,0,0
1006.106,0,0.0,0,0
1006.156,0,0.0,0,0
1006.206,0,0.0,0,0
1006.257,0,0.0,0,0
1006.307,0,0.0,0,0
1006.357,0,0.0,0,0
1006.407,0,0.0,0,0
1006.457,0,0.0,0,0
1006.507,0,0.0,0,0
1006.557,0,0.0,0,0
1006.607,0,0.0,0,0
1006.657,0,0.0,0,0
1006.708,0,0.0,0,0
1006.758,0,0.0,0,0
1006.808,0,0.0,0,0
1006.858,0,0.0,0,0
1006.908,0,0.0,0,0
1006.958,0,0.0,0,0
1007.008,0,0.0,0,0
1007.058,0,0.0,0,0
1007.108,0,0.0,0,0
1007.158,0,0.0,0,0
1007.208,0,0.0,0,0
1007.259,0,0.0,0,0
1007.309,0,0.0,0,0
1007.359,0,0.0,0,0
1007.409,0,0.0,0,0
1007.459,0,0.0,0,0
1007.509,0,0.0,0,0
1007.559,0,0.0,0,0
1007.609,0,0.0,0,0
1007.660,0,0.0,0,0
1007.710,0,0.0,0,0
1007.760,0,0.0,0,0
1007.810,0,0.0,0,0
1007.860,0,0.0,0,0
1007.910,0,0.0,0,0
1007.960,0,0.0,0,0
1008.011,0,0.0,0,0
1008.061,0,0.0,0,0
1008.111,0,0.0,0,0
1008.161,0,0.0,0,0
1008.211,0,0.0,0,0
1008.261,0,0.0,0,0
1008.311,0,0.0,0,0
1008.361,0,0.0,0,0
1008.412,0,0.0,0,0
1008.462,0,0.0,0,0
1008.512,0,0.0,0,0
1008.562,0,0.0,0,0
1008.612,0,0.0,0,0
1008.662,0,0.0,0,0
1008.712,0,0.0,0,0
1008.762,0,0.0,0,0
1008.812,0,0.0,0,0
1008.863,0,0.0,0,0
1008.913,0,0.0,0,0
1008.963,0,0.0,0,0
1009.013,0,0.0,0,0
1009.063,0,0.0,0,0
1009.113,0,0.0,0,0
1009.163,0,0.0,0,0
1009.213,0,0.0,0,0
1009.263,0,0.0,0,0
1009.313,0,0.0,0,0
1009.363,0,0.0,0,0
1009.413,0,0.0,0,0
1009.464,0,0.0,0,0
1009.514,0,0.0,0,0
1009.564,0,0.0,0,0
1009.614,0,0.0,0,0
1009.664,0,0.0,0,0
1009.714,0,0.0,0,0
1009.764,0,0.0,0,0
1009.814,0,0.0,0,0
1009.864,0,0.0,0,0
1009.914,0,0.0,0,0
1009.965,0,0.0,0,0
1010.015,0,0.0,0,0
1010.065,0,0.0,0,0
1010.115,0,0.0,0,0
1010.165,0,0.0,0,0
1010.215,0,0.0,0,0
1010.265,0,0.0,0,0
1010.315,0,0.0,0,0
1010.365,0,0.0,0,0
1010.415,0,0.0,0,0
1010.465,0,0.0,0,0
1010.516,0,0.0,0,0
1010.566,0,0.0,0,0
1010.616,0,0.0,0,0
1010.666,0,0.0,0,0
1010.716,0,0.0,0,0
1010.766,0,0.0,0,0
1010.816,0,0.0,0,0
1010.866,0,0.0,0,0
1010.916,0,0.0,0,0
1010.966,0,0.0,0,0
1011.016,0,0.0,0,0
1011.067,0,0.0,0,0
1011.117,0,0.0,0,0
1011.167,0,0.0,0,0
1011.217,0,0.0,0,0
1011.267,0,0.0,0,0
1011.317,0,0.0,0,0
1011.367,0,0.0,0,0
1011.417,0,0.0,0,0
1011.467,0,0.0,0,0
1011.518,0,0.0,0,0
1011.568,0,0.0,0,0
1011.618,0,0.0,0,0
1011.668,0,0.0,0,0
1011.718,0,0.0,0,0
1011.768,0,0.0,0,0
1011.818,0,0.0,0,0
1011.868,0,0.0,0,0
1011.918,0,0.0,0,0
1011.968,0,0.0,0,0
1012.018,0,0.0,0,0
1012.068,0,0.0,0,0
1012.119,0,0.0,0,0
1012.169,0,0.0,0,0
1012.219,0,0.0,0,0
1012.269,0,0.0,0,0
1012.319,0,0.0,0,0
1012.369,0,0.0,0,0
1012.419,0,0.0,0,0
1012.469,0,0.0,0,0
1012.519,0,0.0,0,0
1012.569,0,0.0,0,0
1012.620,0,0.0,0,0
1012.670,0,0.0,0,0
1012.720,0,0.0,0,0
1012.770,0,0.0,0,0
1012.820,0,0.0,0,0
1012.870,0,0.0,0,0
1012.920,0,0.0,0,0
1012.970,0,0.0,0,0
1013.020,0,0.0,0,0
1013.070,0,0.0,0,0
1013.120,0,0.0,0,0
1013.171,0,0.0,0,0
1013.221,0,0.0,0,0
1013.271,0,0.0,0,0
1013.321,0,0.0,0,0
1013.371,0,0.0,0,0
1013.421,0,0.0,0,0
1013.471,0,0.0,0,0
1013.521,0,0.0,0,0
1013.571,0,0.0,0,0
1013.621,0,0.0,0,0
1013.671,0,0.0,0,0
1013.722,0,0.0,0,0
1013.772,0,0.0,0,0
1013.822,0,0.0,0,0
1013.872,0,0.0,0,0
1013.922,0,0.0,0,0
1013.972,0,0.0,0,0
1014.022,0,0.0,0,0
1014.072,0,0.0,0,0
1014.122,0,0.0,0,0
1014.172,0,0.0,0,0
1014.222,0,0.0,0,0
1014.273,0,0.0,0,0
1014.323,0,0.0,0,0
1014.373,0,0.0,0,0
1014.423,0,0.0,0,0
1014.473,0,0.0,0,0
1014.523,0,0.0,0,0
1014.573,0,0.0,0,0
1014.623,0,0.0,0,0
1014.673,0,0.0,0,0
1014.724,0,0.0,0,0
1014.774,0,0.0,0,0
1014.824,0,0.0,0,0
1014.874,0,0.0,0,0
1014.924,0,0.0,0,0
1014.974,0,0.0,0,0
1015.024,0,0.0,0,0
1015.074,0,0.0,0,0
1015.124,0,0.0,0,0
1015.175,0,0.0,0,0
1015.225,0,0.0,0,0
1015.275,0,0.0,0,0
1015.325,0,0.0,0,0
1015.375,0,0.0,0,0
1015.425,0,0.0,0,0
1015.475,0,0.0,0,0
1015.525,0,0.0,0,0
1015.576,0,0.0,0,0
1015.626,0,0.0,0,0
1015.676,0,0.0,0,0
1015.726,0,0.0,0,0
1015.776,0,0.0,0,0
1015.826,0,0.0,0,0
1015.876,0,0.0,0,0
1015.926,0,0.0,0,0
1015.976,0,0.0,0,0
1016.026,0,0.0,0,0
1016.076,0,0.0,0,0
1016.127,0,0.0,0,0
1016.177,0,0.0,0,0
1016.227,0,0.0,0,0
1016.277,0,0.0,0,0
1016.327,0,0.0,0,0
1016.377,0,0.0,0,0
1016.427,0,0.0,0,0
1016.477,0,0.0,0,0
1016.527,0,0.0,0,0
1016.577,0,0.0,0,0
1016.628,0,0.0,0,0
1016.678,0,0.0,0,0
1016.728,0,0.0,0,0
1016.778,0,0.0,0,0
1016.828,0,0.0,0,0
1016.878,0,0.0,0,0
1016.928,0,0.0,0,0
1016.978,0,0.0,0,0
1017.028,0,0.0,0,0
1017.078,0,0.0,0,0
1017.129,0,0.0,0,0
1017.179,0,0.0,0,0
1017.229,0,0.0,0,0
1017.279,0,0.0,0,0
1017.329,0,0.0,0,0
1017.379,0,0.0,0,0
1017.429,0,0.0,0,0
1017.479,0,0.0,0,0
1017.530,0,0.0,0,0
1017.580,0,0.0,0,0
1017.630,0,0.0,0,0
1017.680,0,0.0,0,0
1017.730,0,0.0,0,0
1017.780,0,0.0,0,0
1017.830,0,0.0,0,0
1017.880,0,0.0,0,0
1017.930,0,0.0,0,0
1017.980,0,0.0,0,0
1018.031,0,0.0,0,0
1018.081,0,0.0,0,0
1018.131,0,0.0,0,0
1018.181,0,0.0,0,0
1018.231,0,0.0,0,0
1018.281,0,0.0,0,0
1018.331,0,0.0,0,0
1018.381,0,0.0,0,0
1018.431,0,0.0,0,0
1018.482,0,0.0,0,0
1018.532,0,0.0,0,0
1018.582,0,0.0,0,0
1018.632,0,0.0,0,0
1018.682,0,0.0,0,0
1018.732,0,0.0,0,0
1018.782,0,0.0,0,0
1018.832,0,0.0,0,0
1018.882,0,0.0,0,0
1018.932,0,0.0,0,0
1018.983,0,0.0,0,0
1019.033,0,0.0,0,0
1019.083,0,0.0,0,0
1019.133,0,0.0,0,0
1019.183,0,0.0,0,0
1019.233,0,0.0,0,0
1019.283,0,0.0,0,0
1019.333,0,0.0,0,0
1019.383,0,0.0,0,0
1019.433,0,0.0,0,0
1019.484,0,0.0,0,0
1019.534,0,0.0,0,0
1019.584,0,0.0,0,0
1019.634,0,0.0,0,0
1019.684,0,0.0,0,0
1019.734,0,0.0,0,0
1019.784,0,0.0,0,0
1019.834,0,0.0,0,0
1019.884,0,0.0,0,0
1019.935,0,0.0,0,0
1019.985,0,0.0,0,0
1020.035,0,0.0,0,0
1020.085,0,0.0,0,0
1020.135,0,0.0,0,0
1020.185,0,0.0,0,0
1020.235,0,0.0,0,0
1020.285,0,0.0,0,0
1020.335,0,0.0,0,0
1020.385,0,0.0,0,0
1020.435,0,0.0,0,0
1020.486,0,0.0,0,0
1020.536,0,0.0,0,0
1020.586,0,0.0,0,0
1020.636,0,0.0,0,0
1020.686,0,0.0,0,0
1020.736,0,0.0,0,0
1020.786,0,0.0,0,0
1020.836,0,0.0,0,0
1020.886,0,0.0,0,0
1020.937,0,0.0,0,0
1020.987,0,0.0,0,0
1021.037,0,0.0,0,0
1021.087,0,0.0,0,0
1021.137,0,0.0,0,0
1021.187,0,0.0,0,0
1021.237,0,0.0,0,0
1021.287,0,0.0,0,0
1021.337,0,0.0,0,0
1021.388,0,0.0,0,0
1021.438,0,0.0,0,0
1021.488,0,0.0,0,0
1021.538,0,0.0,0,0
1021.588,0,0.0,0,0
1021.638,0,0.0,0,0
1021.688,0,0.0,0,0
1021.738,0,0.0,0,0
1021.788,0,0.0,0,0
1021.838,0,0.0,0,0
1021.889,0,0.0,0,0
1021.939,0,0.0,0,0
1021.989,0,0.0,0,0
1022.039,0,0.0,0,0
1022.089,0,0.0,0,0
1022.139,0,0.0,0,0
1022.189,0,0.0,0,0
1022.239,0,0.0,0,0
1022.289,0,0.0,0,0
1022.339,0,0.0,0,0
1022.390,0,0.0,0,0
1022.440,0,0.0,0,0
1022.490,0,0.0,0,0
1022.540,0,0.0,0,0
1022.590,0,0.0,0,0
1022.640,0,0.0,0,0
1022.690,0,0.0,0,0
1022.740,0,0.0,0,0
1022.791,0,0.0,0,0
1022.841,0,0.0,0,0
1022.891,0,0.0,0,0
1022.941,0,0.0,0,0
1022.991,0,0.0,0,0
1023.041,0,0.0,0,0
1023.091,0,0.0,0,0
1023.141,0,0.0,0,0
1023.191,0,0.0,0,0
1023.242,0,0.0,0,0
1023.292,0,0.0,0,0
1023.342,0,0.0,0,0
1023.392,0,0.0,0,0
1023.442,0,0.0,0,0
1023.492,0,0.0,0,0
1023.542,0,0.0,0,0
1023.592,0,0.0,0,0
1023.642,0,0.0,0,0
1023.693,0,0.0,0,0
1023.743,0,0.0,0,0
1023.793,0,0.0,0,0
1023.843,0,0.0,0,0
1023.893,0,0.0,0,0
1023.943,0,0.0,0,0
1023.993,0,0.0,0,0
1024.043,0,0.0,0,0
1024.094,0,0.0,0,0
1024.144,0,0.0,0,0
1024.194,0,0.0,0,0
1024.244,0,0.0,0,0
1024.294,0,0.0,0,0
1024.344,0,0.0,0,0
1024.394,0,0.0,0,0
1024.444,0,0.0,0,0
1024.494,0,0.0,0,0
1024.544,0,0.0,0,0
1024.594,0,0.0,0,0
1024.645,0,0.0,0,0
1024.695,0,0.0,0,0
1024.745,0,0.0,0,0
1024.795,0,0.0,0,0
1024.845,0,0.0,0,0
1024.895,0,0.0,0,0
1024.945,0,0.0,0,0
1024.995,0,0.0,0,0
1025.045,0,0.0,0,0
1025.095,0,0.0,0,0
1025.145,0,0.0,0,0
1025.195,0,0.0,0,0
1025.245,0,0.0,0,0
1025.296,0,0.0,0,0
1025.346,0,0.0,0,0
1025.396,0,0.0,0,0
1025.446,0,0.0,0,0
1025.496,0,0.0,0,0
1025.546,0,0.0,0,0
1025.596,0,0.0,0,0
1025.646,0,0.0,0,0
1025.696,0,0.0,0,0
1025.746,0,0.0,0,0
1025.796,0,0.0,0,0
1025.846,0,0.0,0,0
1025.897,0,0.0,0,0
1025.947,0,0.0,0,0
1025.997,0,0.0,0,0
1026.047,0,0.0,0,0
1026.097,0,0.0,0,0
1026.147,0,0.0,0,0
1026.197,0,0.0,0,0
1026.247,0,0.0,0,0
1026.297,0,0.0,0,0
1026.347,0,0.0,0,0
1026.397,0,0.0,0,0
1026.448,0,0.0,0,0
1026.498,0,0.0,0,0
1026.548,0,0.0,0,0
1026.598,0,0.0,0,0
1026.648,0,0.0,0,0
1026.698,0,0.0,0,0
1026.748,0,0.0,0,0
1026.798,0,0.0,0,0
1026.848,0,0.0,0,0
1026.899,0,0.0,0,0
1026.949,0,0.0,0,0
1026.999,0,0.0,0,0
1027.049,0,0.0,0,0
1027.099,0,0.0,0,0
1027.149,0,0.0,0,0
1027.199,0,0.0,0,0
1027.249,0,0.0,0,0
1027.299,0,0.0,0,0
1027.349,0,0.0,0,0
1027.399,0,0.0,0,0
1027.449,0,0.0,0,0
1027.500,0,0.0,0,0
1027.550,0,0.0,0,0
1027.600,0,0.0,0,0
1027.650,0,0.0,0,0
1027.700,0,0.0,0,0
1027.750,0,0.0,0,0
1027.800,0,0.0,0,0
1027.850,0,0.0,0,0
1027.900,0,0.0,0,0
1027.950,0,0.0,0,0
1028.000,0,0.0,0,0
1028.050,0,0.0,0,0
1028.100,0,0.0,0,0
1028.151,0,0.0,0,0
1028.201,0,0.0,0,0
1028.251,0,0.0,0,0
1028.301,0,0.0,0,0
1028.351,0,0.0,0,0
1028.401,0,0.0,0,0
1028.451,0,0.0,0,0
1028.501,0,0.0,0,0
1028.551,0,0.0,0,0
1028.601,0,0.0,0,0
1028.651,0,0.0,0,0
1028.701,0,0.0,0,0
1028.751,0,0.0,0,0
1028.802,0,0.0,0,0
1028.852,0,0.0,0,0
1028.902,0,0.0,0,0
1028.952,0,0.0,0,0
1029.002,0,0.0,0,0
1029.052,0,0.0,0,0
1029.102,0,0.0,0,0
1029.152,0,0.0,0,0
1029.202,0,0.0,0,0
1029.253,0,0.0,0,0
1029.303,0,0.0,0,0
1029.353,0,0.0,0,0
1029.403,0,0.0,0,0
1029.453,0,0.0,0,0
1029.503,0,0.0,0,0
1029.553,0,0.0,0,0
1029.603,0,0.0,0,0
1029.653,0,0.0,0,0
1029.703,0,0.0,0,0
1029.753,0,0.0,0,0
1029.804,0,0.0,0,0
1029.854,0,0.0,0,0
1029.904,0,0.0,0,0
1029.954,0,0.0,0,0
1030.004,0,0.0,0,0
1030.054,0,0.0,0,0
1030.104,0,0.0,0,0
1030.154,0,0.0,0,0
1030.204,0,0.0,0,0
1030.254,0,0.0,0,0
1030.304,0,0.0,0,0
1030.355,0,0.0,0,0
1030.405,0,0.0,0,0
1030.455,0,0.0,0,0
1030.505,0,0.0,0,0
1030.555,0,0.0,0,0
1030.605,0,0.0,0,0
1030.656,0,0.0,0,0
1030.706,0,0.0,0,0
1030.756,0,0.0,0,0
1030.806,0,0.0,0,0
1030.856,0,0.0,0,0
1030.906,0,0.0,0,0
1030.956,0,0.0,0,0
1031.006,0,0.0,0,0
1031.056,0,0.0,0,0
1031.107,0,0.0,0,0
1031.157,0,0.0,0,0
1031.207,0,0.0,0,0
1031.257,0,0.0,0,0
1031.307,0,0.0,0,0
1031.357,0,0.0,0,0
1031.407,0,0.0,0,0
1031.457,0,0.0,0,0
1031.507,0,0.0,0,0
1031.557,0,0.0,0,0
1031.608,0,0.0,0,0
1031.658,0,0.0,0,0
1031.708,0,0.0,0,0
1031.758,0,0.0,0,0
1031.808,0,0.0,0,0
1031.858,0,0.0,0,0
1031.908,0,0.0,0,0
1031.958,0,0.0,0,0
1032.008,0,0.0,0,0
1032.058,0,0.0,0,0
1032.109,0,0.0,0,0
1032.159,0,0.0,0,0
1032.209,0,0.0,0,0
1032.259,0,0.0,0,0
1032.309,0,0.0,0,0
1032.359,0,0.0,0,0
1032.409,0,0.0,0,0
1032.459,0,0.0,0,0
1032.509,0,0.0,0,0
1032.559,0,0.0,0,0
1032.609,0,0.0,0,0
1032.660,0,0.0,0,0
1032.710,0,0.0,0,0
1032.760,0,0.0,0,0
1032.810,0,0.0,0,0
1032.860,0,0.0,0,0
1032.910,0,0.0,0,0
1032.960,0,0.0,0,0
1033.010,0,0.0,0,0
1033.060,0,0.0,0,0
1033.110,0,0.0,0,0
1033.161,0,0.0,0,0
1033.211,0,0.0,0,0
1033.261,0,0.0,0,0
1033.311,0,0.0,0,0
1033.361,0,0.0,0,0
1033.411,0,0.0,0,0
1033.461,0,0.0,0,0
1033.511,0,0.0,0,0
1033.561,0,0.0,0,0
1033.612,0,0.0,0,0
1033.662,0,0.0,0,0
1033.712,0,0.0,0,0
1033.762,0,0.0,0,0
1033.812,0,0.0,0,0
1033.862,0,0.0,0,0
1033.912,0,0.0,0,0
1033.962,0,0.0,0,0
1034.012,0,0.0,0,0
1034.062,0,0.0,0,0
1034.113,0,0.0,0,0
1034.163,0,0.0,0,0
1034.213,0,0.0,0,0
1034.263,0,0.0,0,0
1034.313,0,0.0,0,0
1034.363,0,0.0,0,0
1034.413,0,0.0,0,0
1034.463,0,0.0,0,0
1034.513,0,0.0,0,0
1034.564,0,0.0,0,0
1034.614,0,0.0,0,0
1034.664,0,0.0,0,0
1034.714,0,0.0,0,0
1034.764,0,0.0,0,0
1034.814,0,0.0,0,0
1034.864,0,0.0,0,0
1034.914,0,0.0,0,0
1034.964,0,0.0,0,0
1035.014,0,0.0,0,0
1035.065,0,0.0,0,0
1035.115,0,0.0,0,0
1035.165,0,0.0,0,0
1035.215,0,0.0,0,0
1035.265,0,0.0,0,0
1035.315,0,0.0,0,0
1035.365,0,0.0,0,0
1035.415,0,0.0,0,0
1035.465,0,0.0,0,0
1035.515,0,0.0,0,0
1035.566,0,0.0,0,0
1035.616,0,0.0,0,0
1035.666,0,0.0,0,0
1035.716,0,0.0,0,0
1035.766,0,0.0,0,0
1035.816,0,0.0,0,0
1035.866,0,0.0,0,0
1035.916,0,0.0,0,0
1035.967,0,0.0,0,0
1036.017,0,0.0,0,0
1036.067,0,0.0,0,0
1036.117,0,0.0,0,0
1036.167,0,0.0,0,0
1036.217,0,0.0,0,0
1036.267,0,0.0,0,0
1036.317,0,0.0,0,0
1036.367,0,0.0,0,0
1036.417,0,0.0,0,0
1036.467,0,0.0,0,0
1036.517,0,0.0,0,0
1036.567,0,0.0,0,0
1036.618,0,0.0,0,0
1036.668,0,0.0,0,0
1036.718,0,0.0,0,0
1036.768,0,0.0,0,0
1036.818,0,0.0,0,0
1036.868,0,0.0,0,0
1036.918,0,0.0,0,0
1036.968,0,0.0,0,0
1037.018,0,0.0,0,0
1037.068,0,0.0,0,0
1037.119,0,0.0,0,0
1037.169,0,0.0,0,0
1037.219,0,0.0,0,0
1037.269,0,0.0,0,0
1037.319,0,0.0,0,0
1037.369,0,0.0,0,0
1037.419,0,0.0,0,0
1037.470,0,0.0,0,0
1037.520,0,0.0,0,0
1037.570,0,0.0,0,0
1037.620,0,0.0,0,0
1037.670,0,0.0,0,0
1037.720,0,0.0,0,0
1037.770,0,0.0,0,0
1037.820,0,0.0,0,0
1037.870,0,0.0,0,0
1037.920,0,0.0,0,0
1037.971,0,0.0,0,0
1038.021,0,0.0,0,0
1038.071,0,0.0,0,0
1038.121,0,0.0,0,0
1038.171,0,0.0,0,0
1038.221,0,0.0,0,0
1038.271,0,0.0,0,0
1038.321,0,0.0,0,0
1038.371,0,0.0,0,0
1038.422,0,0.0,0,0
1038.472,0,0.0,0,0
1038.522,0,0.0,0,0
1038.572,0,0.0,0,0
1038.622,0,0.0,0,0
1038.672,0,0.0,0,0
1038.723,0,0.0,0,0
1038.773,0,0.0,0,0
1038.823,0,0.0,0,0
1038.873,0,0.0,0,0
1038.923,0,0.0,0,0
1038.973,0,0.0,0,0
1039.023,0,0.0,0,0
1039.074,0,0.0,0,0
1039.124,0,0.0,0,0
1039.174,0,0.0,0,0
1039.224,0,0.0,0,0
1039.274,0,0.0,0,0
1039.324,0,0.0,0,0
1039.374,0,0.0,0,0
1039.424,0,0.0,0,0
1039.474,0,0.0,0,0
1039.524,0,0.0,0,0
1039.574,0,0.0,0,0
1039.624,0,0.0,0,0
1039.675,0,0.0,0,0
1039.725,0,0.0,0,0
1039.775,0,0.0,0,0
1039.825,0,0.0,0,0
1039.875,0,0.0,0,0
1039.925,0,0.0,0,0
1039.975,0,0.0,0,0
1040.025,0,0.0,0,0
1040.075,0,0.0,0,0
1040.125,0,0.0,0,0
1040.175,0,0.0,0,0
1040.226,0,0.0,0,0
1040.276,0,0.0,0,0
1040.326,0,0.0,0,0
1040.376,0,0.0,0,0
1040.426,0,0.0,0,0
1040.476,0,0.0,0,0
1040.526,0,0.0,0,0
1040.576,0,0.0,0,0
1040.626,0,0.0,0,0
1040.676,0,0.0,0,0
1040.726,0,0.0,0,0
1040.776,0,0.0,0,0
1040.827,0,0.0,0,0
1040.877,0,0.0,0,0
1040.927,0,0.0,0,0
1040.977,0,0.0,0,0
1041.027,0,0.0,0,0
1041.077,0,0.0,0,0
1041.127,0,0.0,0,0
1041.177,0,0.0,0,0
1041.227,0,0.0,0,0
1041.277,0,0.0,0,0
1041.327,0,0.0,0,0
1041.377,0,0.0,0,0
1041.428,0,0.0,0,0
1041.478,0,0.0,0,0
1041.528,0,0.0,0,0
1041.578,0,0.0,0,0
1041.628,0,0.0,0,0
1041.678,0,0.0,0,0
1041.728,0,0.0,0,0
1041.778,0,0.0,0,0
1041.828,0,0.0,0,0
1041.878,0,0.0,0,0
1041.928,0,0.0,0,0
1041.978,0,0.0,0,0
1042.029,0,0.0,0,0
1042.079,0,0.0,0,0
1042.129,0,0.0,0,0
1042.179,0,0.0,0,0
1042.229,0,0.0,0,0
1042.279,0,0.0,0,0
1042.329,0,0.0,0,0
1042.379,0,0.0,0,0
1042.429,0,0.0,0,0
1042.480,0,0.0,0,0
1042.530,0,0.0,0,0
1042.580,0,0.0,0,0
1042.630,0,0.0,0,0
1042.680,0,0.0,0,0
1042.730,0,0.0,0,0
1042.780,0,0.0,0,0
1042.830,0,0.0,0,0
1042.880,0,0.0,0,0
1042.930,0,0.0,0,0
1042.981,0,0.0,0,0
1043.031,0,0.0,0,0
1043.081,0,0.0,0,0
1043.131,0,0.0,0,0
1043.181,0,0.0,0,0
1043.231,0,0.0,0,0
1043.281,0,0.0,0,0
1043.331,0,0.0,0,0
1043.381,0,0.0,0,0
1043.432,0,0.0,0,0
1043.482,0,0.0,0,0
1043.532,0,0.0,0,0
1043.582,0,0.0,0,0
1043.632,0,0.0,0,0
1043.682,0,0.0,0,0
1043.732,0,0.0,0,0
1043.782,0,0.0,0,0
1043.832,0,0.0,0,0
1043.882,0,0.0,0,0
1043.932,0,0.0,0,0
1043.983,0,0.0,0,0
1044.033,0,0.0,0,0
1044.083,0,0.0,0,0
1044.133,0,0.0,0,0
1044.183,0,0.0,0,0
1044.233,0,0.0,0,0
1044.283,0,0.0,0,0
1044.333,0,0.0,0,0
1044.383,0,0.0,0,0
1044.434,0,0.0,0,0
1044.484,0,0.0,0,0
1044.534,0,0.0,0,0
1044.584,0,0.0,0,0
1044.634,0,0.0,0,0
1044.684,0,0.0,0,0
1044.734,0,0.0,0,0
1044.784,0,0.0,0,0
1044.834,0,0.0,0,0
1044.884,0,0.0,0,0
1044.935,0,0.0,0,0
1044.985,0,0.0,0,0
1045.035,0,0.0,0,0
1045.085,0,0.0,0,0
1045.135,0,0.0,0,0
1045.185,0,0.0,0,0
1045.235,0,0.0,0,0
1045.285,0,0.0,0,0
1045.335,0,0.0,0,0
1045.386,0,0.0,0,0
1045.436,0,0.0,0,0
1045.486,0,0.0,0,0
1045.536,0,0.0,0,0
1045.586,0,0.0,0,0
1045.636,0,0.0,0,0
1045.686,0,0.0,0,0
1045.736,0,0.0,0,0
1045.786,0,0.0,0,0
1045.836,0,0.0,0,0
1045.886,0,0.0,0,0
1045.937,0,0.0,0,0
1045.987,0,0.0,0,0
1046.037,0,0.0,0,0
1046.087,0,0.0,0,0
1046.137,0,0.0,0,0
1046.187,0,0.0,0,0
1046.237,0,0.0,0,0
1046.287,0,0.0,0,0
1046.337,0,0.0,0,0
1046.388,0,0.0,0,0
1046.438,0,0.0,0,0
1046.488,0,0.0,0,0
1046.538,0,0.0,0,0
1046.588,0,0.0,0,0
1046.638,0,0.0,0,0
1046.688,0,0.0,0,0
1046.738,0,0.0,0,0
1046.788,0,0.0,0,0
1046.838,0,0.0,0,0
1046.888,0,0.0,0,0
1046.938,0,0.0,0,0
1046.988,0,0.0,0,0
1047.038,0,0.0,0,0
1047.089,0,0.0,0,0
1047.139,0,0.0,0,0
1047.189,0,0.0,0,0
1047.239,0,0.0,0,0
1047.289,0,0.0,0,0
1047.339,0,0.0,0,0
1047.389,0,0.0,0,0
1047.439,0,0.0,0,0
1047.489,0,0.0,0,0
1047.539,0,0.0,0,0
1047.589,0,0.0,0,0
1047.640,0,0.0,0,0
1047.690,0,0.0,0,0
1047.740,0,0.0,0,0
1047.790,0,0.0,0,0
1047.840,0,0.0,0,0
1047.890,0,0.0,0,0
1047.940,0,0.0,0,0
1047.990,0,0.0,0,0
1048.040,0,0.0,0,0
1048.091,0,0.0,0,0
1048.141,0,0.0,0,0
1048.191,0,0.0,0,0
1048.241,0,0.0,0,0
1048.291,0,0.0,0,0
1048.341,0,0.0,0,0
1048.391,0,0.0,0,0
1048.441,0,0.0,0,0
1048.491,0,0.0,0,0
1048.541,0,0.0,0,0
1048.591,0,0.0,0,0
1048.641,0,0.0,0,0
1048.692,0,0.0,0,0
1048.742,0,0.0,0,0
1048.792,0,0.0,0,0
1048.842,0,0.0,0,0
1048.892,0,0.0,0,0
1048.942,0,0.0,0,0
1048.992,0,0.0,0,0
1049.042,0,0.0,0,0
1049.092,0,0.0,0,0
1049.142,0,0.0,0,0
1049.193,0,0.0,0,0
1049.243,0,0.0,0,0
1049.293,0,0.0,0,0
1049.343,0,0.0,0,0
1049.393,0,0.0,0,0
1049.443,0,0.0,0,0
1049.493,0,0.0,0,0
1049.543,0,0.0,0,0
1049.593,0,0.0,0,0
1049.643,0,0.0,0,0
1049.693,0,0.0,0,0
1049.743,0,0.0,0,0
1049.794,0,0.0,0,0
1049.844,0,0.0,0,0
1049.894,0,0.0,0,0
1049.944,0,0.0,0,0
1049.994,0,0.0,0,0
1050.044,0,0.0,0,0
1050.094,0,0.0,0,0
1050.144,0,0.0,0,0
1050.194,0,0.0,0,0
1050.244,0,0.0,0,0
1050.294,0,0.0,0,0
1050.344,0,0.0,0,0
1050.394,0,0.0,0,0
1050.445,0,0.0,0,0
1050.495,0,0.0,0,0
1050.545,0,0.0,0,0
1050.595,0,0.0,0,0
1050.645,0,0.0,0,0
1050.695,0,0.0,0,0
1050.745,0,0.0,0,0
1050.795,0,0.0,0,0
1050.845,0,0.0,0,0
1050.896,0,0.0,0,0
1050.946,0,0.0,0,0
1050.996,0,0.0,0,0
1051.046,0,0.0,0,0
1051.096,0,0.0,0,0
1051.146,0,0.0,0,0
1051.196,0,0.0,0,0
1051.246,0,0.0,0,0
1051.296,0,0.0,0,0
1051.346,0,0.0,0,0
1051.396,0,0.0,0,0
1051.447,0,0.0,0,0
1051.497,0,0.0,0,0
1051.547,0,0.0,0,0
1051.597,0,0.0,0,0
1051.647,0,0.0,0,0
1051.697,0,0.0,0,0
1051.747,0,0.0,0,0
1051.797,0,0.0,0,0
1051.847,0,0.0,0,0
1051.897,0,0.0,0,0
1051.948,0,0.0,0,0
1051.998,0,0.0,0,0
1052.048,0,0.0,0,0
1052.098,0,0.0,0,0
1052.148,0,0.0,0,0
1052.198,0,0.0,0,0
1052.248,0,0.0,0,0
1052.298,0,0.0,0,0
1052.349,0,0.0,0,0
1052.399,0,0.0,0,0
1052.449,0,0.0,0,0
1052.499,0,0.0,0,0
1052.549,0,0.0,0,0
1052.599,0,0.0,0,0
1052.649,0,0.0,0,0
1052.699,0,0.0,0,0
1052.749,0,0.0,0,0
1052.799,0,0.0,0,0
1052.850,0,0.0,0,0
1052.900,0,0.0,0,0
1052.950,0,0.0,0,0
1053.000,0,0.0,0,0
1053.050,0,0.0,0,0
1053.100,0,0.0,0,0
1053.150,0,0.0,0,0
1053.201,0,0.0,0,0
1053.251,0,0.0,0,0
1053.301,0,0.0,0,0
1053.351,0,0.0,0,0
1053.401,0,0.0,0,0
1053.451,0,0.0,0,0
1053.501,0,0.0,0,0
1053.551,0,0.0,0,0
1053.601,0,0.0,0,0
1053.651,0,0.0,0,0
1053.702,0,0.0,0,0
1053.752,0,0.0,0,0
1053.802,0,0.0,0,0
1053.852,0,0.0,0,0
1053.902,0,0.0,0,0
1053.952,0,0.0,0,0
1054.002,0,0.0,0,0
1054.052,0,0.0,0,0
1054.102,0,0.0,0,0
1054.152,0,0.0,0,0
1054.202,0,0.0,0,0
1054.252,0,0.0,0,0
1054.302,0,0.0,0,0
1054.353,0,0.0,0,0
1054.403,0,0.0,0,0
1054.453,0,0.0,0,0
1054.503,0,0.0,0,0
1054.553,0,0.0,0,0
1054.603,0,0.0,0,0
1054.653,0,0.0,0,0
1054.703,0,0.0,0,0
1054.754,0,0.0,0,0
1054.804,0,0.0,0,0
1054.854,0,0.0,0,0
1054.904,0,0.0,0,0
1054.954,0,0.0,0,0
1055.004,0,0.0,0,0
1055.054,0,0.0,0,0
1055.104,0,0.0,0,0
1055.154,0,0.0,0,0
1055.205,0,0.0,0,0
1055.255,0,0.0,0,0
1055.305,0,0.0,0,0
1055.355,0,0.0,0,0
1055.405,0,0.0,0,0
1055.455,0,0.0,0,0
1055.505,0,0.0,0,0
1055.555,0,0.0,0,0
1055.605,0,0.0,0,0
1055.655,0,0.0,0,0
1055.706,0,0.0,0,0
1055.756,0,0.0,0,0
1055.806,0,0.0,0,0
1055.856,0,0.0,0,0
1055.906,0,0.0,0,0
1055.956,0,0.0,0,0
1056.006,0,0.0,0,0
1056.056,0,0.0,0,0
1056.106,0,0.0,0,0
1056.156,0,0.0,0,0
1056.207,0,0.0,0,0
1056.257,0,0.0,0,0
1056.307,0,0.0,0,0
1056.357,0,0.0,0,0
1056.407,0,0.0,0,0
1056.457,0,0.0,0,0
1056.507,0,0.0,0,0
1056.557,0,0.0,0,0
1056.607,0,0.0,0,0
1056.657,0,0.0,0,0
1056.707,0,0.0,0,0
1056.757,0,0.0,0,0
1056.807,0,0.0,0,0
1056.857,0,0.0,0,0
1056.908,0,0.0,0,0
1056.958,0,0.0,0,0
1057.008,0,0.0,0,0
1057.058,0,0.0,0,0
1057.108,0,0.0,0,0
1057.158,0,0.0,0,0
1057.208,0,0.0,0,0
1057.259,0,0.0,0,0
1057.309,0,0.0,0,0
1057.359,0,0.0,0,0
1057.409,0,0.0,0,0
1057.459,0,0.0,0,0
1057.509,0,0.0,0,0
1057.559,0,0.0,0,0
1057.610,0,0.0,0,0
1057.660,0,0.0,0,0
1057.710,0,0.0,0,0
1057.760,0,0.0,0,0
1057.810,0,0.0,0,0
1057.860,0,0.0,0,0
1057.910,0,0.0,0,0
1057.960,0,0.0,0,0
1058.010,0,0.0,0,0
1058.061,0,0.0,0,0
1058.111,0,0.0,0,0
1058.161,0,0.0,0,0
1058.211,0,0.0,0,0
1058.261,0,0.0,0,0
1058.311,0,0.0,0,0
1058.361,0,0.0,0,0
1058.411,0,0.0,0,0
1058.461,0,0.0,0,0
1058.511,0,0.0,0,0
1058.561,0,0.0,0,0
1058.611,0,0.0,0,0
1058.661,0,0.0,0,0
1058.712,0,0.0,0,0
1058.762,0,0.0,0,0
1058.812,0,0.0,0,0
1058.862,0,0.0,0,0
1058.912,0,0.0,0,0
1058.962,0,0.0,0,0
1059.012,0,0.0,0,0
1059.062,0,0.0,0,0
1059.112,0,0.0,0,0
1059.162,0,0.0,0,0
1059.213,0,0.0,0,0
1059.263,0,0.0,0,0
1059.313,0,0.0,0,0
1059.363,0,0.0,0,0
1059.413,0,0.0,0,0
1059.463,0,0.0,0,0
1059.513,0,0.0,0,0
1059.564,0,0.0,0,0
1059.614,0,0.0,0,0
1059.664,0,0.0,0,0
1059.714,0,0.0,0,0
1059.764,0,0.0,0,0
1059.814,0,0.0,0,0
1059.864,0,0.0,0,0
1059.914,0,0.0,0,0
1059.964,0,0.0,0,0
1060.014,0,0.0,0,0
1060.064,0,0.0,0,0
1060.115,0,0.0,0,0
1060.165,0,0.0,0,0
1060.215,0,0.0,0,0
1060.265,0,0.0,0,0
1060.315,0,0.0,0,0
1060.365,0,0.0,0,0
1060.415,0,0.0,0,0
1060.465,0,0.0,0,0
1060.515,0,0.0,0,0
1060.566,0,0.0,0,0
1060.616,0,0.0,0,0
1060.666,0,0.0,0,0
1060.716,0,0.0,0,0
1060.766,0,0.0,0,0
1060.816,0,0.0,0,0
1060.866,0,0.0,0,0
1060.916,0,0.0,0,0
1060.966,0,0.0,0,0
1061.017,0,0.0,0,0
1061.067,0,0.0,0,0
1061.117,0,0.0,0,0
1061.167,0,0.0,0,0
1061.217,0,0.0,0,0
1061.267,0,0.0,0,0
1061.317,0,0.0,0,0
1061.367,0,0.0,0,0
1061.417,0,0.0,0,0
1061.467,0,0.0,0,0
1061.517,0,0.0,0,0
1061.568,0,0.0,0,0
1061.618,0,0.0,0,0
1061.668,0,0.0,0,0
1061.718,0,0.0,0,0
1061.768,0,0.0,0,0
1061.818,0,0.0,0,0
1061.868,0,0.0,0,0
1061.918,0,0.0,0,0
1061.968,0,0.0,0,0
1062.018,0,0.0,0,0
1062.068,0,0.0,0,0
1062.118,0,0.0,0,0
1062.169,0,0.0,0,0
1062.219,0,0.0,0,0
1062.269,0,0.0,0,0
1062.319,0,0.0,0,0
1062.369,0,0.0,0,0
1062.419,0,0.0,0,0
1062.469,0,0.0,0,0
1062.519,0,0.0,0,0
1062.569,0,0.0,0,0
1062.619,0,0.0,0,0
1062.669,0,0.0,0,0
1062.719,0,0.0,0,0
1062.769,0,0.0,0,0
1062.819,0,0.0,0,0
1062.870,0,0.0,0,0
1062.920,0,0.0,0,0
1062.970,0,0.0,0,0
1063.020,0,0.0,0,0
1063.070,0,0.0,0,0
1063.120,0,0.0,0,0
1063.170,0,0.0,0,0
1063.220,0,0.0,0,0
1063.270,0,0.0,0,0
1063.321,0,0.0,0,0
1063.371,0,0.0,0,0
1063.421,0,0.0,0,0
1063.471,0,0.0,0,0
1063.521,0,0.0,0,0
1063.571,0,0.0,0,0
1063.621,0,0.0,0,0
1063.671,0,0.0,0,0
1063.721,0,0.0,0,0
1063.771,0,0.0,0,0
1063.822,0,0.0,0,0
1063.872,0,0.0,0,0
1063.922,0,0.0,0,0
1063.972,0,0.0,0,0
1064.022,0,0.0,0,0
1064.072,0,0.0,0,0
1064.122,0,0.0,0,0
1064.172,0,0.0,0,0
1064.222,0,0.0,0,0
1064.272,0,0.0,0,0
1064.322,0,0.0,0,0
1064.372,0,0.0,0,0
1064.423,0,0.0,0,0
1064.473,0,0.0,0,0
1064.523,0,0.0,0,0
1064.573,0,0.0,0,0
1064.623,0,0.0,0,0
1064.673,0,0.0,0,0
1064.723,0,0.0,0,0
1064.773,0,0.0,0,0
1064.824,0,0.0,0,0
1064.874,0,0.0,0,0
1064.924,0,0.0,0,0
1064.974,0,0.0,0,0
1065.024,0,0.0,0,0
1065.074,0,0.0,0,0
1065.124,0,0.0,0,0
1065.174,0,0.0,0,0
1065.224,0,0.0,0,0
1065.274,0,0.0,0,0
1065.325,0,0.0,0,0
1065.375,0,0.0,0,0
1065.425,0,0.0,0,0
1065.475,0,0.0,0,0
1065.525,0,0.0,0,0
1065.575,0,0.0,0,0
1065.625,0,0.0,0,0
1065.675,0,0.0,0,0
1065.725,0,0.0,0,0
1065.776,0,0.0,0,0
1065.826,0,0.0,0,0
1065.876,0,0.0,0,0
1065.926,0,0.0,0,0
1065.976,0,0.0,0,0
1066.026,0,0.0,0,0
1066.076,0,0.0,0,0
1066.126,0,0.0,0,0
1066.177,0,0.0,0,0
1066.227,0,0.0,0,0
1066.277,0,0.0,0,0
1066.327,0,0.0,0,0
1066.377,0,0.0,0,0
1066.427,0,0.0,0,0
1066.477,0,0.0,0,0
1066.527,0,0.0,0,0
1066.577,0,0.0,0,0
1066.627,0,0.0,0,0
1066.678,0,0.0,0,0
1066.728,0,0.0,0,0
1066.778,0,0.0,0,0
1066.828,0,0.0,0,0
1066.878,0,0.0,0,0
1066.928,0,0.0,0,0
1066.978,0,0.0,0,0
1067.028,0,0.0,0,0
1067.078,0,0.0,0,0
1067.129,0,0.0,0,0
1067.179,0,0.0,0,0
1067.229,0,0.0,0,0
1067.279,0,0.0,0,0
1067.329,0,0.0,0,0
1067.379,0,0.0,0,0
1067.429,0,0.0,0,0
1067.479,0,0.0,0,0
1067.530,0,0.0,0,0
1067.580,0,0.0,0,0
1067.630,0,0.0,0,0
1067.680,0,0.0,0,0
1067.730,0,0.0,0,0
1067.780,0,0.0,0,0
1067.830,0,0.0,0,0
1067.880,0,0.0,0,0
1067.930,0,0.0,0,0
1067.980,0,0.0,0,0
1068.031,0,0.0,0,0
1068.081,0,0.0,0,0
1068.131,0,0.0,0,0
1068.181,0,0.0,0,0
1068.231,0,0.0,0,0
1068.281,0,0.0,0,0
1068.331,0,0.0,0,0
1068.381,0,0.0,0,0
1068.431,0,0.0,0,0
1068.482,0,0.0,0,0
1068.532,0,0.0,0,0
1068.582,0,0.0,0,0
1068.632,0,0.0,0,0
1068.682,0,0.0,0,0
1068.732,0,0.0,0,0
1068.782,0,0.0,0,0
1068.832,0,0.0,0,0
1068.882,0,0.0,0,0
1068.932,0,0.0,0,0
1068.982,0,0.0,0,0
1069.033,0,0.0,0,0
1069.083,0,0.0,0,0
1069.133,0,0.0,0,0
1069.183,0,0.0,0,0
1069.233,0,0.0,0,0
1069.283,0,0.0,0,0
1069.333,0,0.0,0,0
1069.383,0,0.0,0,0
1069.433,0,0.0,0,0
1069.483,0,0.0,0,0
1069.533,0,0.0,0,0
1069.583,0,0.0,0,0
1069.633,0,0.0,0,0
1069.683,0,0.0,0,0
1069.734,0,0.0,0,0
1069.784,0,0.0,0,0
1069.834,0,0.0,0,0
1069.884,0,0.0,0,0
1069.934,0,0.0,0,0
1069.984,0,0.0,0,0
1070.034,0,0.0,0,0
1070.084,0,0.0,0,0
1070.134,0,0.0,0,0
1070.185,0,0.0,0,0
1070.235,0,0.0,0,0
1070.285,0,0.0,0,0
1070.335,0,0.0,0,0
1070.385,0,0.0,0,0
1070.435,0,0.0,0,0
1070.485,0,0.0,0,0
1070.535,0,0.0,0,0
1070.585,0,0.0,0,0
1070.635,0,0.0,0,0
1070.686,0,0.0,0,0
1070.736,0,0.0,0,0
1070.786,0,0.0,0,0
1070.836,0,0.0,0,0
1070.886,0,0.0,0,0
1070.936,0,0.0,0,0
1070.986,0,0.0,0,0
1071.036,0,0.0,0,0
1071.086,0,0.0,0,0
1071.136,0,0.0,0,0
1071.186,0,0.0,0,0
1071.237,0,0.0,0,0
1071.287,0,0.0,0,0
1071.337,0,0.0,0,0
1071.387,0,0.0,0,0
1071.437,0,0.0,0,0
1071.487,0,0.0,0,0
1071.537,0,0.0,0,0
1071.587,0,0.0,0,0
1071.638,0,0.0,0,0
1071.688,0,0.0,0,0
1071.738,0,0.0,0,0
1071.788,0,0.0,0,0
1071.838,0,0.0,0,0
1071.888,0,0.0,0,0
1071.938,0,0.0,0,0
1071.988,0,0.0,0,0
1072.039,0,0.0,0,0
1072.089,0,0.0,0,0
1072.139,0,0.0,0,0
1072.189,0,0.0,0,0
1072.239,0,0.0,0,0
1072.289,0,0.0,0,0
1072.339,0,0.0,0,0
1072.389,0,0.0,0,0
1072.439,0,0.0,0,0
1072.489,0,0.0,0,0
1072.539,0,0.0,0,0
1072.590,0,0.0,0,0
1072.640,0,0.0,0,0
1072.690,0,0.0,0,0
1072.740,0,0.0,0,0
1072.790,0,0.0,0,0
1072.840,0,0.0,0,0
1072.890,0,0.0,0,0
1072.940,0,0.0,0,0
1072.990,0,0.0,0,0
1073.041,0,0.0,0,0
1073.091,0,0.0,0,0
1073.141,0,0.0,0,0
1073.191,0,0.0,0,0
1073.241,0,0.0,0,0
1073.291,0,0.0,0,0
1073.341,0,0.0,0,0
1073.391,0,0.0,0,0
1073.441,0,0.0,0,0
1073.492,0,0.0,0,0
1073.542,0,0.0,0,0
1073.592,0,0.0,0,0
1073.642,0,0.0,0,0
1073.692,0,0.0,0,0
1073.742,0,0.0,0,0
1073.792,0,0.0,0,0
1073.842,0,0.0,0,0
1073.892,0,0.0,0,0
1073.942,0,0.0,0,0
1073.992,0,0.0,0,0
1074.043,0,0.0,0,0
1074.093,0,0.0,0,0
1074.143,0,0.0,0,0
1074.193,0,0.0,0,0
1074.243,0,0.0,0,0
1074.293,0,0.0,0,0
1074.343,0,0.0,0,0
1074.393,0,0.0,0,0
1074.443,0,0.0,0,0
1074.494,0,0.0,0,0
1074.544,0,0.0,0,0
1074.594,0,0.0,0,0
1074.644,0,0.0,0,0
1074.694,0,0.0,0,0
1074.744,0,0.0,0,0
1074.794,0,0.0,0,0
1074.844,0,0.0,0,0
1074.894,0,0.0,0,0
1074.944,0,0.0,0,0
1074.995,0,0.0,0,0
1075.045,0,0.0,0,0
1075.095,0,0.0,0,0
1075.145,0,0.0,0,0
1075.195,0,0.0,0,0
1075.245,0,0.0,0,0
1075.295,0,0.0,0,0
1075.345,0,0.0,0,0
1075.395,0,0.0,0,0
1075.445,0,0.0,0,0
1075.495,0,0.0,0,0
1075.545,0,0.0,0,0
1075.596,0,0.0,0,0
1075.646,0,0.0,0,0
1075.696,0,0.0,0,0
1075.746,0,0.0,0,0
1075.796,0,0.0,0,0
1075.846,0,0.0,0,0
1075.896,0,0.0,0,0
1075.946,0,0.0,0,0
1075.996,0,0.0,0,0
1076.046,0,0.0,0,0
1076.097,0,0.0,0,0
1076.147,0,0.0,0,0
1076.197,0,0.0,0,0
1076.247,0,0.0,0,0
1076.297,0,0.0,0,0
1076.347,0,0.0,0,0
1076.397,0,0.0,0,0
1076.447,0,0.0,0,0
1076.497,0,0.0,0,0
1076.547,0,0.0,0,0
1076.597,0,0.0,0,0
1076.648,0,0.0,0,0
1076.698,0,0.0,0,0
1076.748,0,0.0,0,0
1076.798,0,0.0,0,0
1076.848,0,0.0,0,0
1076.898,0,0.0,0,0
1076.948,0,0.0,0,0
1076.998,0,0.0,0,0
1077.048,0,0.0,0,0
1077.098,0,0.0,0,0
1077.148,0,0.0,0,0
1077.198,0,0.0,0,0
1077.248,0,0.0,0,0
1077.298,0,0.0,0,0
1077.349,0,0.0,0,0
1077.399,0,0.0,0,0
1077.449,0,0.0,0,0
1077.499,0,0.0,0,0
1077.549,0,0.0,0,0
1077.599,0,0.0,0,0
1077.649,0,0.0,0,0
1077.699,0,0.0,0,0
1077.750,0,0.0,0,0
1077.800,0,0.0,0,0
1077.850,0,0.0,0,0
1077.900,0,0.0,0,0
1077.950,0,0.0,0,0
1078.000,0,0.0,0,0
1078.050,0,0.0,0,0
1078.100,0,0.0,0,0
1078.150,0,0.0,0,0
1078.201,0,0.0,0,0
1078.251,0,0.0,0,0
1078.301,0,0.0,0,0
1078.351,0,0.0,0,0
1078.401,0,0.0,0,0
1078.451,0,0.0,0,0
1078.501,0,0.0,0,0
1078.551,0,0.0,0,0
1078.601,0,0.0,0,0
1078.652,0,0.0,0,0
1078.702,0,0.0,0,0
1078.752,0,0.0,0,0
1078.802,0,0.0,0,0
1078.852,0,0.0,0,0
1078.902,0,0.0,0,0
1078.952,0,0.0,0,0
1079.002,0,0.0,0,0
1079.052,0,0.0,0,0
1079.103,0,0.0,0,0
1079.153,0,0.0,0,0
1079.203,0,0.0,0,0
1079.253,0,0.0,0,0
1079.303,0,0.0,0,0
1079.353,0,0.0,0,0
1079.403,0,0.0,0,0
1079.453,0,0.0,0,0
1079.504,0,0.0,0,0
1079.554,0,0.0,0,0
1079.604,0,0.0,0,0
1079.654,0,0.0,0,0
1079.704,0,0.0,0,0
1079.754,0,0.0,0,0
1079.804,0,0.0,0,0
1079.854,0,0.0,0,0
1079.905,0,0.0,0,0
1079.955,0,0.0,0,0
1080.005,0,0.0,0,0
1080.055,0,0.0,0,0
1080.105,0,0.0,0,0
1080.155,0,0.0,0,0
1080.205,0,0.0,0,0
1080.255,0,0.0,0,0
1080.306,0,0.0,0,0
1080.356,0,0.0,0,0
1080.406,0,0.0,0,0
1080.456,0,0.0,0,0
1080.506,0,0.0,0,0
1080.556,0,0.0,0,0
1080.606,0,0.0,0,0
1080.656,0,0.0,0,0
1080.706,0,0.0,0,0
1080.756,0,0.0,0,0
1080.806,0,0.0,0,0
1080.856,0,0.0,0,0
1080.907,0,0.0,0,0
1080.957,0,0.0,0,0
1081.007,0,0.0,0,0
1081.057,0,0.0,0,0
1081.107,0,0.0,0,0
1081.157,0,0.0,0,0
1081.207,0,0.0,0,0
1081.257,0,0.0,0,0
1081.308,0,0.0,0,0
1081.358,0,0.0,0,0
1081.408,0,0.0,0,0
1081.458,0,0.0,0,0
1081.508,0,0.0,0,0
1081.558,0,0.0,0,0
1081.608,0,0.0,0,0
1081.658,0,0.0,0,0
1081.708,0,0.0,0,0
1081.758,0,0.0,0,0
1081.808,0,0.0,0,0
1081.859,0,0.0,0,0
1081.909,0,0.0,0,0
1081.959,0,0.0,0,0
1082.009,0,0.0,0,0
1082.059,0,0.0,0,0
1082.109,0,0.0,0,0
1082.159,0,0.0,0,0
1082.209,0,0.0,0,0
1082.259,0,0.0,0,0
1082.309,0,0.0,0,0
1082.359,0,0.0,0,0
1082.409,0,0.0,0,0
1082.460,0,0.0,0,0
1082.510,0,0.0,0,0
1082.560,0,0.0,0,0
1082.610,0,0.0,0,0
1082.660,0,0.0,0,0
1082.710,0,0.0,0,0
1082.760,0,0.0,0,0
1082.810,0,0.0,0,0
1082.860,0,0.0,0,0
1082.910,0,0.0,0,0
1082.961,0,0.0,0,0
1083.011,0,0.0,0,0
1083.061,0,0.0,0,0
1083.111,0,0.0,0,0
1083.161,0,0.0,0,0
1083.211,0,0.0,0,0
1083.261,0,0.0,0,0
1083.311,0,0.0,0,0
1083.362,0,0.0,0,0
1083.412,0,0.0,0,0
1083.462,0,0.0,0,0
1083.512,0,0.0,0,0
1083.562,0,0.0,0,0
1083.612,0,0.0,0,0
1083.662,0,0.0,0,0
1083.712,0,0.0,0,0
1083.762,0,0.0,0,0
1083.813,0,0.0,0,0
1083.863,0,0.0,0,0
1083.913,0,0.0,0,0
1083.963,0,0.0,0,0
1084.013,0,0.0,0,0
1084.063,0,0.0,0,0
1084.113,0,0.0,0,0
1084.163,0,0.0,0,0
1084.213,0,0.0,0,0
1084.263,0,0.0,0,0
1084.313,0,0.0,0,0
1084.364,0,0.0,0,0
1084.414,0,0.0,0,0
1084.464,0,0.0,0,0
1084.514,0,0.0,0,0
1084.564,0,0.0,0,0
1084.614,0,0.0,0,0
1084.664,0,0.0,0,0
1084.714,0,0.0,0,0
1084.764,0,0.0,0,0
1084.814,0,0.0,0,0
1084.864,0,0.0,0,0
1084.914,0,0.0,0,0
1084.964,0,0.0,0,0
1085.015,0,0.0,0,0
1085.065,0,0.0,0,0
1085.115,0,0.0,0,0
1085.165,0,0.0,0,0
1085.215,0,0.0,0,0
1085.265,0,0.0,0,0
1085.315,0,0.0,0,0
1085.365,0,0.0,0,0
1085.415,0,0.0,0,0
1085.465,0,0.0,0,0
1085.515,0,0.0,0,0
1085.565,0,0.0,0,0
1085.616,0,0.0,0,0
1085.666,0,0.0,0,0
1085.716,0,0.0,0,0
1085.766,0,0.0,0,0
1085.816,0,0.0,0,0
1085.866,0,0.0,0,0
1085.916,0,0.0,0,0
1085.966,0,0.0,0,0
1086.016,0,0.0,0,0
1086.067,0,0.0,0,0
1086.117,0,0.0,0,0
1086.167,0,0.0,0,0
1086.217,0,0.0,0,0
1086.267,0,0.0,0,0
1086.317,0,0.0,0,0
1086.367,0,0.0,0,0
1086.417,0,0.0,0,0
1086.467,0,0.0,0,0
1086.517,0,0.0,0,0
1086.568,0,0.0,0,0
1086.618,0,0.0,0,0
1086.668,0,0.0,0,0
1086.718,0,0.0,0,0
1086.768,0,0.0,0,0
1086.818,0,0.0,0,0
1086.868,0,0.0,0,0
1086.918,0,0.0,0,0
1086.968,0,0.0,0,0
1087.019,0,0.0,0,0
1087.069,0,0.0,0,0
1087.119,0,0.0,0,0
1087.169,0,0.0,0,0
1087.219,0,0.0,0,0
1087.269,0,0.0,0,0
1087.319,0,0.0,0,0
1087.369,0,0.0,0,0
1087.419,0,0.0,0,0
1087.469,0,0.0,0,0
1087.520,0,0.0,0,0
1087.570,0,0.0,0,0
1087.620,0,0.0,0,0
1087.670,0,0.0,0,0
1087.720,0,0.0,0,0
1087.770,0,0.0,0,0
1087.820,0,0.0,0,0
1087.870,0,0.0,0,0
1087.920,0,0.0,0,0
1087.971,0,0.0,0,0
1088.021,0,0.0,0,0
1088.071,0,0.0,0,0
1088.121,0,0.0,0,0
1088.171,0,0.0,0,0
1088.221,0,0.0,0,0
1088.271,0,0.0,0,0
1088.321,0,0.0,0,0
1088.371,0,0.0,0,0
1088.422,0,0.0,0,0
1088.472,0,0.0,0,0
1088.522,0,0.0,0,0
1088.572,0,0.0,0,0
1088.622,0,0.0,0,0
1088.672,0,0.0,0,0
1088.722,0,0.0,0,0
1088.772,0,0.0,0,0
1088.822,0,0.0,0,0
1088.872,0,0.0,0,0
1088.923,0,0.0,0,0
1088.973,0,0.0,0,0
1089.023,0,0.0,0,0
1089.073,0,0.0,0,0
1089.123,0,0.0,0,0
1089.173,0,0.0,0,0
1089.223,0,0.0,0,0
1089.273,0,0.0,0,0
1089.323,0,0.0,0,0
1089.374,0,0.0,0,0
1089.424,0,0.0,0,0
1089.474,0,0.0,0,0
1089.524,0,0.0,0,0
1089.574,0,0.0,0,0
1089.624,0,0.0,0,0
1089.674,0,0.0,0,0
1089.724,0,0.0,0,0
1089.774,0,0.0,0,0
1089.824,0,0.0,0,0
1089.875,0,0.0,0,0
1089.925,0,0.0,0,0
1089.975,0,0.0,0,0
1090.025,0,0.0,0,0
1090.075,0,0.0,0,0
1090.125,0,0.0,0,0
1090.175,0,0.0,0,0
1090.225,0,0.0,0,0
1090.275,0,0.0,0,0
1090.325,0,0.0,0,0
1090.375,0,0.0,0,0
1090.426,0,0.0,0,0
1090.476,0,0.0,0,0
1090.526,0,0.0,0,0
1090.576,0,0.0,0,0
1090.626,0,0.0,0,0
1090.676,0,0.0,0,0
1090.726,0,0.0,0,0
1090.776,0,0.0,0,0
1090.826,0,0.0,0,0
1090.876,0,0.0,0,0
1090.926,0,0.0,0,0
1090.976,0,0.0,0,0
1091.026,0,0.0,0,0
1091.076,0,0.0,0,0
1091.127,0,0.0,0,0
1091.177,0,0.0,0,0
1091.227,0,0.0,0,0
1091.277,0,0.0,0,0
1091.327,0,0.0,0,0
1091.377,0,0.0,0,0
1091.427,0,0.0,0,0
1091.477,0,0.0,0,0
1091.527,0,0.0,0,0
1091.577,0,0.0,0,0
1091.628,0,0.0,0,0
1091.678,0,0.0,0,0
1091.728,0,0.0,0,0
1091.778,0,0.0,0,0
1091.828,0,0.0,0,0
1091.878,0,0.0,0,0
1091.928,0,0.0,0,0
1091.978,0,0.0,0,0
1092.028,0,0.0,0,0
1092.079,0,0.0,0,0
1092.129,0,0.0,0,0
1092.179,0,0.0,0,0
1092.229,0,0.0,0,0
1092.279,0,0.0,0,0
1092.329,0,0.0,0,0
1092.379,0,0.0,0,0
1092.429,0,0.0,0,0
1092.479,0,0.0,0,0
1092.529,0,0.0,0,0
1092.579,0,0.0,0,0
1092.629,0,0.0,0,0
1092.679,0,0.0,0,0
1092.730,0,0.0,0,0
1092.780,0,0.0,0,0
1092.830,0,0.0,0,0
1092.880,0,0.0,0,0
1092.930,0,0.0,0,0
1092.980,0,0.0,0,0
1093.030,0,0.0,0,0
1093.080,0,0.0,0,0
1093.130,0,0.0,0,0
1093.180,0,0.0,0,0
1093.230,0,0.0,0,0
1093.280,0,0.0,0,0
1093.331,0,0.0,0,0
1093.381,0,0.0,0,0
1093.431,0,0.0,0,0
1093.481,0,0.0,0,0
1093.531,0,0.0,0,0
1093.581,0,0.0,0,0
1093.631,0,0.0,0,0
1093.681,0,0.0,0,0
1093.731,0,0.0,0,0
1093.782,0,0.0,0,0
1093.832,0,0.0,0,0
1093.882,0,0.0,0,0
1093.932,0,0.0,0,0
1093.982,0,0.0,0,0
1094.032,0,0.0,0,0
1094.082,0,0.0,0,0
1094.132,0,0.0,0,0
1094.182,0,0.0,0,0
1094.232,0,0.0,0,0
1094.283,0,0.0,0,0
1094.333,0,0.0,0,0
1094.383,0,0.0,0,0
1094.433,0,0.0,0,0
1094.483,0,0.0,0,0
1094.533,0,0.0,0,0
1094.583,0,0.0,0,0
1094.633,0,0.0,0,0
1094.683,0,0.0,0,0
1094.733,0,0.0,0,0
1094.784,0,0.0,0,0
1094.834,0,0.0,0,0
1094.884,0,0.0,0,0
1094.934,0,0.0,0,0
1094.984,0,0.0,0,0
1095.034,0,0.0,0,0
1095.084,0,0.0,0,0
1095.134,0,0.0,0,0
1095.184,0,0.0,0,0
1095.234,0,0.0,0,0
1095.284,0,0.0,0,0
1095.334,0,0.0,0,0
1095.384,0,0.0,0,0
1095.435,0,0.0,0,0
1095.485,0,0.0,0,0
1095.535,0,0.0,0,0
1095.585,0,0.0,0,0
1095.635,0,0.0,0,0
1095.685,0,0.0,0,0
1095.735,0,0.0,0,0
1095.785,0,0.0,0,0
1095.835,0,0.0,0,0
1095.885,0,0.0,0,0
1095.935,0,0.0,0,0
1095.986,0,0.0,0,0
1096.036,0,0.0,0,0
1096.086,0,0.0,0,0
1096.136,0,0.0,0,0
1096.186,0,0.0,0,0
1096.236,0,0.0,0,0
1096.286,0,0.0,0,0
1096.336,0,0.0,0,0
1096.386,0,0.0,0,0
1096.436,0,0.0,0,0
1096.487,0,0.0,0,0
1096.537,0,0.0,0,0
1096.587,0,0.0,0,0
1096.637,0,0.0,0,0
1096.687,0,0.0,0,0
1096.737,0,0.0,0,0
1096.787,0,0.0,0,0
1096.837,0,0.0,0,0
1096.887,0,0.0,0,0
1096.937,0,0.0,0,0
1096.987,0,0.0,0,0
1097.037,0,0.0,0,0
1097.088,0,0.0,0,0
1097.138,0,0.0,0,0
1097.188,0,0.0,0,0
1097.238,0,0.0,0,0
1097.288,0,0.0,0,0
1097.338,0,0.0,0,0
1097.388,0,0.0,0,0
1097.438,0,0.0,0,0
1097.488,0,0.0,0,0
1097.538,0,0.0,0,0
1097.588,0,0.0,0,0
1097.638,0,0.0,0,0
1097.688,0,0.0,0,0
1097.739,0,0.0,0,0
1097.789,0,0.0,0,0
1097.839,0,0.0,0,0
1097.889,0,0.0,0,0
1097.939,0,0.0,0,0
1097.989,0,0.0,0,0
1098.039,0,0.0,0,0
1098.089,0,0.0,0,0
1098.139,0,0.0,0,0
1098.190,0,0.0,0,0
1098.240,0,0.0,0,0
1098.290,0,0.0,0,0
1098.340,0,0.0,0,0
1098.390,0,0.0,0,0
1098.440,0,0.0,0,0
1098.490,0,0.0,0,0
1098.541,0,0.0,0,0
1098.591,0,0.0,0,0
1098.641,0,0.0,0,0
1098.691,0,0.0,0,0
1098.741,0,0.0,0,0
1098.791,0,0.0,0,0
1098.841,0,0.0,0,0
1098.891,0,0.0,0,0
1098.941,0,0.0,0,0
1098.991,0,0.0,0,0
1099.042,0,0.0,0,0
1099.092,0,0.0,0,0
1099.142,0,0.0,0,0
1099.192,0,0.0,0,0
1099.242,0,0.0,0,0
1099.292,0,0.0,0,0
1099.342,0,0.0,0,0
1099.392,0,0.0,0,0
1099.442,0,0.0,0,0
1099.492,0,0.0,0,0
1099.542,0,0.0,0,0
1099.592,0,0.0,0,0
1099.642,0,0.0,0,0
1099.693,0,0.0,0,0
1099.743,0,0.0,0,0
1099.793,0,0.0,0,0
1099.843,0,0.0,0,0
1099.893,0,0.0,0,0
1099.943,0,0.0,0,0
1099.993,0,0.0,0,0
1100.043,0,0.0,0,0
1100.093,0,0.0,0,0
1100.143,0,0.0,0,0
1100.193,0,0.0,0,0
1100.244,0,0.0,0,0
1100.294,0,0.0,0,0
1100.344,0,0.0,0,0
1100.394,0,0.0,0,0
1100.444,0,0.0,0,0
1100.494,0,0.0,0,0
1100.544,0,0.0,0,0
1100.594,0,0.0,0,0
1100.644,0,0.0,0,0
1100.694,0,0.0,0,0
1100.744,0,0.0,0,0
1100.794,0,0.0,0,0
1100.844,0,0.0,0,0
1100.895,0,0.0,0,0
1100.945,0,0.0,0,0
1100.995,0,0.0,0,0
1101.045,0,0.0,0,0
1101.095,0,0.0,0,0
1101.145,0,0.0,0,0
1101.195,0,0.0,0,0
1101.245,0,0.0,0,0
1101.295,0,0.0,0,0
1101.345,0,0.0,0,0
1101.395,0,0.0,0,0
1101.445,0,0.0,0,0
1101.496,0,0.0,0,0
1101.546,0,0.0,0,0
1101.596,0,0.0,0,0
1101.646,0,0.0,0,0
1101.696,0,0.0,0,0
1101.746,0,0.0,0,0
1101.796,0,0.0,0,0
1101.846,0,0.0,0,0
1101.896,0,0.0,0,0
1101.947,0,0.0,0,0
1101.997,0,0.0,0,0
1102.047,0,0.0,0,0
1102.097,0,0.0,0,0
1102.147,0,0.0,0,0
1102.197,0,0.0,0,0
1102.247,0,0.0,0,0
1102.297,0,0.0,0,0
1102.347,0,0.0,0,0
1102.397,0,0.0,0,0
1102.448,0,0.0,0,0
1102.498,0,0.0,0,0
1102.548,0,0.0,0,0
1102.598,0,0.0,0,0
1102.648,0,0.0,0,0
1102.698,0,0.0,0,0
1102.748,0,0.0,0,0
1102.798,0,0.0,0,0
1102.848,0,0.0,0,0
1102.898,0,0.0,0,0
1102.949,0,0.0,0,0
1102.999,0,0.0,0,0
1103.049,0,0.0,0,0
1103.099,0,0.0,0,0
1103.149,0,0.0,0,0
1103.199,0,0.0,0,0
1103.249,0,0.0,0,0
1103.299,0,0.0,0,0
1103.349,0,0.0,0,0
1103.399,0,0.0,0,0
1103.449,0,0.0,0,0
1103.499,0,0.0,0,0
1103.550,0,0.0,0,0
1103.600,0,0.0,0,0
1103.650,0,0.0,0,0
1103.700,0,0.0,0,0
1103.750,0,0.0,0,0
1103.800,0,0.0,0,0
1103.850,0,0.0,0,0
1103.900,0,0.0,0,0
1103.950,0,0.0,0,0
1104.000,0,0.0,0,0
1104.050,0,0.0,0,0
1104.101,0,0.0,0,0
1104.151,0,0.0,0,0
1104.201,0,0.0,0,0
1104.251,0,0.0,0,0
1104.301,0,0.0,0,0
1104.351,0,0.0,0,0
1104.401,0,0.0,0,0
1104.451,0,0.0,0,0
1104.501,0,0.0,0,0
1104.552,0,0.0,0,0
1104.602,0,0.0,0,0
1104.652,0,0.0,0,0
1104.702,0,0.0,0,0
1104.752,0,0.0,0,0
1104.802,0,0.0,0,0
1104.852,0,0.0,0,0
1104.902,0,0.0,0,0
1104.952,0,0.0,0,0
1105.003,0,0.0,0,0
1105.053,0,0.0,0,0
1105.103,0,0.0,0,0
1105.153,0,0.0,0,0
1105.203,0,0.0,0,0
1105.253,0,0.0,0,0
1105.303,0,0.0,0,0
1105.353,0,0.0,0,0
1105.403,0,0.0,0,0
1105.453,0,0.0,0,0
1105.503,0,0.0,0,0
1105.553,0,0.0,0,0
1105.603,0,0.0,0,0
1105.654,0,0.0,0,0
1105.704,0,0.0,0,0
1105.754,0,0.0,0,0
1105.804,0,0.0,0,0
1105.854,0,0.0,0,0
1105.904,0,0.0,0,0
1105.954,0,0.0,0,0
1106.004,0,0.0,0,0
1106.054,0,0.0,0,0
1106.104,0,0.0,0,0
1106.155,0,0.0,0,0
1106.205,0,0.0,0,0
1106.255,0,0.0,0,0
1106.305,0,0.0,0,0
1106.355,0,0.0,0,0
1106.405,0,0.0,0,0
1106.455,0,0.0,0,0
1106.505,0,0.0,0,0
1106.555,0,0.0,0,0
1106.606,0,0.0,0,0
1106.656,0,0.0,0,0
1106.706,0,0.0,0,0
1106.756,0,0.0,0,0
1106.806,0,0.0,0,0
1106.856,0,0.0,0,0
1106.906,0,0.0,0,0
1106.956,0,0.0,0,0
1107.006,0,0.0,0,0
1107.056,0,0.0,0,0
1107.106,0,0.0,0,0
1107.156,0,0.0,0,0
1107.207,0,0.0,0,0
1107.257,0,0.0,0,0
1107.307,0,0.0,0,0
1107.357,0,0.0,0,0
1107.407,0,0.0,0,0
1107.457,0,0.0,0,0
1107.507,0,0.0,0,0
1107.557,0,0.0,0,0
1107.607,0,0.0,0,0
1107.657,0,0.0,0,0
1107.708,0,0.0,0,0
1107.758,0,0.0,0,0
1107.808,0,0.0,0,0
1107.858,0,0.0,0,0
1107.908,0,0.0,0,0
1107.958,0,0.0,0,0
1108.008,0,0.0,0,0
1108.058,0,0.0,0,0
1108.108,0,0.0,0,0
1108.158,0,0.0,0,0
1108.209,0,0.0,0,0
1108.259,0,0.0,0,0
1108.309,0,0.0,0,0
1108.359,0,0.0,0,0
1108.409,0,0.0,0,0
1108.459,0,0.0,0,0
1108.509,0,0.0,0,0
1108.559,0,0.0,0,0
1108.609,0,0.0,0,0
1108.660,0,0.0,0,0
1108.710,0,0.0,0,0
1108.760,0,0.0,0,0
1108.810,0,0.0,0,0
1108.860,0,0.0,0,0
1108.910,0,0.0,0,0
1108.960,0,0.0,0,0
1109.010,0,0.0,0,0
1109.060,0,0.0,0,0
1109.110,0,0.0,0,0
1109.160,0,0.0,0,0
1109.210,0,0.0,0,0
1109.260,0,0.0,0,0
1109.311,0,0.0,0,0
1109.361,0,0.0,0,0
1109.411,0,0.0,0,0
1109.461,0,0.0,0,0
1109.511,0,0.0,0,0
1109.561,0,0.0,0,0
1109.611,0,0.0,0,0
1109.661,0,0.0,0,0
1109.711,0,0.0,0,0
1109.761,0,0.0,0,0
1109.811,0,0.0,0,0
1109.862,0,0.0,0,0
1109.912,0,0.0,0,0
1109.962,0,0.0,0,0
1110.012,0,0.0,0,0
1110.062,0,0.0,0,0
1110.112,0,0.0,0,0
1110.162,0,0.0,0,0
1110.212,0,0.0,0,0
1110.262,0,0.0,0,0
1110.312,0,0.0,0,0
1110.363,0,0.0,0,0
1110.413,0,0.0,0,0
1110.463,0,0.0,0,0
1110.513,0,0.0,0,0
1110.563,0,0.0,0,0
1110.613,0,0.0,0,0
1110.663,0,0.0,0,0
1110.713,0,0.0,0,0
1110.763,0,0.0,0,0
1110.814,0,0.0,0,0
1110.864,0,0.0,0,0
1110.914,0,0.0,0,0
1110.964,0,0.0,0,0
1111.014,0,0.0,0,0
1111.064,0,0.0,0,0
1111.114,0,0.0,0,0
1111.164,0,0.0,0,0
1111.214,0,0.0,0,0
1111.264,0,0.0,0,0
1111.314,0,0.0,0,0
1111.365,0,0.0,0,0
1111.415,0,0.0,0,0
1111.465,0,0.0,0,0
1111.515,0,0.0,0,0
1111.565,0,0.0,0,0
1111.615,0,0.0,0,0
1111.665,0,0.0,0,0
1111.715,0,0.0,0,0
1111.765,0,0.0,0,0
1111.815,0,0.0,0,0
1111.865,0,0.0,0,0
1111.915,0,0.0,0,0
1111.966,0,0.0,0,0
1112.016,0,0.0,0,0
1112.066,0,0.0,0,0
1112.116,0,0.0,0,0
1112.166,0,0.0,0,0
1112.216,0,0.0,0,0
1112.266,0,0.0,0,0
1112.316,0,0.0,0,0
1112.367,0,0.0,0,0
1112.417,0,0.0,0,0
1112.467,0,0.0,0,0
1112.517,0,0.0,0,0
1112.567,0,0.0,0,0
1112.617,0,0.0,0,0
1112.667,0,0.0,0,0
1112.717,0,0.0,0,0
1112.767,0,0.0,0,0
1112.817,0,0.0,0,0
1112.867,0,0.0,0,0
1112.917,0,0.0,0,0
1112.967,0,0.0,0,0
1113.017,0,0.0,0,0
1113.068,0,0.0,0,0
1113.118,0,0.0,0,0
1113.168,0,0.0,0,0
1113.218,0,0.0,0,0
1113.268,0,0.0,0,0
1113.318,0,0.0,0,0
1113.368,0,0.0,0,0
1113.418,0,0.0,0,0
1113.468,0,0.0,0,0
1113.518,0,0.0,0,0
1113.568,0,0.0,0,0
1113.618,0,0.0,0,0
1113.668,0,0.0,0,0
1113.719,0,0.0,0,0
1113.769,0,0.0,0,0
1113.819,0,0.0,0,0
1113.869,0,0.0,0,0
1113.919,0,0.0,0,0
1113.969,0,0.0,0,0
1114.019,0,0.0,0,0
1114.069,0,0.0,0,0
1114.119,0,0.0,0,0
1114.169,0,0.0,0,0
1114.219,0,0.0,0,0
1114.269,0,0.0,0,0
1114.319,0,0.0,0,0
1114.370,0,0.0,0,0
1114.420,0,0.0,0,0
1114.470,0,0.0,0,0
1114.520,0,0.0,0,0
1114.570,0,0.0,0,0
1114.620,0,0.0,0,0
1114.670,0,0.0,0,0
1114.720,0,0.0,0,0
1114.770,0,0.0,0,0
1114.820,0,0.0,0,0
1114.871,0,0.0,0,0
1114.921,0,0.0,0,0
1114.971,0,0.0,0,0
1115.021,0,0.0,0,0
1115.071,0,0.0,0,0
1115.121,0,0.0,0,0
1115.171,0,0.0,0,0
1115.221,0,0.0,0,0
1115.271,0,0.0,0,0
1115.321,0,0.0,0,0
1115.371,0,0.0,0,0
1115.422,0,0.0,0,0
1115.472,0,0.0,0,0
1115.522,0,0.0,0,0
1115.572,0,0.0,0,0
1115.622,0,0.0,0,0
1115.672,0,0.0,0,0
1115.722,0,0.0,0,0
1115.772,0,0.0,0,0
1115.822,0,0.0,0,0
1115.873,0,0.0,0,0
1115.923,0,0.0,0,0
1115.973,0,0.0,0,0
1116.023,0,0.0,0,0
1116.073,0,0.0,0,0
1116.123,0,0.0,0,0
1116.173,0,0.0,0,0
1116.223,0,0.0,0,0
1116.273,0,0.0,0,0
1116.323,0,0.0,0,0
1116.373,0,0.0,0,0
1116.424,0,0.0,0,0
1116.474,0,0.0,0,0
1116.524,0,0.0,0,0
1116.574,0,0.0,0,0
1116.624,0,0.0,0,0
1116.674,0,0.0,0,0
1116.724,0,0.0,0,0
1116.774,0,0.0,0,0
1116.824,0,0.0,0,0
1116.874,0,0.0,0,0
1116.924,0,0.0,0,0
1116.974,0,0.0,0,0
1117.025,0,0.0,0,0
1117.075,0,0.0,0,0
1117.125,0,0.0,0,0
1117.175,0,0.0,0,0
1117.225,0,0.0,0,0
1117.275,0,0.0,0,0
1117.325,0,0.0,0,0
1117.375,0,0.0,0,0
1117.425,0,0.0,0,0
1117.475,0,0.0,0,0
1117.525,0,0.0,0,0
1117.575,0,0.0,0,0
1117.625,0,0.0,0,0
1117.676,0,0.0,0,0
1117.726,0,0.0,0,0
1117.776,0,0.0,0,0
1117.826,0,0.0,0,0
1117.876,0,0.0,0,0
1117.926,0,0.0,0,0
1117.977,0,0.0,0,0
1118.027,0,0.0,0,0
1118.077,0,0.0,0,0
1118.127,0,0.0,0,0
1118.177,0,0.0,0,0
1118.227,0,0.0,0,0
1118.277,0,0.0,0,0
1118.327,0,0.0,0,0
1118.377,0,0.0,0,0
1118.428,0,0.0,0,0
1118.478,0,0.0,0,0
1118.528,0,0.0,0,0
1118.578,0,0.0,0,0
1118.628,0,0.0,0,0
1118.678,0,0.0,0,0
1118.728,0,0.0,0,0
1118.778,0,0.0,0,0
1118.828,0,0.0,0,0
1118.878,0,0.0,0,0
1118.928,0,0.0,0,0
1118.978,0,0.0,0,0
1119.028,0,0.0,0,0
1119.078,0,0.0,0,0
1119.129,0,0.0,0,0
1119.179,0,0.0,0,0
1119.229,0,0.0,0,0
1119.279,0,0.0,0,0
1119.329,0,0.0,0,0
1119.379,0,0.0,0,0
1119.429,0,0.0,0,0
1119.479,0,0.0,0,0
1119.529,0,0.0,0,0
1119.579,0,0.0,0,0
1119.630,0,0.0,0,0
1119.680,0,0.0,0,0
1119.730,0,0.0,0,0
1119.780,0,0.0,0,0
1119.830,0,0.0,0,0
1119.880,0,0.0,0,0
1119.930,0,0.0,0,0
1119.980,0,0.0,0,0
1120.030,0,0.0,0,0
1120.080,0,0.0,0,0
1120.130,0,0.0,0,0
1120.180,0,0.0,0,0
1120.230,0,0.0,0,0
1120.281,0,0.0,0,0
1120.331,0,0.0,0,0
1120.381,0,0.0,0,0
1120.431,0,0.0,0,0
1120.481,0,0.0,0,0
1120.531,0,0.0,0,0
1120.581,0,0.0,0,0
1120.631,0,0.0,0,0
1120.681,0,0.0,0,0
1120.731,0,0.0,0,0
1120.782,0,0.0,0,0
1120.832,0,0.0,0,0
1120.882,0,0.0,0,0
1120.932,0,0.0,0,0
1120.982,0,0.0,0,0
1121.032,0,0.0,0,0
1121.082,0,0.0,0,0
1121.132,0,0.0,0,0
1121.182,0,0.0,0,0
1121.232,0,0.0,0,0
1121.282,0,0.0,0,0
1121.333,0,0.0,0,0
1121.383,0,0.0,0,0
1121.433,0,0.0,0,0
1121.483,0,0.0,0,0
1121.533,0,0.0,0,0
1121.583,0,0.0,0,0
1121.633,0,0.0,0,0
1121.683,0,0.0,0,0
1121.734,0,0.0,0,0
1121.784,0,0.0,0,0
1121.834,0,0.0,0,0
1121.884,0,0.0,0,0
1121.934,0,0.0,0,0
1121.984,0,0.0,0,0
1122.034,0,0.0,0,0
1122.084,0,0.0,0,0
1122.134,0,0.0,0,0
1122.184,0,0.0,0,0
1122.234,0,0.0,0,0
1122.284,0,0.0,0,0
1122.335,0,0.0,0,0
1122.385,0,0.0,0,0
1122.435,0,0.0,0,0
1122.485,0,0.0,0,0
1122.535,0,0.0,0,0
1122.585,0,0.0,0,0
1122.635,0,0.0,0,0
1122.685,0,0.0,0,0
1122.735,0,0.0,0,0
1122.786,0,0.0,0,0
1122.836,0,0.0,0,0
1122.886,0,0.0,0,0
1122.936,0,0.0,0,0
1122.986,0,0.0,0,0
1123.036,0,0.0,0,0
1123.086,0,0.0,0,0
1123.137,0,0.0,0,0
1123.187,0,0.0,0,0
1123.237,0,0.0,0,0
1123.287,0,0.0,0,0
1123.337,0,0.0,0,0
1123.387,0,0.0,0,0
1123.437,0,0.0,0,0
1123.487,0,0.0,0,0
1123.537,0,0.0,0,0
1123.587,0,0.0,0,0
1123.638,0,0.0,0,0
1123.688,0,0.0,0,0
1123.738,0,0.0,0,0
1123.788,0,0.0,0,0
1123.838,0,0.0,0,0
1123.888,0,0.0,0,0
1123.938,0,0.0,0,0
1123.988,0,0.0,0,0
1124.038,0,0.0,0,0
1124.089,0,0.0,0,0
1124.139,0,0.0,0,0
1124.189,0,0.0,0,0
1124.239,0,0.0,0,0
1124.289,0,0.0,0,0
1124.339,0,0.0,0,0
1124.389,0,0.0,0,0
1124.439,0,0.0,0,0
1124.490,0,0.0,0,0
1124.540,0,0.0,0,0
1124.590,0,0.0,0,0
1124.640,0,0.0,0,0
1124.690,0,0.0,0,0
1124.740,0,0.0,0,0
1124.790,0,0.0,0,0
1124.840,0,0.0,0,0
1124.890,0,0.0,0,0
1124.940,0,0.0,0,0
1124.990,0,0.0,0,0
1125.040,0,0.0,0,0
1125.091,0,0.0,0,0
1125.141,0,0.0,0,0
1125.191,0,0.0,0,0
1125.241,0,0.0,0,0
1125.291,0,0.0,0,0
1125.341,0,0.0,0,0
1125.391,0,0.0,0,0
1125.441,0,0.0,0,0
1125.491,0,0.0,0,0
1125.541,0,0.0,0,0
1125.591,0,0.0,0,0
1125.642,0,0.0,0,0
1125.692,0,0.0,0,0
1125.742,0,0.0,0,0
1125.792,0,0.0,0,0
1125.842,0,0.0,0,0
1125.892,0,0.0,0,0
1125.942,0,0.0,0,0
1125.992,0,0.0,0,0
1126.042,0,0.0,0,0
1126.092,0,0.0,0,0
1126.142,0,0.0,0,0
1126.193,0,0.0,0,0
1126.243,0,0.0,0,0
1126.293,0,0.0,0,0
1126.343,0,0.0,0,0
1126.393,0,0.0,0,0
1126.443,0,0.0,0,0
1126.493,0,0.0,0,0
1126.543,0,0.0,0,0
1126.593,0,0.0,0,0
1126.643,0,0.0,0,0
1126.694,0,0.0,0,0
1126.744,0,0.0,0,0
1126.794,0,0.0,0,0
1126.844,0,0.0,0,0
1126.894,0,0.0,0,0
1126.944,0,0.0,0,0
1126.994,0,0.0,0,0
1127.044,0,0.0,0,0
1127.095,0,0.0,0,0
1127.145,0,0.0,0,0
1127.195,0,0.0,0,0
1127.245,0,0.0,0,0
1127.295,0,0.0,0,0
1127.345,0,0.0,0,0
1127.395,0,0.0,0,0
1127.445,0,0.0,0,0
1127.495,0,0.0,0,0
1127.545,0,0.0,0,0
1127.596,0,0.0,0,0
1127.646,0,0.0,0,0
1127.696,0,0.0,0,0
1127.746,0,0.0,0,0
1127.796,0,0.0,0,0
1127.846,0,0.0,0,0
1127.896,0,0.0,0,0
1127.946,0,0.0,0,0
1127.997,0,0.0,0,0
1128.047,0,0.0,0,0
1128.097,0,0.0,0,0
1128.147,0,0.0,0,0
1128.197,0,0.0,0,0
1128.247,0,0.0,0,0
1128.297,0,0.0,0,0
1128.348,0,0.0,0,0
1128.398,0,0.0,0,0
1128.448,0,0.0,0,0
1128.498,0,0.0,0,0
1128.548,0,0.0,0,0
1128.598,0,0.0,0,0
1128.648,0,0.0,0,0
1128.698,0,0.0,0,0
1128.748,0,0.0,0,0
1128.799,0,0.0,0,0
1128.849,0,0.0,0,0
1128.899,0,0.0,0,0
1128.949,0,0.0,0,0
1128.999,0,0.0,0,0
1129.049,0,0.0,0,0
1129.099,0,0.0,0,0
1129.149,0,0.0,0,0
1129.199,0,0.0,0,0
1129.250,0,0.0,0,0
1129.300,0,0.0,0,0
1129.350,0,0.0,0,0
1129.400,0,0.0,0,0
1129.450,0,0.0,0,0
1129.500,0,0.0,0,0
1129.550,0,0.0,0,0
1129.600,0,0.0,0,0
1129.650,0,0.0,0,0
1129.700,0,0.0,0,0
1129.750,0,0.0,0,0
1129.801,0,0.0,0,0
1129.851,0,0.0,0,0
1129.901,0,0.0,0,0
1129.951,0,0.0,0,0
1130.001,0,0.0,0,0
1130.051,0,0.0,0,0
1130.101,0,0.0,0,0
1130.151,0,0.0,0,0
1130.201,0,0.0,0,0
1130.251,0,0.0,0,0
1130.301,0,0.0,0,0
1130.352,0,0.0,0,0
1130.402,0,0.0,0,0
1130.452,0,0.0,0,0
1130.502,0,0.0,0,0
1130.552,0,0.0,0,0
1130.602,0,0.0,0,0
1130.652,0,0.0,0,0
1130.702,0,0.0,0,0
1130.752,0,0.0,0,0
1130.802,0,0.0,0,0
1130.852,0,0.0,0,0
1130.903,0,0.0,0,0
1130.953,0,0.0,0,0
1131.003,0,0.0,0,0
1131.053,0,0.0,0,0
1131.103,0,0.0,0,0
1131.153,0,0.0,0,0
1131.203,0,0.0,0,0
1131.253,0,0.0,0,0
1131.303,0,0.0,0,0
1131.354,0,0.0,0,0
1131.404,0,0.0,0,0
1131.454,0,0.0,0,0
1131.504,0,0.0,0,0
1131.554,0,0.0,0,0
1131.604,0,0.0,0,0
1131.654,0,0.0,0,0
1131.704,0,0.0,0,0
1131.754,0,0.0,0,0
1131.804,0,0.0,0,0
1131.854,0,0.0,0,0
1131.904,0,0.0,0,0
1131.955,0,0.0,0,0
1132.005,0,0.0,0,0
1132.055,0,0.0,0,0
1132.105,0,0.0,0,0
1132.155,0,0.0,0,0
1132.205,0,0.0,0,0
1132.255,0,0.0,0,0
1132.305,0,0.0,0,0
1132.356,0,0.0,0,0
1132.406,0,0.0,0,0
1132.456,0,0.0,0,0
1132.506,0,0.0,0,0
1132.556,0,0.0,0,0
1132.606,0,0.0,0,0
1132.656,0,0.0,0,0
1132.707,0,0.0,0,0
1132.757,0,0.0,0,0
1132.807,0,0.0,0,0
1132.857,0,0.0,0,0
1132.907,0,0.0,0,0
1132.957,0,0.0,0,0
1133.007,0,0.0,0,0
1133.057,0,0.0,0,0
1133.107,0,0.0,0,0
1133.157,0,0.0,0,0
1133.207,0,0.0,0,0
1133.257,0,0.0,0,0
1133.308,0,0.0,0,0
1133.358,0,0.0,0,0
1133.408,0,0.0,0,0
1133.458,0,0.0,0,0
1133.508,0,0.0,0,0
1133.558,0,0.0,0,0
1133.608,0,0.0,0,0
1133.658,0,0.0,0,0
1133.708,0,0.0,0,0
1133.758,0,0.0,0,0
1133.808,0,0.0,0,0
1133.859,0,0.0,0,0
1133.909,0,0.0,0,0
1133.959,0,0.0,0,0
1134.009,0,0.0,0,0
1134.059,0,0.0,0,0
1134.109,0,0.0,0,0
1134.159,0,0.0,0,0
1134.209,0,0.0,0,0
1134.259,0,0.0,0,0
1134.310,0,0.0,0,0
1134.360,0,0.0,0,0
1134.410,0,0.0,0,0
1134.460,0,0.0,0,0
1134.510,0,0.0,0,0
1134.560,0,0.0,0,0
1134.610,0,0.0,0,0
1134.660,0,0.0,0,0
1134.710,0,0.0,0,0
1134.760,0,0.0,0,0
1134.810,0,0.0,0,0
1134.860,0,0.0,0,0
1134.910,0,0.0,0,0
1134.960,0,0.0,0,0
1135.011,0,0.0,0,0
1135.061,0,0.0,0,0
1135.111,0,0.0,0,0
1135.161,0,0.0,0,0
1135.211,0,0.0,0,0
1135.261,0,0.0,0,0
1135.311,0,0.0,0,0
1135.361,0,0.0,0,0
1135.411,0,0.0,0,0
1135.462,0,0.0,0,0
1135.512,0,0.0,0,0
1135.562,0,0.0,0,0
1135.612,0,0.0,0,0
1135.662,0,0.0,0,0
1135.712,0,0.0,0,0
1135.762,0,0.0,0,0
1135.812,0,0.0,0,0
1135.862,0,0.0,0,0
1135.913,0,0.0,0,0
1135.963,0,0.0,0,0
1136.013,0,0.0,0,0
1136.063,0,0.0,0,0
1136.113,0,0.0,0,0
1136.163,0,0.0,0,0
1136.213,0,0.0,0,0
1136.263,0,0.0,0,0
1136.313,0,0.0,0,0
1136.364,0,0.0,0,0
1136.414,0,0.0,0,0
1136.464,0,0.0,0,0
1136.514,0,0.0,0,0
1136.564,0,0.0,0,0
1136.614,0,0.0,0,0
1136.664,0,0.0,0,0
1136.714,0,0.0,0,0
1136.764,0,0.0,0,0
1136.815,0,0.0,0,0
1136.865,0,0.0,0,0
1136.915,0,0.0,0,0
1136.965,0,0.0,0,0
1137.015,0,0.0,0,0
1137.065,0,0.0,0,0
1137.115,0,0.0,0,0
1137.166,0,0.0,0,0
1137.216,0,0.0,0,0
1137.266,0,0.0,0,0
1137.316,0,0.0,0,0
1137.366,0,0.0,0,0
1137.416,0,0.0,0,0
1137.466,0,0.0,0,0
1137.516,0,0.0,0,0
1137.566,0,0.0,0,0
1137.616,0,0.0,0,0
1137.666,0,0.0,0,0
1137.717,0,0.0,0,0
1137.767,0,0.0,0,0
1137.817,0,0.0,0,0
1137.867,0,0.0,0,0
1137.917,0,0.0,0,0
1137.967,0,0.0,0,0
1138.017,0,0.0,0,0
1138.067,0,0.0,0,0
1138.117,0,0.0,0,0
1138.167,0,0.0,0,0
1138.217,0,0.0,0,0
1138.267,0,0.0,0,0
1138.317,0,0.0,0,0
1138.368,0,0.0,0,0
1138.418,0,0.0,0,0
1138.468,0,0.0,0,0
1138.518,0,0.0,0,0
1138.568,0,0.0,0,0
1138.618,0,0.0,0,0
1138.668,0,0.0,0,0
1138.718,0,0.0,0,0
1138.768,0,0.0,0,0
1138.818,0,0.0,0,0
1138.868,0,0.0,0,0
1138.918,0,0.0,0,0
1138.968,0,0.0,0,0
1139.018,0,0.0,0,0
1139.069,0,0.0,0,0
1139.119,0,0.0,0,0
1139.169,0,0.0,0,0
1139.219,0,0.0,0,0
1139.269,0,0.0,0,0
1139.319,0,0.0,0,0
1139.369,0,0.0,0,0
1139.419,0,0.0,0,0
1139.469,0,0.0,0,0
1139.519,0,0.0,0,0
1139.569,0,0.0,0,0
1139.620,0,0.0,0,0
1139.670,0,0.0,0,0
1139.720,0,0.0,0,0
1139.770,0,0.0,0,0
1139.820,0,0.0,0,0
1139.870,0,0.0,0,0
1139.920,0,0.0,0,0
1139.970,0,0.0,0,0
1140.020,0,0.0,0,0
1140.071,0,0.0,0,0
1140.121,0,0.0,0,0
1140.171,0,0.0,0,0
1140.221,0,0.0,0,0
1140.271,0,0.0,0,0
1140.321,0,0.0,0,0
1140.371,0,0.0,0,0
1140.421,0,0.0,0,0
1140.472,0,0.0,0,0
1140.522,0,0.0,0,0
1140.572,0,0.0,0,0
1140.622,0,0.0,0,0
1140.672,0,0.0,0,0
1140.722,0,0.0,0,0
1140.772,0,0.0,0,0
1140.822,0,0.0,0,0
1140.872,0,0.0,0,0
1140.923,0,0.0,0,0
1140.973,0,0.0,0,0
1141.023,0,0.0,0,0
1141.073,0,0.0,0,0
1141.123,0,0.0,0,0
1141.173,0,0.0,0,0
1141.223,0,0.0,0,0
1141.273,0,0.0,0,0
1141.323,0,0.0,0,0
1141.373,0,0.0,0,0
1141.423,0,0.0,0,0
1141.474,0,0.0,0,0
1141.524,0,0.0,0,0
1141.574,0,0.0,0,0
1141.624,0,0.0,0,0
1141.674,0,0.0,0,0
1141.724,0,0.0,0,0
1141.774,0,0.0,0,0
1141.824,0,0.0,0,0
1141.874,0,0.0,0,0
1141.924,0,0.0,0,0
1141.974,0,0.0,0,0
1142.025,0,0.0,0,0
1142.075,0,0.0,0,0
1142.125,0,0.0,0,0
1142.175,0,0.0,0,0
1142.225,0,0.0,0,0
1142.275,0,0.0,0,0
1142.325,0,0.0,0,0
1142.375,0,0.0,0,0
1142.425,0,0.0,0,0
1142.475,0,0.0,0,0
1142.526,0,0.0,0,0
1142.576,0,0.0,0,0
1142.626,0,0.0,0,0
1142.676,0,0.0,0,0
1142.726,0,0.0,0,0
1142.776,0,0.0,0,0
1142.826,0,0.0,0,0
1142.876,0,0.0,0,0
1142.926,0,0.0,0,0
1142.977,0,0.0,0,0
1143.027,0,0.0,0,0
1143.077,0,0.0,0,0
1143.127,0,0.0,0,0
1143.177,0,0.0,0,0
1143.227,0,0.0,0,0
1143.277,0,0.0,0,0
1143.327,0,0.0,0,0
1143.377,0,0.0,0,0
1143.428,0,0.0,0,0
1143.478,0,0.0,0,0
1143.528,0,0.0,0,0
1143.578,0,0.0,0,0
1143.628,0,0.0,0,0
1143.678,0,0.0,0,0
1143.728,0,0.0,0,0
1143.778,0,0.0,0,0
1143.828,0,0.0,0,0
1143.878,0,0.0,0,0
1143.928,0,0.0,0,0
1143.978,0,0.0,0,0
1144.029,0,0.0,0,0
1144.079,0,0.0,0,0
1144.129,0,0.0,0,0
1144.179,0,0.0,0,0
1144.229,0,0.0,0,0
1144.279,0,0.0,0,0
1144.329,0,0.0,0,0
1144.379,0,0.0,0,0
1144.429,0,0.0,0,0
1144.480,0,0.0,0,0
1144.530,0,0.0,0,0
1144.580,0,0.0,0,0
1144.630,0,0.0,0,0
1144.680,0,0.0,0,0
1144.730,0,0.0,0,0
1144.780,0,0.0,0,0
1144.830,0,0.0,0,0
1144.880,0,0.0,0,0
1144.930,0,0.0,0,0
1144.980,0,0.0,0,0
1145.031,0,0.0,0,0
1145.081,0,0.0,0,0
1145.131,0,0.0,0,0
1145.181,0,0.0,0,0
1145.231,0,0.0,0,0
1145.281,0,0.0,0,0
1145.331,0,0.0,0,0
1145.381,0,0.0,0,0
1145.431,0,0.0,0,0
1145.482,0,0.0,0,0
1145.532,0,0.0,0,0
1145.582,0,0.0,0,0
1145.632,0,0.0,0,0
1145.682,0,0.0,0,0
1145.732,0,0.0,0,0
1145.782,0,0.0,0,0
1145.832,0,0.0,0,0
1145.882,0,0.0,0,0
1145.932,0,0.0,0,0
1145.982,0,0.0,0,0
1146.033,0,0.0,0,0
1146.083,0,0.0,0,0
1146.133,0,0.0,0,0
1146.183,0,0.0,0,0
1146.233,0,0.0,0,0
1146.283,0,0.0,0,0
1146.333,0,0.0,0,0
1146.383,0,0.0,0,0
1146.433,0,0.0,0,0
1146.483,0,0.0,0,0
1146.533,0,0.0,0,0
1146.584,0,0.0,0,0
1146.634,0,0.0,0,0
1146.684,0,0.0,0,0
1146.734,0,0.0,0,0
1146.784,0,0.0,0,0
1146.834,0,0.0,0,0
1146.884,0,0.0,0,0
1146.934,0,0.0,0,0
1146.984,0,0.0,0,0
1147.035,0,0.0,0,0
1147.085,0,0.0,0,0
1147.135,0,0.0,0,0
1147.185,0,0.0,0,0
1147.235,0,0.0,0,0
1147.285,0,0.0,0,0
1147.335,0,0.0,0,0
1147.385,0,0.0,0,0
1147.435,0,0.0,0,0
1147.485,0,0.0,0,0
1147.535,0,0.0,0,0
1147.585,0,0.0,0,0
1147.635,0,0.0,0,0
1147.686,0,0.0,0,0
1147.736,0,0.0,0,0
1147.786,0,0.0,0,0
1147.836,0,0.0,0,0
1147.886,0,0.0,0,0
1147.936,0,0.0,0,0
1147.986,0,0.0,0,0
1148.036,0,0.0,0,0
1148.086,0,0.0,0,0
1148.137,0,0.0,0,0
1148.187,0,0.0,0,0
1148.237,0,0.0,0,0
1148.287,0,0.0,0,0
1148.337,0,0.0,0,0
1148.387,0,0.0,0,0
1148.437,0,0.0,0,0
1148.487,0,0.0,0,0
1148.537,0,0.0,0,0
1148.587,0,0.0,0,0
1148.637,0,0.0,0,0
1148.687,0,0.0,0,0
1148.738,0,0.0,0,0
1148.788,0,0.0,0,0
1148.838,0,0.0,0,0
1148.888,0,0.0,0,0
1148.938,0,0.0,0,0
1148.988,0,0.0,0,0
1149.038,0,0.0,0,0
1149.088,0,0.0,0,0
1149.138,0,0.0,0,0
1149.188,0,0.0,0,0
1149.238,0,0.0,0,0
1149.289,0,0.0,0,0
1149.339,0,0.0,0,0
1149.389,0,0.0,0,0
1149.439,0,0.0,0,0
1149.489,0,0.0,0,0
1149.539,0,0.0,0,0
1149.589,0,0.0,0,0
1149.639,0,0.0,0,0
1149.689,0,0.0,0,0
1149.739,0,0.0,0,0
1149.790,0,0.0,0,0
1149.840,0,0.0,0,0
1149.890,0,0.0,0,0
1149.940,0,0.0,0,0
1149.990,0,0.0,0,0
1150.040,0,0.0,0,0
1150.090,0,0.0,0,0
1150.140,0,0.0,0,0
1150.190,0,0.0,0,0
1150.241,0,0.0,0,0
1150.291,0,0.0,0,0
1150.341,0,0.0,0,0
1150.391,0,0.0,0,0
1150.441,0,0.0,0,0
1150.491,0,0.0,0,0
1150.541,0,0.0,0,0
1150.591,0,0.0,0,0
1150.641,0,0.0,0,0
1150.691,0,0.0,0,0
1150.742,0,0.0,0,0
1150.792,0,0.0,0,0
1150.842,0,0.0,0,0
1150.892,0,0.0,0,0
1150.942,0,0.0,0,0
1150.992,0,0.0,0,0
1151.042,0,0.0,0,0
1151.092,0,0.0,0,0
1151.142,0,0.0,0,0
1151.193,0,0.0,0,0
1151.243,0,0.0,0,0
1151.293,0,0.0,0,0
1151.343,0,0.0,0,0
1151.393,0,0.0,0,0
1151.443,0,0.0,0,0
1151.493,0,0.0,0,0
1151.543,0,0.0,0,0
1151.593,0,0.0,0,0
1151.643,0,0.0,0,0
1151.694,0,0.0,0,0
1151.744,0,0.0,0,0
1151.794,0,0.0,0,0
1151.844,0,0.0,0,0
1151.894,0,0.0,0,0
1151.944,0,0.0,0,0
1151.994,0,0.0,0,0
1152.044,0,0.0,0,0
1152.095,0,0.0,0,0
1152.145,0,0.0,0,0
1152.195,0,0.0,0,0
1152.245,0,0.0,0,0
1152.295,0,0.0,0,0
1152.345,0,0.0,0,0
1152.395,0,0.0,0,0
1152.446,0,0.0,0,0
1152.496,0,0.0,0,0
1152.546,0,0.0,0,0
1152.596,0,0.0,0,0
1152.646,0,0.0,0,0
1152.696,0,0.0,0,0
1152.746,0,0.0,0,0
1152.796,0,0.0,0,0
1152.846,0,0.0,0,0
1152.896,0,0.0,0,0
1152.946,0,0.0,0,0
1152.996,0,0.0,0,0
1153.047,0,0.0,0,0
1153.097,0,0.0,0,0
1153.147,0,0.0,0,0
1153.197,0,0.0,0,0
1153.247,0,0.0,0,0
1153.297,0,0.0,0,0
1153.347,0,0.0,0,0
1153.397,0,0.0,0,0
1153.447,0,0.0,0,0
1153.498,0,0.0,0,0
1153.548,0,0.0,0,0
1153.598,0,0.0,0,0
1153.648,0,0.0,0,0
1153.698,0,0.0,0,0
1153.748,0,0.0,0,0
1153.798,0,0.0,0,0
1153.848,0,0.0,0,0
1153.898,0,0.0,0,0
1153.948,0,0.0,0,0
1153.998,0,0.0,0,0
1154.049,0,0.0,0,0
1154.099,0,0.0,0,0
1154.149,0,0.0,0,0
1154.199,0,0.0,0,0
1154.249,0,0.0,0,0
1154.299,0,0.0,0,0
1154.349,0,0.0,0,0
1154.399,0,0.0,0,0
1154.449,0,0.0,0,0
1154.499,0,0.0,0,0
1154.549,0,0.0,0,0
1154.600,0,0.0,0,0
1154.650,0,0.0,0,0
1154.700,0,0.0,0,0
1154.750,0,0.0,0,0
1154.800,0,0.0,0,0
1154.850,0,0.0,0,0
1154.900,0,0.0,0,0
1154.950,0,0.0,0,0
1155.000,0,0.0,0,0
1155.050,0,0.0,0,0
1155.100,0,0.0,0,0
1155.151,0,0.0,0,0
1155.201,0,0.0,0,0
1155.251,0,0.0,0,0
1155.301,0,0.0,0,0
1155.351,0,0.0,0,0
1155.401,0,0.0,0,0
1155.451,0,0.0,0,0
1155.501,0,0.0,0,0
1155.551,0,0.0,0,0
1155.601,0,0.0,0,0
1155.651,0,0.0,0,0
1155.701,0,0.0,0,0
1155.751,0,0.0,0,0
1155.801,0,0.0,0,0
1155.851,0,0.0,0,0
1155.901,0,0.0,0,0
1155.952,0,0.0,0,0
1156.002,0,0.0,0,0
1156.052,0,0.0,0,0
1156.102,0,0.0,0,0
1156.152,0,0.0,0,0
1156.202,0,0.0,0,0
1156.252,0,0.0,0,0
1156.302,0,0.0,0,0
1156.352,0,0.0,0,0
1156.402,0,0.0,0,0
1156.452,0,0.0,0,0
1156.502,0,0.0,0,0
1156.552,0,0.0,0,0
1156.602,0,0.0,0,0
1156.652,0,0.0,0,0
1156.702,0,0.0,0,0
1156.752,0,0.0,0,0
1156.803,0,0.0,0,0
1156.853,0,0.0,0,0
1156.903,0,0.0,0,0
1156.953,0,0.0,0,0
1157.003,0,0.0,0,0
1157.053,0,0.0,0,0
1157.103,0,0.0,0,0
1157.153,0,0.0,0,0
1157.203,0,0.0,0,0
1157.253,0,0.0,0,0
1157.304,0,0.0,0,0
1157.354,0,0.0,0,0
1157.404,0,0.0,0,0
1157.454,0,0.0,0,0
1157.504,0,0.0,0,0
1157.554,0,0.0,0,0
1157.604,0,0.0,0,0
1157.654,0,0.0,0,0
1157.704,0,0.0,0,0
1157.754,0,0.0,0,0
1157.804,0,0.0,0,0
1157.854,0,0.0,0,0
1157.904,0,0.0,0,0
1157.954,0,0.0,0,0
1158.005,0,0.0,0,0
1158.055,0,0.0,0,0
1158.105,0,0.0,0,0
1158.155,0,0.0,0,0
1158.205,0,0.0,0,0
1158.255,0,0.0,0,0
1158.305,0,0.0,0,0
1158.355,0,0.0,0,0
1158.405,0,0.0,0,0
1158.455,0,0.0,0,0
1158.506,0,0.0,0,0
1158.556,0,0.0,0,0
1158.606,0,0.0,0,0
1158.656,0,0.0,0,0
1158.706,0,0.0,0,0
1158.756,0,0.0,0,0
1158.806,0,0.0,0,0
1158.856,0,0.0,0,0
1158.906,0,0.0,0,0
1158.957,0,0.0,0,0
1159.007,0,0.0,0,0
1159.057,0,0.0,0,0
1159.107,0,0.0,0,0
1159.157,0,0.0,0,0
1159.207,0,0.0,0,0
1159.257,0,0.0,0,0
1159.307,0,0.0,0,0
1159.358,0,0.0,0,0
1159.408,0,0.0,0,0
1159.458,0,0.0,0,0
1159.508,0,0.0,0,0
1159.558,0,0.0,0,0
1159.608,0,0.0,0,0
1159.658,0,0.0,0,0
1159.708,0,0.0,0,0
1159.758,0,0.0,0,0
1159.809,0,0.0,0,0
1159.859,0,0.0,0,0
1159.909,0,0.0,0,0
1159.959,0,0.0,0,0
1160.009,0,0.0,0,0
1160.059,0,0.0,0,0
1160.109,0,0.0,0,0
1160.159,0,0.0,0,0
1160.209,0,0.0,0,0
1160.259,0,0.0,0,0
1160.310,0,0.0,0,0
1160.360,0,0.0,0,0
1160.410,0,0.0,0,0
1160.460,0,0.0,0,0
1160.510,0,0.0,0,0
1160.560,0,0.0,0,0
1160.610,0,0.0,0,0
1160.660,0,0.0,0,0
1160.710,0,0.0,0,0
1160.760,0,0.0,0,0
1160.810,0,0.0,0,0
1160.860,0,0.0,0,0
1160.910,0,0.0,0,0
1160.960,0,0.0,0,0
1161.010,0,0.0,0,0
1161.061,0,0.0,0,0
1161.111,0,0.0,0,0
1161.161,0,0.0,0,0
1161.211,0,0.0,0,0
1161.261,0,0.0,0,0
1161.311,0,0.0,0,0
1161.361,0,0.0,0,0
1161.411,0,0.0,0,0
1161.461,0,0.0,0,0
1161.511,0,0.0,0,0
1161.561,0,0.0,0,0
1161.611,0,0.0,0,0
1161.661,0,0.0,0,0
1161.711,0,0.0,0,0
1161.761,0,0.0,0,0
1161.812,0,0.0,0,0
1161.862,0,0.0,0,0
1161.912,0,0.0,0,0
1161.962,0,0.0,0,0
1162.012,0,0.0,0,0
1162.062,0,0.0,0,0
1162.112,0,0.0,0,0
1162.162,0,0.0,0,0
1162.212,0,0.0,0,0
1162.263,0,0.0,0,0
1162.313,0,0.0,0,0
1162.363,0,0.0,0,0
1162.413,0,0.0,0,0
1162.463,0,0.0,0,0
1162.513,0,0.0,0,0
1162.563,0,0.0,0,0
1162.613,0,0.0,0,0
1162.663,0,0.0,0,0
1162.713,0,0.0,0,0
1162.763,0,0.0,0,0
1162.813,0,0.0,0,0
1162.864,0,0.0,0,0
1162.914,0,0.0,0,0
1162.964,0,0.0,0,0
1163.014,0,0.0,0,0
1163.064,0,0.0,0,0
1163.114,0,0.0,0,0
1163.164,0,0.0,0,0
1163.214,0,0.0,0,0
1163.264,0,0.0,0,0
1163.315,0,0.0,0,0
1163.365,0,0.0,0,0
1163.415,0,0.0,0,0
1163.465,0,0.0,0,0
1163.515,0,0.0,0,0
1163.565,0,0.0,0,0
1163.615,0,0.0,0,0
1163.665,0,0.0,0,0
1163.716,0,0.0,0,0
1163.766,0,0.0,0,0
1163.816,0,0.0,0,0
1163.866,0,0.0,0,0
1163.916,0,0.0,0,0
1163.966,0,0.0,0,0
1164.016,0,0.0,0,0
1164.066,0,0.0,0,0
1164.116,0,0.0,0,0
1164.166,0,0.0,0,0
1164.216,0,0.0,0,0
1164.266,0,0.0,0,0
1164.316,0,0.0,0,0
1164.367,0,0.0,0,0
1164.417,0,0.0,0,0
1164.467,0,0.0,0,0
1164.517,0,0.0,0,0
1164.567,0,0.0,0,0
1164.617,0,0.0,0,0
1164.667,0,0.0,0,0
1164.717,0,0.0,0,0
1164.767,0,0.0,0,0
1164.817,0,0.0,0,0
1164.867,0,0.0,0,0
1164.917,0,0.0,0,0
1164.968,0,0.0,0,0
1165.018,0,0.0,0,0
1165.068,0,0.0,0,0
1165.118,0,0.0,0,0
1165.168,0,0.0,0,0
1165.218,0,0.0,0,0
1165.268,0,0.0,0,0
1165.319,0,0.0,0,0
1165.369,0,0.0,0,0
1165.419,0,0.0,0,0
1165.469,0,0.0,0,0
1165.519,0,0.0,0,0
1165.569,0,0.0,0,0
1165.619,0,0.0,0,0
1165.669,0,0.0,0,0
1165.719,0,0.0,0,0
1165.769,0,0.0,0,0
1165.819,0,0.0,0,0
1165.869,0,0.0,0,0
1165.920,0,0.0,0,0
1165.970,0,0.0,0,0
1166.020,0,0.0,0,0
1166.070,0,0.0,0,0
1166.120,0,0.0,0,0
1166.170,0,0.0,0,0
1166.220,0,0.0,0,0
1166.270,0,0.0,0,0
1166.320,0,0.0,0,0
1166.370,0,0.0,0,0
1166.420,0,0.0,0,0
1166.470,0,0.0,0,0
1166.520,0,0.0,0,0
1166.571,0,0.0,0,0
1166.621,0,0.0,0,0
1166.671,0,0.0,0,0
1166.721,0,0.0,0,0
1166.771,0,0.0,0,0
1166.821,0,0.0,0,0
1166.871,0,0.0,0,0
1166.921,0,0.0,0,0
1166.971,0,0.0,0,0
1167.021,0,0.0,0,0
1167.071,0,0.0,0,0
1167.122,0,0.0,0,0
1167.172,0,0.0,0,0
1167.222,0,0.0,0,0
1167.272,0,0.0,0,0
1167.322,0,0.0,0,0
1167.372,0,0.0,0,0
1167.422,0,0.0,0,0
1167.472,0,0.0,0,0
1167.522,0,0.0,0,0
1167.572,0,0.0,0,0
1167.623,0,0.0,0,0
1167.673,0,0.0,0,0
1167.723,0,0.0,0,0
1167.773,0,0.0,0,0
1167.823,0,0.0,0,0
1167.873,0,0.0,0,0
1167.923,0,0.0,0,0
1167.973,0,0.0,0,0
1168.023,0,0.0,0,0
1168.073,0,0.0,0,0
1168.123,0,0.0,0,0
1168.173,0,0.0,0,0
1168.223,0,0.0,0,0
1168.274,0,0.0,0,0
1168.324,0,0.0,0,0
1168.374,0,0.0,0,0
1168.424,0,0.0,0,0
1168.474,0,0.0,0,0
1168.524,0,0.0,0,0
1168.574,0,0.0,0,0
1168.624,0,0.0,0,0
1168.674,0,0.0,0,0
1168.724,0,0.0,0,0
1168.774,0,0.0,0,0
1168.825,0,0.0,0,0
1168.875,0,0.0,0,0
1168.925,0,0.0,0,0
1168.975,0,0.0,0,0
1169.025,0,0.0,0,0
1169.075,0,0.0,0,0
1169.125,0,0.0,0,0
1169.175,0,0.0,0,0
1169.225,0,0.0,0,0
1169.275,0,0.0,0,0
1169.325,0,0.0,0,0
1169.375,0,0.0,0,0
1169.425,0,0.0,0,0
1169.475,0,0.0,0,0
1169.526,0,0.0,0,0
1169.576,0,0.0,0,0
1169.626,0,0.0,0,0
1169.676,0,0.0,0,0
1169.726,0,0.0,0,0
1169.776,0,0.0,0,0
1169.826,0,0.0,0,0
1169.876,0,0.0,0,0
1169.926,0,0.0,0,0
1169.976,0,0.0,0,0
1170.027,0,0.0,0,0
1170.077,0,0.0,0,0
1170.127,0,0.0,0,0
1170.177,0,0.0,0,0
1170.227,0,0.0,0,0
1170.277,0,0.0,0,0
1170.327,0,0.0,0,0
1170.377,0,0.0,0,0
1170.427,0,0.0,0,0
1170.478,0,0.0,0,0
1170.528,0,0.0,0,0
1170.578,0,0.0,0,0
1170.628,0,0.0,0,0
1170.678,0,0.0,0,0
1170.728,0,0.0,0,0
1170.778,0,0.0,0,0
1170.828,0,0.0,0,0
1170.878,0,0.0,0,0
1170.928,0,0.0,0,0
1170.978,0,0.0,0,0
1171.029,0,0.0,0,0
1171.079,0,0.0,0,0
1171.129,0,0.0,0,0
1171.179,0,0.0,0,0
1171.229,0,0.0,0,0
1171.279,0,0.0,0,0
1171.329,0,0.0,0,0
1171.379,0,0.0,0,0
1171.429,0,0.0,0,0
1171.479,0,0.0,0,0
1171.530,0,0.0,0,0
1171.580,0,0.0,0,0
1171.630,0,0.0,0,0
1171.680,0,0.0,0,0
1171.730,0,0.0,0,0
1171.780,0,0.0,0,0
1171.830,0,0.0,0,0
1171.880,0,0.0,0,0
1171.930,0,0.0,0,0
1171.980,0,0.0,0,0
1172.030,0,0.0,0,0
1172.080,0,0.0,0,0
1172.130,0,0.0,0,0
1172.180,0,0.0,0,0
1172.230,0,0.0,0,0
1172.281,0,0.0,0,0
1172.331,0,0.0,0,0
1172.381,0,0.0,0,0
1172.431,0,0.0,0,0
1172.481,0,0.0,0,0
1172.531,0,0.0,0,0
1172.582,0,0.0,0,0
1172.632,0,0.0,0,0
1172.682,0,0.0,0,0
1172.732,0,0.0,0,0
1172.782,0,0.0,0,0
1172.832,0,0.0,0,0
1172.882,0,0.0,0,0
1172.932,0,0.0,0,0
1172.982,0,0.0,0,0
1173.032,0,0.0,0,0
1173.082,0,0.0,0,0
1173.132,0,0.0,0,0
1173.183,0,0.0,0,0
1173.233,0,0.0,0,0
1173.283,0,0.0,0,0
1173.333,0,0.0,0,0
1173.383,0,0.0,0,0
1173.433,0,0.0,0,0
1173.483,0,0.0,0,0
1173.533,0,0.0,0,0
1173.583,0,0.0,0,0
1173.633,0,0.0,0,0
1173.684,0,0.0,0,0
1173.734,0,0.0,0,0
1173.784,0,0.0,0,0
1173.834,0,0.0,0,0
1173.884,0,0.0,0,0
1173.934,0,0.0,0,0
1173.984,0,0.0,0,0
1174.034,0,0.0,0,0
1174.084,0,0.0,0,0
1174.134,0,0.0,0,0
1174.185,0,0.0,0,0
1174.235,0,0.0,0,0
1174.285,0,0.0,0,0
1174.335,0,0.0,0,0
1174.385,0,0.0,0,0
1174.435,0,0.0,0,0
1174.485,0,0.0,0,0
1174.535,0,0.0,0,0
1174.585,0,0.0,0,0
1174.635,0,0.0,0,0
1174.686,0,0.0,0,0
1174.736,0,0.0,0,0
1174.786,0,0.0,0,0
1174.836,0,0.0,0,0
1174.886,0,0.0,0,0
1174.936,0,0.0,0,0
1174.986,0,0.0,0,0
1175.036,0,0.0,0,0
1175.086,0,0.0,0,0
1175.136,0,0.0,0,0
1175.187,0,0.0,0,0
1175.237,0,0.0,0,0
1175.287,0,0.0,0,0
1175.337,0,0.0,0,0
1175.387,0,0.0,0,0
1175.437,0,0.0,0,0
1175.487,0,0.0,0,0
1175.537,0,0.0,0,0
1175.587,0,0.0,0,0
1175.637,0,0.0,0,0
1175.688,0,0.0,0,0
1175.738,0,0.0,0,0
1175.788,0,0.0,0,0
1175.838,0,0.0,0,0
1175.888,0,0.0,0,0
1175.938,0,0.0,0,0
1175.988,0,0.0,0,0
1176.038,0,0.0,0,0
1176.088,0,0.0,0,0
1176.139,0,0.0,0,0
1176.189,0,0.0,0,0
1176.239,0,0.0,0,0
1176.289,0,0.0,0,0
1176.339,0,0.0,0,0
1176.389,0,0.0,0,0
1176.439,0,0.0,0,0
1176.489,0,0.0,0,0
1176.539,0,0.0,0,0
1176.590,0,0.0,0,0
1176.640,0,0.0,0,0
1176.690,0,0.0,0,0
1176.740,0,0.0,0,0
1176.790,0,0.0,0,0
1176.840,0,0.0,0,0
1176.890,0,0.0,0,0
1176.940,0,0.0,0,0
1176.990,0,0.0,0,0
1177.040,0,0.0,0,0
1177.091,0,0.0,0,0
1177.141,0,0.0,0,0
1177.191,0,0.0,0,0
1177.241,0,0.0,0,0
1177.291,0,0.0,0,0
1177.341,0,0.0,0,0
1177.391,0,0.0,0,0
1177.441,0,0.0,0,0
1177.491,0,0.0,0,0
1177.541,0,0.0,0,0
1177.591,0,0.0,0,0
1177.641,0,0.0,0,0
1177.691,0,0.0,0,0
1177.742,0,0.0,0,0
1177.792,0,0.0,0,0
1177.842,0,0.0,0,0
1177.892,0,0.0,0,0
1177.942,0,0.0,0,0
1177.992,0,0.0,0,0
1178.042,0,0.0,0,0
1178.092,0,0.0,0,0
1178.142,0,0.0,0,0
1178.192,0,0.0,0,0
1178.243,0,0.0,0,0
1178.293,0,0.0,0,0
1178.343,0,0.0,0,0
1178.393,0,0.0,0,0
1178.443,0,0.0,0,0
1178.493,0,0.0,0,0
1178.543,0,0.0,0,0
1178.594,0,0.0,0,0
1178.644,0,0.0,0,0
1178.694,0,0.0,0,0
1178.744,0,0.0,0,0
1178.794,0,0.0,0,0
1178.844,0,0.0,0,0
1178.894,0,0.0,0,0
1178.944,0,0.0,0,0
1178.994,0,0.0,0,0
1179.045,0,0.0,0,0
1179.095,0,0.0,0,0
1179.145,0,0.0,0,0
1179.195,0,0.0,0,0
1179.245,0,0.0,0,0
1179.295,0,0.0,0,0
1179.345,0,0.0,0,0
1179.395,0,0.0,0,0
1179.445,0,0.0,0,0
1179.495,0,0.0,0,0
1179.545,0,0.0,0,0
1179.595,0,0.0,0,0
1179.646,0,0.0,0,0
1179.696,0,0.0,0,0
1179.746,0,0.0,0,0
1179.796,0,0.0,0,0
1179.846,0,0.0,0,0
1179.896,0,0.0,0,0
1179.946,0,0.0,0,0
1179.996,0,0.0,0,0
1180.046,0,0.0,0,0
1180.096,0,0.0,0,0
1180.147,0,0.0,0,0
1180.197,0,0.0,0,0
1180.247,0,0.0,0,0
1180.297,0,0.0,0,0
1180.347,0,0.0,0,0
1180.397,0,0.0,0,0
1180.447,0,0.0,0,0
1180.497,0,0.0,0,0
1180.547,0,0.0,0,0
1180.597,0,0.0,0,0
1180.648,0,0.0,0,0
1180.698,0,0.0,0,0
1180.748,0,0.0,0,0
1180.798,0,0.0,0,0
1180.848,0,0.0,0,0
1180.898,0,0.0,0,0
1180.948,0,0.0,0,0
1180.998,0,0.0,0,0
1181.048,0,0.0,0,0
1181.098,0,0.0,0,0
1181.148,0,0.0,0,0
1181.198,0,0.0,0,0
1181.248,0,0.0,0,0
1181.298,0,0.0,0,0
1181.348,0,0.0,0,0
1181.398,0,0.0,0,0
1181.449,0,0.0,0,0
1181.499,0,0.0,0,0
1181.549,0,0.0,0,0
1181.599,0,0.0,0,0
1181.649,0,0.0,0,0
1181.699,0,0.0,0,0
1181.749,0,0.0,0,0
1181.799,0,0.0,0,0
1181.849,0,0.0,0,0
1181.899,0,0.0,0,0
1181.950,0,0.0,0,0
1182.000,0,0.0,0,0
1182.050,0,0.0,0,0
1182.100,0,0.0,0,0
1182.150,0,0.0,0,0
1182.200,0,0.0,0,0
1182.250,0,0.0,0,0
1182.300,0,0.0,0,0
1182.350,0,0.0,0,0
1182.400,0,0.0,0,0
1182.450,0,0.0,0,0
1182.500,0,0.0,0,0
1182.550,0,0.0,0,0
1182.601,0,0.0,0,0
1182.651,0,0.0,0,0
1182.701,0,0.0,0,0
1182.751,0,0.0,0,0
1182.801,0,0.0,0,0
1182.851,0,0.0,0,0
1182.901,0,0.0,0,0
1182.951,0,0.0,0,0
1183.001,0,0.0,0,0
1183.051,0,0.0,0,0
1183.101,0,0.0,0,0
1183.151,0,0.0,0,0
1183.202,0,0.0,0,0
1183.252,0,0.0,0,0
1183.302,0,0.0,0,0
1183.352,0,0.0,0,0
1183.402,0,0.0,0,0
1183.452,0,0.0,0,0
1183.502,0,0.0,0,0
1183.552,0,0.0,0,0
1183.602,0,0.0,0,0
1183.652,0,0.0,0,0
1183.703,0,0.0,0,0
1183.753,0,0.0,0,0
1183.803,0,0.0,0,0
1183.853,0,0.0,0,0
1183.903,0,0.0,0,0
1183.953,0,0.0,0,0
1184.003,0,0.0,0,0
1184.053,0,0.0,0,0
1184.103,0,0.0,0,0
1184.153,0,0.0,0,0
1184.203,0,0.0,0,0
1184.253,0,0.0,0,0
1184.303,0,0.0,0,0
1184.353,0,0.0,0,0
1184.403,0,0.0,0,0
1184.453,0,0.0,0,0
1184.504,0,0.0,0,0
1184.554,0,0.0,0,0
1184.604,0,0.0,0,0
1184.654,0,0.0,0,0
1184.704,0,0.0,0,0
1184.754,0,0.0,0,0
1184.804,0,0.0,0,0
1184.855,0,0.0,0,0
1184.905,0,0.0,0,0
1184.955,0,0.0,0,0
1185.005,0,0.0,0,0
1185.055,0,0.0,0,0
1185.105,0,0.0,0,0
1185.155,0,0.0,0,0
1185.205,0,0.0,0,0
1185.256,0,0.0,0,0
1185.306,0,0.0,0,0
1185.356,0,0.0,0,0
1185.406,0,0.0,0,0
1185.456,0,0.0,0,0
1185.506,0,0.0,0,0
1185.556,0,0.0,0,0
1185.606,0,0.0,0,0
1185.656,0,0.0,0,0
1185.706,0,0.0,0,0
1185.757,0,0.0,0,0
1185.807,0,0.0,0,0
1185.857,0,0.0,0,0
1185.907,0,0.0,0,0
1185.957,0,0.0,0,0
1186.007,0,0.0,0,0
1186.057,0,0.0,0,0
1186.107,0,0.0,0,0
1186.157,0,0.0,0,0
1186.207,0,0.0,0,0
1186.257,0,0.0,0,0
1186.307,0,0.0,0,0
1186.357,0,0.0,0,0
1186.407,0,0.0,0,0
1186.458,0,0.0,0,0
1186.508,0,0.0,0,0
1186.558,0,0.0,0,0
1186.608,0,0.0,0,0
1186.658,0,0.0,0,0
1186.708,0,0.0,0,0
1186.758,0,0.0,0,0
1186.808,0,0.0,0,0
1186.858,0,0.0,0,0
1186.908,0,0.0,0,0
1186.958,0,0.0,0,0
1187.008,0,0.0,0,0
1187.059,0,0.0,0,0
1187.109,0,0.0,0,0
1187.159,0,0.0,0,0
1187.209,0,0.0,0,0
1187.259,0,0.0,0,0
1187.309,0,0.0,0,0
1187.359,0,0.0,0,0
1187.409,0,0.0,0,0
1187.460,0,0.0,0,0
1187.510,0,0.0,0,0
1187.560,0,0.0,0,0
1187.610,0,0.0,0,0
1187.660,0,0.0,0,0
1187.710,0,0.0,0,0
1187.760,0,0.0,0,0
1187.810,0,0.0,0,0
1187.860,0,0.0,0,0
1187.910,0,0.0,0,0
1187.960,0,0.0,0,0
1188.010,0,0.0,0,0
1188.061,0,0.0,0,0
1188.111,0,0.0,0,0
1188.161,0,0.0,0,0
1188.211,0,0.0,0,0
1188.261,0,0.0,0,0
1188.311,0,0.0,0,0
1188.361,0,0.0,0,0
1188.411,0,0.0,0,0
1188.461,0,0.0,0,0
1188.511,0,0.0,0,0
1188.562,0,0.0,0,0
1188.612,0,0.0,0,0
1188.662,0,0.0,0,0
1188.712,0,0.0,0,0
1188.762,0,0.0,0,0
1188.812,0,0.0,0,0
1188.862,0,0.0,0,0
1188.912,0,0.0,0,0
1188.962,0,0.0,0,0
1189.012,0,0.0,0,0
1189.062,0,0.0,0,0
1189.113,0,0.0,0,0
1189.163,0,0.0,0,0
1189.213,0,0.0,0,0
1189.263,0,0.0,0,0
1189.313,0,0.0,0,0
1189.363,0,0.0,0,0
1189.413,0,0.0,0,0
1189.463,0,0.0,0,0
1189.514,0,0.0,0,0
1189.564,0,0.0,0,0
1189.614,0,0.0,0,0
1189.664,0,0.0,0,0
1189.714,0,0.0,0,0
1189.764,0,0.0,0,0
1189.814,0,0.0,0,0
1189.864,0,0.0,0,0
1189.914,0,0.0,0,0
1189.964,0,0.0,0,0
1190.014,0,0.0,0,0
1190.064,0,0.0,0,0
1190.114,0,0.0,0,0
1190.165,0,0.0,0,0
1190.215,0,0.0,0,0
1190.265,0,0.0,0,0
1190.315,0,0.0,0,0
1190.365,0,0.0,0,0
1190.415,0,0.0,0,0
1190.465,0,0.0,0,0
1190.515,0,0.0,0,0
1190.566,0,0.0,0,0
1190.616,0,0.0,0,0
1190.666,0,0.0,0,0
1190.716,0,0.0,0,0
1190.766,0,0.0,0,0
1190.816,0,0.0,0,0
1190.866,0,0.0,0,0
1190.916,0,0.0,0,0
1190.966,0,0.0,0,0
1191.016,0,0.0,0,0
1191.067,0,0.0,0,0
1191.117,0,0.0,0,0
1191.167,0,0.0,0,0
1191.217,0,0.0,0,0
1191.267,0,0.0,0,0
1191.317,0,0.0,0,0
1191.367,0,0.0,0,0
1191.417,0,0.0,0,0
1191.467,0,0.0,0,0
1191.518,0,0.0,0,0
1191.568,0,0.0,0,0
1191.618,0,0.0,0,0
1191.668,0,0.0,0,0
1191.718,0,0.0,0,0
1191.768,0,0.0,0,0
1191.818,0,0.0,0,0
1191.869,0,0.0,0,0
1191.919,0,0.0,0,0
1191.969,0,0.0,0,0
1192.019,0,0.0,0,0
1192.069,0,0.0,0,0
1192.119,0,0.0,0,0
1192.169,0,0.0,0,0
1192.219,0,0.0,0,0
1192.269,0,0.0,0,0
1192.319,0,0.0,0,0
1192.369,0,0.0,0,0
1192.420,0,0.0,0,0
1192.470,0,0.0,0,0
1192.520,0,0.0,0,0
1192.570,0,0.0,0,0
1192.620,0,0.0,0,0
1192.670,0,0.0,0,0
1192.720,0,0.0,0,0
1192.770,0,0.0,0,0
1192.820,0,0.0,0,0
1192.870,0,0.0,0,0
1192.921,0,0.0,0,0
1192.971,0,0.0,0,0
1193.021,0,0.0,0,0
1193.071,0,0.0,0,0
1193.121,0,0.0,0,0
1193.171,0,0.0,0,0
1193.221,0,0.0,0,0
1193.272,0,0.0,0,0
1193.322,0,0.0,0,0
1193.372,0,0.0,0,0
1193.422,0,0.0,0,0
1193.472,0,0.0,0,0
1193.522,0,0.0,0,0
1193.572,0,0.0,0,0
1193.622,0,0.0,0,0
1193.672,0,0.0,0,0
1193.722,0,0.0,0,0
1193.773,0,0.0,0,0
1193.823,0,0.0,0,0
1193.873,0,0.0,0,0
1193.923,0,0.0,0,0
1193.973,0,0.0,0,0
1194.023,0,0.0,0,0
1194.073,0,0.0,0,0
1194.123,0,0.0,0,0
1194.173,0,0.0,0,0
1194.224,0,0.0,0,0
1194.274,0,0.0,0,0
1194.324,0,0.0,0,0
1194.374,0,0.0,0,0
1194.424,0,0.0,0,0
1194.474,0,0.0,0,0
1194.524,0,0.0,0,0
1194.574,0,0.0,0,0
1194.624,0,0.0,0,0
1194.674,0,0.0,0,0
1194.725,0,0.0,0,0
1194.775,0,0.0,0,0
1194.825,0,0.0,0,0
1194.875,0,0.0,0,0
1194.925,0,0.0,0,0
1194.975,0,0.0,0,0
1195.025,0,0.0,0,0
1195.075,0,0.0,0,0
1195.125,0,0.0,0,0
1195.175,0,0.0,0,0
1195.225,0,0.0,0,0
1195.276,0,0.0,0,0
1195.326,0,0.0,0,0
1195.376,0,0.0,0,0
1195.426,0,0.0,0,0
1195.476,0,0.0,0,0
1195.526,0,0.0,0,0
1195.576,0,0.0,0,0
1195.626,0,0.0,0,0
1195.676,0,0.0,0,0
1195.727,0,0.0,0,0
1195.777,0,0.0,0,0
1195.827,0,0.0,0,0
1195.877,0,0.0,0,0
1195.927,0,0.0,0,0
1195.977,0,0.0,0,0
1196.027,0,0.0,0,0
1196.077,0,0.0,0,0
1196.127,0,0.0,0,0
1196.178,0,0.0,0,0
1196.228,0,0.0,0,0
1196.278,0,0.0,0,0
1196.328,0,0.0,0,0
1196.378,0,0.0,0,0
1196.428,0,0.0,0,0
1196.478,0,0.0,0,0
1196.528,0,0.0,0,0
1196.579,0,0.0,0,0
1196.629,0,0.0,0,0
1196.679,0,0.0,0,0
1196.729,0,0.0,0,0
1196.779,0,0.0,0,0
1196.829,0,0.0,0,0
1196.879,0,0.0,0,0
1196.929,0,0.0,0,0
1196.979,0,0.0,0,0
1197.029,0,0.0,0,0
1197.079,0,0.0,0,0
1197.129,0,0.0,0,0
1197.180,0,0.0,0,0
1197.230,0,0.0,0,0
1197.280,0,0.0,0,0
1197.330,0,0.0,0,0
1197.380,0,0.0,0,0
1197.430,0,0.0,0,0
1197.480,0,0.0,0,0
1197.530,0,0.0,0,0
1197.580,0,0.0,0,0
1197.630,0,0.0,0,0
1197.681,0,0.0,0,0
1197.731,0,0.0,0,0
1197.781,0,0.0,0,0
1197.831,0,0.0,0,0
1197.881,0,0.0,0,0
1197.931,0,0.0,0,0
1197.981,0,0.0,0,0
1198.031,0,0.0,0,0
1198.081,0,0.0,0,0
1198.131,0,0.0,0,0
1198.181,0,0.0,0,0
1198.232,0,0.0,0,0
1198.282,0,0.0,0,0
1198.332,0,0.0,0,0
1198.382,0,0.0,0,0
1198.432,0,0.0,0,0
1198.482,0,0.0,0,0
1198.532,0,0.0,0,0
1198.582,0,0.0,0,0
1198.632,0,0.0,0,0
1198.682,0,0.0,0,0
1198.732,0,0.0,0,0
1198.783,0,0.0,0,0
1198.833,0,0.0,0,0
1198.883,0,0.0,0,0
1198.933,0,0.0,0,0
1198.983,0,0.0,0,0
1199.033,0,0.0,0,0
1199.083,0,0.0,0,0
1199.133,0,0.0,0,0
1199.183,0,0.0,0,0
1199.234,0,0.0,0,0
1199.284,0,0.0,0,0
1199.334,0,0.0,0,0
1199.384,0,0.0,0,0
1199.434,0,0.0,0,0
1199.484,0,0.0,0,0
1199.534,0,0.0,0,0
1199.584,0,0.0,0,0
1199.634,0,0.0,0,0
1199.684,0,0.0,0,0
1199.734,0,0.0,0,0
1199.784,0,0.0,0,0
1199.834,0,0.0,0,0
1199.885,0,0.0,0,0
1199.935,0,0.0,0,0
1199.985,0,0.0,0,0
1200.035,0,0.0,0,0
1200.085,0,0.0,0,0
1200.135,0,0.0,0,0
1200.185,0,0.0,0,0
1200.235,0,0.0,0,0
1200.285,0,0.0,0,0
1200.335,0,0.0,0,0
1200.386,0,0.0,0,0
1200.436,0,0.0,0,0
1200.486,0,0.0,0,0
1200.536,0,0.0,0,0
1200.586,0,0.0,0,0
1200.636,0,0.0,0,0
1200.686,0,0.0,0,0
1200.736,0,0.0,0,0
1200.786,0,0.0,0,0
1200.836,0,0.0,0,0
1200.887,0,0.0,0,0
1200.937,0,0.0,0,0
1200.987,0,0.0,0,0
1201.037,0,0.0,0,0
1201.087,0,0.0,0,0
1201.137,0,0.0,0,0
1201.187,0,0.0,0,0
1201.237,0,0.0,0,0
1201.288,0,0.0,0,0
1201.338,0,0.0,0,0
1201.388,0,0.0,0,0
1201.438,0,0.0,0,0
1201.488,0,0.0,0,0
1201.538,0,0.0,0,0
1201.588,0,0.0,0,0
1201.638,0,0.0,0,0
1201.688,0,0.0,0,0
1201.739,0,0.0,0,0
1201.789,0,0.0,0,0
1201.839,0,0.0,0,0
1201.889,0,0.0,0,0
1201.939,0,0.0,0,0
1201.989,0,0.0,0,0
1202.039,0,0.0,0,0
1202.089,0,0.0,0,0
1202.139,0,0.0,0,0
1202.190,0,0.0,0,0
1202.240,0,0.0,0,0
1202.290,0,0.0,0,0
1202.340,0,0.0,0,0
1202.390,0,0.0,0,0
1202.440,0,0.0,0,0
1202.491,0,0.0,0,0
1202.541,0,0.0,0,0
1202.591,0,0.0,0,0
1202.641,0,0.0,0,0
1202.691,0,0.0,0,0
1202.741,0,0.0,0,0
1202.791,0,0.0,0,0
1202.841,0,0.0,0,0
1202.891,0,0.0,0,0
1202.941,0,0.0,0,0
1202.991,0,0.0,0,0
1203.041,0,0.0,0,0
1203.092,0,0.0,0,0
1203.142,0,0.0,0,0
1203.192,0,0.0,0,0
1203.242,0,0.0,0,0
1203.292,0,0.0,0,0
1203.342,0,0.0,0,0
1203.392,0,0.0,0,0
1203.442,0,0.0,0,0
1203.492,0,0.0,0,0
1203.542,0,0.0,0,0
1203.592,0,0.0,0,0
1203.642,0,0.0,0,0
1203.693,0,0.0,0,0
1203.743,0,0.0,0,0
1203.793,0,0.0,0,0
1203.843,0,0.0,0,0
1203.893,0,0.0,0,0
1203.943,0,0.0,0,0
1203.993,0,0.0,0,0
1204.043,0,0.0,0,0
1204.093,0,0.0,0,0
1204.143,0,0.0,0,0
1204.193,0,0.0,0,0
1204.244,0,0.0,0,0
1204.294,0,0.0,0,0
1204.344,0,0.0,0,0
1204.394,0,0.0,0,0
1204.444,0,0.0,0,0
1204.494,0,0.0,0,0
1204.544,0,0.0,0,0
1204.594,0,0.0,0,0
1204.644,0,0.0,0,0
1204.694,0,0.0,0,0
1204.744,0,0.0,0,0
1204.794,0,0.0,0,0
1204.844,0,0.0,0,0
1204.894,0,0.0,0,0
1204.945,0,0.0,0,0
1204.995,0,0.0,0,0
1205.045,0,0.0,0,0
1205.095,0,0.0,0,0
1205.145,0,0.0,0,0
1205.195,0,0.0,0,0
1205.245,0,0.0,0,0
1205.295,0,0.0,0,0
1205.345,0,0.0,0,0
1205.395,0,0.0,0,0
1205.446,0,0.0,0,0
1205.496,0,0.0,0,0
1205.546,0,0.0,0,0
1205.596,0,0.0,0,0
1205.646,0,0.0,0,0
1205.696,0,0.0,0,0
1205.746,0,0.0,0,0
1205.796,0,0.0,0,0
1205.846,0,0.0,0,0
1205.896,0,0.0,0,0
1205.947,0,0.0,0,0
1205.997,0,0.0,0,0
1206.047,0,0.0,0,0
1206.097,0,0.0,0,0
1206.147,0,0.0,0,0
1206.197,0,0.0,0,0
1206.247,0,0.0,0,0
1206.297,0,0.0,0,0
1206.347,0,0.0,0,0
1206.397,0,0.0,0,0
1206.447,0,0.0,0,0
1206.497,0,0.0,0,0
1206.548,0,0.0,0,0
1206.598,0,0.0,0,0
1206.648,0,0.0,0,0
1206.698,0,0.0,0,0
1206.748,0,0.0,0,0
1206.798,0,0.0,0,0
1206.848,0,0.0,0,0
1206.898,0,0.0,0,0
1206.948,0,0.0,0,0
1206.998,0,0.0,0,0
1207.049,0,0.0,0,0
1207.099,0,0.0,0,0
1207.149,0,0.0,0,0
1207.199,0,0.0,0,0
1207.249,0,0.0,0,0
1207.299,0,0.0,0,0
1207.349,0,0.0,0,0
1207.399,0,0.0,0,0
1207.450,0,0.0,0,0
1207.500,0,0.0,0,0
1207.550,0,0.0,0,0
1207.600,0,0.0,0,0
1207.650,0,0.0,0,0
1207.700,0,0.0,0,0
1207.750,0,0.0,0,0
1207.800,0,0.0,0,0
1207.850,0,0.0,0,0
1207.900,0,0.0,0,0
1207.950,0,0.0,0,0
1208.001,0,0.0,0,0
1208.051,0,0.0,0,0
1208.101,0,0.0,0,0
1208.151,0,0.0,0,0
1208.201,0,0.0,0,0
1208.251,0,0.0,0,0
1208.301,0,0.0,0,0
1208.351,0,0.0,0,0
1208.401,0,0.0,0,0
1208.452,0,0.0,0,0
1208.502,0,0.0,0,0
1208.552,0,0.0,0,0
1208.602,0,0.0,0,0
1208.652,0,0.0,0,0
1208.702,0,0.0,0,0
1208.752,0,0.0,0,0
1208.803,0,0.0,0,0
1208.853,0,0.0,0,0
1208.903,0,0.0,0,0
1208.953,0,0.0,0,0
1209.003,0,0.0,0,0
1209.053,0,0.0,0,0
1209.103,0,0.0,0,0
1209.153,0,0.0,0,0
1209.203,0,0.0,0,0
1209.254,0,0.0,0,0
1209.304,0,0.0,0,0
1209.354,0,0.0,0,0
1209.404,0,0.0,0,0
1209.454,0,0.0,0,0
1209.504,0,0.0,0,0
1209.554,0,0.0,0,0
1209.604,0,0.0,0,0
1209.654,0,0.0,0,0
1209.705,0,0.0,0,0
1209.755,0,0.0,0,0
1209.805,0,0.0,0,0
1209.855,0,0.0,0,0
1209.905,0,0.0,0,0
1209.955,0,0.0,0,0
1210.005,0,0.0,0,0
1210.055,0,0.0,0,0
1210.105,0,0.0,0,0
1210.155,0,0.0,0,0
1210.206,0,0.0,0,0
1210.256,0,0.0,0,0
1210.306,0,0.0,0,0
1210.356,0,0.0,0,0
1210.406,0,0.0,0,0
1210.456,0,0.0,0,0
1210.506,0,0.0,0,0
1210.556,0,0.0,0,0
1210.606,0,0.0,0,0
1210.656,0,0.0,0,0
1210.706,0,0.0,0,0
1210.756,0,0.0,0,0
1210.807,0,0.0,0,0
1210.857,0,0.0,0,0
1210.907,0,0.0,0,0
1210.957,0,0.0,0,0
1211.007,0,0.0,0,0
1211.057,0,0.0,0,0
1211.107,0,0.0,0,0
1211.157,0,0.0,0,0
1211.207,0,0.0,0,0
1211.257,0,0.0,0,0
1211.307,0,0.0,0,0
1211.357,0,0.0,0,0
1211.407,0,0.0,0,0
1211.457,0,0.0,0,0
1211.507,0,0.0,0,0
1211.558,0,0.0,0,0
1211.608,0,0.0,0,0
1211.658,0,0.0,0,0
1211.708,0,0.0,0,0
1211.758,0,0.0,0,0
1211.808,0,0.0,0,0
1211.858,0,0.0,0,0
1211.908,0,0.0,0,0
1211.958,0,0.0,0,0
1212.008,0,0.0,0,0
1212.059,0,0.0,0,0
1212.109,0,0.0,0,0
1212.159,0,0.0,0,0
1212.209,0,0.0,0,0
1212.259,0,0.0,0,0
1212.309,0,0.0,0,0
1212.359,0,0.0,0,0
1212.409,0,0.0,0,0
1212.459,0,0.0,0,0
1212.510,0,0.0,0,0
1212.560,0,0.0,0,0
1212.610,0,0.0,0,0
1212.660,0,0.0,0,0
1212.710,0,0.0,0,0
1212.760,0,0.0,0,0
1212.810,0,0.0,0,0
1212.860,0,0.0,0,0
1212.910,0,0.0,0,0
1212.961,0,0.0,0,0
1213.011,0,0.0,0,0
1213.061,0,0.0,0,0
1213.111,0,0.0,0,0
1213.161,0,0.0,0,0
1213.211,0,0.0,0,0
1213.261,0,0.0,0,0
1213.311,0,0.0,0,0
1213.361,0,0.0,0,0
1213.411,0,0.0,0,0
1213.461,0,0.0,0,0
1213.511,0,0.0,0,0
1213.562,0,0.0,0,0
1213.612,0,0.0,0,0
1213.662,0,0.0,0,0
1213.712,0,0.0,0,0
1213.762,0,0.0,0,0
1213.812,0,0.0,0,0
1213.862,0,0.0,0,0
1213.912,0,0.0,0,0
1213.962,0,0.0,0,0
1214.013,0,0.0,0,0
1214.063,0,0.0,0,0
1214.113,0,0.0,0,0
1214.163,0,0.0,0,0
1214.213,0,0.0,0,0
1214.263,0,0.0,0,0
1214.313,0,0.0,0,0
1214.363,0,0.0,0,0
1214.413,0,0.0,0,0
1214.463,0,0.0,0,0
1214.513,0,0.0,0,0
1214.563,0,0.0,0,0
1214.613,0,0.0,0,0
1214.663,0,0.0,0,0
1214.713,0,0.0,0,0
1214.764,0,0.0,0,0
1214.814,0,0.0,0,0
1214.864,0,0.0,0,0
1214.914,0,0.0,0,0
1214.964,0,0.0,0,0
1215.014,0,0.0,0,0
1215.064,0,0.0,0,0
1215.114,0,0.0,0,0
1215.164,0,0.0,0,0
1215.214,0,0.0,0,0
1215.264,0,0.0,0,0
1215.315,0,0.0,0,0
1215.365,0,0.0,0,0
1215.415,0,0.0,0,0
1215.465,0,0.0,0,0
1215.515,0,0.0,0,0
1215.565,0,0.0,0,0
1215.615,0,0.0,0,0
1215.665,0,0.0,0,0
1215.715,0,0.0,0,0
1215.765,0,0.0,0,0
1215.815,0,0.0,0,0
1215.866,0,0.0,0,0
1215.916,0,0.0,0,0
1215.966,0,0.0,0,0
1216.016,0,0.0,0,0
1216.066,0,0.0,0,0
1216.116,0,0.0,0,0
1216.166,0,0.0,0,0
1216.216,0,0.0,0,0
1216.266,0,0.0,0,0
1216.316,0,0.0,0,0
1216.366,0,0.0,0,0
1216.417,0,0.0,0,0
1216.467,0,0.0,0,0
1216.517,0,0.0,0,0
1216.567,0,0.0,0,0
1216.617,0,0.0,0,0
1216.667,0,0.0,0,0
1216.717,0,0.0,0,0
1216.767,0,0.0,0,0
1216.817,0,0.0,0,0
1216.867,0,0.0,0,0
1216.917,0,0.0,0,0
1216.968,0,0.0,0,0
1217.018,0,0.0,0,0
1217.068,0,0.0,0,0
1217.118,0,0.0,0,0
1217.168,0,0.0,0,0
1217.218,0,0.0,0,0
1217.268,0,0.0,0,0
1217.318,0,0.0,0,0
1217.368,0,0.0,0,0
1217.419,0,0.0,0,0
1217.469,0,0.0,0,0
1217.519,0,0.0,0,0
1217.569,0,0.0,0,0
1217.619,0,0.0,0,0
1217.669,0,0.0,0,0
1217.719,0,0.0,0,0
1217.769,0,0.0,0,0
1217.819,0,0.0,0,0
1217.869,0,0.0,0,0
1217.920,0,0.0,0,0
1217.970,0,0.0,0,0
1218.020,0,0.0,0,0
1218.070,0,0.0,0,0
1218.120,0,0.0,0,0
1218.170,0,0.0,0,0
1218.220,0,0.0,0,0
1218.270,0,0.0,0,0
1218.320,0,0.0,0,0
1218.370,0,0.0,0,0
1218.421,0,0.0,0,0
1218.471,0,0.0,0,0
1218.521,0,0.0,0,0
1218.571,0,0.0,0,0
1218.621,0,0.0,0,0
1218.671,0,0.0,0,0
1218.721,0,0.0,0,0
1218.771,0,0.0,0,0
1218.822,0,0.0,0,0
1218.872,0,0.0,0,0
1218.922,0,0.0,0,0
1218.972,0,0.0,0,0
1219.022,0,0.0,0,0
1219.072,0,0.0,0,0
1219.122,0,0.0,0,0
1219.172,0,0.0,0,0
1219.222,0,0.0,0,0
1219.272,0,0.0,0,0
1219.323,0,0.0,0,0
1219.373,0,0.0,0,0
1219.423,0,0.0,0,0
1219.473,0,0.0,0,0
1219.523,0,0.0,0,0
1219.573,0,0.0,0,0
1219.623,0,0.0,0,0
1219.673,0,0.0,0,0
1219.723,0,0.0,0,0
1219.774,0,0.0,0,0
1219.824,0,0.0,0,0
1219.874,0,0.0,0,0
1219.924,0,0.0,0,0
1219.974,0,0.0,0,0
1220.024,0,0.0,0,0
1220.074,0,0.0,0,0
1220.124,0,0.0,0,0
1220.174,0,0.0,0,0
1220.225,0,0.0,0,0
1220.275,0,0.0,0,0
1220.325,0,0.0,0,0
1220.375,0,0.0,0,0
1220.425,0,0.0,0,0
1220.475,0,0.0,0,0
1220.525,0,0.0,0,0
1220.575,0,0.0,0,0
1220.626,0,0.0,0,0
1220.676,0,0.0,0,0
1220.726,0,0.0,0,0
1220.776,0,0.0,0,0
1220.826,0,0.0,0,0
1220.876,0,0.0,0,0
1220.926,0,0.0,0,0
1220.976,0,0.0,0,0
1221.026,0,0.0,0,0
1221.076,0,0.0,0,0
1221.126,0,0.0,0,0
1221.177,0,0.0,0,0
1221.227,0,0.0,0,0
1221.277,0,0.0,0,0
1221.327,0,0.0,0,0
1221.377,0,0.0,0,0
1221.427,0,0.0,0,0
1221.477,0,0.0,0,0
1221.527,0,0.0,0,0
1221.577,0,0.0,0,0
1221.627,0,0.0,0,0
1221.677,0,0.0,0,0
1221.727,0,0.0,0,0
1221.777,0,0.0,0,0
1221.828,0,0.0,0,0
1221.878,0,0.0,0,0
1221.928,0,0.0,0,0
1221.978,0,0.0,0,0
1222.028,0,0.0,0,0
1222.078,0,0.0,0,0
1222.128,0,0.0,0,0
1222.178,0,0.0,0,0
1222.228,0,0.0,0,0
1222.278,0,0.0,0,0
1222.328,0,0.0,0,0
1222.378,0,0.0,0,0
1222.429,0,0.0,0,0
1222.479,0,0.0,0,0
1222.529,0,0.0,0,0
1222.579,0,0.0,0,0
1222.629,0,0.0,0,0
1222.679,0,0.0,0,0
1222.729,0,0.0,0,0
1222.779,0,0.0,0,0
1222.829,0,0.0,0,0
1222.879,0,0.0,0,0
1222.929,0,0.0,0,0
1222.979,0,0.0,0,0
1223.029,0,0.0,0,0
1223.079,0,0.0,0,0
1223.130,0,0.0,0,0
1223.180,0,0.0,0,0
1223.230,0,0.0,0,0
1223.280,0,0.0,0,0
1223.330,0,0.0,0,0
1223.380,0,0.0,0,0
1223.430,0,0.0,0,0
1223.480,0,0.0,0,0
1223.530,0,0.0,0,0
1223.580,0,0.0,0,0
1223.630,0,0.0,0,0
1223.680,0,0.0,0,0
1223.731,0,0.0,0,0
1223.781,0,0.0,0,0
1223.831,0,0.0,0,0
1223.881,0,0.0,0,0
1223.931,0,0.0,0,0
1223.981,0,0.0,0,0
1224.031,0,0.0,0,0
1224.081,0,0.0,0,0
1224.131,0,0.0,0,0
1224.182,0,0.0,0,0
1224.232,0,0.0,0,0
1224.282,0,0.0,0,0
1224.332,0,0.0,0,0
1224.382,0,0.0,0,0
1224.432,0,0.0,0,0
1224.482,0,0.0,0,0
1224.532,0,0.0,0,0
1224.582,0,0.0,0,0
1224.632,0,0.0,0,0
1224.682,0,0.0,0,0
1224.732,0,0.0,0,0
1224.782,0,0.0,0,0
1224.833,0,0.0,0,0
1224.883,0,0.0,0,0
1224.933,0,0.0,0,0
1224.983,0,0.0,0,0
1225.033,0,0.0,0,0
1225.083,0,0.0,0,0
1225.133,0,0.0,0,0
1225.183,0,0.0,0,0
1225.233,0,0.0,0,0
1225.283,0,0.0,0,0
1225.333,0,0.0,0,0
1225.383,0,0.0,0,0
1225.433,0,0.0,0,0
1225.484,0,0.0,0,0
1225.534,0,0.0,0,0
1225.584,0,0.0,0,0
1225.634,0,0.0,0,0
1225.684,0,0.0,0,0
1225.734,0,0.0,0,0
1225.784,0,0.0,0,0
1225.834,0,0.0,0,0
1225.884,0,0.0,0,0
1225.935,0,0.0,0,0
1225.985,0,0.0,0,0
1226.035,0,0.0,0,0
1226.085,0,0.0,0,0
1226.135,0,0.0,0,0
1226.185,0,0.0,0,0
1226.235,0,0.0,0,0
1226.285,0,0.0,0,0
1226.335,0,0.0,0,0
1226.385,0,0.0,0,0
1226.436,0,0.0,0,0
1226.486,0,0.0,0,0
1226.536,0,0.0,0,0
1226.586,0,0.0,0,0
1226.636,0,0.0,0,0
1226.686,0,0.0,0,0
1226.736,0,0.0,0,0
1226.786,0,0.0,0,0
1226.836,0,0.0,0,0
1226.886,0,0.0,0,0
1226.936,0,0.0,0,0
1226.987,0,0.0,0,0
1227.037,0,0.0,0,0
1227.087,0,0.0,0,0
1227.137,0,0.0,0,0
1227.187,0,0.0,0,0
1227.237,0,0.0,0,0
1227.287,0,0.0,0,0
1227.337,0,0.0,0,0
1227.388,0,0.0,0,0
1227.438,0,0.0,0,0
1227.488,0,0.0,0,0
1227.538,0,0.0,0,0
1227.588,0,0.0,0,0
1227.638,0,0.0,0,0
1227.688,0,0.0,0,0
1227.738,0,0.0,0,0
1227.788,0,0.0,0,0
1227.838,0,0.0,0,0
1227.888,0,0.0,0,0
1227.938,0,0.0,0,0
1227.988,0,0.0,0,0
1228.038,0,0.0,0,0
1228.088,0,0.0,0,0
1228.138,0,0.0,0,0
1228.189,0,0.0,0,0
1228.239,0,0.0,0,0
1228.289,0,0.0,0,0
1228.339,0,0.0,0,0
1228.389,0,0.0,0,0
1228.439,0,0.0,0,0
1228.489,0,0.0,0,0
1228.539,0,0.0,0,0
1228.590,0,0.0,0,0
1228.640,0,0.0,0,0
1228.690,0,0.0,0,0
1228.740,0,0.0,0,0
1228.790,0,0.0,0,0
1228.840,0,0.0,0,0
1228.890,0,0.0,0,0
1228.940,0,0.0,0,0
1228.990,0,0.0,0,0
1229.041,0,0.0,0,0
1229.091,0,0.0,0,0
1229.141,0,0.0,0,0
1229.191,0,0.0,0,0
1229.241,0,0.0,0,0
1229.291,0,0.0,0,0
1229.341,0,0.0,0,0
1229.391,0,0.0,0,0
1229.441,0,0.0,0,0
1229.491,0,0.0,0,0
1229.542,0,0.0,0,0
1229.592,0,0.0,0,0
1229.642,0,0.0,0,0
1229.692,0,0.0,0,0
1229.742,0,0.0,0,0
1229.792,0,0.0,0,0
1229.842,0,0.0,0,0
1229.892,0,0.0,0,0
1229.943,0,0.0,0,0
1229.993,0,0.0,0,0
1230.043,0,0.0,0,0
1230.093,0,0.0,0,0
1230.143,0,0.0,0,0
1230.193,0,0.0,0,0
1230.243,0,0.0,0,0
1230.293,0,0.0,0,0
1230.343,0,0.0,0,0
1230.393,0,0.0,0,0
1230.444,0,0.0,0,0
1230.494,0,0.0,0,0
1230.544,0,0.0,0,0
1230.594,0,0.0,0,0
1230.644,0,0.0,0,0
1230.694,0,0.0,0,0
1230.744,0,0.0,0,0
1230.794,0,0.0,0,0
1230.844,0,0.0,0,0
1230.895,0,0.0,0,0
1230.945,0,0.0,0,0
1230.995,0,0.0,0,0
1231.045,0,0.0,0,0
1231.095,0,0.0,0,0
1231.145,0,0.0,0,0
1231.195,0,0.0,0,0
1231.245,0,0.0,0,0
1231.295,0,0.0,0,0
1231.346,0,0.0,0,0
1231.396,0,0.0,0,0
1231.446,0,0.0,0,0
1231.496,0,0.0,0,0
1231.546,0,0.0,0,0
1231.596,0,0.0,0,0
1231.646,0,0.0,0,0
1231.696,0,0.0,0,0
1231.746,0,0.0,0,0
1231.796,0,0.0,0,0
1231.846,0,0.0,0,0
1231.897,0,0.0,0,0
1231.947,0,0.0,0,0
1231.997,0,0.0,0,0
1232.047,0,0.0,0,0
1232.097,0,0.0,0,0
1232.147,0,0.0,0,0
1232.197,0,0.0,0,0
1232.247,0,0.0,0,0
1232.297,0,0.0,0,0
1232.347,0,0.0,0,0
1232.397,0,0.0,0,0
1232.447,0,0.0,0,0
1232.497,0,0.0,0,0
1232.547,0,0.0,0,0
1232.598,0,0.0,0,0
1232.648,0,0.0,0,0
1232.698,0,0.0,0,0
1232.748,0,0.0,0,0
1232.798,0,0.0,0,0
1232.848,0,0.0,0,0
1232.898,0,0.0,0,0
1232.948,0,0.0,0,0
1232.998,0,0.0,0,0
1233.049,0,0.0,0,0
1233.099,0,0.0,0,0
1233.149,0,0.0,0,0
1233.199,0,0.0,0,0
1233.249,0,0.0,0,0
1233.299,0,0.0,0,0
1233.349,0,0.0,0,0
1233.399,0,0.0,0,0
1233.449,0,0.0,0,0
1233.499,0,0.0,0,0
1233.549,0,0.0,0,0
1233.599,0,0.0,0,0
1233.649,0,0.0,0,0
1233.699,0,0.0,0,0
1233.750,0,0.0,0,0
1233.800,0,0.0,0,0
1233.850,0,0.0,0,0
1233.900,0,0.0,0,0
1233.950,0,0.0,0,0
1234.000,0,0.0,0,0
1234.050,0,0.0,0,0
1234.100,0,0.0,0,0
1234.150,0,0.0,0,0
1234.200,0,0.0,0,0
1234.250,0,0.0,0,0
1234.300,0,0.0,0,0
1234.350,0,0.0,0,0
1234.400,0,0.0,0,0
1234.450,0,0.0,0,0
1234.501,0,0.0,0,0
1234.551,0,0.0,0,0
1234.601,0,0.0,0,0
1234.651,0,0.0,0,0
1234.701,0,0.0,0,0
1234.751,0,0.0,0,0
1234.801,0,0.0,0,0
1234.851,0,0.0,0,0
1234.901,0,0.0,0,0
1234.951,0,0.0,0,0
1235.002,0,0.0,0,0
1235.052,0,0.0,0,0
1235.102,0,0.0,0,0
1235.152,0,0.0,0,0
1235.202,0,0.0,0,0
1235.252,0,0.0,0,0
1235.302,0,0.0,0,0
1235.352,0,0.0,0,0
1235.402,0,0.0,0,0
1235.453,0,0.0,0,0
1235.503,0,0.0,0,0
1235.553,0,0.0,0,0
1235.603,0,0.0,0,0
1235.653,0,0.0,0,0
1235.703,0,0.0,0,0
1235.753,0,0.0,0,0
1235.803,0,0.0,0,0
1235.853,0,0.0,0,0
1235.903,0,0.0,0,0
1235.954,0,0.0,0,0
1236.004,0,0.0,0,0
1236.054,0,0.0,0,0
1236.104,0,0.0,0,0
1236.154,0,0.0,0,0
1236.204,0,0.0,0,0
1236.254,0,0.0,0,0
1236.304,0,0.0,0,0
1236.354,0,0.0,0,0
1236.404,0,0.0,0,0
1236.454,0,0.0,0,0
1236.505,0,0.0,0,0
1236.555,0,0.0,0,0
1236.605,0,0.0,0,0
1236.655,0,0.0,0,0
1236.705,0,0.0,0,0
1236.755,0,0.0,0,0
1236.805,0,0.0,0,0
1236.855,0,0.0,0,0
1236.906,0,0.0,0,0
1236.956,0,0.0,0,0
1237.006,0,0.0,0,0
1237.056,0,0.0,0,0
1237.106,0,0.0,0,0
1237.156,0,0.0,0,0
1237.206,0,0.0,0,0
1237.256,0,0.0,0,0
1237.306,0,0.0,0,0
1237.356,0,0.0,0,0
1237.407,0,0.0,0,0
1237.457,0,0.0,0,0
1237.507,0,0.0,0,0
1237.557,0,0.0,0,0
1237.607,0,0.0,0,0
1237.657,0,0.0,0,0
1237.707,0,0.0,0,0
1237.757,0,0.0,0,0
1237.807,0,0.0,0,0
1237.857,0,0.0,0,0
1237.907,0,0.0,0,0
1237.957,0,0.0,0,0
1238.007,0,0.0,0,0
1238.058,0,0.0,0,0
1238.108,0,0.0,0,0
1238.158,0,0.0,0,0
1238.208,0,0.0,0,0
1238.258,0,0.0,0,0
1238.308,0,0.0,0,0
1238.358,0,0.0,0,0
1238.408,0,0.0,0,0
1238.458,0,0.0,0,0
1238.508,0,0.0,0,0
1238.559,0,0.0,0,0
1238.609,0,0.0,0,0
1238.659,0,0.0,0,0
1238.709,0,0.0,0,0
1238.759,0,0.0,0,0
1238.809,0,0.0,0,0
1238.859,0,0.0,0,0
1238.909,0,0.0,0,0
1238.959,0,0.0,0,0
1239.009,0,0.0,0,0
1239.059,0,0.0,0,0
1239.109,0,0.0,0,0
1239.159,0,0.0,0,0
1239.210,0,0.0,0,0
1239.260,0,0.0,0,0
1239.310,0,0.0,0,0
1239.360,0,0.0,0,0
1239.410,0,0.0,0,0
1239.460,0,0.0,0,0
1239.510,0,0.0,0,0
1239.560,0,0.0,0,0
1239.610,0,0.0,0,0
1239.660,0,0.0,0,0
1239.710,0,0.0,0,0
1239.760,0,0.0,0,0
1239.811,0,0.0,0,0
1239.861,0,0.0,0,0
1239.911,0,0.0,0,0
1239.961,0,0.0,0,0
1240.011,0,0.0,0,0
1240.061,0,0.0,0,0
1240.111,0,0.0,0,0
1240.161,0,0.0,0,0
1240.211,0,0.0,0,0
1240.261,0,0.0,0,0
1240.312,0,0.0,0,0
1240.362,0,0.0,0,0
1240.412,0,0.0,0,0
1240.462,0,0.0,0,0
1240.512,0,0.0,0,0
1240.562,0,0.0,0,0
1240.612,0,0.0,0,0
1240.662,0,0.0,0,0
1240.712,0,0.0,0,0
1240.762,0,0.0,0,0
1240.812,0,0.0,0,0
1240.863,0,0.0,0,0
1240.913,0,0.0,0,0
1240.963,0,0.0,0,0
1241.013,0,0.0,0,0
1241.063,0,0.0,0,0
1241.113,0,0.0,0,0
1241.163,0,0.0,0,0
1241.213,0,0.0,0,0
1241.263,0,0.0,0,0
1241.313,0,0.0,0,0
1241.363,0,0.0,0,0
1241.414,0,0.0,0,0
1241.464,0,0.0,0,0
1241.514,0,0.0,0,0
1241.564,0,0.0,0,0
1241.614,0,0.0,0,0
1241.664,0,0.0,0,0
1241.714,0,0.0,0,0
1241.764,0,0.0,0,0
1241.814,0,0.0,0,0
1241.865,0,0.0,0,0
1241.915,0,0.0,0,0
1241.965,0,0.0,0,0
1242.015,0,0.0,0,0
1242.065,0,0.0,0,0
1242.115,0,0.0,0,0
1242.165,0,0.0,0,0
1242.215,0,0.0,0,0
1242.265,0,0.0,0,0
1242.316,0,0.0,0,0
1242.366,0,0.0,0,0
1242.416,0,0.0,0,0
1242.466,0,0.0,0,0
1242.516,0,0.0,0,0
1242.566,0,0.0,0,0
1242.616,0,0.0,0,0
1242.666,0,0.0,0,0
1242.716,0,0.0,0,0
1242.766,0,0.0,0,0
1242.817,0,0.0,0,0
1242.867,0,0.0,0,0
1242.917,0,0.0,0,0
1242.967,0,0.0,0,0
1243.017,0,0.0,0,0
1243.067,0,0.0,0,0
1243.117,0,0.0,0,0
1243.168,0,0.0,0,0
1243.218,0,0.0,0,0
1243.268,0,0.0,0,0
1243.318,0,0.0,0,0
1243.368,0,0.0,0,0
1243.418,0,0.0,0,0
1243.468,0,0.0,0,0
1243.519,0,0.0,0,0
1243.569,0,0.0,0,0
1243.619,0,0.0,0,0
1243.669,0,0.0,0,0
1243.719,0,0.0,0,0
1243.769,0,0.0,0,0
1243.819,0,0.0,0,0
1243.869,0,0.0,0,0
1243.919,0,0.0,0,0
1243.970,0,0.0,0,0
1244.020,0,0.0,0,0
1244.070,0,0.0,0,0
1244.120,0,0.0,0,0
1244.170,0,0.0,0,0
1244.220,0,0.0,0,0
1244.270,0,0.0,0,0
1244.320,0,0.0,0,0
1244.370,0,0.0,0,0
1244.420,0,0.0,0,0
1244.471,0,0.0,0,0
1244.521,0,0.0,0,0
1244.571,0,0.0,0,0
1244.621,0,0.0,0,0
1244.671,0,0.0,0,0
1244.721,0,0.0,0,0
1244.771,0,0.0,0,0
1244.821,0,0.0,0,0
1244.871,0,0.0,0,0
1244.921,0,0.0,0,0
1244.971,0,0.0,0,0
1245.021,0,0.0,0,0
1245.072,0,0.0,0,0
1245.122,0,0.0,0,0
1245.172,0,0.0,0,0
1245.222,0,0.0,0,0
1245.272,0,0.0,0,0
1245.322,0,0.0,0,0
1245.372,0,0.0,0,0
1245.422,0,0.0,0,0
1245.472,0,0.0,0,0
1245.522,0,0.0,0,0
1245.572,0,0.0,0,0
1245.623,0,0.0,0,0
1245.673,0,0.0,0,0
1245.723,0,0.0,0,0
1245.773,0,0.0,0,0
1245.823,0,0.0,0,0
1245.873,0,0.0,0,0
1245.923,0,0.0,0,0
1245.973,0,0.0,0,0
1246.023,0,0.0,0,0
1246.073,0,0.0,0,0
1246.123,0,0.0,0,0
1246.174,0,0.0,0,0
1246.224,0,0.0,0,0
1246.274,0,0.0,0,0
1246.324,0,0.0,0,0
1246.374,0,0.0,0,0
1246.424,0,0.0,0,0
1246.474,0,0.0,0,0
1246.524,0,0.0,0,0
1246.574,0,0.0,0,0
1246.624,0,0.0,0,0
1246.675,0,0.0,0,0
1246.725,0,0.0,0,0
1246.775,0,0.0,0,0
1246.825,0,0.0,0,0
1246.875,0,0.0,0,0
1246.925,0,0.0,0,0
1246.975,0,0.0,0,0
1247.025,0,0.0,0,0
1247.076,0,0.0,0,0
1247.126,0,0.0,0,0
1247.176,0,0.0,0,0
1247.226,0,0.0,0,0
1247.276,0,0.0,0,0
1247.326,0,0.0,0,0
1247.376,0,0.0,0,0
1247.426,0,0.0,0,0
1247.477,0,0.0,0,0
1247.527,0,0.0,0,0
1247.577,0,0.0,0,0
1247.627,0,0.0,0,0
1247.677,0,0.0,0,0
1247.727,0,0.0,0,0
1247.777,0,0.0,0,0
1247.827,0,0.0,0,0
1247.878,0,0.0,0,0
1247.928,0,0.0,0,0
1247.978,0,0.0,0,0
1248.028,0,0.0,0,0
1248.078,0,0.0,0,0
1248.128,0,0.0,0,0
1248.178,0,0.0,0,0
1248.228,0,0.0,0,0
1248.278,0,0.0,0,0
1248.328,0,0.0,0,0
1248.378,0,0.0,0,0
1248.429,0,0.0,0,0
1248.479,0,0.0,0,0
1248.529,0,0.0,0,0
1248.579,0,0.0,0,0
1248.629,0,0.0,0,0
1248.679,0,0.0,0,0
1248.729,0,0.0,0,0
1248.779,0,0.0,0,0
1248.829,0,0.0,0,0
1248.879,0,0.0,0,0
1248.929,0,0.0,0,0
1248.979,0,0.0,0,0
1249.029,0,0.0,0,0
1249.080,0,0.0,0,0
1249.130,0,0.0,0,0
1249.180,0,0.0,0,0
1249.230,0,0.0,0,0
1249.280,0,0.0,0,0
1249.330,0,0.0,0,0
1249.380,0,0.0,0,0
1249.430,0,0.0,0,0
1249.480,0,0.0,0,0
1249.530,0,0.0,0,0
1249.580,0,0.0,0,0
1249.631,0,0.0,0,0
1249.681,0,0.0,0,0
1249.731,0,0.0,0,0
1249.781,0,0.0,0,0
1249.831,0,0.0,0,0
1249.881,0,0.0,0,0
1249.931,0,0.0,0,0
1249.981,0,0.0,0,0
1250.031,0,0.0,0,0
1250.081,0,0.0,0,0
1250.131,0,0.0,0,0
1250.182,0,0.0,0,0
1250.232,0,0.0,0,0
1250.282,0,0.0,0,0
1250.332,0,0.0,0,0
1250.382,0,0.0,0,0
1250.432,0,0.0,0,0
1250.482,0,0.0,0,0
1250.532,0,0.0,0,0
1250.582,0,0.0,0,0
1250.632,0,0.0,0,0
1250.682,0,0.0,0,0
1250.732,0,0.0,0,0
1250.783,0,0.0,0,0
1250.833,0,0.0,0,0
1250.883,0,0.0,0,0
1250.933,0,0.0,0,0
1250.983,0,0.0,0,0
1251.033,0,0.0,0,0
1251.083,0,0.0,0,0
1251.133,0,0.0,0,0
1251.183,0,0.0,0,0
1251.233,0,0.0,0,0
1251.283,0,0.0,0,0
1251.333,0,0.0,0,0
1251.384,0,0.0,0,0
1251.434,0,0.0,0,0
1251.484,0,0.0,0,0
1251.534,0,0.0,0,0
1251.584,0,0.0,0,0
1251.634,0,0.0,0,0
1251.685,0,0.0,0,0
1251.735,0,0.0,0,0
1251.785,0,0.0,0,0
1251.835,0,0.0,0,0
1251.885,0,0.0,0,0
1251.935,0,0.0,0,0
1251.985,0,0.0,0,0
1252.035,0,0.0,0,0
1252.085,0,0.0,0,0
1252.136,0,0.0,0,0
1252.186,0,0.0,0,0
1252.236,0,0.0,0,0
1252.286,0,0.0,0,0
1252.336,0,0.0,0,0
1252.386,0,0.0,0,0
1252.436,0,0.0,0,0
1252.486,0,0.0,0,0
1252.536,0,0.0,0,0
1252.586,0,0.0,0,0
1252.637,0,0.0,0,0
1252.687,0,0.0,0,0
1252.737,0,0.0,0,0
1252.787,0,0.0,0,0
1252.837,0,0.0,0,0
1252.887,0,0.0,0,0
1252.937,0,0.0,0,0
1252.987,0,0.0,0,0
1253.037,0,0.0,0,0
1253.088,0,0.0,0,0
1253.138,0,0.0,0,0
1253.188,0,0.0,0,0
1253.238,0,0.0,0,0
1253.288,0,0.0,0,0
1253.338,0,0.0,0,0
1253.388,0,0.0,0,0
1253.438,0,0.0,0,0
1253.488,0,0.0,0,0
1253.538,0,0.0,0,0
1253.588,0,0.0,0,0
1253.638,0,0.0,0,0
1253.689,0,0.0,0,0
1253.739,0,0.0,0,0
1253.789,0,0.0,0,0
1253.839,0,0.0,0,0
1253.889,0,0.0,0,0
1253.939,0,0.0,0,0
1253.989,0,0.0,0,0
1254.039,0,0.0,0,0
1254.089,0,0.0,0,0
1254.140,0,0.0,0,0
1254.190,0,0.0,0,0
1254.240,0,0.0,0,0
1254.290,0,0.0,0,0
1254.340,0,0.0,0,0
1254.390,0,0.0,0,0
1254.440,0,0.0,0,0
1254.490,0,0.0,0,0
1254.540,0,0.0,0,0
1254.591,0,0.0,0,0
1254.641,0,0.0,0,0
1254.691,0,0.0,0,0
1254.741,0,0.0,0,0
1254.791,0,0.0,0,0
1254.841,0,0.0,0,0
1254.891,0,0.0,0,0
1254.941,0,0.0,0,0
1254.991,0,0.0,0,0
1255.041,0,0.0,0,0
1255.091,0,0.0,0,0
1255.141,0,0.0,0,0
1255.191,0,0.0,0,0
1255.242,0,0.0,0,0
1255.292,0,0.0,0,0
1255.342,0,0.0,0,0
1255.392,0,0.0,0,0
1255.442,0,0.0,0,0
1255.492,0,0.0,0,0
1255.542,0,0.0,0,0
1255.592,0,0.0,0,0
1255.642,0,0.0,0,0
1255.693,0,0.0,0,0
1255.743,0,0.0,0,0
1255.793,0,0.0,0,0
1255.843,0,0.0,0,0
1255.893,0,0.0,0,0
1255.943,0,0.0,0,0
1255.993,0,0.0,0,0
1256.043,0,0.0,0,0
1256.094,0,0.0,0,0
1256.144,0,0.0,0,0
1256.194,0,0.0,0,0
1256.244,0,0.0,0,0
1256.294,0,0.0,0,0
1256.344,0,0.0,0,0
1256.394,0,0.0,0,0
1256.444,0,0.0,0,0
1256.494,0,0.0,0,0
1256.545,0,0.0,0,0
1256.595,0,0.0,0,0
1256.645,0,0.0,0,0
1256.695,0,0.0,0,0
1256.745,0,0.0,0,0
1256.795,0,0.0,0,0
1256.845,0,0.0,0,0
1256.895,0,0.0,0,0
1256.945,0,0.0,0,0
1256.995,0,0.0,0,0
1257.046,0,0.0,0,0
1257.096,0,0.0,0,0
1257.146,0,0.0,0,0
1257.196,0,0.0,0,0
1257.246,0,0.0,0,0
1257.296,0,0.0,0,0
1257.346,0,0.0,0,0
1257.396,0,0.0,0,0
1257.446,0,0.0,0,0
1257.496,0,0.0,0,0
1257.547,0,0.0,0,0
1257.597,0,0.0,0,0
1257.647,0,0.0,0,0
1257.697,0,0.0,0,0
1257.747,0,0.0,0,0
1257.797,0,0.0,0,0
1257.847,0,0.0,0,0
1257.897,0,0.0,0,0
1257.947,0,0.0,0,0
1257.997,0,0.0,0,0
1258.048,0,0.0,0,0
1258.098,0,0.0,0,0
1258.148,0,0.0,0,0
1258.198,0,0.0,0,0
1258.248,0,0.0,0,0
1258.298,0,0.0,0,0
1258.348,0,0.0,0,0
1258.399,0,0.0,0,0
1258.449,0,0.0,0,0
1258.499,0,0.0,0,0
1258.549,0,0.0,0,0
1258.599,0,0.0,0,0
1258.649,0,0.0,0,0
1258.699,0,0.0,0,0
1258.749,0,0.0,0,0
1258.799,0,0.0,0,0
1258.849,0,0.0,0,0
1258.899,0,0.0,0,0
1258.949,0,0.0,0,0
1258.999,0,0.0,0,0
1259.049,0,0.0,0,0
1259.100,0,0.0,0,0
1259.150,0,0.0,0,0
1259.200,0,0.0,0,0
1259.250,0,0.0,0,0
1259.300,0,0.0,0,0
1259.350,0,0.0,0,0
1259.400,0,0.0,0,0
1259.450,0,0.0,0,0
1259.500,0,0.0,0,0
1259.550,0,0.0,0,0
1259.600,0,0.0,0,0
1259.651,0,0.0,0,0
1259.701,0,0.0,0,0
1259.751,0,0.0,0,0
1259.801,0,0.0,0,0
1259.851,0,0.0,0,0
1259.901,0,0.0,0,0
1259.951,0,0.0,0,0
1260.001,0,0.0,0,0
1260.051,0,0.0,0,0
1260.101,0,0.0,0,0
1260.152,0,0.0,0,0
1260.202,0,0.0,0,0
1260.252,0,0.0,0,0
1260.302,0,0.0,0,0
1260.352,0,0.0,0,0
1260.402,0,0.0,0,0
1260.452,0,0.0,0,0
1260.502,0,0.0,0,0
1260.552,0,0.0,0,0
1260.602,0,0.0,0,0
1260.652,0,0.0,0,0
1260.702,0,0.0,0,0
1260.752,0,0.0,0,0
1260.803,0,0.0,0,0
1260.853,0,0.0,0,0
1260.903,0,0.0,0,0
1260.953,0,0.0,0,0
1261.003,0,0.0,0,0
1261.053,0,0.0,0,0
1261.103,0,0.0,0,0
1261.153,0,0.0,0,0
1261.203,0,0.0,0,0
1261.253,0,0.0,0,0
1261.303,0,0.0,0,0
1261.353,0,0.0,0,0
1261.404,0,0.0,0,0
1261.454,0,0.0,0,0
1261.504,0,0.0,0,0
1261.554,0,0.0,0,0
1261.604,0,0.0,0,0
1261.654,0,0.0,0,0
1261.704,0,0.0,0,0
1261.754,0,0.0,0,0
1261.804,0,0.0,0,0
1261.854,0,0.0,0,0
1261.904,0,0.0,0,0
1261.954,0,0.0,0,0
1262.005,0,0.0,0,0
1262.055,0,0.0,0,0
1262.105,0,0.0,0,0
1262.155,0,0.0,0,0
1262.205,0,0.0,0,0
1262.255,0,0.0,0,0
1262.305,0,0.0,0,0
1262.355,0,0.0,0,0
1262.405,0,0.0,0,0
1262.455,0,0.0,0,0
1262.505,0,0.0,0,0
1262.556,0,0.0,0,0
1262.606,0,0.0,0,0
1262.656,0,0.0,0,0
1262.706,0,0.0,0,0
1262.756,0,0.0,0,0
1262.806,0,0.0,0,0
1262.856,0,0.0,0,0
1262.906,0,0.0,0,0
1262.956,0,0.0,0,0
1263.006,0,0.0,0,0
1263.056,0,0.0,0,0
1263.107,0,0.0,0,0
1263.157,0,0.0,0,0
1263.207,0,0.0,0,0
1263.257,0,0.0,0,0
1263.307,0,0.0,0,0
1263.357,0,0.0,0,0
1263.407,0,0.0,0,0
1263.457,0,0.0,0,0
1263.507,0,0.0,0,0
1263.558,0,0.0,0,0
1263.608,0,0.0,0,0
1263.658,0,0.0,0,0
1263.708,0,0.0,0,0
1263.758,0,0.0,0,0
1263.808,0,0.0,0,0
1263.858,0,0.0,0,0
1263.908,0,0.0,0,0
1263.958,0,0.0,0,0
1264.009,0,0.0,0,0
1264.059,0,0.0,0,0
1264.109,0,0.0,0,0
1264.159,0,0.0,0,0
1264.209,0,0.0,0,0
1264.259,0,0.0,0,0
1264.309,0,0.0,0,0
1264.359,0,0.0,0,0
1264.410,0,0.0,0,0
1264.460,0,0.0,0,0
1264.510,0,0.0,0,0
1264.560,0,0.0,0,0
1264.610,0,0.0,0,0
1264.660,0,0.0,0,0
1264.710,0,0.0,0,0
1264.760,0,0.0,0,0
1264.811,0,0.0,0,0
1264.861,0,0.0,0,0
1264.911,0,0.0,0,0
1264.961,0,0.0,0,0
1265.011,0,0.0,0,0
1265.061,0,0.0,0,0
1265.111,0,0.0,0,0
1265.161,0,0.0,0,0
1265.212,0,0.0,0,0
1265.262,0,0.0,0,0
1265.312,0,0.0,0,0
1265.362,0,0.0,0,0
1265.412,0,0.0,0,0
1265.462,0,0.0,0,0
1265.512,0,0.0,0,0
1265.562,0,0.0,0,0
1265.612,0,0.0,0,0
1265.663,0,0.0,0,0
1265.713,0,0.0,0,0
1265.763,0,0.0,0,0
1265.813,0,0.0,0,0
1265.863,0,0.0,0,0
1265.913,0,0.0,0,0
1265.963,0,0.0,0,0
1266.013,0,0.0,0,0
1266.063,0,0.0,0,0
1266.113,0,0.0,0,0
1266.163,0,0.0,0,0
1266.213,0,0.0,0,0
1266.263,0,0.0,0,0
1266.314,0,0.0,0,0
1266.364,0,0.0,0,0
1266.414,0,0.0,0,0
1266.464,0,0.0,0,0
1266.514,0,0.0,0,0
1266.564,0,0.0,0,0
1266.614,0,0.0,0,0
1266.664,0,0.0,0,0
1266.714,0,0.0,0,0
1266.764,0,0.0,0,0
1266.814,0,0.0,0,0
1266.865,0,0.0,0,0
1266.915,0,0.0,0,0
1266.965,0,0.0,0,0
1267.015,0,0.0,0,0
1267.065,0,0.0,0,0
1267.115,0,0.0,0,0
1267.165,0,0.0,0,0
1267.215,0,0.0,0,0
1267.265,0,0.0,0,0
1267.316,0,0.0,0,0
1267.366,0,0.0,0,0
1267.416,0,0.0,0,0
1267.466,0,0.0,0,0
1267.516,0,0.0,0,0
1267.566,0,0.0,0,0
1267.616,0,0.0,0,0
1267.666,0,0.0,0,0
1267.716,0,0.0,0,0
1267.767,0,0.0,0,0
1267.817,0,0.0,0,0
1267.867,0,0.0,0,0
1267.917,0,0.0,0,0
1267.967,0,0.0,0,0
1268.017,0,0.0,0,0
1268.067,0,0.0,0,0
1268.117,0,0.0,0,0
1268.167,0,0.0,0,0
1268.217,0,0.0,0,0
1268.267,0,0.0,0,0
1268.317,0,0.0,0,0
1268.368,0,0.0,0,0
1268.418,0,0.0,0,0
1268.468,0,0.0,0,0
1268.518,0,0.0,0,0
1268.568,0,0.0,0,0
1268.618,0,0.0,0,0
1268.668,0,0.0,0,0
1268.718,0,0.0,0,0
1268.768,0,0.0,0,0
1268.819,0,0.0,0,0
1268.869,0,0.0,0,0
1268.919,0,0.0,0,0
1268.969,0,0.0,0,0
1269.019,0,0.0,0,0
1269.069,0,0.0,0,0
1269.119,0,0.0,0,0
1269.169,0,0.0,0,0
1269.219,0,0.0,0,0
1269.269,0,0.0,0,0
1269.319,0,0.0,0,0
1269.370,0,0.0,0,0
1269.420,0,0.0,0,0
1269.470,0,0.0,0,0
1269.520,0,0.0,0,0
1269.570,0,0.0,0,0
1269.620,0,0.0,0,0
1269.670,0,0.0,0,0
1269.720,0,0.0,0,0
1269.770,0,0.0,0,0
1269.820,0,0.0,0,0
1269.870,0,0.0,0,0
1269.920,0,0.0,0,0
1269.970,0,0.0,0,0
1270.021,0,0.0,0,0
1270.071,0,0.0,0,0
1270.121,0,0.0,0,0
1270.171,0,0.0,0,0
1270.221,0,0.0,0,0
1270.271,0,0.0,0,0
1270.321,0,0.0,0,0
1270.371,0,0.0,0,0
1270.421,0,0.0,0,0
1270.471,0,0.0,0,0
1270.521,0,0.0,0,0
1270.572,0,0.0,0,0
1270.622,0,0.0,0,0
1270.672,0,0.0,0,0
1270.722,0,0.0,0,0
1270.772,0,0.0,0,0
1270.822,0,0.0,0,0
1270.872,0,0.0,0,0
1270.922,0,0.0,0,0
1270.973,0,0.0,0,0
1271.023,0,0.0,0,0
1271.073,0,0.0,0,0
1271.123,0,0.0,0,0
1271.173,0,0.0,0,0
1271.223,0,0.0,0,0
1271.273,0,0.0,0,0
1271.323,0,0.0,0,0
1271.373,0,0.0,0,0
1271.423,0,0.0,0,0
1271.473,0,0.0,0,0
1271.523,0,0.0,0,0
1271.573,0,0.0,0,0
1271.623,0,0.0,0,0
1271.673,0,0.0,0,0
1271.723,0,0.0,0,0
1271.773,0,0.0,0,0
1271.824,0,0.0,0,0
1271.874,0,0.0,0,0
1271.924,0,0.0,0,0
1271.974,0,0.0,0,0
1272.024,0,0.0,0,0
1272.074,0,0.0,0,0
1272.124,0,0.0,0,0
1272.174,0,0.0,0,0
1272.224,0,0.0,0,0
1272.275,0,0.0,0,0
1272.325,0,0.0,0,0
1272.375,0,0.0,0,0
1272.425,0,0.0,0,0
1272.475,0,0.0,0,0
1272.525,0,0.0,0,0
1272.575,0,0.0,0,0
1272.625,0,0.0,0,0
1272.676,0,0.0,0,0
1272.726,0,0.0,0,0
1272.776,0,0.0,0,0
1272.826,0,0.0,0,0
1272.876,0,0.0,0,0
1272.926,0,0.0,0,0
1272.976,0,0.0,0,0
1273.026,0,0.0,0,0
1273.076,0,0.0,0,0
1273.126,0,0.0,0,0
1273.176,0,0.0,0,0
1273.227,0,0.0,0,0
1273.277,0,0.0,0,0
1273.327,0,0.0,0,0
1273.377,0,0.0,0,0
1273.427,0,0.0,0,0
1273.477,0,0.0,0,0
1273.527,0,0.0,0,0
1273.577,0,0.0,0,0
1273.627,0,0.0,0,0
1273.677,0,0.0,0,0
1273.727,0,0.0,0,0
1273.778,0,0.0,0,0
1273.828,0,0.0,0,0
1273.878,0,0.0,0,0
1273.928,0,0.0,0,0
1273.978,0,0.0,0,0
1274.028,0,0.0,0,0
1274.078,0,0.0,0,0
1274.128,0,0.0,0,0
1274.178,0,0.0,0,0
1274.228,0,0.0,0,0
1274.278,0,0.0,0,0
1274.329,0,0.0,0,0
1274.379,0,0.0,0,0
1274.429,0,0.0,0,0
1274.479,0,0.0,0,0
1274.529,0,0.0,0,0
1274.579,0,0.0,0,0
1274.629,0,0.0,0,0
1274.679,0,0.0,0,0
1274.729,0,0.0,0,0
1274.779,0,0.0,0,0
1274.829,0,0.0,0,0
1274.880,0,0.0,0,0
1274.930,0,0.0,0,0
1274.980,0,0.0,0,0
1275.030,0,0.0,0,0
1275.080,0,0.0,0,0
1275.130,0,0.0,0,0
1275.180,0,0.0,0,0
1275.230,0,0.0,0,0
1275.280,0,0.0,0,0
1275.330,0,0.0,0,0
1275.380,0,0.0,0,0
1275.430,0,0.0,0,0
1275.481,0,0.0,0,0
1275.531,0,0.0,0,0
1275.581,0,0.0,0,0
1275.631,0,0.0,0,0
1275.681,0,0.0,0,0
1275.731,0,0.0,0,0
1275.781,0,0.0,0,0
1275.831,0,0.0,0,0
1275.881,0,0.0,0,0
1275.931,0,0.0,0,0
1275.982,0,0.0,0,0
1276.032,0,0.0,0,0
1276.082,0,0.0,0,0
1276.132,0,0.0,0,0
1276.182,0,0.0,0,0
1276.232,0,0.0,0,0
1276.282,0,0.0,0,0
1276.332,0,0.0,0,0
1276.382,0,0.0,0,0
1276.432,0,0.0,0,0
1276.482,0,0.0,0,0
1276.532,0,0.0,0,0
1276.583,0,0.0,0,0
1276.633,0,0.0,0,0
1276.683,0,0.0,0,0
1276.733,0,0.0,0,0
1276.783,0,0.0,0,0
1276.833,0,0.0,0,0
1276.883,0,0.0,0,0
1276.933,0,0.0,0,0
1276.983,0,0.0,0,0
1277.033,0,0.0,0,0
1277.083,0,0.0,0,0
1277.133,0,0.0,0,0
1277.183,0,0.0,0,0
1277.233,0,0.0,0,0
1277.283,0,0.0,0,0
1277.334,0,0.0,0,0
1277.384,0,0.0,0,0
1277.434,0,0.0,0,0
1277.484,0,0.0,0,0
1277.534,0,0.0,0,0
1277.584,0,0.0,0,0
1277.634,0,0.0,0,0
1277.684,0,0.0,0,0
1277.734,0,0.0,0,0
1277.784,0,0.0,0,0
1277.835,0,0.0,0,0
1277.885,0,0.0,0,0
1277.935,0,0.0,0,0
1277.985,0,0.0,0,0
1278.035,0,0.0,0,0
1278.085,0,0.0,0,0
1278.135,0,0.0,0,0
1278.185,0,0.0,0,0
1278.235,0,0.0,0,0
1278.285,0,0.0,0,0
1278.336,0,0.0,0,0
1278.386,0,0.0,0,0
1278.436,0,0.0,0,0
1278.486,0,0.0,0,0
1278.536,0,0.0,0,0
1278.586,0,0.0,0,0
1278.636,0,0.0,0,0
1278.686,0,0.0,0,0
1278.736,0,0.0,0,0
1278.787,0,0.0,0,0
1278.837,0,0.0,0,0
1278.887,0,0.0,0,0
1278.937,0,0.0,0,0
1278.987,0,0.0,0,0
1279.037,0,0.0,0,0
1279.087,0,0.0,0,0
1279.137,0,0.0,0,0
1279.187,0,0.0,0,0
1279.238,0,0.0,0,0
1279.288,0,0.0,0,0
1279.338,0,0.0,0,0
1279.388,0,0.0,0,0
1279.438,0,0.0,0,0
1279.488,0,0.0,0,0
1279.538,0,0.0,0,0
1279.588,0,0.0,0,0
1279.638,0,0.0,0,0
1279.688,0,0.0,0,0
1279.738,0,0.0,0,0
1279.788,0,0.0,0,0
1279.838,0,0.0,0,0
1279.888,0,0.0,0,0
1279.938,0,0.0,0,0
1279.989,0,0.0,0,0
1280.039,0,0.0,0,0
1280.089,0,0.0,0,0
1280.139,0,0.0,0,0
1280.189,0,0.0,0,0
1280.239,0,0.0,0,0
1280.289,0,0.0,0,0
1280.339,0,0.0,0,0
1280.389,0,0.0,0,0
1280.439,0,0.0,0,0
1280.490,0,0.0,0,0
1280.540,0,0.0,0,0
1280.590,0,0.0,0,0
1280.640,0,0.0,0,0
1280.690,0,0.0,0,0
1280.740,0,0.0,0,0
1280.790,0,0.0,0,0
1280.840,0,0.0,0,0
1280.890,0,0.0,0,0
1280.940,0,0.0,0,0
1280.990,0,0.0,0,0
1281.041,0,0.0,0,0
1281.091,0,0.0,0,0
1281.141,0,0.0,0,0
1281.191,0,0.0,0,0
1281.241,0,0.0,0,0
1281.291,0,0.0,0,0
1281.342,0,0.0,0,0
1281.392,0,0.0,0,0
1281.442,0,0.0,0,0
1281.492,0,0.0,0,0
1281.542,0,0.0,0,0
1281.592,0,0.0,0,0
1281.642,0,0.0,0,0
1281.692,0,0.0,0,0
1281.742,0,0.0,0,0
1281.792,0,0.0,0,0
1281.842,0,0.0,0,0
1281.892,0,0.0,0,0
1281.943,0,0.0,0,0
1281.993,0,0.0,0,0
1282.043,0,0.0,0,0
1282.093,0,0.0,0,0
1282.143,0,0.0,0,0
1282.193,0,0.0,0,0
1282.243,0,0.0,0,0
1282.293,0,0.0,0,0
1282.343,0,0.0,0,0
1282.394,0,0.0,0,0
1282.444,0,0.0,0,0
1282.494,0,0.0,0,0
1282.544,0,0.0,0,0
1282.594,0,0.0,0,0
1282.644,0,0.0,0,0
1282.694,0,0.0,0,0
1282.744,0,0.0,0,0
1282.794,0,0.0,0,0
1282.844,0,0.0,0,0
1282.895,0,0.0,0,0
1282.945,0,0.0,0,0
1282.995,0,0.0,0,0
1283.045,0,0.0,0,0
1283.095,0,0.0,0,0
1283.145,0,0.0,0,0
1283.195,0,0.0,0,0
1283.245,0,0.0,0,0
1283.295,0,0.0,0,0
1283.345,0,0.0,0,0
1283.396,0,0.0,0,0
1283.446,0,0.0,0,0
1283.496,0,0.0,0,0
1283.546,0,0.0,0,0
1283.596,0,0.0,0,0
1283.646,0,0.0,0,0
1283.696,0,0.0,0,0
1283.746,0,0.0,0,0
1283.796,0,0.0,0,0
1283.847,0,0.0,0,0
1283.897,0,0.0,0,0
1283.947,0,0.0,0,0
1283.997,0,0.0,0,0
1284.047,0,0.0,0,0
1284.097,0,0.0,0,0
1284.147,0,0.0,0,0
1284.197,0,0.0,0,0
1284.247,0,0.0,0,0
1284.298,0,0.0,0,0
1284.348,0,0.0,0,0
1284.398,0,0.0,0,0
1284.448,0,0.0,0,0
1284.498,0,0.0,0,0
1284.548,0,0.0,0,0
1284.598,0,0.0,0,0
1284.648,0,0.0,0,0
1284.698,0,0.0,0,0
1284.748,0,0.0,0,0
1284.798,0,0.0,0,0
1284.849,0,0.0,0,0
1284.899,0,0.0,0,0
1284.949,0,0.0,0,0
1284.999,0,0.0,0,0
1285.049,0,0.0,0,0
1285.099,0,0.0,0,0
1285.149,0,0.0,0,0
1285.199,0,0.0,0,0
1285.250,0,0.0,0,0
1285.300,0,0.0,0,0
1285.350,0,0.0,0,0
1285.400,0,0.0,0,0
1285.450,0,0.0,0,0
1285.500,0,0.0,0,0
1285.550,0,0.0,0,0
1285.600,0,0.0,0,0
1285.650,0,0.0,0,0
1285.700,0,0.0,0,0
1285.751,0,0.0,0,0
1285.801,0,0.0,0,0
1285.851,0,0.0,0,0
1285.901,0,0.0,0,0
1285.951,0,0.0,0,0
1286.001,0,0.0,0,0
1286.051,0,0.0,0,0
1286.101,0,0.0,0,0
1286.151,0,0.0,0,0
1286.201,0,0.0,0,0
1286.251,0,0.0,0,0
1286.301,0,0.0,0,0
1286.351,0,0.0,0,0
1286.401,0,0.0,0,0
1286.452,0,0.0,0,0
1286.502,0,0.0,0,0
1286.552,0,0.0,0,0
1286.602,0,0.0,0,0
1286.652,0,0.0,0,0
1286.702,0,0.0,0,0
1286.752,0,0.0,0,0
1286.802,0,0.0,0,0
1286.852,0,0.0,0,0
1286.903,0,0.0,0,0
1286.953,0,0.0,0,0
1287.003,0,0.0,0,0
1287.053,0,0.0,0,0
1287.103,0,0.0,0,0
1287.153,0,0.0,0,0
1287.203,0,0.0,0,0
1287.253,0,0.0,0,0
1287.303,0,0.0,0,0
1287.354,0,0.0,0,0
1287.404,0,0.0,0,0
1287.454,0,0.0,0,0
1287.504,0,0.0,0,0
1287.554,0,0.0,0,0
1287.604,0,0.0,0,0
1287.654,0,0.0,0,0
1287.704,0,0.0,0,0
1287.755,0,0.0,0,0
1287.805,0,0.0,0,0
1287.855,0,0.0,0,0
1287.905,0,0.0,0,0
1287.955,0,0.0,0,0
1288.005,0,0.0,0,0
1288.055,0,0.0,0,0
1288.105,0,0.0,0,0
1288.155,0,0.0,0,0
1288.205,0,0.0,0,0
1288.256,0,0.0,0,0
1288.306,0,0.0,0,0
1288.356,0,0.0,0,0
1288.406,0,0.0,0,0
1288.456,0,0.0,0,0
1288.506,0,0.0,0,0
1288.556,0,0.0,0,0
1288.606,0,0.0,0,0
1288.656,0,0.0,0,0
1288.706,0,0.0,0,0
1288.756,0,0.0,0,0
1288.806,0,0.0,0,0
1288.856,0,0.0,0,0
1288.906,0,0.0,0,0
1288.957,0,0.0,0,0
1289.007,0,0.0,0,0
1289.057,0,0.0,0,0
1289.107,0,0.0,0,0
1289.157,0,0.0,0,0
1289.207,0,0.0,0,0
1289.257,0,0.0,0,0
1289.307,0,0.0,0,0
1289.358,0,0.0,0,0
1289.408,0,0.0,0,0
1289.458,0,0.0,0,0
1289.508,0,0.0,0,0
1289.558,0,0.0,0,0
1289.608,0,0.0,0,0
1289.659,0,0.0,0,0
1289.709,0,0.0,0,0
1289.759,0,0.0,0,0
1289.809,0,0.0,0,0
1289.859,0,0.0,0,0
1289.909,0,0.0,0,0
1289.959,0,0.0,0,0
1290.009,0,0.0,0,0
1290.059,0,0.0,0,0
1290.109,0,0.0,0,0
1290.159,0,0.0,0,0
1290.210,0,0.0,0,0
1290.260,0,0.0,0,0
1290.310,0,0.0,0,0
1290.360,0,0.0,0,0
1290.410,0,0.0,0,0
1290.460,0,0.0,0,0
1290.510,0,0.0,0,0
1290.560,0,0.0,0,0
1290.610,0,0.0,0,0
1290.660,0,0.0,0,0
1290.710,0,0.0,0,0
1290.760,0,0.0,0,0
1290.810,0,0.0,0,0
1290.861,0,0.0,0,0
1290.911,0,0.0,0,0
1290.961,0,0.0,0,0
1291.011,0,0.0,0,0
1291.061,0,0.0,0,0
1291.111,0,0.0,0,0
1291.161,0,0.0,0,0
1291.211,0,0.0,0,0
1291.261,0,0.0,0,0
1291.312,0,0.0,0,0
1291.362,0,0.0,0,0
1291.412,0,0.0,0,0
1291.462,0,0.0,0,0
1291.512,0,0.0,0,0
1291.562,0,0.0,0,0
1291.612,0,0.0,0,0
1291.662,0,0.0,0,0
1291.712,0,0.0,0,0
1291.762,0,0.0,0,0
1291.812,0,0.0,0,0
1291.862,0,0.0,0,0
1291.913,0,0.0,0,0
1291.963,0,0.0,0,0
1292.013,0,0.0,0,0
1292.063,0,0.0,0,0
1292.113,0,0.0,0,0
1292.163,0,0.0,0,0
1292.213,0,0.0,0,0
1292.263,0,0.0,0,0
1292.314,0,0.0,0,0
1292.364,0,0.0,0,0
1292.414,0,0.0,0,0
1292.464,0,0.0,0,0
1292.514,0,0.0,0,0
1292.564,0,0.0,0,0
1292.614,0,0.0,0,0
1292.664,0,0.0,0,0
1292.714,0,0.0,0,0
1292.764,0,0.0,0,0
1292.814,0,0.0,0,0
1292.865,0,0.0,0,0
1292.915,0,0.0,0,0
1292.965,0,0.0,0,0
1293.015,0,0.0,0,0
1293.065,0,0.0,0,0
1293.115,0,0.0,0,0
1293.165,0,0.0,0,0
1293.215,0,0.0,0,0
1293.266,0,0.0,0,0
1293.316,0,0.0,0,0
1293.366,0,0.0,0,0
1293.416,0,0.0,0,0
1293.466,0,0.0,0,0
1293.516,0,0.0,0,0
1293.566,0,0.0,0,0
1293.616,0,0.0,0,0
1293.666,0,0.0,0,0
1293.716,0,0.0,0,0
1293.767,0,0.0,0,0
1293.817,0,0.0,0,0
1293.867,0,0.0,0,0
1293.917,0,0.0,0,0
1293.967,0,0.0,0,0
1294.017,0,0.0,0,0
1294.067,0,0.0,0,0
1294.117,0,0.0,0,0
1294.167,0,0.0,0,0
1294.217,0,0.0,0,0
1294.268,0,0.0,0,0
1294.318,0,0.0,0,0
1294.368,0,0.0,0,0
1294.418,0,0.0,0,0
1294.468,0,0.0,0,0
1294.518,0,0.0,0,0
1294.568,0,0.0,0,0
1294.618,0,0.0,0,0
1294.668,0,0.0,0,0
1294.718,0,0.0,0,0
1294.768,0,0.0,0,0
1294.819,0,0.0,0,0
1294.869,0,0.0,0,0
1294.919,0,0.0,0,0
1294.969,0,0.0,0,0
1295.019,0,0.0,0,0
1295.069,0,0.0,0,0
1295.119,0,0.0,0,0
1295.169,0,0.0,0,0
1295.219,0,0.0,0,0
1295.269,0,0.0,0,0
1295.319,0,0.0,0,0
1295.369,0,0.0,0,0
1295.419,0,0.0,0,0
1295.469,0,0.0,0,0
1295.520,0,0.0,0,0
1295.570,0,0.0,0,0
1295.620,0,0.0,0,0
1295.670,0,0.0,0,0
1295.720,0,0.0,0,0
1295.770,0,0.0,0,0
1295.820,0,0.0,0,0
1295.870,0,0.0,0,0
1295.921,0,0.0,0,0
1295.971,0,0.0,0,0
1296.021,0,0.0,0,0
1296.071,0,0.0,0,0
1296.121,0,0.0,0,0
1296.171,0,0.0,0,0
1296.221,0,0.0,0,0
1296.271,0,0.0,0,0
1296.321,0,0.0,0,0
1296.371,0,0.0,0,0
1296.422,0,0.0,0,0
1296.472,0,0.0,0,0
1296.522,0,0.0,0,0
1296.572,0,0.0,0,0
1296.622,0,0.0,0,0
1296.672,0,0.0,0,0
1296.722,0,0.0,0,0
1296.773,0,0.0,0,0
1296.823,0,0.0,0,0
1296.873,0,0.0,0,0
1296.923,0,0.0,0,0
1296.973,0,0.0,0,0
1297.023,0,0.0,0,0
1297.073,0,0.0,0,0
1297.123,0,0.0,0,0
1297.173,0,0.0,0,0
1297.223,0,0.0,0,0
1297.273,0,0.0,0,0
1297.323,0,0.0,0,0
1297.373,0,0.0,0,0
1297.423,0,0.0,0,0
1297.473,0,0.0,0,0
1297.524,0,0.0,0,0
1297.574,0,0.0,0,0
1297.624,0,0.0,0,0
1297.674,0,0.0,0,0
1297.724,0,0.0,0,0
1297.774,0,0.0,0,0
1297.824,0,0.0,0,0
1297.874,0,0.0,0,0
1297.924,0,0.0,0,0
1297.974,0,0.0,0,0
1298.025,0,0.0,0,0
1298.075,0,0.0,0,0
1298.125,0,0.0,0,0
1298.175,0,0.0,0,0
1298.225,0,0.0,0,0
1298.275,0,0.0,0,0
1298.325,0,0.0,0,0
1298.375,0,0.0,0,0
1298.425,0,0.0,0,0
1298.476,0,0.0,0,0
1298.526,0,0.0,0,0
1298.576,0,0.0,0,0
1298.626,0,0.0,0,0
1298.676,0,0.0,0,0
1298.726,0,0.0,0,0
1298.776,0,0.0,0,0
1298.826,0,0.0,0,0
1298.876,0,0.0,0,0
1298.926,0,0.0,0,0
1298.976,0,0.0,0,0
1299.026,0,0.0,0,0
1299.076,0,0.0,0,0
1299.126,0,0.0,0,0
1299.176,0,0.0,0,0
1299.226,0,0.0,0,0
1299.277,0,0.0,0,0
1299.327,0,0.0,0,0
1299.377,0,0.0,0,0
1299.427,0,0.0,0,0
1299.477,0,0.0,0,0
1299.527,0,0.0,0,0
1299.577,0,0.0,0,0
1299.627,0,0.0,0,0
1299.677,0,0.0,0,0
1299.727,0,0.0,0,0
1299.777,0,0.0,0,0
1299.828,0,0.0,0,0
1299.878,0,0.0,0,0
1299.928,0,0.0,0,0
1299.978,0,0.0,0,0
1300.028,0,0.0,0,0
1300.078,0,0.0,0,0
1300.128,0,0.0,0,0
1300.178,0,0.0,0,0
1300.228,0,0.0,0,0
1300.278,0,0.0,0,0
1300.328,0,0.0,0,0
1300.379,0,0.0,0,0
1300.429,0,0.0,0,0
1300.479,0,0.0,0,0
1300.529,0,0.0,0,0
1300.579,0,0.0,0,0
1300.629,0,0.0,0,0
1300.679,0,0.0,0,0
1300.729,0,0.0,0,0
1300.779,0,0.0,0,0
1300.829,0,0.0,0,0
1300.879,0,0.0,0,0
1300.929,0,0.0,0,0
1300.979,0,0.0,0,0
1301.029,0,0.0,0,0
1301.080,0,0.0,0,0
1301.130,0,0.0,0,0
1301.180,0,0.0,0,0
1301.230,0,0.0,0,0
1301.280,0,0.0,0,0
1301.330,0,0.0,0,0
1301.380,0,0.0,0,0
1301.430,0,0.0,0,0
1301.480,0,0.0,0,0
1301.530,0,0.0,0,0
1301.581,0,0.0,0,0
1301.631,0,0.0,0,0
1301.681,0,0.0,0,0
1301.731,0,0.0,0,0
1301.781,0,0.0,0,0
1301.831,0,0.0,0,0
1301.881,0,0.0,0,0
1301.931,0,0.0,0,0
1301.982,0,0.0,0,0
1302.032,0,0.0,0,0
1302.082,0,0.0,0,0
1302.132,0,0.0,0,0
1302.182,0,0.0,0,0
1302.232,0,0.0,0,0
1302.282,0,0.0,0,0
1302.332,0,0.0,0,0
1302.383,0,0.0,0,0
1302.433,0,0.0,0,0
1302.483,0,0.0,0,0
1302.533,0,0.0,0,0
1302.583,0,0.0,0,0
1302.633,0,0.0,0,0
1302.683,0,0.0,0,0
1302.733,0,0.0,0,0
1302.783,0,0.0,0,0
1302.833,0,0.0,0,0
1302.884,0,0.0,0,0
1302.934,0,0.0,0,0
1302.984,0,0.0,0,0
1303.034,0,0.0,0,0
1303.084,0,0.0,0,0
1303.134,0,0.0,0,0
1303.184,0,0.0,0,0
1303.234,0,0.0,0,0
1303.284,0,0.0,0,0
1303.334,0,0.0,0,0
1303.384,0,0.0,0,0
1303.435,0,0.0,0,0
1303.485,0,0.0,0,0
1303.535,0,0.0,0,0
1303.585,0,0.0,0,0
1303.635,0,0.0,0,0
1303.685,0,0.0,0,0
1303.735,0,0.0,0,0
1303.785,0,0.0,0,0
1303.835,0,0.0,0,0
1303.885,0,0.0,0,0
1303.935,0,0.0,0,0
1303.985,0,0.0,0,0
1304.036,0,0.0,0,0
1304.086,0,0.0,0,0
1304.136,0,0.0,0,0
1304.186,0,0.0,0,0
1304.236,0,0.0,0,0
1304.286,0,0.0,0,0
1304.336,0,0.0,0,0
1304.387,0,0.0,0,0
1304.437,0,0.0,0,0
1304.487,0,0.0,0,0
1304.537,0,0.0,0,0
1304.587,0,0.0,0,0
1304.637,0,0.0,0,0
1304.687,0,0.0,0,0
1304.737,0,0.0,0,0
1304.787,0,0.0,0,0
1304.837,0,0.0,0,0
1304.887,0,0.0,0,0
1304.938,0,0.0,0,0
1304.988,0,0.0,0,0
1305.038,0,0.0,0,0
1305.088,0,0.0,0,0
1305.138,0,0.0,0,0
1305.188,0,0.0,0,0
1305.238,0,0.0,0,0
1305.288,0,0.0,0,0
1305.338,0,0.0,0,0
1305.389,0,0.0,0,0
1305.439,0,0.0,0,0
1305.489,0,0.0,0,0
1305.539,0,0.0,0,0
1305.589,0,0.0,0,0
1305.639,0,0.0,0,0
1305.689,0,0.0,0,0
1305.739,0,0.0,0,0
1305.789,0,0.0,0,0
1305.839,0,0.0,0,0
1305.889,0,0.0,0,0
1305.940,0,0.0,0,0
1305.990,0,0.0,0,0
1306.040,0,0.0,0,0
1306.090,0,0.0,0,0
1306.140,0,0.0,0,0
1306.190,0,0.0,0,0
1306.240,0,0.0,0,0
1306.290,0,0.0,0,0
1306.340,0,0.0,0,0
1306.390,0,0.0,0,0
1306.440,0,0.0,0,0
1306.490,0,0.0,0,0
1306.540,0,0.0,0,0
1306.590,0,0.0,0,0
1306.641,0,0.0,0,0
1306.691,0,0.0,0,0
1306.741,0,0.0,0,0
1306.791,0,0.0,0,0
1306.841,0,0.0,0,0
1306.891,0,0.0,0,0
1306.941,0,0.0,0,0
1306.991,0,0.0,0,0
1307.041,0,0.0,0,0
1307.091,0,0.0,0,0
1307.141,0,0.0,0,0
1307.191,0,0.0,0,0
1307.242,0,0.0,0,0
1307.292,0,0.0,0,0
1307.342,0,0.0,0,0
1307.392,0,0.0,0,0
1307.442,0,0.0,0,0
1307.492,0,0.0,0,0
1307.542,0,0.0,0,0
1307.593,0,0.0,0,0
1307.643,0,0.0,0,0
1307.693,0,0.0,0,0
1307.743,0,0.0,0,0
1307.793,0,0.0,0,0
1307.843,0,0.0,0,0
1307.894,0,0.0,0,0
1307.944,0,0.0,0,0
1307.994,0,0.0,0,0
1308.044,0,0.0,0,0
1308.094,0,0.0,0,0
1308.144,0,0.0,0,0
1308.194,0,0.0,0,0
1308.244,0,0.0,0,0
1308.294,0,0.0,0,0
1308.345,0,0.0,0,0
1308.395,0,0.0,0,0
1308.445,0,0.0,0,0
1308.495,0,0.0,0,0
1308.545,0,0.0,0,0
1308.595,0,0.0,0,0
1308.645,0,0.0,0,0
1308.695,0,0.0,0,0
1308.745,0,0.0,0,0
1308.795,0,0.0,0,0
1308.845,0,0.0,0,0
1308.896,0,0.0,0,0
1308.946,0,0.0,0,0
1308.996,0,0.0,0,0
1309.046,0,0.0,0,0
1309.096,0,0.0,0,0
1309.146,0,0.0,0,0
1309.196,0,0.0,0,0
1309.246,0,0.0,0,0
1309.296,0,0.0,0,0
1309.346,0,0.0,0,0
1309.397,0,0.0,0,0
1309.447,0,0.0,0,0
1309.497,0,0.0,0,0
1309.547,0,0.0,0,0
1309.597,0,0.0,0,0
1309.647,0,0.0,0,0
1309.697,0,0.0,0,0
1309.747,0,0.0,0,0
1309.797,0,0.0,0,0
1309.847,0,0.0,0,0
1309.898,0,0.0,0,0
1309.948,0,0.0,0,0
1309.998,0,0.0,0,0
1310.048,0,0.0,0,0
1310.098,0,0.0,0,0
1310.148,0,0.0,0,0
1310.198,0,0.0,0,0
1310.248,0,0.0,0,0
1310.298,0,0.0,0,0
1310.348,0,0.0,0,0
1310.398,0,0.0,0,0
1310.449,0,0.0,0,0
1310.499,0,0.0,0,0
1310.549,0,0.0,0,0
1310.599,0,0.0,0,0
1310.649,0,0.0,0,0
1310.699,0,0.0,0,0
1310.749,0,0.0,0,0
1310.799,0,0.0,0,0
1310.849,0,0.0,0,0
1310.899,0,0.0,0,0
1310.949,0,0.0,0,0
1310.999,0,0.0,0,0
1311.049,0,0.0,0,0
1311.100,0,0.0,0,0
1311.150,0,0.0,0,0
1311.200,0,0.0,0,0
1311.250,0,0.0,0,0
1311.300,0,0.0,0,0
1311.350,0,0.0,0,0
1311.400,0,0.0,0,0
1311.450,0,0.0,0,0
1311.500,0,0.0,0,0
1311.550,0,0.0,0,0
1311.600,0,0.0,0,0
1311.651,0,0.0,0,0
1311.701,0,0.0,0,0
1311.751,0,0.0,0,0
1311.801,0,0.0,0,0
1311.851,0,0.0,0,0
1311.901,0,0.0,0,0
1311.951,0,0.0,0,0
1312.001,0,0.0,0,0
1312.052,0,0.0,0,0
1312.102,0,0.0,0,0
1312.152,0,0.0,0,0
1312.202,0,0.0,0,0
1312.252,0,0.0,0,0
1312.302,0,0.0,0,0
1312.352,0,0.0,0,0
1312.402,0,0.0,0,0
1312.452,0,0.0,0,0
1312.503,0,0.0,0,0
1312.553,0,0.0,0,0
1312.603,0,0.0,0,0
1312.653,0,0.0,0,0
1312.703,0,0.0,0,0
1312.753,0,0.0,0,0
1312.803,0,0.0,0,0
1312.853,0,0.0,0,0
1312.903,0,0.0,0,0
1312.953,0,0.0,0,0
1313.003,0,0.0,0,0
1313.053,0,0.0,0,0
1313.104,0,0.0,0,0
1313.154,0,0.0,0,0
1313.204,0,0.0,0,0
1313.254,0,0.0,0,0
1313.304,0,0.0,0,0
1313.354,0,0.0,0,0
1313.404,0,0.0,0,0
1313.454,0,0.0,0,0
1313.504,0,0.0,0,0
1313.554,0,0.0,0,0
1313.605,0,0.0,0,0
1313.655,0,0.0,0,0
1313.705,0,0.0,0,0
1313.755,0,0.0,0,0
1313.805,0,0.0,0,0
1313.855,0,0.0,0,0
1313.905,0,0.0,0,0
1313.955,0,0.0,0,0
1314.005,0,0.0,0,0
1314.055,0,0.0,0,0
1314.105,0,0.0,0,0
1314.155,0,0.0,0,0
1314.206,0,0.0,0,0
1314.256,0,0.0,0,0
1314.306,0,0.0,0,0
1314.356,0,0.0,0,0
1314.406,0,0.0,0,0
1314.456,0,0.0,0,0
1314.506,0,0.0,0,0
1314.556,0,0.0,0,0
1314.606,0,0.0,0,0
1314.656,0,0.0,0,0
1314.707,0,0.0,0,0
1314.757,0,0.0,0,0
1314.807,0,0.0,0,0
1314.857,0,0.0,0,0
1314.907,0,0.0,0,0
1314.957,0,0.0,0,0
1315.007,0,0.0,0,0
1315.057,0,0.0,0,0
1315.107,0,0.0,0,0
1315.157,0,0.0,0,0
1315.207,0,0.0,0,0
1315.257,0,0.0,0,0
1315.308,0,0.0,0,0
1315.358,0,0.0,0,0
1315.408,0,0.0,0,0
1315.458,0,0.0,0,0
1315.508,0,0.0,0,0
1315.558,0,0.0,0,0
1315.608,0,0.0,0,0
1315.658,0,0.0,0,0
1315.708,0,0.0,0,0
1315.758,0,0.0,0,0
1315.808,0,0.0,0,0
1315.859,0,0.0,0,0
1315.909,0,0.0,0,0
1315.959,0,0.0,0,0
1316.009,0,0.0,0,0
1316.059,0,0.0,0,0
1316.109,0,0.0,0,0
1316.159,0,0.0,0,0
1316.209,0,0.0,0,0
1316.259,0,0.0,0,0
1316.309,0,0.0,0,0
1316.359,0,0.0,0,0
1316.410,0,0.0,0,0
1316.460,0,0.0,0,0
1316.510,0,0.0,0,0
1316.560,0,0.0,0,0
1316.610,0,0.0,0,0
1316.660,0,0.0,0,0
1316.710,0,0.0,0,0
1316.760,0,0.0,0,0
1316.810,0,0.0,0,0
1316.860,0,0.0,0,0
1316.911,0,0.0,0,0
1316.961,0,0.0,0,0
1317.011,0,0.0,0,0
1317.061,0,0.0,0,0
1317.111,0,0.0,0,0
1317.161,0,0.0,0,0
1317.211,0,0.0,0,0
1317.261,0,0.0,0,0
1317.311,0,0.0,0,0
1317.361,0,0.0,0,0
1317.411,0,0.0,0,0
1317.462,0,0.0,0,0
1317.512,0,0.0,0,0
1317.562,0,0.0,0,0
1317.612,0,0.0,0,0
1317.662,0,0.0,0,0
1317.712,0,0.0,0,0
1317.762,0,0.0,0,0
1317.812,0,0.0,0,0
1317.862,0,0.0,0,0
1317.913,0,0.0,0,0
1317.963,0,0.0,0,0
1318.013,0,0.0,0,0
1318.063,0,0.0,0,0
1318.113,0,0.0,0,0
1318.163,0,0.0,0,0
1318.213,0,0.0,0,0
1318.263,0,0.0,0,0
1318.313,0,0.0,0,0
1318.363,0,0.0,0,0
1318.413,0,0.0,0,0
1318.464,0,0.0,0,0
1318.514,0,0.0,0,0
1318.564,0,0.0,0,0
1318.614,0,0.0,0,0
1318.664,0,0.0,0,0
1318.714,0,0.0,0,0
1318.764,0,0.0,0,0
1318.814,0,0.0,0,0
1318.864,0,0.0,0,0
1318.915,0,0.0,0,0
1318.965,0,0.0,0,0
1319.015,0,0.0,0,0
1319.065,0,0.0,0,0
1319.115,0,0.0,0,0
1319.165,0,0.0,0,0
1319.215,0,0.0,0,0
1319.265,0,0.0,0,0
1319.315,0,0.0,0,0
1319.365,0,0.0,0,0
1319.415,0,0.0,0,0
1319.466,0,0.0,0,0
1319.516,0,0.0,0,0
1319.566,0,0.0,0,0
1319.616,0,0.0,0,0
1319.666,0,0.0,0,0
1319.716,0,0.0,0,0
1319.766,0,0.0,0,0
1319.816,0,0.0,0,0
1319.866,0,0.0,0,0
1319.916,0,0.0,0,0
1319.966,0,0.0,0,0
1320.016,0,0.0,0,0
1320.066,0,0.0,0,0
1320.116,0,0.0,0,0
1320.166,0,0.0,0,0
1320.217,0,0.0,0,0
1320.267,0,0.0,0,0
1320.317,0,0.0,0,0
1320.367,0,0.0,0,0
1320.417,0,0.0,0,0
1320.467,0,0.0,0,0
1320.517,0,0.0,0,0
1320.567,0,0.0,0,0
1320.617,0,0.0,0,0
1320.667,0,0.0,0,0
1320.717,0,0.0,0,0
1320.767,0,0.0,0,0
1320.817,0,0.0,0,0
1320.867,0,0.0,0,0
1320.918,0,0.0,0,0
1320.968,0,0.0,0,0
1321.018,0,0.0,0,0
1321.068,0,0.0,0,0
1321.118,0,0.0,0,0
1321.168,0,0.0,0,0
1321.218,0,0.0,0,0
1321.268,0,0.0,0,0
1321.318,0,0.0,0,0
1321.368,0,0.0,0,0
1321.418,0,0.0,0,0
1321.468,0,0.0,0,0
1321.519,0,0.0,0,0
1321.569,0,0.0,0,0
1321.619,0,0.0,0,0
1321.669,0,0.0,0,0
1321.719,0,0.0,0,0
1321.769,0,0.0,0,0
1321.819,0,0.0,0,0
1321.869,0,0.0,0,0
1321.919,0,0.0,0,0
1321.969,0,0.0,0,0
1322.019,0,0.0,0,0
1322.069,0,0.0,0,0
1322.119,0,0.0,0,0
1322.170,0,0.0,0,0
1322.220,0,0.0,0,0
1322.270,0,0.0,0,0
1322.320,0,0.0,0,0
1322.370,0,0.0,0,0
1322.420,0,0.0,0,0
1322.470,0,0.0,0,0
1322.520,0,0.0,0,0
1322.570,0,0.0,0,0
1322.620,0,0.0,0,0
1322.670,0,0.0,0,0
1322.721,0,0.0,0,0
1322.771,0,0.0,0,0
1322.821,0,0.0,0,0
1322.871,0,0.0,0,0
1322.921,0,0.0,0,0
1322.971,0,0.0,0,0
1323.021,0,0.0,0,0
1323.071,0,0.0,0,0
1323.122,0,0.0,0,0
1323.172,0,0.0,0,0
1323.222,0,0.0,0,0
1323.272,0,0.0,0,0
1323.322,0,0.0,0,0
1323.372,0,0.0,0,0
1323.422,0,0.0,0,0
1323.472,0,0.0,0,0
1323.523,0,0.0,0,0
1323.573,0,0.0,0,0
1323.623,0,0.0,0,0
1323.673,0,0.0,0,0
1323.723,0,0.0,0,0
1323.773,0,0.0,0,0
1323.823,0,0.0,0,0
1323.873,0,0.0,0,0
1323.924,0,0.0,0,0
1323.974,0,0.0,0,0
1324.024,0,0.0,0,0
1324.074,0,0.0,0,0
1324.124,0,0.0,0,0
1324.174,0,0.0,0,0
1324.224,0,0.0,0,0
1324.274,0,0.0,0,0
1324.324,0,0.0,0,0
1324.374,0,0.0,0,0
1324.425,0,0.0,0,0
1324.475,0,0.0,0,0
1324.525,0,0.0,0,0
1324.575,0,0.0,0,0
1324.625,0,0.0,0,0
1324.675,0,0.0,0,0
1324.725,0,0.0,0,0
1324.775,0,0.0,0,0
1324.825,0,0.0,0,0
1324.875,0,0.0,0,0
1324.925,0,0.0,0,0
1324.975,0,0.0,0,0
1325.025,0,0.0,0,0
1325.075,0,0.0,0,0
1325.126,0,0.0,0,0
1325.176,0,0.0,0,0
1325.226,0,0.0,0,0
1325.276,0,0.0,0,0
1325.326,0,0.0,0,0
1325.376,0,0.0,0,0
1325.426,0,0.0,0,0
1325.476,0,0.0,0,0
1325.527,0,0.0,0,0
1325.577,0,0.0,0,0
1325.627,0,0.0,0,0
1325.677,0,0.0,0,0
1325.727,0,0.0,0,0
1325.777,0,0.0,0,0
1325.827,0,0.0,0,0
1325.877,0,0.0,0,0
1325.927,0,0.0,0,0
1325.977,0,0.0,0,0
1326.028,0,0.0,0,0
1326.078,0,0.0,0,0
1326.128,0,0.0,0,0
1326.178,0,0.0,0,0
1326.228,0,0.0,0,0
1326.278,0,0.0,0,0
1326.328,0,0.0,0,0
1326.378,0,0.0,0,0
1326.428,0,0.0,0,0
1326.478,0,0.0,0,0
1326.528,0,0.0,0,0
1326.578,0,0.0,0,0
1326.629,0,0.0,0,0
1326.679,0,0.0,0,0
1326.729,0,0.0,0,0
1326.779,0,0.0,0,0
1326.829,0,0.0,0,0
1326.879,0,0.0,0,0
1326.929,0,0.0,0,0
1326.980,0,0.0,0,0
1327.030,0,0.0,0,0
1327.080,0,0.0,0,0
1327.130,0,0.0,0,0
1327.180,0,0.0,0,0
1327.230,0,0.0,0,0
1327.280,0,0.0,0,0
1327.330,0,0.0,0,0
1327.380,0,0.0,0,0
1327.430,0,0.0,0,0
1327.480,0,0.0,0,0
1327.530,0,0.0,0,0
1327.581,0,0.0,0,0
1327.631,0,0.0,0,0
1327.681,0,0.0,0,0
1327.731,0,0.0,0,0
1327.781,0,0.0,0,0
1327.831,0,0.0,0,0
1327.881,0,0.0,0,0
1327.931,0,0.0,0,0
1327.981,0,0.0,0,0
1328.031,0,0.0,0,0
1328.082,0,0.0,0,0
1328.132,0,0.0,0,0
1328.182,0,0.0,0,0
1328.232,0,0.0,0,0
1328.282,0,0.0,0,0
1328.332,0,0.0,0,0
1328.382,0,0.0,0,0
1328.432,0,0.0,0,0
1328.483,0,0.0,0,0
1328.533,0,0.0,0,0
1328.583,0,0.0,0,0
1328.633,0,0.0,0,0
1328.683,0,0.0,0,0
1328.733,0,0.0,0,0
1328.783,0,0.0,0,0
1328.833,0,0.0,0,0
1328.883,0,0.0,0,0
1328.933,0,0.0,0,0
1328.984,0,0.0,0,0
1329.034,0,0.0,0,0
1329.084,0,0.0,0,0
1329.134,0,0.0,0,0
1329.184,0,0.0,0,0
1329.234,0,0.0,0,0
1329.284,0,0.0,0,0
1329.334,0,0.0,0,0
1329.384,0,0.0,0,0
1329.434,0,0.0,0,0
1329.485,0,0.0,0,0
1329.535,0,0.0,0,0
1329.585,0,0.0,0,0
1329.635,0,0.0,0,0
1329.685,0,0.0,0,0
1329.735,0,0.0,0,0
1329.785,0,0.0,0,0
1329.835,0,0.0,0,0
1329.885,0,0.0,0,0
1329.935,0,0.0,0,0
1329.986,0,0.0,0,0
1330.036,0,0.0,0,0
1330.086,0,0.0,0,0
1330.136,0,0.0,0,0
1330.186,0,0.0,0,0
1330.236,0,0.0,0,0
1330.286,0,0.0,0,0
1330.336,0,0.0,0,0
1330.386,0,0.0,0,0
1330.436,0,0.0,0,0
1330.486,0,0.0,0,0
1330.536,0,0.0,0,0
1330.587,0,0.0,0,0
1330.637,0,0.0,0,0
1330.687,0,0.0,0,0
1330.737,0,0.0,0,0
1330.787,0,0.0,0,0
1330.837,0,0.0,0,0
1330.887,0,0.0,0,0
1330.937,0,0.0,0,0
1330.987,0,0.0,0,0
1331.038,0,0.0,0,0
1331.088,0,0.0,0,0
1331.138,0,0.0,0,0
1331.188,0,0.0,0,0
1331.238,0,0.0,0,0
1331.288,0,0.0,0,0
1331.338,0,0.0,0,0
1331.388,0,0.0,0,0
1331.438,0,0.0,0,0
1331.488,0,0.0,0,0
1331.538,0,0.0,0,0
1331.589,0,0.0,0,0
1331.639,0,0.0,0,0
1331.689,0,0.0,0,0
1331.739,0,0.0,0,0
1331.789,0,0.0,0,0
1331.839,0,0.0,0,0
1331.889,0,0.0,0,0
1331.939,0,0.0,0,0
1331.989,0,0.0,0,0
1332.040,0,0.0,0,0
1332.090,0,0.0,0,0
1332.140,0,0.0,0,0
1332.190,0,0.0,0,0
1332.240,0,0.0,0,0
1332.290,0,0.0,0,0
1332.340,0,0.0,0,0
1332.391,0,0.0,0,0
1332.441,0,0.0,0,0
1332.491,0,0.0,0,0
1332.541,0,0.0,0,0
1332.591,0,0.0,0,0
1332.641,0,0.0,0,0
1332.691,0,0.0,0,0
1332.741,0,0.0,0,0
1332.791,0,0.0,0,0
1332.842,0,0.0,0,0
1332.892,0,0.0,0,0
1332.942,0,0.0,0,0
1332.992,0,0.0,0,0
1333.042,0,0.0,0,0
1333.092,0,0.0,0,0
1333.142,0,0.0,0,0
1333.192,0,0.0,0,0
1333.242,0,0.0,0,0
1333.293,0,0.0,0,0
1333.343,0,0.0,0,0
1333.393,0,0.0,0,0
1333.443,0,0.0,0,0
1333.493,0,0.0,0,0
1333.543,0,0.0,0,0
1333.593,0,0.0,0,0
1333.643,0,0.0,0,0
1333.693,0,0.0,0,0
1333.743,0,0.0,0,0
1333.793,0,0.0,0,0
1333.843,0,0.0,0,0
1333.894,0,0.0,0,0
1333.944,0,0.0,0,0
1333.994,0,0.0,0,0
1334.044,0,0.0,0,0
1334.094,0,0.0,0,0
1334.144,0,0.0,0,0
1334.194,0,0.0,0,0
1334.244,0,0.0,0,0
1334.294,0,0.0,0,0
1334.344,0,0.0,0,0
1334.395,0,0.0,0,0
1334.445,0,0.0,0,0
1334.495,0,0.0,0,0
1334.545,0,0.0,0,0
1334.595,0,0.0,0,0
1334.645,0,0.0,0,0
1334.695,0,0.0,0,0
1334.745,0,0.0,0,0
1334.795,0,0.0,0,0
1334.845,0,0.0,0,0
1334.895,0,0.0,0,0
1334.945,0,0.0,0,0
1334.996,0,0.0,0,0
1335.046,0,0.0,0,0
1335.096,0,0.0,0,0
1335.146,0,0.0,0,0
1335.196,0,0.0,0,0
1335.246,0,0.0,0,0
1335.296,0,0.0,0,0
1335.346,0,0.0,0,0
1335.397,0,0.0,0,0
1335.447,0,0.0,0,0
1335.497,0,0.0,0,0
1335.547,0,0.0,0,0
1335.597,0,0.0,0,0
1335.647,0,0.0,0,0
1335.697,0,0.0,0,0
1335.747,0,0.0,0,0
1335.797,0,0.0,0,0
1335.847,0,0.0,0,0
1335.897,0,0.0,0,0
1335.947,0,0.0,0,0
1335.998,0,0.0,0,0
1336.048,0,0.0,0,0
1336.098,0,0.0,0,0
1336.148,0,0.0,0,0
1336.198,0,0.0,0,0
1336.248,0,0.0,0,0
1336.298,0,0.0,0,0
1336.348,0,0.0,0,0
1336.398,0,0.0,0,0
1336.448,0,0.0,0,0
1336.499,0,0.0,0,0
1336.549,0,0.0,0,0
1336.599,0,0.0,0,0
1336.649,0,0.0,0,0
1336.699,0,0.0,0,0
1336.749,0,0.0,0,0
1336.799,0,0.0,0,0
1336.849,0,0.0,0,0
1336.899,0,0.0,0,0
1336.949,0,0.0,0,0
1337.000,0,0.0,0,0
1337.050,0,0.0,0,0
1337.100,0,0.0,0,0
1337.150,0,0.0,0,0
1337.200,0,0.0,0,0
1337.250,0,0.0,0,0
1337.300,0,0.0,0,0
1337.350,0,0.0,0,0
1337.400,0,0.0,0,0
1337.450,0,0.0,0,0
1337.500,0,0.0,0,0
1337.551,0,0.0,0,0
1337.601,0,0.0,0,0
1337.651,0,0.0,0,0
1337.701,0,0.0,0,0
1337.751,0,0.0,0,0
1337.801,0,0.0,0,0
1337.851,0,0.0,0,0
1337.901,0,0.0,0,0
1337.951,0,0.0,0,0
1338.001,0,0.0,0,0
1338.051,0,0.0,0,0
1338.102,0,0.0,0,0
1338.152,0,0.0,0,0
1338.202,0,0.0,0,0
1338.252,0,0.0,0,0
1338.302,0,0.0,0,0
1338.352,0,0.0,0,0
1338.402,0,0.0,0,0
1338.452,0,0.0,0,0
1338.502,0,0.0,0,0
1338.552,0,0.0,0,0
1338.602,0,0.0,0,0
1338.652,0,0.0,0,0
1338.702,0,0.0,0,0
1338.752,0,0.0,0,0
1338.802,0,0.0,0,0
1338.852,0,0.0,0,0
1338.902,0,0.0,0,0
1338.953,0,0.0,0,0
1339.003,0,0.0,0,0
1339.053,0,0.0,0,0
1339.103,0,0.0,0,0
1339.153,0,0.0,0,0
1339.203,0,0.0,0,0
1339.253,0,0.0,0,0
1339.303,0,0.0,0,0
1339.353,0,0.0,0,0
1339.403,0,0.0,0,0
1339.454,0,0.0,0,0
1339.504,0,0.0,0,0
1339.554,0,0.0,0,0
1339.604,0,0.0,0,0
1339.654,0,0.0,0,0
1339.704,0,0.0,0,0
1339.754,0,0.0,0,0
1339.804,0,0.0,0,0
1339.854,0,0.0,0,0
1339.905,0,0.0,0,0
1339.955,0,0.0,0,0
1340.005,0,0.0,0,0
1340.055,0,0.0,0,0
1340.105,0,0.0,0,0
1340.155,0,0.0,0,0
1340.205,0,0.0,0,0
1340.255,0,0.0,0,0
1340.305,0,0.0,0,0
1340.355,0,0.0,0,0
1340.405,0,0.0,0,0
1340.455,0,0.0,0,0
1340.505,0,0.0,0,0
1340.556,0,0.0,0,0
1340.606,0,0.0,0,0
1340.656,0,0.0,0,0
1340.706,0,0.0,0,0
1340.756,0,0.0,0,0
1340.806,0,0.0,0,0
1340.856,0,0.0,0,0
1340.906,0,0.0,0,0
1340.956,0,0.0,0,0
1341.006,0,0.0,0,0
1341.056,0,0.0,0,0
1341.106,0,0.0,0,0
1341.156,0,0.0,0,0
1341.207,0,0.0,0,0
1341.257,0,0.0,0,0
1341.307,0,0.0,0,0
1341.357,0,0.0,0,0
1341.407,0,0.0,0,0
1341.457,0,0.0,0,0
1341.507,0,0.0,0,0
1341.557,0,0.0,0,0
1341.607,0,0.0,0,0
1341.657,0,0.0,0,0
1341.707,0,0.0,0,0
1341.757,0,0.0,0,0
1341.807,0,0.0,0,0
1341.857,0,0.0,0,0
1341.907,0,0.0,0,0
1341.958,0,0.0,0,0
1342.008,0,0.0,0,0
1342.058,0,0.0,0,0
1342.108,0,0.0,0,0
1342.158,0,0.0,0,0
1342.208,0,0.0,0,0
1342.258,0,0.0,0,0
1342.308,0,0.0,0,0
1342.359,0,0.0,0,0
1342.409,0,0.0,0,0
1342.459,0,0.0,0,0
1342.509,0,0.0,0,0
1342.559,0,0.0,0,0
1342.609,0,0.0,0,0
1342.659,0,0.0,0,0
1342.709,0,0.0,0,0
1342.759,0,0.0,0,0
1342.809,0,0.0,0,0
1342.859,0,0.0,0,0
1342.909,0,0.0,0,0
1342.959,0,0.0,0,0
1343.010,0,0.0,0,0
1343.060,0,0.0,0,0
1343.110,0,0.0,0,0
1343.160,0,0.0,0,0
1343.210,0,0.0,0,0
1343.260,0,0.0,0,0
1343.310,0,0.0,0,0
1343.360,0,0.0,0,0
1343.410,0,0.0,0,0
1343.460,0,0.0,0,0
1343.510,0,0.0,0,0
1343.560,0,0.0,0,0
1343.610,0,0.0,0,0
1343.660,0,0.0,0,0
1343.710,0,0.0,0,0
1343.761,0,0.0,0,0
1343.811,0,0.0,0,0
1343.861,0,0.0,0,0
1343.911,0,0.0,0,0
1343.961,0,0.0,0,0
1344.011,0,0.0,0,0
1344.061,0,0.0,0,0
1344.111,0,0.0,0,0
1344.161,0,0.0,0,0
1344.211,0,0.0,0,0
1344.261,0,0.0,0,0
1344.312,0,0.0,0,0
1344.362,0,0.0,0,0
1344.412,0,0.0,0,0
1344.462,0,0.0,0,0
1344.512,0,0.0,0,0
1344.562,0,0.0,0,0
1344.612,0,0.0,0,0
1344.663,0,0.0,0,0
1344.713,0,0.0,0,0
1344.763,0,0.0,0,0
1344.813,0,0.0,0,0
1344.863,0,0.0,0,0
1344.913,0,0.0,0,0
1344.963,0,0.0,0,0
1345.013,0,0.0,0,0
1345.063,0,0.0,0,0
1345.113,0,0.0,0,0
1345.163,0,0.0,0,0
1345.213,0,0.0,0,0
1345.264,0,0.0,0,0
1345.314,0,0.0,0,0
1345.364,0,0.0,0,0
1345.414,0,0.0,0,0
1345.464,0,0.0,0,0
1345.514,0,0.0,0,0
1345.564,0,0.0,0,0
1345.614,0,0.0,0,0
1345.664,0,0.0,0,0
1345.714,0,0.0,0,0
1345.764,0,0.0,0,0
1345.815,0,0.0,0,0
1345.865,0,0.0,0,0
1345.915,0,0.0,0,0
1345.965,0,0.0,0,0
1346.015,0,0.0,0,0
1346.065,0,0.0,0,0
1346.115,0,0.0,0,0
1346.165,0,0.0,0,0
1346.215,0,0.0,0,0
1346.265,0,0.0,0,0
1346.315,0,0.0,0,0
1346.366,0,0.0,0,0
1346.416,0,0.0,0,0
1346.466,0,0.0,0,0
1346.516,0,0.0,0,0
1346.566,0,0.0,0,0
1346.616,0,0.0,0,0
1346.666,0,0.0,0,0
1346.716,0,0.0,0,0
1346.766,0,0.0,0,0
1346.816,0,0.0,0,0
1346.866,0,0.0,0,0
1346.916,0,0.0,0,0
1346.967,0,0.0,0,0
1347.017,0,0.0,0,0
1347.067,0,0.0,0,0
1347.117,0,0.0,0,0
1347.167,0,0.0,0,0
1347.217,0,0.0,0,0
1347.267,0,0.0,0,0
1347.317,0,0.0,0,0
1347.367,0,0.0,0,0
1347.417,0,0.0,0,0
1347.467,0,0.0,0,0
1347.518,0,0.0,0,0
1347.568,0,0.0,0,0
1347.618,0,0.0,0,0
1347.668,0,0.0,0,0
1347.718,0,0.0,0,0
1347.768,0,0.0,0,0
1347.818,0,0.0,0,0
1347.869,0,0.0,0,0
1347.919,0,0.0,0,0
1347.969,0,0.0,0,0
1348.019,0,0.0,0,0
1348.069,0,0.0,0,0
1348.119,0,0.0,0,0
1348.169,0,0.0,0,0
1348.219,0,0.0,0,0
1348.269,0,0.0,0,0
1348.319,0,0.0,0,0
1348.369,0,0.0,0,0
1348.420,0,0.0,0,0
1348.470,0,0.0,0,0
1348.520,0,0.0,0,0
1348.570,0,0.0,0,0
1348.620,0,0.0,0,0
1348.670,0,0.0,0,0
1348.720,0,0.0,0,0
1348.770,0,0.0,0,0
1348.820,0,0.0,0,0
1348.870,0,0.0,0,0
1348.920,0,0.0,0,0
1348.971,0,0.0,0,0
1349.021,0,0.0,0,0
1349.071,0,0.0,0,0
1349.121,0,0.0,0,0
1349.171,0,0.0,0,0
1349.221,0,0.0,0,0
1349.271,0,0.0,0,0
1349.321,0,0.0,0,0
1349.371,0,0.0,0,0
1349.421,0,0.0,0,0
1349.472,0,0.0,0,0
1349.522,0,0.0,0,0
1349.572,0,0.0,0,0
1349.622,0,0.0,0,0
1349.672,0,0.0,0,0
1349.722,0,0.0,0,0
1349.772,0,0.0,0,0
1349.822,0,0.0,0,0
1349.872,0,0.0,0,0
1349.922,0,0.0,0,0
1349.972,0,0.0,0,0
1350.023,0,0.0,0,0
1350.073,0,0.0,0,0
1350.123,0,0.0,0,0
1350.173,0,0.0,0,0
1350.223,0,0.0,0,0
1350.273,0,0.0,0,0
1350.324,0,0.0,0,0
1350.374,0,0.0,0,0
1350.424,0,0.0,0,0
1350.474,0,0.0,0,0
1350.524,0,0.0,0,0
1350.574,0,0.0,0,0
1350.624,0,0.0,0,0
1350.674,0,0.0,0,0
1350.724,0,0.0,0,0
1350.775,0,0.0,0,0
1350.825,0,0.0,0,0
1350.875,0,0.0,0,0
1350.925,0,0.0,0,0
1350.975,0,0.0,0,0
1351.025,0,0.0,0,0
1351.075,0,0.0,0,0
1351.125,0,0.0,0,0
1351.175,0,0.0,0,0
1351.225,0,0.0,0,0
1351.275,0,0.0,0,0
1351.325,0,0.0,0,0
1351.376,0,0.0,0,0
1351.426,0,0.0,0,0
1351.476,0,0.0,0,0
1351.526,0,0.0,0,0
1351.576,0,0.0,0,0
1351.626,0,0.0,0,0
1351.676,0,0.0,0,0
1351.726,0,0.0,0,0
1351.776,0,0.0,0,0
1351.826,0,0.0,0,0
1351.876,0,0.0,0,0
1351.926,0,0.0,0,0
1351.977,0,0.0,0,0
1352.027,0,0.0,0,0
1352.077,0,0.0,0,0
1352.127,0,0.0,0,0
1352.177,0,0.0,0,0
1352.227,0,0.0,0,0
1352.277,0,0.0,0,0
1352.327,0,0.0,0,0
1352.377,0,0.0,0,0
1352.427,0,0.0,0,0
1352.478,0,0.0,0,0
1352.528,0,0.0,0,0
1352.578,0,0.0,0,0
1352.628,0,0.0,0,0
1352.678,0,0.0,0,0
1352.728,0,0.0,0,0
1352.778,0,0.0,0,0
1352.828,0,0.0,0,0
1352.878,0,0.0,0,0
1352.928,0,0.0,0,0
1352.978,0,0.0,0,0
1353.029,0,0.0,0,0
1353.079,0,0.0,0,0
1353.129,0,0.0,0,0
1353.179,0,0.0,0,0
1353.229,0,0.0,0,0
1353.279,0,0.0,0,0
1353.329,0,0.0,0,0
1353.379,0,0.0,0,0
1353.429,0,0.0,0,0
1353.479,0,0.0,0,0
1353.529,0,0.0,0,0
1353.579,0,0.0,0,0
1353.629,0,0.0,0,0
1353.679,0,0.0,0,0
1353.730,0,0.0,0,0
1353.780,0,0.0,0,0
1353.830,0,0.0,0,0
1353.880,0,0.0,0,0
1353.930,0,0.0,0,0
1353.980,0,0.0,0,0
1354.030,0,0.0,0,0
1354.080,0,0.0,0,0
1354.130,0,0.0,0,0
1354.181,0,0.0,0,0
1354.231,0,0.0,0,0
1354.281,0,0.0,0,0
1354.331,0,0.0,0,0
1354.381,0,0.0,0,0
1354.431,0,0.0,0,0
1354.481,0,0.0,0,0
1354.531,0,0.0,0,0
1354.581,0,0.0,0,0
1354.632,0,0.0,0,0
1354.682,0,0.0,0,0
1354.732,0,0.0,0,0
1354.782,0,0.0,0,0
1354.832,0,0.0,0,0
1354.882,0,0.0,0,0
1354.932,0,0.0,0,0
1354.982,0,0.0,0,0
1355.032,0,0.0,0,0
1355.082,0,0.0,0,0
1355.132,0,0.0,0,0
1355.182,0,0.0,0,0
1355.232,0,0.0,0,0
1355.282,0,0.0,0,0
1355.333,0,0.0,0,0
1355.383,0,0.0,0,0
1355.433,0,0.0,0,0
1355.483,0,0.0,0,0
1355.533,0,0.0,0,0
1355.583,0,0.0,0,0
1355.633,0,0.0,0,0
1355.683,0,0.0,0,0
1355.734,0,0.0,0,0
1355.784,0,0.0,0,0
1355.834,0,0.0,0,0
1355.884,0,0.0,0,0
1355.934,0,0.0,0,0
1355.984,0,0.0,0,0
1356.034,0,0.0,0,0
1356.084,0,0.0,0,0
1356.134,0,0.0,0,0
1356.184,0,0.0,0,0
1356.234,0,0.0,0,0
1356.285,0,0.0,0,0
1356.335,0,0.0,0,0
1356.385,0,0.0,0,0
1356.435,0,0.0,0,0
1356.485,0,0.0,0,0
1356.535,0,0.0,0,0
1356.585,0,0.0,0,0
1356.635,0,0.0,0,0
1356.685,0,0.0,0,0
1356.736,0,0.0,0,0
1356.786,0,0.0,0,0
1356.836,0,0.0,0,0
1356.886,0,0.0,0,0
1356.936,0,0.0,0,0
1356.986,0,0.0,0,0
1357.036,0,0.0,0,0
1357.086,0,0.0,0,0
1357.137,0,0.0,0,0
1357.187,0,0.0,0,0
1357.237,0,0.0,0,0
1357.287,0,0.0,0,0
1357.337,0,0.0,0,0
1357.387,0,0.0,0,0
1357.437,0,0.0,0,0
1357.487,0,0.0,0,0
1357.537,0,0.0,0,0
1357.588,0,0.0,0,0
1357.638,0,0.0,0,0
1357.688,0,0.0,0,0
1357.738,0,0.0,0,0
1357.788,0,0.0,0,0
1357.838,0,0.0,0,0
1357.888,0,0.0,0,0
1357.938,0,0.0,0,0
1357.988,0,0.0,0,0
1358.038,0,0.0,0,0
1358.088,0,0.0,0,0
1358.139,0,0.0,0,0
1358.189,0,0.0,0,0
1358.239,0,0.0,0,0
1358.289,0,0.0,0,0
1358.339,0,0.0,0,0
1358.389,0,0.0,0,0
1358.439,0,0.0,0,0
1358.490,0,0.0,0,0
1358.540,0,0.0,0,0
1358.590,0,0.0,0,0
1358.640,0,0.0,0,0
1358.690,0,0.0,0,0
1358.740,0,0.0,0,0
1358.790,0,0.0,0,0
1358.840,0,0.0,0,0
1358.890,0,0.0,0,0
1358.940,0,0.0,0,0
1358.990,0,0.0,0,0
1359.040,0,0.0,0,0
1359.091,0,0.0,0,0
1359.141,0,0.0,0,0
1359.191,0,0.0,0,0
1359.241,0,0.0,0,0
1359.291,0,0.0,0,0
1359.341,0,0.0,0,0
1359.391,0,0.0,0,0
1359.441,0,0.0,0,0
1359.492,0,0.0,0,0
1359.542,0,0.0,0,0
1359.592,0,0.0,0,0
1359.642,0,0.0,0,0
1359.692,0,0.0,0,0
1359.742,0,0.0,0,0
1359.792,0,0.0,0,0
1359.842,0,0.0,0,0
1359.892,0,0.0,0,0
1359.942,0,0.0,0,0
1359.992,0,0.0,0,0
1360.043,0,0.0,0,0
1360.093,0,0.0,0,0
1360.143,0,0.0,0,0
1360.193,0,0.0,0,0
1360.243,0,0.0,0,0
1360.293,0,0.0,0,0
1360.343,0,0.0,0,0
1360.393,0,0.0,0,0
1360.443,0,0.0,0,0
1360.493,0,0.0,0,0
1360.544,0,0.0,0,0
1360.594,0,0.0,0,0
1360.644,0,0.0,0,0
1360.694,0,0.0,0,0
1360.744,0,0.0,0,0
1360.794,0,0.0,0,0
1360.844,0,0.0,0,0
1360.894,0,0.0,0,0
1360.945,0,0.0,0,0
1360.995,0,0.0,0,0
1361.045,0,0.0,0,0
1361.095,0,0.0,0,0
1361.145,0,0.0,0,0
1361.195,0,0.0,0,0
1361.245,0,0.0,0,0
1361.295,0,0.0,0,0
1361.345,0,0.0,0,0
1361.395,0,0.0,0,0
1361.445,0,0.0,0,0
1361.496,0,0.0,0,0
1361.546,0,0.0,0,0
1361.596,0,0.0,0,0
1361.646,0,0.0,0,0
1361.696,0,0.0,0,0
1361.746,0,0.0,0,0
1361.796,0,0.0,0,0
1361.846,0,0.0,0,0
1361.896,0,0.0,0,0
1361.946,0,0.0,0,0
1361.997,0,0.0,0,0
1362.047,0,0.0,0,0
1362.097,0,0.0,0,0
1362.147,0,0.0,0,0
1362.197,0,0.0,0,0
1362.247,0,0.0,0,0
1362.297,0,0.0,0,0
1362.347,0,0.0,0,0
1362.397,0,0.0,0,0
1362.447,0,0.0,0,0
1362.497,0,0.0,0,0
1362.548,0,0.0,0,0
1362.598,0,0.0,0,0
1362.648,0,0.0,0,0
1362.698,0,0.0,0,0
1362.748,0,0.0,0,0
1362.798,0,0.0,0,0
1362.848,0,0.0,0,0
1362.898,0,0.0,0,0
1362.948,0,0.0,0,0
1362.999,0,0.0,0,0
1363.049,0,0.0,0,0
1363.099,0,0.0,0,0
1363.149,0,0.0,0,0
1363.199,0,0.0,0,0
1363.249,0,0.0,0,0
1363.299,0,0.0,0,0
1363.349,0,0.0,0,0
1363.399,0,0.0,0,0
1363.450,0,0.0,0,0
1363.500,0,0.0,0,0
1363.550,0,0.0,0,0
1363.600,0,0.0,0,0
1363.650,0,0.0,0,0
1363.700,0,0.0,0,0
1363.750,0,0.0,0,0
1363.800,0,0.0,0,0
1363.850,0,0.0,0,0
1363.900,0,0.0,0,0
1363.950,0,0.0,0,0
1364.001,0,0.0,0,0
1364.051,0,0.0,0,0
1364.101,0,0.0,0,0
1364.151,0,0.0,0,0
1364.201,0,0.0,0,0
1364.251,0,0.0,0,0
1364.301,0,0.0,0,0
1364.351,0,0.0,0,0
1364.402,0,0.0,0,0
1364.452,0,0.0,0,0
1364.502,0,0.0,0,0
1364.552,0,0.0,0,0
1364.602,0,0.0,0,0
1364.652,0,0.0,0,0
1364.702,0,0.0,0,0
1364.752,0,0.0,0,0
1364.802,0,0.0,0,0
1364.852,0,0.0,0,0
1364.902,0,0.0,0,0
1364.953,0,0.0,0,0
1365.003,0,0.0,0,0
1365.053,0,0.0,0,0
1365.103,0,0.0,0,0
1365.153,0,0.0,0,0
1365.203,0,0.0,0,0
1365.253,0,0.0,0,0
1365.304,0,0.0,0,0
1365.354,0,0.0,0,0
1365.404,0,0.0,0,0
1365.454,0,0.0,0,0
1365.504,0,0.0,0,0
1365.554,0,0.0,0,0
1365.604,0,0.0,0,0
1365.654,0,0.0,0,0
1365.704,0,0.0,0,0
1365.755,0,0.0,0,0
1365.805,0,0.0,0,0
1365.855,0,0.0,0,0
1365.905,0,0.0,0,0
1365.955,0,0.0,0,0
1366.005,0,0.0,0,0
1366.055,0,0.0,0,0
1366.105,0,0.0,0,0
1366.155,0,0.0,0,0
1366.205,0,0.0,0,0
1366.255,0,0.0,0,0
1366.305,0,0.0,0,0
1366.356,0,0.0,0,0
1366.406,0,0.0,0,0
1366.456,0,0.0,0,0
1366.506,0,0.0,0,0
1366.556,0,0.0,0,0
1366.606,0,0.0,0,0
1366.656,0,0.0,0,0
1366.706,0,0.0,0,0
1366.756,0,0.0,0,0
1366.806,0,0.0,0,0
1366.856,0,0.0,0,0
1366.906,0,0.0,0,0
1366.957,0,0.0,0,0
1367.007,0,0.0,0,0
1367.057,0,0.0,0,0
1367.107,0,0.0,0,0
1367.157,0,0.0,0,0
1367.207,0,0.0,0,0
1367.257,0,0.0,0,0
1367.308,0,0.0,0,0
1367.358,0,0.0,0,0
1367.408,0,0.0,0,0
1367.458,0,0.0,0,0
1367.508,0,0.0,0,0
1367.558,0,0.0,0,0
1367.608,0,0.0,0,0
1367.658,0,0.0,0,0
1367.708,0,0.0,0,0
1367.758,0,0.0,0,0
1367.808,0,0.0,0,0
1367.858,0,0.0,0,0
1367.908,0,0.0,0,0
1367.958,0,0.0,0,0
1368.009,0,0.0,0,0
1368.059,0,0.0,0,0
1368.109,0,0.0,0,0
1368.159,0,0.0,0,0
1368.209,0,0.0,0,0
1368.259,0,0.0,0,0
1368.309,0,0.0,0,0
1368.359,0,0.0,0,0
1368.409,0,0.0,0,0
1368.459,0,0.0,0,0
1368.509,0,0.0,0,0
1368.559,0,0.0,0,0
1368.609,0,0.0,0,0
1368.660,0,0.0,0,0
1368.710,0,0.0,0,0
1368.760,0,0.0,0,0
1368.810,0,0.0,0,0
1368.860,0,0.0,0,0
1368.910,0,0.0,0,0
1368.960,0,0.0,0,0
1369.010,0,0.0,0,0
1369.060,0,0.0,0,0
1369.110,0,0.0,0,0
1369.161,0,0.0,0,0
1369.211,0,0.0,0,0
1369.261,0,0.0,0,0
1369.311,0,0.0,0,0
1369.361,0,0.0,0,0
1369.411,0,0.0,0,0
1369.461,0,0.0,0,0
1369.511,0,0.0,0,0
1369.561,0,0.0,0,0
1369.611,0,0.0,0,0
1369.661,0,0.0,0,0
1369.712,0,0.0,0,0
1369.762,0,0.0,0,0
1369.812,0,0.0,0,0
1369.862,0,0.0,0,0
1369.912,0,0.0,0,0
1369.962,0,0.0,0,0
1370.012,0,0.0,0,0
1370.062,0,0.0,0,0
1370.113,0,0.0,0,0
1370.163,0,0.0,0,0
1370.213,0,0.0,0,0
1370.263,0,0.0,0,0
1370.313,0,0.0,0,0
1370.363,0,0.0,0,0
1370.413,0,0.0,0,0
1370.463,0,0.0,0,0
1370.513,0,0.0,0,0
1370.564,0,0.0,0,0
1370.614,0,0.0,0,0
1370.664,0,0.0,0,0
1370.714,0,0.0,0,0
1370.764,0,0.0,0,0
1370.814,0,0.0,0,0
1370.864,0,0.0,0,0
1370.914,0,0.0,0,0
1370.964,0,0.0,0,0
1371.014,0,0.0,0,0
1371.064,0,0.0,0,0
1371.114,0,0.0,0,0
1371.165,0,0.0,0,0
1371.215,0,0.0,0,0
1371.265,0,0.0,0,0
1371.315,0,0.0,0,0
1371.365,0,0.0,0,0
1371.415,0,0.0,0,0
1371.465,0,0.0,0,0
1371.515,0,0.0,0,0
1371.565,0,0.0,0,0
1371.615,0,0.0,0,0
1371.666,0,0.0,0,0
1371.716,0,0.0,0,0
1371.766,0,0.0,0,0
1371.816,0,0.0,0,0
1371.866,0,0.0,0,0
1371.916,0,0.0,0,0
1371.966,0,0.0,0,0
1372.016,0,0.0,0,0
1372.066,0,0.0,0,0
1372.116,0,0.0,0,0
1372.166,0,0.0,0,0
1372.217,0,0.0,0,0
1372.267,0,0.0,0,0
1372.317,0,0.0,0,0
1372.367,0,0.0,0,0
1372.417,0,0.0,0,0
1372.467,0,0.0,0,0
1372.517,0,0.0,0,0
1372.567,0,0.0,0,0
1372.617,0,0.0,0,0
1372.668,0,0.0,0,0
1372.718,0,0.0,0,0
1372.768,0,0.0,0,0
1372.818,0,0.0,0,0
1372.868,0,0.0,0,0
1372.918,0,0.0,0,0
1372.968,0,0.0,0,0
1373.019,0,0.0,0,0
1373.069,0,0.0,0,0
1373.119,0,0.0,0,0
1373.169,0,0.0,0,0
1373.219,0,0.0,0,0
1373.269,0,0.0,0,0
1373.319,0,0.0,0,0
1373.369,0,0.0,0,0
1373.419,0,0.0,0,0
1373.469,0,0.0,0,0
1373.519,0,0.0,0,0
1373.569,0,0.0,0,0
1373.620,0,0.0,0,0
1373.670,0,0.0,0,0
1373.720,0,0.0,0,0
1373.770,0,0.0,0,0
1373.820,0,0.0,0,0
1373.870,0,0.0,0,0
1373.920,0,0.0,0,0
1373.970,0,0.0,0,0
1374.020,0,0.0,0,0
1374.070,0,0.0,0,0
1374.120,0,0.0,0,0
1374.171,0,0.0,0,0
1374.221,0,0.0,0,0
1374.271,0,0.0,0,0
1374.321,0,0.0,0,0
1374.371,0,0.0,0,0
1374.421,0,0.0,0,0
1374.471,0,0.0,0,0
1374.521,0,0.0,0,0
1374.571,0,0.0,0,0
1374.621,0,0.0,0,0
1374.671,0,0.0,0,0
1374.721,0,0.0,0,0
1374.772,0,0.0,0,0
1374.822,0,0.0,0,0
1374.872,0,0.0,0,0
1374.922,0,0.0,0,0
1374.972,0,0.0,0,0
1375.022,0,0.0,0,0
1375.072,0,0.0,0,0
1375.122,0,0.0,0,0
1375.173,0,0.0,0,0
1375.223,0,0.0,0,0
1375.273,0,0.0,0,0
1375.323,0,0.0,0,0
1375.373,0,0.0,0,0
1375.423,0,0.0,0,0
1375.473,0,0.0,0,0
1375.523,0,0.0,0,0
1375.573,0,0.0,0,0
1375.624,0,0.0,0,0
1375.674,0,0.0,0,0
1375.724,0,0.0,0,0
1375.774,0,0.0,0,0
1375.824,0,0.0,0,0
1375.874,0,0.0,0,0
1375.924,0,0.0,0,0
1375.974,0,0.0,0,0
1376.024,0,0.0,0,0
1376.074,0,0.0,0,0
1376.124,0,0.0,0,0
1376.175,0,0.0,0,0
1376.225,0,0.0,0,0
1376.275,0,0.0,0,0
1376.325,0,0.0,0,0
1376.375,0,0.0,0,0
1376.425,0,0.0,0,0
1376.475,0,0.0,0,0
1376.525,0,0.0,0,0
1376.575,0,0.0,0,0
1376.626,0,0.0,0,0
1376.676,0,0.0,0,0
1376.726,0,0.0,0,0
1376.776,0,0.0,0,0
1376.826,0,0.0,0,0
1376.876,0,0.0,0,0
1376.926,0,0.0,0,0
1376.976,0,0.0,0,0
1377.026,0,0.0,0,0
1377.076,0,0.0,0,0
1377.127,0,0.0,0,0
1377.177,0,0.0,0,0
1377.227,0,0.0,0,0
1377.277,0,0.0,0,0
1377.327,0,0.0,0,0
1377.377,0,0.0,0,0
1377.427,0,0.0,0,0
1377.477,0,0.0,0,0
1377.527,0,0.0,0,0
1377.577,0,0.0,0,0
1377.628,0,0.0,0,0
1377.678,0,0.0,0,0
1377.728,0,0.0,0,0
1377.778,0,0.0,0,0
1377.828,0,0.0,0,0
1377.878,0,0.0,0,0
1377.928,0,0.0,0,0
1377.978,0,0.0,0,0
1378.028,0,0.0,0,0
1378.079,0,0.0,0,0
1378.129,0,0.0,0,0
1378.179,0,0.0,0,0
1378.229,0,0.0,0,0
1378.279,0,0.0,0,0
1378.329,0,0.0,0,0
1378.379,0,0.0,0,0
1378.429,0,0.0,0,0
1378.479,0,0.0,0,0
1378.529,0,0.0,0,0
1378.580,0,0.0,0,0
1378.630,0,0.0,0,0
1378.680,0,0.0,0,0
1378.730,0,0.0,0,0
1378.780,0,0.0,0,0
1378.830,0,0.0,0,0
1378.880,0,0.0,0,0
1378.930,0,0.0,0,0
1378.980,0,0.0,0,0
1379.030,0,0.0,0,0
1379.081,0,0.0,0,0
1379.131,0,0.0,0,0
1379.181,0,0.0,0,0
1379.231,0,0.0,0,0
1379.281,0,0.0,0,0
1379.331,0,0.0,0,0
1379.381,0,0.0,0,0
1379.432,0,0.0,0,0
1379.482,0,0.0,0,0
1379.532,0,0.0,0,0
1379.582,0,0.0,0,0
1379.632,0,0.0,0,0
1379.682,0,0.0,0,0
1379.732,0,0.0,0,0
1379.782,0,0.0,0,0
1379.833,0,0.0,0,0
1379.883,0,0.0,0,0
1379.933,0,0.0,0,0
1379.983,0,0.0,0,0
1380.033,0,0.0,0,0
1380.083,0,0.0,0,0
1380.133,0,0.0,0,0
1380.183,0,0.0,0,0
1380.233,0,0.0,0,0
1380.283,0,0.0,0,0
1380.333,0,0.0,0,0
1380.383,0,0.0,0,0
1380.434,0,0.0,0,0
1380.484,0,0.0,0,0
1380.534,0,0.0,0,0
1380.584,0,0.0,0,0
1380.634,0,0.0,0,0
1380.684,0,0.0,0,0
1380.734,0,0.0,0,0
1380.784,0,0.0,0,0
1380.834,0,0.0,0,0
1380.884,0,0.0,0,0
1380.934,0,0.0,0,0
1380.985,0,0.0,0,0
1381.035,0,0.0,0,0
1381.085,0,0.0,0,0
1381.135,0,0.0,0,0
1381.185,0,0.0,0,0
1381.235,0,0.0,0,0
1381.285,0,0.0,0,0
1381.335,0,0.0,0,0
1381.385,0,0.0,0,0
1381.435,0,0.0,0,0
1381.486,0,0.0,0,0
1381.536,0,0.0,0,0
1381.586,0,0.0,0,0
1381.636,0,0.0,0,0
1381.686,0,0.0,0,0
1381.736,0,0.0,0,0
1381.786,0,0.0,0,0
1381.837,0,0.0,0,0
1381.887,0,0.0,0,0
1381.937,0,0.0,0,0
1381.987,0,0.0,0,0
1382.037,0,0.0,0,0
1382.087,0,0.0,0,0
1382.137,0,0.0,0,0
1382.187,0,0.0,0,0
1382.237,0,0.0,0,0
1382.287,0,0.0,0,0
1382.338,0,0.0,0,0
1382.388,0,0.0,0,0
1382.438,0,0.0,0,0
1382.488,0,0.0,0,0
1382.538,0,0.0,0,0
1382.588,0,0.0,0,0
1382.638,0,0.0,0,0
1382.688,0,0.0,0,0
1382.738,0,0.0,0,0
1382.788,0,0.0,0,0
1382.838,0,0.0,0,0
1382.888,0,0.0,0,0
1382.939,0,0.0,0,0
1382.989,0,0.0,0,0
1383.039,0,0.0,0,0
1383.089,0,0.0,0,0
1383.139,0,0.0,0,0
1383.189,0,0.0,0,0
1383.239,0,0.0,0,0
1383.289,0,0.0,0,0
1383.339,0,0.0,0,0
1383.390,0,0.0,0,0
1383.440,0,0.0,0,0
1383.490,0,0.0,0,0
1383.540,0,0.0,0,0
1383.590,0,0.0,0,0
1383.640,0,0.0,0,0
1383.690,0,0.0,0,0
1383.740,0,0.0,0,0
1383.790,0,0.0,0,0
1383.841,0,0.0,0,0
1383.891,0,0.0,0,0
1383.941,0,0.0,0,0
1383.991,0,0.0,0,0
1384.041,0,0.0,0,0
1384.091,0,0.0,0,0
1384.141,0,0.0,0,0
1384.191,0,0.0,0,0
1384.241,0,0.0,0,0
1384.291,0,0.0,0,0
1384.342,0,0.0,0,0
1384.392,0,0.0,0,0
1384.442,0,0.0,0,0
1384.492,0,0.0,0,0
1384.542,0,0.0,0,0
1384.592,0,0.0,0,0
1384.642,0,0.0,0,0
1384.692,0,0.0,0,0
1384.742,0,0.0,0,0
1384.792,0,0.0,0,0
1384.842,0,0.0,0,0
1384.892,0,0.0,0,0
1384.942,0,0.0,0,0
1384.993,0,0.0,0,0
1385.043,0,0.0,0,0
1385.093,0,0.0,0,0
1385.143,0,0.0,0,0
1385.193,0,0.0,0,0
1385.243,0,0.0,0,0
1385.293,0,0.0,0,0
1385.343,0,0.0,0,0
1385.393,0,0.0,0,0
1385.443,0,0.0,0,0
1385.494,0,0.0,0,0
1385.544,0,0.0,0,0
1385.594,0,0.0,0,0
1385.644,0,0.0,0,0
1385.694,0,0.0,0,0
1385.744,0,0.0,0,0
1385.794,0,0.0,0,0
1385.844,0,0.0,0,0
1385.894,0,0.0,0,0
1385.944,0,0.0,0,0
1385.994,0,0.0,0,0
1386.045,0,0.0,0,0
1386.095,0,0.0,0,0
1386.145,0,0.0,0,0
1386.195,0,0.0,0,0
1386.245,0,0.0,0,0
1386.295,0,0.0,0,0
1386.345,0,0.0,0,0
1386.395,0,0.0,0,0
1386.446,0,0.0,0,0
1386.496,0,0.0,0,0
1386.546,0,0.0,0,0
1386.596,0,0.0,0,0
1386.646,0,0.0,0,0
1386.696,0,0.0,0,0
1386.746,0,0.0,0,0
1386.796,0,0.0,0,0
1386.846,0,0.0,0,0
1386.896,0,0.0,0,0
1386.946,0,0.0,0,0
1386.997,0,0.0,0,0
1387.047,0,0.0,0,0
1387.097,0,0.0,0,0
1387.147,0,0.0,0,0
1387.197,0,0.0,0,0
1387.247,0,0.0,0,0
1387.297,0,0.0,0,0
1387.347,0,0.0,0,0
1387.397,0,0.0,0,0
1387.448,0,0.0,0,0
1387.498,0,0.0,0,0
1387.548,0,0.0,0,0
1387.598,0,0.0,0,0
1387.648,0,0.0,0,0
1387.698,0,0.0,0,0
1387.748,0,0.0,0,0
1387.798,0,0.0,0,0
1387.848,0,0.0,0,0
1387.899,0,0.0,0,0
1387.949,0,0.0,0,0
1387.999,0,0.0,0,0
1388.049,0,0.0,0,0
1388.099,0,0.0,0,0
1388.149,0,0.0,0,0
1388.199,0,0.0,0,0
1388.249,0,0.0,0,0
1388.299,0,0.0,0,0
1388.349,0,0.0,0,0
1388.399,0,0.0,0,0
1388.450,0,0.0,0,0
1388.500,0,0.0,0,0
1388.550,0,0.0,0,0
1388.600,0,0.0,0,0
1388.650,0,0.0,0,0
1388.700,0,0.0,0,0
1388.750,0,0.0,0,0
1388.800,0,0.0,0,0
1388.850,0,0.0,0,0
1388.900,0,0.0,0,0
1388.950,0,0.0,0,0
1389.000,0,0.0,0,0
1389.051,0,0.0,0,0
1389.101,0,0.0,0,0
1389.151,0,0.0,0,0
1389.201,0,0.0,0,0
1389.251,0,0.0,0,0
1389.301,0,0.0,0,0
1389.351,0,0.0,0,0
1389.401,0,0.0,0,0
1389.451,0,0.0,0,0
1389.501,0,0.0,0,0
1389.551,0,0.0,0,0
1389.601,0,0.0,0,0
1389.652,0,0.0,0,0
1389.702,0,0.0,0,0
1389.752,0,0.0,0,0
1389.802,0,0.0,0,0
1389.852,0,0.0,0,0
1389.902,0,0.0,0,0
1389.952,0,0.0,0,0
1390.002,0,0.0,0,0
1390.052,0,0.0,0,0
1390.102,0,0.0,0,0
1390.153,0,0.0,0,0
1390.203,0,0.0,0,0
1390.253,0,0.0,0,0
1390.303,0,0.0,0,0
1390.353,0,0.0,0,0
1390.403,0,0.0,0,0
1390.453,0,0.0,0,0
1390.503,0,0.0,0,0
1390.553,0,0.0,0,0
1390.604,0,0.0,0,0
1390.654,0,0.0,0,0
1390.704,0,0.0,0,0
1390.754,0,0.0,0,0
1390.804,0,0.0,0,0
1390.854,0,0.0,0,0
1390.904,0,0.0,0,0
1390.954,0,0.0,0,0
1391.004,0,0.0,0,0
1391.054,0,0.0,0,0
1391.104,0,0.0,0,0
1391.154,0,0.0,0,0
1391.204,0,0.0,0,0
1391.255,0,0.0,0,0
1391.305,0,0.0,0,0
1391.355,0,0.0,0,0
1391.405,0,0.0,0,0
1391.455,0,0.0,0,0
1391.505,0,0.0,0,0
1391.555,0,0.0,0,0
1391.605,0,0.0,0,0
1391.655,0,0.0,0,0
1391.705,0,0.0,0,0
1391.755,0,0.0,0,0
1391.806,0,0.0,0,0
1391.856,0,0.0,0,0
1391.906,0,0.0,0,0
1391.956,0,0.0,0,0
1392.006,0,0.0,0,0
1392.056,0,0.0,0,0
1392.106,0,0.0,0,0
1392.156,0,0.0,0,0
1392.206,0,0.0,0,0
1392.256,0,0.0,0,0
1392.306,0,0.0,0,0
1392.356,0,0.0,0,0
1392.407,0,0.0,0,0
1392.457,0,0.0,0,0
1392.507,0,0.0,0,0
1392.557,0,0.0,0,0
1392.607,0,0.0,0,0
1392.657,0,0.0,0,0
1392.707,0,0.0,0,0
1392.757,0,0.0,0,0
1392.807,0,0.0,0,0
1392.857,0,0.0,0,0
1392.907,0,0.0,0,0
1392.958,0,0.0,0,0
1393.008,0,0.0,0,0
1393.058,0,0.0,0,0
1393.108,0,0.0,0,0
1393.158,0,0.0,0,0
1393.208,0,0.0,0,0
1393.258,0,0.0,0,0
1393.308,0,0.0,0,0
1393.358,0,0.0,0,0
1393.408,0,0.0,0,0
1393.458,0,0.0,0,0
1393.509,0,0.0,0,0
1393.559,0,0.0,0,0
1393.609,0,0.0,0,0
1393.659,0,0.0,0,0
1393.709,0,0.0,0,0
1393.759,0,0.0,0,0
1393.809,0,0.0,0,0
1393.859,0,0.0,0,0
1393.909,0,0.0,0,0
1393.959,0,0.0,0,0
1394.010,0,0.0,0,0
1394.060,0,0.0,0,0
1394.110,0,0.0,0,0
1394.160,0,0.0,0,0
1394.210,0,0.0,0,0
1394.260,0,0.0,0,0
1394.310,0,0.0,0,0
1394.360,0,0.0,0,0
1394.410,0,0.0,0,0
1394.460,0,0.0,0,0
1394.510,0,0.0,0,0
1394.560,0,0.0,0,0
1394.611,0,0.0,0,0
1394.661,0,0.0,0,0
1394.711,0,0.0,0,0
1394.761,0,0.0,0,0
1394.811,0,0.0,0,0
1394.861,0,0.0,0,0
1394.911,0,0.0,0,0
1394.962,0,0.0,0,0
1395.012,0,0.0,0,0
1395.062,0,0.0,0,0
1395.112,0,0.0,0,0
1395.162,0,0.0,0,0
1395.212,0,0.0,0,0
1395.262,0,0.0,0,0
1395.312,0,0.0,0,0
1395.363,0,0.0,0,0
1395.413,0,0.0,0,0
1395.463,0,0.0,0,0
1395.513,0,0.0,0,0
1395.563,0,0.0,0,0
1395.613,0,0.0,0,0
1395.663,0,0.0,0,0
1395.713,0,0.0,0,0
1395.763,0,0.0,0,0
1395.813,0,0.0,0,0
1395.864,0,0.0,0,0
1395.914,0,0.0,0,0
1395.964,0,0.0,0,0
1396.014,0,0.0,0,0
1396.064,0,0.0,0,0
1396.114,0,0.0,0,0
1396.164,0,0.0,0,0
1396.214,0,0.0,0,0
1396.265,0,0.0,0,0
1396.315,0,0.0,0,0
1396.365,0,0.0,0,0
1396.415,0,0.0,0,0
1396.465,0,0.0,0,0
1396.515,0,0.0,0,0
1396.565,0,0.0,0,0
1396.615,0,0.0,0,0
1396.665,0,0.0,0,0
1396.715,0,0.0,0,0
1396.766,0,0.0,0,0
1396.816,0,0.0,0,0
1396.866,0,0.0,0,0
1396.916,0,0.0,0,0
1396.966,0,0.0,0,0
1397.016,0,0.0,0,0
1397.066,0,0.0,0,0
1397.116,0,0.0,0,0
1397.167,0,0.0,0,0
1397.217,0,0.0,0,0
1397.267,0,0.0,0,0
1397.317,0,0.0,0,0
1397.367,0,0.0,0,0
1397.417,0,0.0,0,0
1397.467,0,0.0,0,0
1397.518,0,0.0,0,0
1397.568,0,0.0,0,0
1397.618,0,0.0,0,0
1397.668,0,0.0,0,0
1397.718,0,0.0,0,0
1397.768,0,0.0,0,0
1397.818,0,0.0,0,0
1397.868,0,0.0,0,0
1397.918,0,0.0,0,0
1397.968,0,0.0,0,0
1398.018,0,0.0,0,0
1398.069,0,0.0,0,0
1398.119,0,0.0,0,0
1398.169,0,0.0,0,0
1398.219,0,0.0,0,0
1398.269,0,0.0,0,0
1398.319,0,0.0,0,0
1398.369,0,0.0,0,0
1398.420,0,0.0,0,0
1398.470,0,0.0,0,0
1398.520,0,0.0,0,0
1398.570,0,0.0,0,0
1398.620,0,0.0,0,0
1398.670,0,0.0,0,0
1398.720,0,0.0,0,0
1398.770,0,0.0,0,0
1398.820,0,0.0,0,0
1398.870,0,0.0,0,0
1398.921,0,0.0,0,0
1398.971,0,0.0,0,0
1399.021,0,0.0,0,0
1399.071,0,0.0,0,0
1399.121,0,0.0,0,0
1399.171,0,0.0,0,0
1399.221,0,0.0,0,0
1399.271,0,0.0,0,0
1399.321,0,0.0,0,0
1399.371,0,0.0,0,0
1399.421,0,0.0,0,0
1399.471,0,0.0,0,0
1399.521,0,0.0,0,0
1399.572,0,0.0,0,0
1399.622,0,0.0,0,0
1399.672,0,0.0,0,0
1399.722,0,0.0,0,0
1399.772,0,0.0,0,0
1399.822,0,0.0,0,0
1399.872,0,0.0,0,0
1399.922,0,0.0,0,0
1399.972,0,0.0,0,0
1400.022,0,0.0,0,0
1400.072,0,0.0,0,0
1400.122,0,0.0,0,0
1400.172,0,0.0,0,0
1400.222,0,0.0,0,0
1400.273,0,0.0,0,0
1400.323,0,0.0,0,0
1400.373,0,0.0,0,0
1400.423,0,0.0,0,0
1400.473,0,0.0,0,0
1400.523,0,0.0,0,0
1400.573,0,0.0,0,0
1400.623,0,0.0,0,0
1400.673,0,0.0,0,0
1400.723,0,0.0,0,0
1400.773,0,0.0,0,0
1400.823,0,0.0,0,0
1400.873,0,0.0,0,0
1400.924,0,0.0,0,0
1400.974,0,0.0,0,0
1401.024,0,0.0,0,0
1401.074,0,0.0,0,0
1401.124,0,0.0,0,0
1401.174,0,0.0,0,0
1401.224,0,0.0,0,0
1401.274,0,0.0,0,0
1401.324,0,0.0,0,0
1401.375,0,0.0,0,0
1401.425,0,0.0,0,0
1401.475,0,0.0,0,0
1401.525,0,0.0,0,0
1401.575,0,0.0,0,0
1401.625,0,0.0,0,0
1401.675,0,0.0,0,0
1401.725,0,0.0,0,0
1401.775,0,0.0,0,0
1401.826,0,0.0,0,0
1401.876,0,0.0,0,0
1401.926,0,0.0,0,0
1401.976,0,0.0,0,0
1402.026,0,0.0,0,0
1402.076,0,0.0,0,0
1402.126,0,0.0,0,0
1402.176,0,0.0,0,0
1402.226,0,0.0,0,0
1402.276,0,0.0,0,0
1402.326,0,0.0,0,0
1402.376,0,0.0,0,0
1402.426,0,0.0,0,0
1402.477,0,0.0,0,0
1402.527,0,0.0,0,0
1402.577,0,0.0,0,0
1402.627,0,0.0,0,0
1402.677,0,0.0,0,0
1402.727,0,0.0,0,0
1402.777,0,0.0,0,0
1402.827,0,0.0,0,0
1402.877,0,0.0,0,0
1402.927,0,0.0,0,0
1402.978,0,0.0,0,0
1403.028,0,0.0,0,0
1403.078,0,0.0,0,0
1403.128,0,0.0,0,0
1403.178,0,0.0,0,0
1403.228,0,0.0,0,0
1403.278,0,0.0,0,0
1403.328,0,0.0,0,0
1403.378,0,0.0,0,0
1403.429,0,0.0,0,0
1403.479,0,0.0,0,0
1403.529,0,0.0,0,0
1403.579,0,0.0,0,0
1403.629,0,0.0,0,0
1403.679,0,0.0,0,0
1403.729,0,0.0,0,0
1403.779,0,0.0,0,0
1403.829,0,0.0,0,0
1403.879,0,0.0,0,0
1403.929,0,0.0,0,0
1403.979,0,0.0,0,0
1404.030,0,0.0,0,0
1404.080,0,0.0,0,0
1404.130,0,0.0,0,0
1404.180,0,0.0,0,0
1404.230,0,0.0,0,0
1404.280,0,0.0,0,0
1404.330,0,0.0,0,0
1404.380,0,0.0,0,0
1404.430,0,0.0,0,0
1404.480,0,0.0,0,0
1404.530,0,0.0,0,0
1404.581,0,0.0,0,0
1404.631,0,0.0,0,0
1404.681,0,0.0,0,0
1404.731,0,0.0,0,0
1404.781,0,0.0,0,0
1404.831,0,0.0,0,0
1404.881,0,0.0,0,0
1404.931,0,0.0,0,0
1404.981,0,0.0,0,0
1405.031,0,0.0,0,0
1405.081,0,0.0,0,0
1405.132,0,0.0,0,0
1405.182,0,0.0,0,0
1405.232,0,0.0,0,0
1405.282,0,0.0,0,0
1405.332,0,0.0,0,0
1405.382,0,0.0,0,0
1405.432,0,0.0,0,0
1405.482,0,0.0,0,0
1405.532,0,0.0,0,0
1405.582,0,0.0,0,0
1405.633,0,0.0,0,0
1405.683,0,0.0,0,0
1405.733,0,0.0,0,0
1405.783,0,0.0,0,0
1405.833,0,0.0,0,0
1405.883,0,0.0,0,0
1405.933,0,0.0,0,0
1405.983,0,0.0,0,0
1406.033,0,0.0,0,0
1406.083,0,0.0,0,0
1406.133,0,0.0,0,0
1406.184,0,0.0,0,0
1406.234,0,0.0,0,0
1406.284,0,0.0,0,0
1406.334,0,0.0,0,0
1406.384,0,0.0,0,0
1406.434,0,0.0,0,0
1406.484,0,0.0,0,0
1406.534,0,0.0,0,0
1406.585,0,0.0,0,0
1406.635,0,0.0,0,0
1406.685,0,0.0,0,0
1406.735,0,0.0,0,0
1406.785,0,0.0,0,0
1406.835,0,0.0,0,0
1406.885,0,0.0,0,0
1406.935,0,0.0,0,0
1406.985,0,0.0,0,0
1407.035,0,0.0,0,0
1407.085,0,0.0,0,0
1407.135,0,0.0,0,0
1407.186,0,0.0,0,0
1407.236,0,0.0,0,0
1407.286,0,0.0,0,0
1407.336,0,0.0,0,0
1407.386,0,0.0,0,0
1407.436,0,0.0,0,0
1407.486,0,0.0,0,0
1407.536,0,0.0,0,0
1407.586,0,0.0,0,0
1407.637,0,0.0,0,0
1407.687,0,0.0,0,0
1407.737,0,0.0,0,0
1407.787,0,0.0,0,0
1407.837,0,0.0,0,0
1407.887,0,0.0,0,0
1407.937,0,0.0,0,0
1407.987,0,0.0,0,0
1408.038,0,0.0,0,0
1408.088,0,0.0,0,0
1408.138,0,0.0,0,0
1408.188,0,0.0,0,0
1408.238,0,0.0,0,0
1408.288,0,0.0,0,0
1408.338,0,0.0,0,0
1408.389,0,0.0,0,0
1408.439,0,0.0,0,0
1408.489,0,0.0,0,0
1408.539,0,0.0,0,0
1408.589,0,0.0,0,0
1408.639,0,0.0,0,0
1408.689,0,0.0,0,0
1408.740,0,0.0,0,0
1408.790,0,0.0,0,0
1408.840,0,0.0,0,0
1408.890,0,0.0,0,0
1408.940,0,0.0,0,0
1408.990,0,0.0,0,0
1409.040,0,0.0,0,0
1409.090,0,0.0,0,0
1409.140,0,0.0,0,0
1409.190,0,0.0,0,0
1409.240,0,0.0,0,0
1409.290,0,0.0,0,0
1409.340,0,0.0,0,0
1409.391,0,0.0,0,0
1409.441,0,0.0,0,0
1409.491,0,0.0,0,0
1409.541,0,0.0,0,0
1409.591,0,0.0,0,0
1409.641,0,0.0,0,0
1409.691,0,0.0,0,0
1409.742,0,0.0,0,0
1409.792,0,0.0,0,0
1409.842,0,0.0,0,0
1409.892,0,0.0,0,0
1409.942,0,0.0,0,0
1409.992,0,0.0,0,0
1410.042,0,0.0,0,0
1410.092,0,0.0,0,0
1410.143,0,0.0,0,0
1410.193,0,0.0,0,0
1410.243,0,0.0,0,0
1410.293,0,0.0,0,0
1410.343,0,0.0,0,0
1410.393,0,0.0,0,0
1410.443,0,0.0,0,0
1410.493,0,0.0,0,0
1410.543,0,0.0,0,0
1410.593,0,0.0,0,0
1410.644,0,0.0,0,0
1410.694,0,0.0,0,0
1410.744,0,0.0,0,0
1410.794,0,0.0,0,0
1410.844,0,0.0,0,0
1410.894,0,0.0,0,0
1410.944,0,0.0,0,0
1410.994,0,0.0,0,0
1411.044,0,0.0,0,0
1411.094,0,0.0,0,0
1411.145,0,0.0,0,0
1411.195,0,0.0,0,0
1411.245,0,0.0,0,0
1411.295,0,0.0,0,0
1411.345,0,0.0,0,0
1411.395,0,0.0,0,0
1411.445,0,0.0,0,0
1411.495,0,0.0,0,0
1411.546,0,0.0,0,0
1411.596,0,0.0,0,0
1411.646,0,0.0,0,0
1411.696,0,0.0,0,0
1411.746,0,0.0,0,0
1411.796,0,0.0,0,0
1411.846,0,0.0,0,0
1411.896,0,0.0,0,0
1411.946,0,0.0,0,0
1411.996,0,0.0,0,0
1412.046,0,0.0,0,0
1412.096,0,0.0,0,0
1412.147,0,0.0,0,0
1412.197,0,0.0,0,0
1412.247,0,0.0,0,0
1412.297,0,0.0,0,0
1412.347,0,0.0,0,0
1412.397,0,0.0,0,0
1412.447,0,0.0,0,0
1412.497,0,0.0,0,0
1412.547,0,0.0,0,0
1412.597,0,0.0,0,0
1412.648,0,0.0,0,0
1412.698,0,0.0,0,0
1412.748,0,0.0,0,0
1412.798,0,0.0,0,0
1412.848,0,0.0,0,0
1412.898,0,0.0,0,0
1412.948,0,0.0,0,0
1412.998,0,0.0,0,0
1413.048,0,0.0,0,0
1413.098,0,0.0,0,0
1413.148,0,0.0,0,0
1413.198,0,0.0,0,0
1413.248,0,0.0,0,0
1413.299,0,0.0,0,0
1413.349,0,0.0,0,0
1413.399,0,0.0,0,0
1413.449,0,0.0,0,0
1413.499,0,0.0,0,0
1413.549,0,0.0,0,0
1413.599,0,0.0,0,0
1413.649,0,0.0,0,0
1413.699,0,0.0,0,0
1413.749,0,0.0,0,0
1413.799,0,0.0,0,0
1413.849,0,0.0,0,0
1413.900,0,0.0,0,0
1413.950,0,0.0,0,0
1414.000,0,0.0,0,0
1414.050,0,0.0,0,0
1414.100,0,0.0,0,0
1414.150,0,0.0,0,0
1414.200,0,0.0,0,0
1414.250,0,0.0,0,0
1414.300,0,0.0,0,0
1414.350,0,0.0,0,0
1414.400,0,0.0,0,0
1414.450,0,0.0,0,0
1414.501,0,0.0,0,0
1414.551,0,0.0,0,0
1414.601,0,0.0,0,0
1414.651,0,0.0,0,0
1414.701,0,0.0,0,0
1414.751,0,0.0,0,0
1414.801,0,0.0,0,0
1414.851,0,0.0,0,0
1414.901,0,0.0,0,0
1414.952,0,0.0,0,0
1415.002,0,0.0,0,0
1415.052,0,0.0,0,0
1415.102,0,0.0,0,0
1415.152,0,0.0,0,0
1415.202,0,0.0,0,0
1415.252,0,0.0,0,0
1415.302,0,0.0,0,0
1415.352,0,0.0,0,0
1415.402,0,0.0,0,0
1415.453,0,0.0,0,0
1415.503,0,0.0,0,0
1415.553,0,0.0,0,0
1415.603,0,0.0,0,0
1415.653,0,0.0,0,0
1415.703,0,0.0,0,0
1415.753,0,0.0,0,0
1415.803,0,0.0,0,0
1415.853,0,0.0,0,0
1415.904,0,0.0,0,0
1415.954,0,0.0,0,0
1416.004,0,0.0,0,0
1416.054,0,0.0,0,0
1416.104,0,0.0,0,0
1416.154,0,0.0,0,0
1416.204,0,0.0,0,0
1416.254,0,0.0,0,0
1416.304,0,0.0,0,0
1416.354,0,0.0,0,0
1416.404,0,0.0,0,0
1416.455,0,0.0,0,0
1416.505,0,0.0,0,0
1416.555,0,0.0,0,0
1416.605,0,0.0,0,0
1416.655,0,0.0,0,0
1416.705,0,0.0,0,0
1416.755,0,0.0,0,0
1416.805,0,0.0,0,0
1416.855,0,0.0,0,0
1416.906,0,0.0,0,0
1416.956,0,0.0,0,0
1417.006,0,0.0,0,0
1417.056,0,0.0,0,0
1417.106,0,0.0,0,0
1417.156,0,0.0,0,0
1417.206,0,0.0,0,0
1417.256,0,0.0,0,0
1417.306,0,0.0,0,0
1417.356,0,0.0,0,0
1417.406,0,0.0,0,0
1417.457,0,0.0,0,0
1417.507,0,0.0,0,0
1417.557,0,0.0,0,0
1417.607,0,0.0,0,0
1417.657,0,0.0,0,0
1417.707,0,0.0,0,0
1417.757,0,0.0,0,0
1417.807,0,0.0,0,0
1417.857,0,0.0,0,0
1417.908,0,0.0,0,0
1417.958,0,0.0,0,0
1418.008,0,0.0,0,0
1418.058,0,0.0,0,0
1418.108,0,0.0,0,0
1418.158,0,0.0,0,0
1418.208,0,0.0,0,0
1418.258,0,0.0,0,0
1418.308,0,0.0,0,0
1418.358,0,0.0,0,0
1418.408,0,0.0,0,0
1418.459,0,0.0,0,0
1418.509,0,0.0,0,0
1418.559,0,0.0,0,0
1418.609,0,0.0,0,0
1418.659,0,0.0,0,0
1418.709,0,0.0,0,0
1418.759,0,0.0,0,0
1418.809,0,0.0,0,0
1418.859,0,0.0,0,0
1418.909,0,0.0,0,0
1418.959,0,0.0,0,0
1419.010,0,0.0,0,0
1419.060,0,0.0,0,0
1419.110,0,0.0,0,0
1419.160,0,0.0,0,0
1419.210,0,0.0,0,0
1419.260,0,0.0,0,0
1419.310,0,0.0,0,0
1419.360,0,0.0,0,0
1419.411,0,0.0,0,0
1419.461,0,0.0,0,0
1419.511,0,0.0,0,0
1419.561,0,0.0,0,0
1419.611,0,0.0,0,0
1419.661,0,0.0,0,0
1419.711,0,0.0,0,0
1419.761,0,0.0,0,0
1419.811,0,0.0,0,0
1419.861,0,0.0,0,0
1419.911,0,0.0,0,0
1419.962,0,0.0,0,0
1420.012,0,0.0,0,0
1420.062,0,0.0,0,0
1420.112,0,0.0,0,0
1420.162,0,0.0,0,0
1420.212,0,0.0,0,0
1420.262,0,0.0,0,0
1420.312,0,0.0,0,0
1420.362,0,0.0,0,0
1420.412,0,0.0,0,0
1420.462,0,0.0,0,0
1420.512,0,0.0,0,0
1420.563,0,0.0,0,0
1420.613,0,0.0,0,0
1420.663,0,0.0,0,0
1420.713,0,0.0,0,0
1420.763,0,0.0,0,0
1420.813,0,0.0,0,0
1420.863,0,0.0,0,0
1420.913,0,0.0,0,0
1420.963,0,0.0,0,0
1421.013,0,0.0,0,0
1421.063,0,0.0,0,0
1421.113,0,0.0,0,0
1421.164,0,0.0,0,0
1421.214,0,0.0,0,0
1421.264,0,0.0,0,0
1421.314,0,0.0,0,0
1421.364,0,0.0,0,0
1421.414,0,0.0,0,0
1421.464,0,0.0,0,0
1421.514,0,0.0,0,0
1421.564,0,0.0,0,0
1421.615,0,0.0,0,0
1421.665,0,0.0,0,0
1421.715,0,0.0,0,0
1421.765,0,0.0,0,0
1421.815,0,0.0,0,0
1421.865,0,0.0,0,0
1421.915,0,0.0,0,0
1421.965,0,0.0,0,0
1422.016,0,0.0,0,0
1422.066,0,0.0,0,0
1422.116,0,0.0,0,0
1422.166,0,0.0,0,0
1422.216,0,0.0,0,0
1422.266,0,0.0,0,0
1422.316,0,0.0,0,0
1422.366,0,0.0,0,0
1422.416,0,0.0,0,0
1422.466,0,0.0,0,0
1422.516,0,0.0,0,0
1422.566,0,0.0,0,0
1422.616,0,0.0,0,0
1422.667,0,0.0,0,0
1422.717,0,0.0,0,0
1422.767,0,0.0,0,0
1422.817,0,0.0,0,0
1422.867,0,0.0,0,0
1422.917,0,0.0,0,0
1422.967,0,0.0,0,0
1423.017,0,0.0,0,0
1423.067,0,0.0,0,0
1423.117,0,0.0,0,0
1423.167,0,0.0,0,0
1423.218,0,0.0,0,0
1423.268,0,0.0,0,0
1423.318,0,0.0,0,0
1423.368,0,0.0,0,0
1423.418,0,0.0,0,0
1423.468,0,0.0,0,0
1423.518,0,0.0,0,0
1423.568,0,0.0,0,0
1423.618,0,0.0,0,0
1423.668,0,0.0,0,0
1423.719,0,0.0,0,0
1423.769,0,0.0,0,0
1423.819,0,0.0,0,0
1423.869,0,0.0,0,0
1423.919,0,0.0,0,0
1423.969,0,0.0,0,0
1424.019,0,0.0,0,0
1424.069,0,0.0,0,0
1424.119,0,0.0,0,0
1424.170,0,0.0,0,0
1424.220,0,0.0,0,0
1424.270,0,0.0,0,0
1424.320,0,0.0,0,0
1424.370,0,0.0,0,0
1424.420,0,0.0,0,0
1424.470,0,0.0,0,0
1424.520,0,0.0,0,0
1424.571,0,0.0,0,0
1424.621,0,0.0,0,0
1424.671,0,0.0,0,0
1424.721,0,0.0,0,0
1424.771,0,0.0,0,0
1424.821,0,0.0,0,0
1424.871,0,0.0,0,0
1424.921,0,0.0,0,0
1424.971,0,0.0,0,0
1425.021,0,0.0,0,0
1425.071,0,0.0,0,0
1425.122,0,0.0,0,0
