# t_s, edges, edges_per_s, motor_rpm, rotor_rpm
0.050,0,0.0,0,0
0.100,0,0.0,0,0
0.150,0,0.0,0,0
0.200,0,0.0,0,0
0.251,0,0.0,0,0
0.301,0,0.0,0,0
0.351,0,0.0,0,0
0.401,0,0.0,0,0
0.451,0,0.0,0,0
0.501,0,0.0,0,0
0.551,0,0.0,0,0
0.601,0,0.0,0,0
0.651,0,0.0,0,0
0.701,0,0.0,0,0
0.751,0,0.0,0,0
0.801,0,0.0,0,0
0.851,0,0.0,0,0
0.902,0,0.0,0,0
0.952,0,0.0,0,0
1.002,0,0.0,0,0
1.052,0,0.0,0,0
1.102,0,0.0,0,0
1.152,0,0.0,0,0
1.202,0,0.0,0,0
1.252,0,0.0,0,0
1.302,0,0.0,0,0
1.353,0,0.0,0,0
1.403,0,0.0,0,0
1.453,0,0.0,0,0
1.503,0,0.0,0,0
1.553,0,0.0,0,0
1.603,0,0.0,0,0
1.653,0,0.0,0,0
1.703,0,0.0,0,0
1.753,0,0.0,0,0
1.804,0,0.0,0,0
1.854,0,0.0,0,0
1.904,0,0.0,0,0
1.954,0,0.0,0,0
2.004,0,0.0,0,0
2.054,0,0.0,0,0
2.104,0,0.0,0,0
2.154,0,0.0,0,0
2.204,0,0.0,0,0
2.254,0,0.0,0,0
2.305,0,0.0,0,0
2.355,0,0.0,0,0
2.405,0,0.0,0,0
2.455,0,0.0,0,0
2.505,0,0.0,0,0
2.555,0,0.0,0,0
2.605,0,0.0,0,0
2.655,0,0.0,0,0
2.705,0,0.0,0,0
2.756,0,0.0,0,0
2.806,0,0.0,0,0
2.856,0,0.0,0,0
2.906,0,0.0,0,0
2.956,0,0.0,0,0
3.006,0,0.0,0,0
3.056,0,0.0,0,0
3.106,0,0.0,0,0
3.156,0,0.0,0,0
3.206,0,0.0,0,0
3.256,0,0.0,0,0
3.307,0,0.0,0,0
3.357,0,0.0,0,0
3.407,0,0.0,0,0
3.457,0,0.0,0,0
3.507,0,0.0,0,0
3.557,0,0.0,0,0
3.607,0,0.0,0,0
3.657,0,0.0,0,0
3.707,0,0.0,0,0
3.757,0,0.0,0,0
3.807,0,0.0,0,0
3.857,0,0.0,0,0
3.908,0,0.0,0,0
3.958,0,0.0,0,0
4.008,0,0.0,0,0
4.058,0,0.0,0,0
4.108,0,0.0,0,0
4.158,0,0.0,0,0
4.208,0,0.0,0,0
4.258,0,0.0,0,0
4.308,0,0.0,0,0
4.358,0,0.0,0,0
4.408,0,0.0,0,0
4.459,0,0.0,0,0
4.509,0,0.0,0,0
4.559,0,0.0,0,0
4.609,0,0.0,0,0
4.659,0,0.0,0,0
4.709,0,0.0,0,0
4.759,0,0.0,0,0
4.809,0,0.0,0,0
4.859,0,0.0,0,0
4.909,0,0.0,0,0
4.960,0,0.0,0,0
5.010,0,0.0,0,0
5.060,0,0.0,0,0
5.110,0,0.0,0,0
5.160,0,0.0,0,0
5.210,0,0.0,0,0
5.260,0,0.0,0,0
5.310,0,0.0,0,0
5.360,0,0.0,0,0
5.411,0,0.0,0,0
5.461,0,0.0,0,0
5.511,0,0.0,0,0
5.561,0,0.0,0,0
5.611,0,0.0,0,0
5.661,0,0.0,0,0
5.711,0,0.0,0,0
5.761,0,0.0,0,0
5.811,0,0.0,0,0
5.861,0,0.0,0,0
5.911,0,0.0,0,0
5.961,0,0.0,0,0
6.011,0,0.0,0,0
6.062,0,0.0,0,0
6.112,0,0.0,0,0
6.162,0,0.0,0,0
6.212,0,0.0,0,0
6.262,0,0.0,0,0
6.312,0,0.0,0,0
6.362,0,0.0,0,0
6.412,0,0.0,0,0
6.462,0,0.0,0,0
6.512,0,0.0,0,0
6.562,0,0.0,0,0
6.613,0,0.0,0,0
6.663,0,0.0,0,0
6.713,0,0.0,0,0
6.763,0,0.0,0,0
6.813,0,0.0,0,0
6.863,0,0.0,0,0
6.913,0,0.0,0,0
6.963,0,0.0,0,0
7.013,0,0.0,0,0
7.063,0,0.0,0,0
7.113,0,0.0,0,0
7.163,0,0.0,0,0
7.214,0,0.0,0,0
7.264,0,0.0,0,0
7.314,0,0.0,0,0
7.364,0,0.0,0,0
7.414,0,0.0,0,0
7.464,0,0.0,0,0
7.514,0,0.0,0,0
7.565,0,0.0,0,0
7.615,0,0.0,0,0
7.665,0,0.0,0,0
7.715,0,0.0,0,0
7.765,0,0.0,0,0
7.815,0,0.0,0,0
7.865,0,0.0,0,0
7.915,0,0.0,0,0
7.965,0,0.0,0,0
8.016,0,0.0,0,0
8.066,0,0.0,0,0
8.116,0,0.0,0,0
8.166,0,0.0,0,0
8.216,0,0.0,0,0
8.266,0,0.0,0,0
8.316,0,0.0,0,0
8.366,0,0.0,0,0
8.416,0,0.0,0,0
8.466,0,0.0,0,0
8.516,0,0.0,0,0
8.567,0,0.0,0,0
8.617,0,0.0,0,0
8.667,0,0.0,0,0
8.717,0,0.0,0,0
8.767,0,0.0,0,0
8.817,0,0.0,0,0
8.867,0,0.0,0,0
8.917,0,0.0,0,0
8.967,0,0.0,0,0
9.017,0,0.0,0,0
9.068,0,0.0,0,0
9.118,0,0.0,0,0
9.168,0,0.0,0,0
9.218,0,0.0,0,0
9.268,0,0.0,0,0
9.318,0,0.0,0,0
9.368,0,0.0,0,0
9.418,0,0.0,0,0
9.468,0,0.0,0,0
9.519,0,0.0,0,0
9.569,0,0.0,0,0
9.619,0,0.0,0,0
9.669,0,0.0,0,0
9.719,0,0.0,0,0
9.769,0,0.0,0,0
9.819,0,0.0,0,0
9.869,0,0.0,0,0
9.919,0,0.0,0,0
9.969,0,0.0,0,0
10.019,0,0.0,0,0
10.069,0,0.0,0,0
10.120,0,0.0,0,0
10.170,0,0.0,0,0
10.220,0,0.0,0,0
10.270,0,0.0,0,0
10.320,0,0.0,0,0
10.370,0,0.0,0,0
10.420,0,0.0,0,0
10.470,0,0.0,0,0
10.520,0,0.0,0,0
10.570,0,0.0,0,0
10.620,0,0.0,0,0
10.670,0,0.0,0,0
10.720,0,0.0,0,0
10.771,0,0.0,0,0
10.821,0,0.0,0,0
10.871,0,0.0,0,0
10.921,0,0.0,0,0
10.971,0,0.0,0,0
11.021,0,0.0,0,0
11.071,0,0.0,0,0
11.121,0,0.0,0,0
11.171,0,0.0,0,0
11.221,0,0.0,0,0
11.272,0,0.0,0,0
11.322,0,0.0,0,0
11.372,0,0.0,0,0
11.422,0,0.0,0,0
11.472,0,0.0,0,0
11.522,0,0.0,0,0
11.572,0,0.0,0,0
11.622,0,0.0,0,0
11.673,0,0.0,0,0
11.723,0,0.0,0,0
11.773,0,0.0,0,0
11.823,0,0.0,0,0
11.873,0,0.0,0,0
11.923,0,0.0,0,0
11.973,0,0.0,0,0
12.023,0,0.0,0,0
12.074,0,0.0,0,0
12.124,0,0.0,0,0
12.174,0,0.0,0,0
12.224,0,0.0,0,0
12.274,0,0.0,0,0
12.324,0,0.0,0,0
12.374,0,0.0,0,0
12.424,0,0.0,0,0
12.474,0,0.0,0,0
12.524,0,0.0,0,0
12.575,0,0.0,0,0
12.625,0,0.0,0,0
12.675,0,0.0,0,0
12.725,0,0.0,0,0
12.775,0,0.0,0,0
12.825,0,0.0,0,0
12.875,0,0.0,0,0
12.925,0,0.0,0,0
12.975,0,0.0,0,0
13.025,0,0.0,0,0
13.075,0,0.0,0,0
13.125,0,0.0,0,0
13.175,0,0.0,0,0
13.226,0,0.0,0,0
13.276,0,0.0,0,0
13.326,0,0.0,0,0
13.376,0,0.0,0,0
13.426,0,0.0,0,0
13.476,0,0.0,0,0
13.526,0,0.0,0,0
13.576,0,0.0,0,0
13.626,0,0.0,0,0
13.676,0,0.0,0,0
13.726,0,0.0,0,0
13.776,0,0.0,0,0
13.826,0,0.0,0,0
13.876,0,0.0,0,0
13.927,0,0.0,0,0
13.977,0,0.0,0,0
14.027,0,0.0,0,0
14.077,0,0.0,0,0
14.127,0,0.0,0,0
14.177,0,0.0,0,0
14.227,0,0.0,0,0
14.277,0,0.0,0,0
14.327,0,0.0,0,0
14.377,0,0.0,0,0
14.428,0,0.0,0,0
14.478,0,0.0,0,0
14.528,0,0.0,0,0
14.578,0,0.0,0,0
14.628,0,0.0,0,0
14.678,0,0.0,0,0
14.728,0,0.0,0,0
14.778,0,0.0,0,0
14.828,0,0.0,0,0
14.878,0,0.0,0,0
14.929,0,0.0,0,0
14.979,0,0.0,0,0
15.029,0,0.0,0,0
15.079,0,0.0,0,0
15.129,0,0.0,0,0
15.179,0,0.0,0,0
15.229,0,0.0,0,0
15.279,0,0.0,0,0
15.329,0,0.0,0,0
15.380,0,0.0,0,0
15.430,0,0.0,0,0
15.480,0,0.0,0,0
15.530,0,0.0,0,0
15.580,0,0.0,0,0
15.630,0,0.0,0,0
15.680,0,0.0,0,0
15.730,0,0.0,0,0
15.780,0,0.0,0,0
15.831,0,0.0,0,0
15.881,0,0.0,0,0
15.931,0,0.0,0,0
15.981,0,0.0,0,0
16.031,0,0.0,0,0
16.081,0,0.0,0,0
16.131,0,0.0,0,0
16.181,0,0.0,0,0
16.231,0,0.0,0,0
16.282,0,0.0,0,0
16.332,0,0.0,0,0
16.382,0,0.0,0,0
16.432,0,0.0,0,0
16.482,0,0.0,0,0
16.532,0,0.0,0,0
16.582,0,0.0,0,0
16.632,0,0.0,0,0
16.682,0,0.0,0,0
16.732,0,0.0,0,0
16.782,0,0.0,0,0
16.833,0,0.0,0,0
16.883,0,0.0,0,0
16.933,0,0.0,0,0
16.983,0,0.0,0,0
17.033,0,0.0,0,0
17.083,0,0.0,0,0
17.133,0,0.0,0,0
17.183,0,0.0,0,0
17.233,0,0.0,0,0
17.283,0,0.0,0,0
17.333,0,0.0,0,0
17.383,0,0.0,0,0
17.434,0,0.0,0,0
17.484,0,0.0,0,0
17.534,0,0.0,0,0
17.584,0,0.0,0,0
17.634,0,0.0,0,0
17.684,0,0.0,0,0
17.734,0,0.0,0,0
17.784,0,0.0,0,0
17.834,0,0.0,0,0
17.884,0,0.0,0,0
17.934,0,0.0,0,0
17.984,0,0.0,0,0
18.035,0,0.0,0,0
18.085,0,0.0,0,0
18.135,0,0.0,0,0
18.185,0,0.0,0,0
18.235,0,0.0,0,0
18.285,0,0.0,0,0
18.335,0,0.0,0,0
18.385,0,0.0,0,0
18.435,0,0.0,0,0
18.485,0,0.0,0,0
18.536,0,0.0,0,0
18.586,0,0.0,0,0
18.636,0,0.0,0,0
18.686,0,0.0,0,0
18.736,0,0.0,0,0
18.786,0,0.0,0,0
18.836,0,0.0,0,0
18.886,0,0.0,0,0
18.936,0,0.0,0,0
18.986,0,0.0,0,0
19.037,0,0.0,0,0
19.087,0,0.0,0,0
19.137,0,0.0,0,0
19.187,0,0.0,0,0
19.237,0,0.0,0,0
19.287,0,0.0,0,0
19.337,0,0.0,0,0
19.387,0,0.0,0,0
19.437,0,0.0,0,0
19.487,0,0.0,0,0
19.537,0,0.0,0,0
19.588,0,0.0,0,0
19.638,0,0.0,0,0
19.688,0,0.0,0,0
19.738,0,0.0,0,0
19.788,0,0.0,0,0
19.838,0,0.0,0,0
19.888,0,0.0,0,0
19.938,0,0.0,0,0
19.988,0,0.0,0,0
20.038,0,0.0,0,0
20.089,0,0.0,0,0
20.139,0,0.0,0,0
20.189,0,0.0,0,0
20.239,0,0.0,0,0
20.289,0,0.0,0,0
20.339,0,0.0,0,0
20.389,0,0.0,0,0
20.439,0,0.0,0,0
20.489,0,0.0,0,0
20.539,0,0.0,0,0
20.589,0,0.0,0,0
20.640,0,0.0,0,0
20.690,0,0.0,0,0
20.740,0,0.0,0,0
20.790,0,0.0,0,0
20.840,0,0.0,0,0
20.890,0,0.0,0,0
20.940,0,0.0,0,0
20.990,0,0.0,0,0
21.040,0,0.0,0,0
21.090,0,0.0,0,0
21.141,0,0.0,0,0
21.191,0,0.0,0,0
21.241,0,0.0,0,0
21.291,0,0.0,0,0
21.341,0,0.0,0,0
21.391,0,0.0,0,0
21.441,0,0.0,0,0
21.491,0,0.0,0,0
21.541,0,0.0,0,0
21.591,0,0.0,0,0
21.642,0,0.0,0,0
21.692,0,0.0,0,0
21.742,0,0.0,0,0
21.792,0,0.0,0,0
21.842,0,0.0,0,0
21.892,0,0.0,0,0
21.942,0,0.0,0,0
21.992,0,0.0,0,0
22.043,0,0.0,0,0
22.093,0,0.0,0,0
22.143,0,0.0,0,0
22.193,0,0.0,0,0
22.243,0,0.0,0,0
22.293,0,0.0,0,0
22.343,0,0.0,0,0
22.393,0,0.0,0,0
22.444,0,0.0,0,0
22.494,0,0.0,0,0
22.544,0,0.0,0,0
22.594,0,0.0,0,0
22.644,0,0.0,0,0
22.694,0,0.0,0,0
22.744,0,0.0,0,0
22.794,0,0.0,0,0
22.844,0,0.0,0,0
22.894,0,0.0,0,0
22.944,0,0.0,0,0
22.994,0,0.0,0,0
23.044,0,0.0,0,0
23.095,0,0.0,0,0
23.145,0,0.0,0,0
23.195,0,0.0,0,0
23.245,0,0.0,0,0
23.295,0,0.0,0,0
23.345,0,0.0,0,0
23.395,0,0.0,0,0
23.445,0,0.0,0,0
23.495,0,0.0,0,0
23.545,0,0.0,0,0
23.595,0,0.0,0,0
23.646,0,0.0,0,0
23.696,0,0.0,0,0
23.746,0,0.0,0,0
23.796,0,0.0,0,0
23.846,0,0.0,0,0
23.896,0,0.0,0,0
23.946,0,0.0,0,0
23.997,0,0.0,0,0
24.047,0,0.0,0,0
24.097,0,0.0,0,0
24.147,0,0.0,0,0
24.197,0,0.0,0,0
24.247,0,0.0,0,0
24.297,0,0.0,0,0
24.347,0,0.0,0,0
24.397,0,0.0,0,0
24.447,0,0.0,0,0
24.497,0,0.0,0,0
24.548,0,0.0,0,0
24.598,0,0.0,0,0
24.648,0,0.0,0,0
24.698,0,0.0,0,0
24.748,0,0.0,0,0
24.798,0,0.0,0,0
24.848,0,0.0,0,0
24.898,0,0.0,0,0
24.948,0,0.0,0,0
24.998,0,0.0,0,0
25.048,0,0.0,0,0
25.098,0,0.0,0,0
25.149,0,0.0,0,0
25.199,0,0.0,0,0
25.249,0,0.0,0,0
25.299,0,0.0,0,0
25.349,0,0.0,0,0
25.399,0,0.0,0,0
25.449,0,0.0,0,0
25.499,0,0.0,0,0
25.549,0,0.0,0,0
25.600,0,0.0,0,0
25.650,0,0.0,0,0
25.700,0,0.0,0,0
25.750,0,0.0,0,0
25.800,0,0.0,0,0
25.850,0,0.0,0,0
25.900,0,0.0,0,0
25.950,0,0.0,0,0
26.000,0,0.0,0,0
26.051,0,0.0,0,0
26.101,0,0.0,0,0
26.151,0,0.0,0,0
26.201,0,0.0,0,0
26.251,0,0.0,0,0
26.301,0,0.0,0,0
26.351,0,0.0,0,0
26.401,0,0.0,0,0
26.451,0,0.0,0,0
26.501,0,0.0,0,0
26.551,0,0.0,0,0
26.601,0,0.0,0,0
26.652,0,0.0,0,0
26.702,0,0.0,0,0
26.752,0,0.0,0,0
26.802,0,0.0,0,0
26.852,0,0.0,0,0
26.902,0,0.0,0,0
26.952,0,0.0,0,0
27.002,0,0.0,0,0
27.052,0,0.0,0,0
27.102,0,0.0,0,0
27.152,0,0.0,0,0
27.203,0,0.0,0,0
27.253,0,0.0,0,0
27.303,0,0.0,0,0
27.353,0,0.0,0,0
27.403,0,0.0,0,0
27.453,0,0.0,0,0
27.503,0,0.0,0,0
27.553,0,0.0,0,0
27.603,0,0.0,0,0
27.653,0,0.0,0,0
27.703,0,0.0,0,0
27.753,0,0.0,0,0
27.803,0,0.0,0,0
27.853,0,0.0,0,0
27.903,0,0.0,0,0
27.953,0,0.0,0,0
28.004,0,0.0,0,0
28.054,0,0.0,0,0
28.104,0,0.0,0,0
28.154,0,0.0,0,0
28.204,0,0.0,0,0
28.254,0,0.0,0,0
28.304,0,0.0,0,0
28.354,0,0.0,0,0
28.404,0,0.0,0,0
28.454,0,0.0,0,0
28.504,0,0.0,0,0
28.554,0,0.0,0,0
28.605,0,0.0,0,0
28.655,0,0.0,0,0
28.705,0,0.0,0,0
28.755,0,0.0,0,0
28.805,0,0.0,0,0
28.855,0,0.0,0,0
28.905,0,0.0,0,0
28.956,0,0.0,0,0
29.006,0,0.0,0,0
29.056,0,0.0,0,0
29.106,0,0.0,0,0
29.156,0,0.0,0,0
29.206,0,0.0,0,0
29.256,0,0.0,0,0
29.307,0,0.0,0,0
29.357,0,0.0,0,0
29.407,0,0.0,0,0
29.457,0,0.0,0,0
29.507,0,0.0,0,0
29.557,0,0.0,0,0
29.607,0,0.0,0,0
29.657,0,0.0,0,0
29.707,0,0.0,0,0
29.757,0,0.0,0,0
29.808,0,0.0,0,0
29.858,0,0.0,0,0
29.908,0,0.0,0,0
29.958,0,0.0,0,0
30.008,0,0.0,0,0
30.058,0,0.0,0,0
30.108,0,0.0,0,0
30.158,0,0.0,0,0
30.208,0,0.0,0,0
30.258,0,0.0,0,0
30.308,0,0.0,0,0
30.358,0,0.0,0,0
30.409,0,0.0,0,0
30.459,0,0.0,0,0
30.509,0,0.0,0,0
30.559,0,0.0,0,0
30.609,0,0.0,0,0
30.659,0,0.0,0,0
30.709,0,0.0,0,0
30.759,0,0.0,0,0
30.809,0,0.0,0,0
30.859,0,0.0,0,0
30.910,0,0.0,0,0
30.960,0,0.0,0,0
31.010,0,0.0,0,0
31.060,0,0.0,0,0
31.110,0,0.0,0,0
31.160,0,0.0,0,0
31.210,0,0.0,0,0
31.260,0,0.0,0,0
31.310,0,0.0,0,0
31.361,0,0.0,0,0
31.411,0,0.0,0,0
31.461,0,0.0,0,0
31.511,0,0.0,0,0
31.561,0,0.0,0,0
31.611,0,0.0,0,0
31.661,0,0.0,0,0
31.711,0,0.0,0,0
31.762,0,0.0,0,0
31.812,0,0.0,0,0
31.862,0,0.0,0,0
31.912,0,0.0,0,0
31.962,0,0.0,0,0
32.012,0,0.0,0,0
32.062,0,0.0,0,0
32.112,0,0.0,0,0
32.163,0,0.0,0,0
32.213,0,0.0,0,0
32.263,0,0.0,0,0
32.313,0,0.0,0,0
32.363,0,0.0,0,0
32.413,0,0.0,0,0
32.463,0,0.0,0,0
32.513,0,0.0,0,0
32.563,0,0.0,0,0
32.613,0,0.0,0,0
32.663,0,0.0,0,0
32.714,0,0.0,0,0
32.764,0,0.0,0,0
32.814,0,0.0,0,0
32.864,0,0.0,0,0
32.914,0,0.0,0,0
32.964,0,0.0,0,0
33.014,0,0.0,0,0
33.064,0,0.0,0,0
33.114,0,0.0,0,0
33.164,0,0.0,0,0
33.215,0,0.0,0,0
33.265,0,0.0,0,0
33.315,0,0.0,0,0
33.365,0,0.0,0,0
33.415,0,0.0,0,0
33.465,0,0.0,0,0
33.515,0,0.0,0,0
33.565,0,0.0,0,0
33.615,0,0.0,0,0
33.665,0,0.0,0,0
33.715,0,0.0,0,0
33.766,0,0.0,0,0
33.816,0,0.0,0,0
33.866,0,0.0,0,0
33.916,0,0.0,0,0
33.966,0,0.0,0,0
34.016,0,0.0,0,0
34.066,0,0.0,0,0
34.116,0,0.0,0,0
34.166,0,0.0,0,0
34.216,0,0.0,0,0
34.267,0,0.0,0,0
34.317,0,0.0,0,0
34.367,0,0.0,0,0
34.417,0,0.0,0,0
34.467,0,0.0,0,0
34.517,0,0.0,0,0
34.567,0,0.0,0,0
34.617,0,0.0,0,0
34.667,0,0.0,0,0
34.718,0,0.0,0,0
34.768,0,0.0,0,0
34.818,0,0.0,0,0
34.868,0,0.0,0,0
34.918,0,0.0,0,0
34.968,0,0.0,0,0
35.018,0,0.0,0,0
35.068,0,0.0,0,0
35.118,0,0.0,0,0
35.168,0,0.0,0,0
35.219,0,0.0,0,0
35.269,0,0.0,0,0
35.319,0,0.0,0,0
35.369,0,0.0,0,0
35.419,0,0.0,0,0
35.469,0,0.0,0,0
35.519,0,0.0,0,0
35.569,0,0.0,0,0
35.619,0,0.0,0,0
35.670,0,0.0,0,0
35.720,0,0.0,0,0
35.770,0,0.0,0,0
35.820,0,0.0,0,0
35.870,0,0.0,0,0
35.920,0,0.0,0,0
35.970,0,0.0,0,0
36.021,0,0.0,0,0
36.071,0,0.0,0,0
36.121,0,0.0,0,0
36.171,0,0.0,0,0
36.221,0,0.0,0,0
36.271,0,0.0,0,0
36.321,0,0.0,0,0
36.371,0,0.0,0,0
36.421,0,0.0,0,0
36.471,0,0.0,0,0
36.522,0,0.0,0,0
36.572,0,0.0,0,0
36.622,0,0.0,0,0
36.672,0,0.0,0,0
36.722,0,0.0,0,0
36.772,0,0.0,0,0
36.822,0,0.0,0,0
36.872,0,0.0,0,0
36.922,0,0.0,0,0
36.972,0,0.0,0,0
37.023,0,0.0,0,0
37.073,0,0.0,0,0
37.123,0,0.0,0,0
37.173,0,0.0,0,0
37.223,0,0.0,0,0
37.273,0,0.0,0,0
37.323,0,0.0,0,0
37.373,0,0.0,0,0
37.423,0,0.0,0,0
37.473,0,0.0,0,0
37.524,0,0.0,0,0
37.574,0,0.0,0,0
37.624,0,0.0,0,0
37.674,0,0.0,0,0
37.724,0,0.0,0,0
37.774,0,0.0,0,0
37.824,0,0.0,0,0
37.874,0,0.0,0,0
37.924,0,0.0,0,0
37.975,0,0.0,0,0
38.025,0,0.0,0,0
38.075,0,0.0,0,0
38.125,0,0.0,0,0
38.175,0,0.0,0,0
38.225,0,0.0,0,0
38.275,0,0.0,0,0
38.325,0,0.0,0,0
38.376,0,0.0,0,0
38.426,0,0.0,0,0
38.476,0,0.0,0,0
38.526,0,0.0,0,0
38.576,0,0.0,0,0
38.626,0,0.0,0,0
38.676,0,0.0,0,0
38.726,0,0.0,0,0
38.776,0,0.0,0,0
38.826,0,0.0,0,0
38.876,0,0.0,0,0
38.926,0,0.0,0,0
38.976,0,0.0,0,0
39.026,0,0.0,0,0
39.076,0,0.0,0,0
39.127,0,0.0,0,0
39.177,0,0.0,0,0
39.227,0,0.0,0,0
39.277,0,0.0,0,0
39.327,0,0.0,0,0
39.377,0,0.0,0,0
39.427,0,0.0,0,0
39.477,0,0.0,0,0
39.527,0,0.0,0,0
39.577,0,0.0,0,0
39.628,0,0.0,0,0
39.678,0,0.0,0,0
39.728,0,0.0,0,0
39.778,0,0.0,0,0
39.828,0,0.0,0,0
39.878,0,0.0,0,0
39.928,0,0.0,0,0
39.978,0,0.0,0,0
40.028,0,0.0,0,0
40.078,0,0.0,0,0
40.128,0,0.0,0,0
40.178,0,0.0,0,0
40.229,0,0.0,0,0
40.279,0,0.0,0,0
40.329,0,0.0,0,0
40.379,0,0.0,0,0
40.429,0,0.0,0,0
40.479,0,0.0,0,0
40.529,0,0.0,0,0
40.579,0,0.0,0,0
40.629,0,0.0,0,0
40.679,0,0.0,0,0
40.729,0,0.0,0,0
40.779,0,0.0,0,0
40.830,0,0.0,0,0
40.880,0,0.0,0,0
40.930,0,0.0,0,0
40.980,0,0.0,0,0
41.030,0,0.0,0,0
41.080,0,0.0,0,0
41.130,0,0.0,0,0
41.180,0,0.0,0,0
41.230,0,0.0,0,0
41.281,0,0.0,0,0
41.331,0,0.0,0,0
41.381,0,0.0,0,0
41.431,0,0.0,0,0
41.481,0,0.0,0,0
41.531,0,0.0,0,0
41.581,0,0.0,0,0
41.631,0,0.0,0,0
41.681,0,0.0,0,0
41.732,0,0.0,0,0
41.782,0,0.0,0,0
41.832,0,0.0,0,0
41.882,0,0.0,0,0
41.932,0,0.0,0,0
41.982,0,0.0,0,0
42.032,0,0.0,0,0
42.082,0,0.0,0,0
42.132,0,0.0,0,0
42.182,0,0.0,0,0
42.232,0,0.0,0,0
42.282,0,0.0,0,0
42.332,0,0.0,0,0
42.383,0,0.0,0,0
42.433,0,0.0,0,0
42.483,0,0.0,0,0
42.533,0,0.0,0,0
42.583,0,0.0,0,0
42.633,0,0.0,0,0
42.683,0,0.0,0,0
42.733,0,0.0,0,0
42.783,0,0.0,0,0
42.833,0,0.0,0,0
42.884,0,0.0,0,0
42.934,0,0.0,0,0
42.984,0,0.0,0,0
43.034,0,0.0,0,0
43.084,0,0.0,0,0
43.134,0,0.0,0,0
43.184,0,0.0,0,0
43.234,0,0.0,0,0
43.284,0,0.0,0,0
43.334,0,0.0,0,0
43.385,0,0.0,0,0
43.435,0,0.0,0,0
43.485,0,0.0,0,0
43.535,0,0.0,0,0
43.585,0,0.0,0,0
43.635,0,0.0,0,0
43.685,0,0.0,0,0
43.735,0,0.0,0,0
43.785,0,0.0,0,0
43.835,0,0.0,0,0
43.886,0,0.0,0,0
43.936,0,0.0,0,0
43.986,0,0.0,0,0
44.036,0,0.0,0,0
44.086,0,0.0,0,0
44.136,0,0.0,0,0
44.186,0,0.0,0,0
44.236,0,0.0,0,0
44.287,0,0.0,0,0
44.337,0,0.0,0,0
44.387,0,0.0,0,0
44.437,0,0.0,0,0
44.487,0,0.0,0,0
44.537,0,0.0,0,0
44.587,0,0.0,0,0
44.637,0,0.0,0,0
44.688,0,0.0,0,0
44.738,0,0.0,0,0
44.788,0,0.0,0,0
44.838,0,0.0,0,0
44.888,0,0.0,0,0
44.938,0,0.0,0,0
44.988,0,0.0,0,0
45.038,0,0.0,0,0
45.088,0,0.0,0,0
45.138,0,0.0,0,0
45.188,0,0.0,0,0
45.238,0,0.0,0,0
45.289,0,0.0,0,0
45.339,0,0.0,0,0
45.389,0,0.0,0,0
45.439,0,0.0,0,0
45.489,0,0.0,0,0
45.539,0,0.0,0,0
45.589,0,0.0,0,0
45.639,0,0.0,0,0
45.689,0,0.0,0,0
45.739,0,0.0,0,0
45.789,0,0.0,0,0
45.839,0,0.0,0,0
45.890,0,0.0,0,0
45.940,0,0.0,0,0
45.990,0,0.0,0,0
46.040,0,0.0,0,0
46.090,0,0.0,0,0
46.140,0,0.0,0,0
46.190,0,0.0,0,0
46.240,0,0.0,0,0
46.290,0,0.0,0,0
46.340,0,0.0,0,0
46.390,0,0.0,0,0
46.440,0,0.0,0,0
46.491,0,0.0,0,0
46.541,0,0.0,0,0
46.591,0,0.0,0,0
46.641,0,0.0,0,0
46.691,0,0.0,0,0
46.741,0,0.0,0,0
46.791,0,0.0,0,0
46.841,0,0.0,0,0
46.891,0,0.0,0,0
46.942,0,0.0,0,0
46.992,0,0.0,0,0
47.042,0,0.0,0,0
47.092,0,0.0,0,0
47.142,0,0.0,0,0
47.192,0,0.0,0,0
47.242,0,0.0,0,0
47.292,0,0.0,0,0
47.342,0,0.0,0,0
47.392,0,0.0,0,0
47.442,0,0.0,0,0
47.492,0,0.0,0,0
47.543,0,0.0,0,0
47.593,0,0.0,0,0
47.643,0,0.0,0,0
47.693,0,0.0,0,0
47.743,0,0.0,0,0
47.793,0,0.0,0,0
47.843,0,0.0,0,0
47.893,0,0.0,0,0
47.944,0,0.0,0,0
47.994,0,0.0,0,0
48.044,0,0.0,0,0
48.094,0,0.0,0,0
48.144,0,0.0,0,0
48.194,0,0.0,0,0
48.244,0,0.0,0,0
48.294,0,0.0,0,0
48.344,0,0.0,0,0
48.394,0,0.0,0,0
48.444,0,0.0,0,0
48.494,0,0.0,0,0
48.545,0,0.0,0,0
48.595,0,0.0,0,0
48.645,0,0.0,0,0
48.695,0,0.0,0,0
48.745,0,0.0,0,0
48.795,0,0.0,0,0
48.845,0,0.0,0,0
48.896,0,0.0,0,0
48.946,0,0.0,0,0
48.996,0,0.0,0,0
49.046,0,0.0,0,0
49.096,0,0.0,0,0
49.146,0,0.0,0,0
49.196,0,0.0,0,0
49.246,0,0.0,0,0
49.296,0,0.0,0,0
49.346,0,0.0,0,0
49.396,0,0.0,0,0
49.446,0,0.0,0,0
49.497,0,0.0,0,0
49.547,0,0.0,0,0
49.597,0,0.0,0,0
49.647,0,0.0,0,0
49.697,0,0.0,0,0
49.747,0,0.0,0,0
49.797,0,0.0,0,0
49.847,0,0.0,0,0
49.897,0,0.0,0,0
49.947,0,0.0,0,0
49.997,0,0.0,0,0
50.047,0,0.0,0,0
50.098,0,0.0,0,0
50.148,0,0.0,0,0
50.198,0,0.0,0,0
50.248,0,0.0,0,0
50.298,0,0.0,0,0
50.348,0,0.0,0,0
50.398,0,0.0,0,0
50.448,0,0.0,0,0
50.498,0,0.0,0,0
50.548,0,0.0,0,0
50.599,0,0.0,0,0
50.649,0,0.0,0,0
50.699,0,0.0,0,0
50.749,0,0.0,0,0
50.799,0,0.0,0,0
50.849,0,0.0,0,0
50.899,0,0.0,0,0
50.949,0,0.0,0,0
50.999,0,0.0,0,0
51.049,0,0.0,0,0
51.100,0,0.0,0,0
51.150,0,0.0,0,0
51.200,0,0.0,0,0
51.250,0,0.0,0,0
51.300,0,0.0,0,0
51.350,0,0.0,0,0
51.400,0,0.0,0,0
51.450,0,0.0,0,0
51.501,0,0.0,0,0
51.551,0,0.0,0,0
51.601,0,0.0,0,0
51.651,0,0.0,0,0
51.701,0,0.0,0,0
51.751,0,0.0,0,0
51.801,0,0.0,0,0
51.851,0,0.0,0,0
51.901,0,0.0,0,0
51.952,0,0.0,0,0
52.002,0,0.0,0,0
52.052,0,0.0,0,0
52.102,0,0.0,0,0
52.152,0,0.0,0,0
52.202,0,0.0,0,0
52.252,0,0.0,0,0
52.302,0,0.0,0,0
52.352,0,0.0,0,0
52.403,0,0.0,0,0
52.453,0,0.0,0,0
52.503,0,0.0,0,0
52.553,0,0.0,0,0
52.603,0,0.0,0,0
52.653,0,0.0,0,0
52.703,0,0.0,0,0
52.753,0,0.0,0,0
52.803,0,0.0,0,0
52.854,0,0.0,0,0
52.904,0,0.0,0,0
52.954,0,0.0,0,0
53.004,0,0.0,0,0
53.054,0,0.0,0,0
53.104,0,0.0,0,0
53.154,0,0.0,0,0
53.204,0,0.0,0,0
53.254,0,0.0,0,0
53.304,0,0.0,0,0
53.354,0,0.0,0,0
53.405,0,0.0,0,0
53.455,0,0.0,0,0
53.505,0,0.0,0,0
53.555,0,0.0,0,0
53.605,0,0.0,0,0
53.655,0,0.0,0,0
53.705,0,0.0,0,0
53.755,0,0.0,0,0
53.806,0,0.0,0,0
53.856,0,0.0,0,0
53.906,0,0.0,0,0
53.956,0,0.0,0,0
54.006,0,0.0,0,0
54.056,0,0.0,0,0
54.106,0,0.0,0,0
54.156,0,0.0,0,0
54.206,0,0.0,0,0
54.256,0,0.0,0,0
54.306,0,0.0,0,0
54.356,0,0.0,0,0
54.407,0,0.0,0,0
54.457,0,0.0,0,0
54.507,0,0.0,0,0
54.557,0,0.0,0,0
54.607,0,0.0,0,0
54.657,0,0.0,0,0
54.707,0,0.0,0,0
54.757,0,0.0,0,0
54.808,0,0.0,0,0
54.858,0,0.0,0,0
54.908,0,0.0,0,0
54.958,0,0.0,0,0
55.008,0,0.0,0,0
55.058,0,0.0,0,0
55.108,0,0.0,0,0
55.158,0,0.0,0,0
55.208,0,0.0,0,0
55.258,0,0.0,0,0
55.308,0,0.0,0,0
55.358,0,0.0,0,0
55.409,0,0.0,0,0
55.459,0,0.0,0,0
55.509,0,0.0,0,0
55.559,0,0.0,0,0
55.609,0,0.0,0,0
55.659,0,0.0,0,0
55.709,0,0.0,0,0
55.760,0,0.0,0,0
55.810,0,0.0,0,0
55.860,0,0.0,0,0
55.910,0,0.0,0,0
55.960,0,0.0,0,0
56.010,0,0.0,0,0
56.060,0,0.0,0,0
56.110,0,0.0,0,0
56.160,0,0.0,0,0
56.211,0,0.0,0,0
56.261,0,0.0,0,0
56.311,0,0.0,0,0
56.361,0,0.0,0,0
56.411,0,0.0,0,0
56.461,0,0.0,0,0
56.511,0,0.0,0,0
56.561,0,0.0,0,0
56.611,0,0.0,0,0
56.661,0,0.0,0,0
56.711,0,0.0,0,0
56.762,0,0.0,0,0
56.812,0,0.0,0,0
56.862,0,0.0,0,0
56.912,0,0.0,0,0
56.962,0,0.0,0,0
57.012,0,0.0,0,0
57.062,0,0.0,0,0
57.112,0,0.0,0,0
57.162,0,0.0,0,0
57.212,0,0.0,0,0
57.263,0,0.0,0,0
57.313,0,0.0,0,0
57.363,0,0.0,0,0
57.413,0,0.0,0,0
57.463,0,0.0,0,0
57.513,0,0.0,0,0
57.563,0,0.0,0,0
57.613,0,0.0,0,0
57.663,0,0.0,0,0
57.714,0,0.0,0,0
57.764,0,0.0,0,0
57.814,1,20.0,299,37
57.864,1,19.9,299,37
57.914,3,59.8,898,112
57.964,1,20.0,299,37
58.014,3,59.9,898,112
58.064,2,40.0,600,75
58.114,4,79.9,1199,150
58.164,3,59.9,899,112
58.214,4,79.9,1198,150
58.264,4,80.0,1200,150
58.315,5,99.7,1495,187
58.365,5,99.6,1495,187
58.415,5,99.8,1498,187
58.465,5,99.7,1496,187
58.515,5,99.7,1496,187
58.565,6,119.9,1798,225
58.615,6,120.0,1799,225
58.665,6,119.8,1798,225
58.715,6,120.0,1799,225
58.765,7,139.9,2099,262
58.815,6,119.7,1796,224
58.865,7,139.9,2099,262
58.916,7,139.6,2093,262
58.966,7,139.8,2096,262
59.016,7,139.7,2096,262
59.066,8,159.7,2396,299
59.116,7,139.5,2093,262
59.166,8,159.6,2394,299
59.216,8,160.0,2400,300
59.266,8,159.8,2397,300
59.316,8,159.6,2395,299
59.367,8,159.6,2393,299
59.417,8,159.9,2399,300
59.467,8,159.4,2392,299
59.517,9,179.6,2694,337
59.567,8,159.9,2399,300
59.617,9,179.9,2698,337
59.667,9,179.7,2695,337
59.717,8,159.7,2395,299
59.767,9,179.5,2692,337
59.817,9,179.7,2696,337
59.867,9,179.5,2692,337
59.917,9,179.9,2698,337
59.968,9,179.4,2691,336
60.018,10,199.4,2991,374
60.068,9,179.6,2694,337
60.118,9,179.2,2688,336
60.168,10,200.0,3000,375
60.218,9,179.8,2697,337
60.268,10,199.7,2995,374
60.318,9,179.9,2698,337
60.368,10,199.7,2995,374
60.418,10,199.6,2994,374
60.468,9,179.9,2699,337
60.519,10,199.3,2990,374
60.569,10,199.8,2997,375
60.619,10,199.7,2995,374
60.669,10,199.5,2993,374
60.719,10,199.3,2990,374
60.769,10,199.6,2993,374
60.819,10,199.4,2991,374
60.869,10,199.7,2996,374
60.920,10,199.5,2993,374
60.970,11,219.4,3291,411
61.020,10,199.3,2989,374
61.070,10,199.0,2984,373
61.120,11,219.8,3297,412
61.170,10,199.8,2997,375
61.220,10,199.9,2999,375
61.270,11,219.2,3288,411
61.321,10,199.4,2991,374
61.371,10,199.6,2994,374
61.421,11,219.5,3292,411
61.471,10,199.5,2992,374
61.521,11,219.8,3297,412
61.571,10,199.9,2999,375
61.621,11,219.8,3297,412
61.671,10,199.5,2992,374
61.721,11,219.7,3295,412
61.771,10,200.0,2999,375
61.821,11,219.2,3288,411
61.871,10,199.8,2997,375
61.921,11,219.9,3299,412
61.972,11,219.5,3292,412
62.022,10,199.5,2992,374
62.072,11,219.6,3294,412
62.122,10,199.9,2999,375
62.172,11,219.7,3296,412
62.222,10,199.8,2997,375
62.272,11,219.6,3294,412
62.322,11,219.6,3293,412
62.372,10,199.2,2988,374
62.422,11,219.8,3297,412
62.472,11,219.9,3298,412
62.522,10,199.8,2996,375
62.573,11,219.8,3296,412
62.623,11,219.5,3293,412
62.673,10,199.5,2992,374
62.723,11,219.7,3296,412
62.773,11,220.0,3300,412
62.823,10,199.2,2988,374
62.873,11,219.5,3292,411
62.923,11,219.6,3295,412
62.973,10,199.3,2990,374
63.024,11,219.3,3289,411
63.074,11,218.7,3280,410
63.124,10,199.8,2997,375
63.174,11,219.2,3288,411
63.224,11,219.4,3291,411
63.274,11,219.4,3291,411
63.324,10,199.8,2997,375
63.375,11,219.2,3287,411
63.425,11,219.8,3297,412
63.475,10,200.0,3000,375
63.525,11,219.5,3293,412
63.575,11,219.7,3295,412
63.625,11,220.0,3299,412
63.675,10,199.5,2993,374
63.725,11,220.0,3300,412
63.775,11,219.8,3296,412
63.825,11,219.3,3289,411
63.875,10,199.8,2997,375
63.925,11,219.0,3285,411
63.976,11,219.5,3293,412
64.026,11,219.5,3293,412
64.076,10,199.7,2995,374
64.126,11,219.7,3296,412
64.176,11,219.3,3289,411
64.226,11,219.4,3291,411
64.276,10,199.5,2993,374
64.326,11,219.5,3292,411
64.376,11,220.0,3300,412
64.426,11,219.8,3296,412
64.477,10,199.5,2992,374
64.527,11,219.8,3297,412
64.577,11,219.9,3298,412
64.627,11,219.2,3288,411
64.677,11,219.4,3291,411
64.727,10,199.6,2994,374
64.777,11,219.5,3293,412
64.827,11,219.8,3296,412
64.877,11,219.2,3288,411
64.927,10,199.8,2997,375
64.978,11,219.7,3296,412
65.028,11,219.9,3298,412
65.078,11,219.9,3299,412
65.128,11,219.8,3296,412
65.178,10,199.4,2991,374
65.228,11,219.5,3293,412
65.278,11,219.7,3296,412
65.328,11,219.8,3296,412
65.378,10,200.0,2999,375
65.428,11,219.5,3293,412
65.478,11,219.5,3292,412
65.528,11,219.1,3286,411
65.578,11,219.8,3297,412
65.629,11,219.1,3287,411
65.679,10,199.7,2995,374
65.729,11,219.0,3285,411
65.779,11,219.6,3295,412
65.829,11,219.6,3294,412
65.879,11,219.7,3295,412
65.929,10,199.4,2991,374
65.980,11,218.7,3281,410
66.030,11,219.8,3297,412
66.080,11,219.6,3294,412
66.130,11,219.2,3288,411
66.180,10,199.9,2998,375
66.230,11,219.9,3298,412
66.280,11,219.3,3290,411
66.330,11,220.0,3300,412
66.380,11,219.6,3294,412
66.430,10,199.3,2990,374
66.480,11,220.0,3300,412
66.531,11,219.7,3295,412
66.581,11,219.2,3288,411
66.631,11,219.5,3292,411
66.681,11,219.4,3291,411
66.731,10,199.4,2990,374
66.781,11,219.9,3299,412
66.831,11,219.6,3294,412
66.881,11,219.7,3295,412
66.931,11,219.9,3299,412
66.981,10,199.9,2998,375
67.031,11,220.0,3300,412
67.081,11,219.9,3299,412
67.132,11,219.4,3292,411
67.182,11,219.3,3290,411
67.232,10,199.7,2996,374
67.282,11,219.4,3291,411
67.332,11,219.9,3299,412
67.382,11,219.5,3293,412
67.432,11,219.3,3290,411
67.482,11,219.5,3292,411
67.532,10,199.8,2997,375
67.582,11,219.7,3296,412
67.633,11,219.4,3291,411
67.683,11,219.7,3295,412
67.733,11,219.6,3295,412
67.783,11,219.5,3292,412
67.833,10,199.6,2994,374
67.883,11,219.9,3299,412
67.933,11,219.3,3290,411
67.983,11,219.9,3299,412
68.033,11,219.7,3296,412
68.083,11,219.5,3292,412
68.133,10,199.7,2995,374
68.183,11,219.5,3292,412
68.234,11,219.7,3295,412
68.284,11,219.8,3297,412
68.334,11,219.9,3298,412
68.384,11,219.3,3289,411
68.434,11,218.9,3283,410
68.484,10,199.6,2994,374
68.534,11,219.7,3295,412
68.584,11,219.4,3292,411
68.635,11,219.4,3291,411
68.685,11,219.5,3293,412
68.735,11,219.1,3286,411
68.785,10,199.6,2994,374
68.835,11,219.9,3298,412
68.885,11,219.5,3292,412
68.935,11,220.0,3299,412
68.985,11,219.2,3288,411
69.035,11,219.2,3289,411
69.085,11,219.9,3299,412
69.136,11,219.5,3292,412
69.186,10,199.3,2989,374
69.236,11,220.0,3299,412
69.286,11,219.2,3288,411
69.336,11,219.4,3291,411
69.386,11,218.9,3283,410
69.436,11,219.6,3294,412
69.486,11,219.6,3295,412
69.537,11,219.4,3291,411
69.587,10,199.7,2996,375
69.637,11,219.4,3292,411
69.687,11,219.8,3297,412
69.737,11,219.7,3295,412
69.787,11,219.7,3296,412
69.837,11,219.9,3298,412
69.887,11,219.1,3286,411
69.937,11,219.3,3289,411
69.988,10,199.3,2990,374
70.038,11,219.4,3292,411
70.088,11,219.4,3290,411
70.138,11,219.4,3292,411
70.188,11,219.4,3291,411
70.238,11,219.4,3291,411
70.288,11,219.5,3292,412
70.338,11,219.4,3291,411
70.389,10,199.6,2995,374
70.439,11,219.9,3298,412
70.489,11,219.2,3288,411
70.539,11,219.7,3295,412
70.589,11,219.6,3295,412
70.639,11,219.2,3288,411
70.689,11,219.5,3292,411
70.739,11,219.2,3288,411
70.790,10,199.5,2993,374
70.840,11,219.6,3294,412
70.890,11,219.6,3293,412
70.940,11,219.8,3297,412
70.990,11,219.6,3294,412
71.040,11,219.4,3292,411
71.090,10,199.9,2998,375
71.140,11,219.7,3295,412
71.190,11,219.8,3297,412
71.240,11,219.2,3288,411
71.290,11,219.8,3297,412
71.340,11,220.0,3300,412
71.390,11,219.8,3296,412
71.441,10,199.7,2995,374
71.491,11,219.3,3289,411
71.541,11,220.0,3300,412
71.591,11,219.2,3289,411
71.641,11,219.5,3292,412
71.691,11,219.6,3294,412
71.741,10,199.9,2998,375
71.791,11,219.9,3298,412
71.841,11,219.4,3290,411
71.891,11,219.3,3290,411
71.941,11,219.7,3296,412
71.992,11,219.0,3285,411
72.042,10,199.6,2994,374
72.092,11,219.4,3292,411
72.142,11,219.7,3296,412
72.192,11,219.4,3291,411
72.242,11,219.8,3297,412
72.292,10,199.4,2991,374
72.342,11,219.3,3289,411
72.393,11,219.8,3297,412
72.443,11,219.2,3288,411
72.493,11,219.4,3291,411
72.543,10,199.8,2996,375
72.593,11,219.4,3290,411
72.643,11,218.9,3284,410
72.693,11,219.7,3295,412
72.743,11,219.8,3297,412
72.793,10,199.7,2996,374
72.844,11,219.2,3289,411
72.894,11,219.5,3293,412
72.944,11,219.4,3290,411
72.994,11,219.4,3291,411
73.044,10,199.8,2997,375
73.094,11,219.7,3295,412
73.144,11,219.7,3296,412
73.194,11,219.7,3296,412
73.244,11,219.4,3291,411
73.295,10,198.9,2984,373
73.345,11,218.9,3283,410
73.395,11,219.2,3289,411
73.445,11,219.4,3291,411
73.495,11,219.5,3292,412
73.545,10,199.5,2992,374
73.596,11,219.7,3296,412
73.646,11,219.5,3292,411
73.696,11,218.8,3283,410
73.746,10,199.3,2990,374
73.796,11,219.4,3291,411
73.846,11,219.3,3289,411
73.896,11,219.7,3295,412
73.947,10,199.4,2992,374
73.997,11,219.5,3293,412
74.047,11,219.2,3288,411
74.097,11,219.2,3289,411
74.147,10,199.7,2996,374
74.197,11,219.4,3291,411
74.247,11,219.5,3292,412
74.297,11,219.7,3296,412
74.347,10,200.0,3000,375
74.398,11,219.2,3288,411
74.448,11,220.0,3300,412
74.498,10,199.6,2994,374
74.548,11,219.9,3298,412
74.598,11,219.5,3292,412
74.648,11,219.3,3290,411
74.698,10,199.3,2990,374
74.748,11,219.3,3289,411
74.799,11,219.3,3290,411
74.849,11,219.8,3297,412
74.899,10,199.5,2992,374
74.949,11,219.1,3286,411
74.999,11,219.9,3298,412
75.049,11,220.0,3300,412
75.099,10,200.0,3000,375
75.149,11,219.0,3285,411
75.199,11,219.9,3299,412
75.249,11,219.5,3293,412
75.299,11,219.9,3299,412
75.349,10,199.5,2993,374
75.400,11,219.5,3292,412
75.450,11,219.2,3289,411
75.500,11,219.7,3295,412
75.550,11,219.0,3286,411
75.600,10,199.8,2997,375
75.650,11,219.5,3292,412
75.700,11,219.9,3299,412
75.750,11,219.8,3297,412
75.800,11,219.7,3296,412
75.850,10,199.7,2995,374
75.901,11,218.9,3284,411
75.951,11,219.8,3296,412
76.001,11,219.1,3286,411
76.051,10,199.6,2994,374
76.101,11,219.5,3293,412
76.151,11,219.6,3294,412
76.201,11,219.7,3296,412
76.251,11,219.7,3296,412
76.301,11,219.8,3296,412
76.351,10,199.7,2995,374
76.402,11,219.6,3295,412
76.452,11,220.0,3299,412
76.502,11,219.6,3294,412
76.552,11,219.1,3287,411
76.602,11,219.5,3292,412
76.652,10,199.5,2992,374
76.702,11,219.7,3296,412
76.752,11,218.9,3283,410
76.802,11,219.8,3297,412
76.853,11,219.2,3289,411
76.903,11,219.4,3291,411
76.953,10,199.3,2989,374
77.003,11,219.7,3296,412
77.053,11,219.7,3296,412
77.103,11,219.4,3291,411
77.153,11,220.0,3300,412
77.203,10,199.8,2997,375
77.253,11,219.7,3296,412
77.303,11,219.4,3291,411
77.353,11,220.0,3300,412
77.404,11,219.6,3294,412
77.454,11,219.9,3298,412
77.504,10,199.9,2998,375
77.554,11,219.9,3299,412
77.604,11,219.5,3292,411
77.654,11,219.7,3295,412
77.704,11,219.1,3287,411
77.754,11,219.2,3287,411
77.804,11,220.0,3300,412
77.854,10,199.8,2997,375
77.904,11,219.5,3292,412
77.954,11,219.7,3295,412
78.005,11,219.4,3291,411
78.055,11,219.2,3288,411
78.105,11,219.8,3296,412
78.155,11,219.2,3288,411
78.205,10,199.6,2995,374
78.255,11,219.3,3290,411
78.305,11,219.8,3296,412
78.355,11,219.5,3292,412
78.406,11,219.4,3291,411
78.456,11,219.5,3292,411
78.506,11,219.6,3295,412
78.556,10,200.0,3000,375
78.606,11,219.8,3296,412
78.656,11,219.5,3293,412
78.706,11,219.7,3295,412
78.756,11,219.7,3296,412
78.806,11,219.5,3293,412
78.856,11,219.7,3295,412
78.906,11,219.2,3288,411
78.957,10,199.8,2997,375
79.007,11,219.4,3291,411
79.057,11,219.5,3292,412
79.107,11,220.0,3300,412
79.157,11,219.2,3288,411
79.207,11,219.5,3293,412
79.257,10,199.7,2996,374
79.307,11,219.9,3299,412
79.357,11,219.8,3296,412
79.407,11,219.8,3297,412
79.457,11,219.9,3299,412
79.507,11,219.5,3292,412
79.557,10,199.9,2998,375
79.608,11,219.3,3289,411
79.658,11,219.7,3295,412
79.708,11,220.0,3300,412
79.758,11,220.0,3300,412
79.808,11,219.9,3299,412
79.858,10,199.8,2997,375
79.908,11,220.0,3300,412
79.958,11,219.7,3295,412
80.008,11,219.2,3288,411
80.058,11,219.2,3288,411
80.108,11,219.2,3288,411
80.158,10,200.0,3000,375
80.208,11,219.4,3291,411
80.259,11,219.8,3298,412
80.309,11,219.6,3294,412
80.359,11,219.3,3290,411
80.409,11,219.4,3291,411
80.459,11,219.7,3295,412
80.509,10,199.3,2990,374
80.559,11,219.7,3295,412
80.609,11,219.5,3292,411
80.659,11,219.4,3291,411
80.710,11,219.8,3297,412
80.760,11,219.4,3291,411
80.810,11,219.7,3296,412
80.860,11,219.3,3289,411
80.910,10,199.5,2993,374
80.960,11,219.6,3294,412
81.010,11,220.0,3300,412
81.060,11,219.7,3295,412
81.110,11,219.8,3296,412
81.160,11,219.2,3289,411
81.211,11,219.4,3291,411
81.261,11,219.9,3298,412
81.311,11,219.3,3289,411
81.361,10,199.5,2992,374
81.411,11,219.5,3292,412
81.461,11,219.4,3292,411
81.511,11,219.9,3298,412
81.561,11,219.5,3292,411
81.611,11,219.8,3297,412
81.661,11,219.6,3294,412
81.712,11,219.4,3291,411
81.762,11,219.6,3294,412
81.812,10,199.4,2991,374
81.862,11,219.9,3298,412
81.912,11,219.7,3296,412
81.962,11,220.0,3300,412
82.012,11,219.7,3295,412
82.062,11,219.8,3297,412
82.112,11,219.7,3295,412
82.162,11,219.3,3290,411
82.212,10,200.0,2999,375
82.262,11,219.8,3297,412
82.312,11,219.3,3290,411
82.363,11,219.5,3292,412
82.413,11,219.4,3291,411
82.463,11,219.5,3293,412
82.513,11,219.9,3299,412
82.563,10,199.6,2994,374
82.613,11,220.0,3300,412
82.663,11,219.7,3295,412
82.713,11,219.2,3289,411
82.763,11,220.0,3300,412
82.813,10,199.8,2997,375
82.863,11,219.8,3297,412
82.913,11,219.7,3295,412
82.963,11,219.7,3296,412
83.013,10,200.0,2999,375
83.063,11,219.7,3295,412
83.114,11,219.6,3293,412
83.164,11,219.2,3288,411
83.214,11,219.4,3290,411
83.264,10,199.7,2996,375
83.314,11,219.4,3291,411
83.364,11,219.8,3298,412
83.414,11,219.6,3294,412
83.464,11,219.2,3288,411
83.515,10,199.5,2992,374
83.565,11,219.8,3296,412
83.615,11,220.0,3300,412
83.665,11,220.0,3299,412
83.715,10,199.6,2995,374
83.765,11,219.9,3298,412
83.815,11,219.4,3291,411
83.865,11,219.3,3289,411
83.915,10,199.7,2995,374
83.965,11,219.3,3290,411
84.015,11,219.7,3295,412
84.066,11,219.1,3286,411
84.116,10,199.6,2994,374
84.166,11,220.0,3300,412
84.216,11,219.5,3292,412
84.266,10,199.5,2992,374
84.316,11,219.5,3293,412
84.366,11,219.9,3298,412
84.416,11,219.4,3291,411
84.466,11,219.4,3292,411
84.516,10,199.8,2997,375
84.566,11,220.0,3300,412
84.616,11,219.4,3291,411
84.667,11,219.2,3288,411
84.717,10,199.8,2997,375
84.767,11,220.0,3300,412
84.817,11,219.8,3297,412
84.867,11,219.9,3299,412
84.917,10,199.9,2999,375
84.967,11,219.8,3296,412
85.017,11,219.1,3287,411
85.067,11,219.5,3293,412
85.117,11,219.7,3295,412
85.167,10,199.6,2994,374
85.217,11,220.0,3300,412
85.267,11,220.0,3300,412
85.318,11,219.1,3287,411
85.368,11,219.5,3293,412
85.418,11,219.7,3295,412
85.468,10,199.7,2996,375
85.518,11,219.7,3296,412
85.568,11,219.8,3297,412
85.618,11,219.6,3295,412
85.668,10,199.7,2995,374
85.718,11,219.2,3288,411
85.768,11,219.2,3287,411
85.818,11,219.5,3293,412
85.869,11,219.5,3292,411
85.919,11,219.4,3292,411
85.969,11,219.9,3298,412
86.019,11,219.6,3293,412
86.069,10,199.6,2994,374
86.119,11,219.3,3289,411
86.169,11,219.4,3291,411
86.219,11,219.3,3289,411
86.270,11,219.4,3292,411
86.320,11,219.5,3292,412
86.370,10,199.4,2990,374
86.420,11,219.3,3289,411
86.470,11,219.0,3284,411
86.520,11,219.5,3292,412
86.570,11,219.7,3295,412
86.621,11,219.5,3292,412
86.671,11,219.8,3297,412
86.721,10,198.9,2984,373
86.771,11,219.3,3289,411
86.821,11,219.4,3291,411
86.871,11,219.4,3292,411
86.921,11,219.5,3293,412
86.972,11,219.4,3290,411
87.022,10,199.9,2998,375
87.072,11,219.3,3290,411
87.122,11,219.9,3299,412
87.172,11,220.0,3300,412
87.222,11,219.6,3294,412
87.272,11,219.1,3287,411
87.322,10,199.9,2998,375
87.372,11,219.6,3295,412
87.422,11,219.7,3295,412
87.472,11,219.2,3288,411
87.522,11,219.9,3298,412
87.573,11,219.2,3288,411
87.623,10,199.3,2990,374
87.673,11,219.7,3296,412
87.723,11,219.8,3297,412
87.773,11,219.8,3297,412
87.823,11,219.6,3294,412
87.873,10,199.2,2988,374
87.923,11,219.6,3294,412
87.973,11,219.4,3291,411
88.024,11,219.6,3294,412
88.074,11,219.4,3291,411
88.124,10,199.5,2993,374
88.174,11,219.5,3292,412
88.224,11,219.9,3298,412
88.274,11,220.0,3299,412
88.324,11,219.5,3292,411
88.374,11,219.6,3295,412
88.424,10,199.3,2990,374
88.474,11,219.4,3291,411
88.525,11,218.9,3283,410
88.575,11,219.6,3295,412
88.625,11,219.4,3291,411
88.675,11,219.7,3295,412
88.725,11,219.4,3291,411
88.775,10,199.4,2991,374
88.826,11,218.8,3282,410
88.876,11,219.6,3294,412
88.926,11,219.4,3291,411
88.976,11,220.0,3300,412
89.026,11,219.7,3295,412
89.076,10,199.9,2998,375
89.126,11,219.6,3294,412
89.176,11,219.3,3290,411
89.226,11,219.2,3288,411
89.277,11,219.2,3289,411
89.327,11,219.3,3289,411
89.377,11,219.7,3296,412
89.427,11,219.5,3292,412
89.477,10,199.8,2997,375
89.527,11,219.6,3294,412
89.577,11,219.2,3287,411
89.627,11,219.6,3294,412
89.677,11,219.3,3290,411
89.728,11,219.9,3299,412
89.778,10,199.4,2990,374
89.828,11,220.0,3300,412
89.878,11,219.8,3297,412
89.928,11,219.6,3294,412
89.978,11,219.2,3288,411
90.028,10,200.0,3000,375
90.078,11,220.0,3300,412
90.128,11,220.0,3300,412
90.178,11,219.4,3292,411
90.228,11,219.6,3294,412
90.278,11,219.4,3291,411
90.328,10,199.5,2992,374
90.378,11,220.0,3299,412
90.429,11,218.9,3283,410
90.479,11,219.3,3289,411
90.529,11,219.4,3291,411
90.579,11,219.4,3292,411
90.629,10,200.0,2999,375
90.679,11,219.5,3293,412
90.729,11,219.4,3291,411
90.779,11,220.0,3300,412
90.830,11,219.5,3293,412
90.880,10,200.0,3000,375
90.930,11,219.8,3297,412
90.980,11,219.7,3296,412
91.030,11,219.9,3299,412
91.080,11,219.1,3287,411
91.130,10,199.6,2994,374
91.180,11,219.2,3288,411
91.230,11,219.4,3291,411
91.280,11,219.4,3290,411
91.331,11,219.4,3291,411
91.381,10,199.4,2992,374
91.431,11,219.4,3291,411
91.481,11,219.7,3296,412
91.531,11,219.8,3296,412
91.581,11,219.4,3291,411
91.631,10,199.7,2995,374
91.681,11,219.3,3289,411
91.731,11,219.7,3295,412
91.782,11,219.2,3288,411
91.832,11,219.8,3297,412
91.882,11,219.3,3289,411
91.932,10,199.6,2994,374
91.982,11,219.4,3291,411
92.032,11,219.6,3293,412
92.082,11,219.7,3295,412
92.132,11,219.5,3293,412
92.182,10,199.8,2997,375
92.232,11,219.8,3297,412
92.282,11,219.9,3298,412
92.333,11,219.5,3293,412
92.383,11,219.5,3293,412
92.433,11,219.6,3294,412
92.483,10,199.5,2993,374
92.533,11,219.5,3292,411
92.583,11,220.0,3300,412
92.633,11,219.7,3296,412
92.683,11,219.8,3296,412
92.733,10,199.2,2988,373
92.783,11,219.6,3294,412
92.834,11,219.4,3291,411
92.884,11,219.7,3296,412
92.934,10,199.5,2993,374
92.984,11,219.5,3292,411
93.034,11,219.4,3291,411
93.084,11,219.4,3291,411
93.134,11,219.3,3289,411
93.184,11,219.5,3292,412
93.235,10,199.6,2995,374
93.285,11,219.5,3293,412
93.335,11,219.7,3295,412
93.385,11,219.8,3297,412
93.435,11,219.4,3291,411
93.485,10,199.5,2993,374
93.535,11,219.4,3291,411
93.585,11,220.0,3299,412
93.635,11,219.5,3292,412
93.685,10,199.8,2997,375
93.736,11,219.4,3291,411
93.786,11,219.8,3297,412
93.836,11,219.7,3295,412
93.886,11,219.3,3289,411
93.936,11,219.5,3292,412
93.986,11,219.5,3292,412
94.036,10,199.1,2987,373
94.086,11,219.3,3290,411
94.137,11,219.4,3291,411
94.187,11,219.6,3294,412
94.237,11,219.2,3288,411
94.287,11,219.5,3293,412
94.337,11,219.1,3286,411
94.387,10,199.5,2992,374
94.437,11,219.6,3294,412
94.487,11,219.5,3293,412
94.538,11,219.4,3291,411
94.588,11,219.5,3293,412
94.638,11,220.0,3299,412
94.688,11,219.7,3295,412
94.738,10,199.5,2992,374
94.788,11,219.3,3289,411
94.838,11,219.4,3291,411
94.888,11,219.5,3292,411
94.939,11,219.2,3288,411
94.989,11,219.4,3291,411
95.039,11,219.5,3292,411
95.089,11,219.2,3288,411
95.139,10,199.4,2991,374
95.189,11,219.3,3290,411
95.239,11,219.5,3293,412
95.290,11,219.1,3286,411
95.340,11,219.5,3292,411
95.390,11,219.3,3290,411
95.440,11,219.6,3294,412
95.490,11,219.3,3290,411
95.540,11,219.5,3292,411
95.590,10,199.8,2996,375
95.640,11,219.8,3297,412
95.690,11,219.9,3298,412
95.741,11,219.4,3292,411
95.791,11,220.0,3300,412
95.841,11,219.5,3293,412
95.891,11,218.8,3282,410
95.941,11,219.9,3299,412
95.991,11,219.3,3290,411
96.041,10,199.7,2996,374
96.091,11,219.6,3294,412
96.141,11,219.4,3292,411
96.191,11,219.7,3295,412
96.242,11,219.2,3288,411
96.292,11,219.7,3296,412
96.342,11,219.7,3296,412
96.392,11,219.4,3291,411
96.442,11,219.8,3296,412
96.492,11,219.7,3295,412
96.542,11,219.2,3288,411
96.592,11,219.5,3292,411
96.642,11,219.5,3293,412
96.693,11,219.4,3291,411
96.743,11,219.4,3291,411
96.793,11,219.2,3288,411
96.843,10,199.8,2996,375
96.893,11,219.6,3294,412
96.943,11,219.3,3289,411
96.993,11,219.7,3295,412
97.043,11,219.3,3289,411
97.093,11,219.6,3295,412
97.144,11,219.7,3296,412
97.194,11,219.6,3294,412
97.244,11,219.9,3298,412
97.294,11,219.7,3295,412
97.344,11,219.6,3294,412
97.394,11,219.9,3298,412
97.444,11,219.4,3291,411
97.494,11,219.5,3293,412
97.544,11,219.9,3298,412
97.594,11,219.7,3295,412
97.644,11,219.6,3294,412
97.694,11,219.5,3292,412
97.745,11,219.1,3286,411
97.795,11,219.7,3296,412
97.845,11,219.8,3296,412
97.895,11,219.9,3298,412
97.945,10,199.9,2999,375
97.995,12,239.5,3593,449
98.045,10,199.7,2995,374
98.095,11,219.7,3295,412
98.145,11,219.7,3295,412
98.195,11,219.2,3289,411
98.245,11,219.5,3292,412
98.296,11,219.5,3293,412
98.346,11,219.9,3299,412
98.396,11,219.2,3288,411
98.446,11,219.5,3293,412
98.496,11,219.6,3294,412
98.546,11,219.1,3287,411
98.596,11,219.5,3292,412
98.646,11,219.2,3288,411
98.697,11,219.2,3287,411
98.747,11,219.5,3293,412
98.797,11,219.5,3292,412
98.847,11,219.7,3295,412
98.897,11,219.8,3297,412
98.947,10,200.0,3000,375
98.997,11,219.7,3295,412
99.047,11,219.3,3289,411
99.097,11,219.6,3294,412
99.147,11,219.8,3297,412
99.198,11,218.8,3282,410
99.248,11,219.9,3299,412
99.298,11,219.5,3293,412
99.348,11,218.9,3284,410
99.398,11,219.1,3287,411
99.448,11,219.8,3298,412
99.498,11,219.7,3295,412
99.548,11,219.3,3289,411
99.599,11,219.6,3294,412
99.649,11,219.1,3287,411
99.699,11,219.8,3297,412
99.749,11,219.8,3296,412
99.799,11,219.6,3294,412
99.849,10,199.6,2993,374
99.899,11,219.4,3291,411
99.949,11,219.4,3291,411
99.999,11,219.3,3289,411
100.050,11,219.8,3297,412
100.100,11,219.9,3298,412
100.150,11,219.3,3289,411
100.200,11,219.5,3293,412
100.250,11,219.4,3290,411
100.300,11,220.0,3300,412
100.350,11,219.4,3290,411
100.400,11,219.7,3296,412
100.450,11,219.3,3290,411
100.500,11,219.5,3292,412
100.550,11,219.9,3299,412
100.600,10,200.0,2999,375
100.651,11,219.2,3288,411
100.701,11,219.3,3289,411
100.751,11,219.8,3297,412
100.801,11,219.8,3297,412
100.851,11,219.0,3286,411
100.901,11,219.7,3295,412
100.951,11,219.4,3292,411
101.001,11,219.5,3292,412
101.051,11,219.8,3297,412
101.102,11,219.5,3292,411
101.152,11,219.4,3291,411
101.202,11,219.8,3297,412
101.252,11,219.8,3296,412
101.302,11,219.8,3297,412
101.352,11,220.0,3300,412
101.402,11,219.7,3295,412
101.452,10,200.0,3000,375
101.502,11,219.3,3289,411
101.552,11,219.1,3286,411
101.602,11,219.6,3294,412
101.653,11,219.4,3290,411
101.703,11,219.8,3296,412
101.753,11,219.1,3287,411
101.803,11,219.2,3289,411
101.853,11,219.8,3296,412
101.903,11,220.0,3300,412
101.953,11,219.4,3291,411
102.003,11,219.5,3292,412
102.053,11,219.8,3296,412
102.104,11,219.4,3291,411
102.154,11,219.4,3291,411
102.204,10,199.4,2991,374
102.254,11,219.4,3291,411
102.304,11,220.0,3300,412
102.354,11,219.2,3288,411
102.404,11,219.4,3291,411
102.454,11,219.2,3288,411
102.505,11,219.2,3288,411
102.555,11,219.9,3299,412
102.605,11,219.4,3291,411
102.655,11,219.2,3289,411
102.705,11,219.9,3299,412
102.755,11,219.4,3291,411
102.805,11,219.3,3289,411
102.855,11,219.5,3292,411
102.905,11,220.0,3299,412
102.956,11,219.1,3287,411
103.006,11,219.6,3294,412
103.056,11,219.9,3298,412
103.106,11,219.2,3288,411
103.156,11,219.5,3293,412
103.206,11,219.4,3291,411
103.256,11,219.9,3299,412
103.306,10,199.2,2989,374
103.356,11,219.7,3296,412
103.407,11,219.2,3289,411
103.457,11,219.1,3287,411
103.507,11,219.3,3289,411
103.557,11,219.6,3295,412
103.607,11,219.7,3295,412
103.657,11,219.7,3295,412
103.707,11,219.6,3294,412
103.757,11,219.3,3290,411
103.807,11,219.9,3298,412
103.858,11,219.4,3291,411
103.908,11,219.1,3287,411
103.958,11,219.4,3292,411
104.008,11,220.0,3300,412
104.058,11,219.8,3297,412
104.108,11,219.7,3295,412
104.158,11,219.7,3296,412
104.208,11,219.2,3288,411
104.258,11,220.0,3300,412
104.308,11,219.7,3296,412
104.358,11,219.3,3289,411
104.409,11,219.9,3299,412
104.459,11,219.7,3295,412
104.509,11,219.4,3292,411
104.559,11,219.8,3297,412
104.609,10,199.8,2997,375
104.659,11,219.4,3291,411
104.709,11,219.7,3296,412
104.759,11,219.5,3293,412
104.809,11,219.8,3297,412
104.859,11,219.5,3292,412
104.909,11,219.6,3294,412
104.959,11,219.8,3297,412
105.010,11,219.7,3295,412
105.060,11,219.4,3292,411
105.110,11,219.5,3292,412
105.160,11,219.4,3291,411
105.210,11,219.3,3290,411
105.260,11,219.5,3293,412
105.310,11,219.3,3289,411
105.360,11,219.7,3296,412
105.410,11,219.9,3298,412
105.460,11,219.9,3299,412
105.511,11,219.4,3291,411
105.561,11,218.9,3284,410
105.611,11,219.6,3294,412
105.661,11,219.6,3293,412
105.711,11,219.3,3289,411
105.761,11,219.4,3290,411
105.811,11,219.5,3292,412
105.862,11,219.7,3296,412
105.912,11,219.9,3299,412
105.962,11,219.3,3289,411
106.012,11,219.6,3294,412
106.062,11,219.6,3294,412
106.112,11,219.7,3295,412
106.162,11,219.6,3294,412
106.212,11,219.3,3290,411
106.262,11,218.9,3284,410
106.313,11,219.5,3292,412
106.363,11,219.5,3292,411
106.413,11,219.5,3292,412
106.463,11,219.4,3291,411
106.513,11,219.2,3288,411
106.563,11,219.2,3287,411
106.614,11,219.2,3289,411
106.664,11,219.8,3297,412
106.714,11,219.4,3292,411
106.764,11,219.9,3299,412
106.814,11,219.5,3293,412
106.864,10,199.5,2993,374
106.914,11,219.1,3287,411
106.964,11,219.4,3292,411
107.014,11,219.7,3295,412
107.064,11,219.5,3293,412
107.115,11,219.7,3296,412
107.165,11,219.8,3296,412
107.215,11,219.6,3295,412
107.265,11,219.3,3290,411
107.315,11,219.9,3298,412
107.365,11,219.9,3299,412
107.415,11,219.3,3290,411
107.465,11,219.9,3298,412
107.515,11,219.3,3289,411
107.565,11,219.6,3295,412
107.615,11,219.8,3297,412
107.665,11,219.5,3292,412
107.715,11,220.0,3299,412
107.766,11,219.2,3287,411
107.816,11,219.3,3289,411
107.866,10,199.5,2992,374
107.916,11,219.6,3294,412
107.966,11,219.5,3293,412
108.016,11,219.8,3298,412
108.066,11,219.9,3299,412
108.116,11,219.5,3292,411
108.166,11,219.4,3291,411
108.216,11,219.8,3298,412
108.266,11,219.9,3299,412
108.317,11,219.1,3287,411
108.367,11,219.3,3289,411
108.417,11,219.6,3294,412
108.467,10,199.6,2994,374
108.517,11,219.5,3293,412
108.567,11,219.3,3290,411
108.617,11,219.3,3289,411
108.668,11,219.4,3290,411
108.718,11,219.7,3295,412
108.768,11,219.8,3296,412
108.818,11,220.0,3300,412
108.868,11,219.5,3292,412
108.918,11,219.5,3293,412
108.968,11,219.9,3299,412
109.018,11,219.9,3298,412
109.068,11,219.8,3298,412
109.118,11,219.9,3298,412
109.168,11,219.7,3296,412
109.218,11,220.0,3299,412
109.268,11,219.9,3299,412
109.318,11,219.8,3296,412
109.368,10,199.8,2997,375
109.418,11,219.2,3287,411
109.469,11,219.2,3287,411
109.519,11,219.5,3293,412
109.569,11,220.0,3300,412
109.619,11,219.6,3294,412
109.669,11,219.5,3293,412
109.719,11,219.5,3292,412
109.769,11,219.9,3299,412
109.819,11,219.8,3297,412
109.869,11,219.5,3292,411
109.919,11,219.4,3291,411
109.969,11,219.8,3296,412
110.020,11,219.7,3296,412
110.070,11,219.9,3299,412
110.120,11,219.5,3293,412
110.170,11,219.6,3294,412
110.220,11,219.5,3293,412
110.270,11,219.5,3293,412
110.320,11,219.4,3290,411
110.370,11,219.5,3292,411
110.420,11,219.4,3291,411
110.470,10,199.9,2998,375
110.521,11,219.3,3290,411
110.571,11,219.3,3289,411
110.621,11,219.6,3294,412
110.671,11,219.3,3290,411
110.721,11,219.7,3295,412
110.771,11,220.0,3300,412
110.821,11,219.5,3292,411
110.871,11,219.3,3290,411
110.921,11,219.4,3292,411
110.971,11,219.9,3299,412
111.021,11,220.0,3299,412
111.072,11,219.4,3292,411
111.122,11,219.7,3295,412
111.172,11,219.8,3296,412
111.222,11,219.6,3295,412
111.272,10,199.6,2994,374
111.322,11,219.9,3298,412
111.372,11,219.2,3288,411
111.422,11,219.7,3296,412
111.472,11,219.4,3292,411
111.522,11,219.6,3293,412
111.572,11,219.7,3295,412
111.623,11,219.8,3297,412
111.673,11,220.0,3299,412
111.723,11,219.7,3296,412
111.773,11,219.4,3291,411
111.823,11,219.5,3292,412
111.873,11,219.4,3291,411
111.923,11,219.8,3297,412
111.973,10,199.5,2993,374
112.023,11,219.4,3290,411
112.073,11,219.1,3287,411
112.124,11,219.9,3298,412
112.174,11,219.3,3289,411
112.224,11,219.3,3289,411
112.274,11,219.9,3299,412
112.324,11,219.7,3296,412
112.374,11,219.2,3288,411
112.424,11,219.4,3291,411
112.474,11,219.5,3293,412
112.524,11,219.7,3295,412
112.575,11,219.4,3291,411
112.625,11,219.4,3292,411
112.675,11,219.8,3297,412
112.725,11,219.5,3292,411
112.775,11,219.7,3296,412
112.825,11,219.2,3289,411
112.875,10,200.0,3000,375
112.925,12,239.2,3588,448
112.976,10,198.9,2983,373
113.026,11,219.8,3297,412
113.076,11,219.7,3295,412
113.126,11,219.5,3293,412
113.176,11,219.9,3299,412
113.226,11,219.4,3292,411
113.276,11,219.5,3293,412
113.326,11,219.5,3293,412
113.376,11,219.5,3292,412
113.426,11,220.0,3300,412
113.476,11,219.9,3298,412
113.526,11,220.0,3300,412
113.576,11,219.8,3297,412
113.626,11,219.8,3298,412
113.676,11,219.8,3297,412
113.726,11,219.8,3298,412
113.777,11,219.0,3286,411
113.827,11,219.3,3289,411
113.877,11,219.7,3296,412
113.927,10,199.7,2996,374
113.977,11,219.8,3296,412
114.027,11,219.5,3292,411
114.077,11,219.6,3294,412
114.127,11,220.0,3300,412
114.177,11,219.9,3299,412
114.227,11,219.7,3295,412
114.277,11,219.8,3297,412
114.327,11,220.0,3300,412
114.377,11,219.7,3296,412
114.428,11,219.7,3296,412
114.478,11,219.4,3292,411
114.528,11,218.8,3283,410
114.578,11,219.7,3296,412
114.628,10,199.8,2997,375
114.678,11,219.2,3287,411
114.728,11,220.0,3300,412
114.778,11,219.8,3297,412
114.828,11,220.0,3299,412
114.878,11,219.2,3287,411
114.929,11,219.2,3288,411
114.979,11,219.3,3290,411
115.029,11,219.6,3294,412
115.079,11,219.9,3299,412
115.129,11,219.6,3293,412
115.179,11,219.3,3290,411
115.229,10,199.6,2994,374
115.279,11,219.9,3299,412
115.329,11,219.5,3292,411
115.379,11,219.7,3296,412
115.430,11,219.8,3296,412
115.480,11,219.4,3291,411
115.530,11,219.6,3293,412
115.580,11,219.4,3292,411
115.630,11,219.8,3297,412
115.680,11,219.4,3291,411
115.730,10,199.8,2997,375
115.780,11,219.5,3292,412
115.830,11,220.0,3300,412
115.880,11,219.6,3294,412
115.930,11,219.7,3296,412
115.981,11,219.4,3292,411
116.031,11,219.3,3290,411
116.081,11,219.7,3295,412
116.131,10,199.6,2994,374
116.181,11,219.3,3290,411
116.231,11,219.6,3294,412
116.281,11,219.3,3290,411
116.331,11,219.4,3292,411
116.381,11,219.7,3296,412
116.431,11,220.0,3299,412
116.482,11,219.5,3293,412
116.532,11,219.4,3291,411
116.582,11,220.0,3300,412
116.632,11,219.7,3296,412
116.682,10,199.5,2993,374
116.732,11,219.7,3295,412
116.782,11,219.3,3290,411
116.832,11,219.1,3286,411
116.882,11,219.5,3293,412
116.933,11,219.1,3286,411
116.983,11,219.5,3293,412
117.033,11,219.4,3291,411
117.083,11,219.6,3295,412
117.133,11,219.7,3296,412
117.183,11,219.8,3298,412
117.233,10,200.0,2999,375
117.283,11,219.7,3296,412
117.333,11,219.6,3295,412
117.383,11,219.6,3294,412
117.433,11,219.5,3293,412
117.484,11,219.3,3290,411
117.534,11,219.4,3291,411
117.584,11,219.7,3295,412
117.634,11,219.9,3298,412
117.684,11,219.8,3297,412
117.734,10,199.9,2998,375
117.784,11,219.5,3292,412
117.834,11,219.7,3295,412
117.884,11,219.2,3289,411
117.934,11,219.3,3289,411
117.985,11,219.5,3293,412
118.035,11,219.8,3298,412
118.085,11,219.5,3292,411
118.135,11,219.4,3292,411
118.185,11,219.8,3297,412
118.235,11,219.6,3294,412
118.285,11,219.7,3296,412
118.335,11,219.3,3290,411
118.385,11,219.4,3291,411
118.435,11,220.0,3300,412
118.485,11,219.5,3292,411
118.536,11,219.5,3293,412
118.586,11,219.9,3299,412
118.636,11,219.5,3292,411
118.686,11,219.7,3295,412
118.736,11,219.5,3293,412
118.786,11,219.6,3294,412
118.836,11,219.6,3294,412
118.886,11,219.1,3287,411
118.936,11,219.8,3296,412
118.986,11,219.9,3298,412
119.037,11,219.3,3289,411
119.087,11,219.6,3294,412
119.137,11,219.6,3294,412
119.187,11,219.7,3296,412
119.237,11,219.4,3291,411
119.287,11,219.1,3287,411
119.337,11,219.6,3294,412
119.387,11,219.9,3299,412
119.437,11,219.2,3288,411
119.487,11,220.0,3299,412
119.538,11,219.2,3288,411
119.588,11,219.8,3297,412
119.638,11,219.3,3290,411
119.688,11,219.8,3297,412
119.738,11,219.8,3297,412
119.788,11,219.6,3294,412
119.838,11,219.5,3293,412
119.888,11,219.8,3297,412
119.938,11,219.6,3294,412
119.988,11,219.5,3292,411
120.038,11,219.8,3296,412
120.088,11,219.9,3298,412
120.139,11,219.3,3289,411
120.189,11,219.7,3296,412
120.239,11,219.5,3292,412
120.289,11,219.2,3288,411
120.339,11,220.0,3300,412
120.389,11,220.0,3299,412
120.439,11,219.8,3297,412
120.489,10,199.5,2992,374
120.539,12,239.4,3591,449
120.589,10,199.9,2998,375
120.639,11,219.3,3289,411
120.690,11,219.8,3296,412
120.740,11,219.7,3296,412
120.790,11,219.6,3294,412
120.840,11,219.8,3297,412
120.890,11,219.3,3290,411
120.940,11,219.5,3292,411
120.990,11,219.6,3294,412
121.040,11,219.7,3295,412
121.090,11,219.6,3295,412
121.140,11,220.0,3300,412
121.190,11,219.2,3288,411
121.240,11,219.9,3299,412
121.290,11,219.8,3297,412
121.341,11,219.4,3291,411
121.391,11,219.5,3293,412
121.441,11,220.0,3300,412
121.491,11,219.7,3296,412
121.541,11,218.8,3282,410
121.591,11,219.8,3297,412
121.641,11,219.3,3289,411
121.691,11,219.2,3288,411
121.742,11,219.0,3285,411
121.792,11,219.8,3298,412
121.842,12,239.7,3595,449
121.892,11,219.5,3292,411
121.942,11,219.5,3292,412
121.992,11,219.3,3290,411
122.042,11,219.3,3290,411
122.092,11,219.9,3299,412
122.143,11,219.1,3287,411
122.193,11,219.5,3292,411
122.243,11,219.5,3293,412
122.293,11,219.7,3296,412
122.343,11,219.1,3286,411
122.393,11,219.6,3294,412
122.443,11,219.5,3292,412
122.493,11,220.0,3300,412
122.543,11,219.9,3298,412
122.593,11,219.5,3293,412
122.643,11,219.7,3295,412
122.693,11,220.0,3300,412
122.744,11,219.3,3290,411
122.794,11,219.8,3297,412
122.844,11,219.8,3297,412
122.894,11,219.5,3292,411
122.944,11,219.2,3289,411
122.994,11,219.7,3295,412
123.044,11,219.4,3292,411
123.094,11,219.8,3297,412
123.144,11,219.9,3298,412
123.194,11,219.7,3296,412
123.244,12,239.8,3598,450
123.294,11,219.5,3293,412
123.345,11,219.4,3291,411
123.395,11,219.6,3295,412
123.445,11,219.3,3289,411
123.495,11,219.6,3294,412
123.545,11,219.3,3289,411
123.595,11,219.3,3290,411
123.645,11,219.6,3293,412
123.695,11,219.6,3294,412
123.745,11,219.9,3298,412
123.796,11,219.7,3295,412
123.846,11,219.4,3290,411
123.896,11,219.7,3296,412
123.946,11,219.4,3292,411
123.996,11,219.5,3292,411
124.046,11,219.5,3292,412
124.096,12,239.3,3590,449
124.146,11,219.2,3288,411
124.197,11,219.3,3289,411
124.247,11,220.0,3300,412
124.297,11,219.5,3292,411
124.347,11,219.7,3296,412
124.397,11,219.7,3296,412
124.447,11,219.2,3287,411
124.497,11,219.9,3298,412
124.547,11,219.3,3290,411
124.597,10,199.6,2994,374
124.648,11,219.3,3289,411
124.698,11,219.9,3299,412
124.748,11,219.9,3298,412
124.798,11,219.2,3288,411
124.848,11,219.7,3296,412
124.898,11,219.4,3291,411
124.948,11,219.2,3288,411
124.998,11,219.2,3289,411
125.048,11,219.5,3293,412
125.099,11,219.3,3290,411
125.149,11,220.0,3300,412
125.199,11,219.4,3291,411
125.249,11,219.5,3292,412
125.299,11,219.6,3294,412
125.349,11,219.9,3298,412
125.399,11,219.9,3299,412
125.449,11,219.7,3295,412
125.499,11,219.6,3294,412
125.549,11,219.9,3298,412
125.599,11,219.8,3298,412
125.649,11,220.0,3299,412
125.699,11,219.5,3292,411
125.749,11,219.4,3292,411
125.800,11,219.2,3289,411
125.850,11,219.6,3295,412
125.900,10,199.3,2989,374
125.950,11,219.9,3299,412
126.000,11,219.0,3285,411
126.050,11,219.6,3294,412
126.100,11,219.2,3288,411
126.150,11,219.8,3298,412
126.201,11,219.4,3291,411
126.251,11,219.2,3288,411
126.301,11,219.7,3296,412
126.351,11,219.7,3295,412
126.401,11,219.6,3295,412
126.451,11,219.3,3290,411
126.501,11,219.7,3296,412
126.551,11,219.1,3287,411
126.602,11,219.2,3288,411
126.652,11,220.0,3300,412
126.702,11,219.7,3296,412
126.752,11,219.7,3296,412
126.802,11,220.0,3299,412
126.852,11,219.7,3296,412
126.902,11,219.3,3289,411
126.952,11,219.4,3291,411
127.002,11,219.6,3294,412
127.052,11,219.6,3294,412
127.102,11,219.7,3295,412
127.152,11,219.6,3294,412
127.203,11,219.4,3291,411
127.253,11,219.5,3292,411
127.303,11,219.6,3295,412
127.353,11,219.6,3293,412
127.403,11,219.3,3289,411
127.453,11,218.9,3283,410
127.503,10,199.8,2997,375
127.553,11,219.4,3291,411
127.604,11,219.6,3294,412
127.654,11,220.0,3299,412
127.704,11,219.9,3299,412
127.754,11,219.8,3297,412
127.804,11,219.6,3294,412
127.854,11,219.8,3298,412
127.904,11,219.7,3296,412
127.954,11,219.2,3289,411
128.004,11,220.0,3299,412
128.054,11,219.2,3288,411
128.104,11,220.0,3300,412
128.154,11,219.7,3296,412
128.204,11,219.7,3296,412
128.254,11,219.7,3295,412
128.305,11,219.5,3292,412
128.355,11,219.2,3289,411
128.405,11,219.5,3293,412
128.455,11,219.9,3298,412
128.505,11,219.8,3297,412
128.555,11,219.5,3293,412
128.605,11,220.0,3299,412
128.655,10,199.8,2996,375
128.705,11,219.4,3291,411
128.755,11,219.8,3296,412
128.805,11,219.2,3287,411
128.856,11,219.7,3296,412
128.906,11,219.7,3296,412
128.956,11,219.5,3292,412
129.006,11,219.7,3295,412
129.056,11,219.8,3297,412
129.106,11,220.0,3299,412
129.156,11,220.0,3300,412
129.206,11,219.5,3292,411
129.256,11,219.9,3299,412
129.306,11,219.5,3292,412
129.356,11,219.8,3298,412
129.406,10,199.8,2998,375
129.456,12,239.2,3588,449
129.506,10,199.5,2993,374
129.556,11,219.8,3297,412
129.607,11,219.6,3295,412
129.657,11,219.1,3287,411
129.707,11,219.6,3294,412
129.757,11,219.9,3299,412
129.807,11,219.5,3292,412
129.857,11,219.9,3299,412
129.907,11,219.5,3293,412
129.957,11,219.7,3295,412
130.007,11,219.7,3295,412
130.057,11,219.5,3293,412
130.107,11,219.6,3295,412
130.157,11,220.0,3300,412
130.208,11,219.5,3292,412
130.258,11,219.2,3288,411
130.308,11,219.7,3295,412
130.358,11,219.1,3286,411
130.408,11,219.5,3292,411
130.458,11,219.6,3294,412
130.508,11,219.2,3288,411
130.559,10,199.7,2996,374
130.609,11,219.2,3289,411
130.659,11,219.8,3297,412
130.709,11,219.5,3293,412
130.759,11,219.6,3294,412
130.809,11,219.5,3292,412
130.859,11,219.8,3297,412
130.909,11,219.3,3290,411
130.959,11,219.4,3291,411
131.009,11,219.8,3297,412
131.060,11,219.1,3287,411
131.110,11,219.4,3290,411
131.160,11,219.7,3295,412
131.210,11,219.9,3299,412
131.260,11,219.4,3291,411
131.310,11,218.9,3283,410
131.360,11,220.0,3300,412
131.410,11,219.2,3288,411
131.461,11,219.7,3295,412
131.511,11,219.6,3294,412
131.561,11,219.4,3291,411
131.611,10,199.7,2996,375
131.661,11,219.5,3292,412
131.711,11,219.5,3292,411
131.761,11,219.4,3292,411
131.811,11,219.9,3298,412
131.861,11,219.4,3291,411
131.911,11,220.0,3300,412
131.961,11,219.5,3293,412
132.012,11,219.4,3291,411
132.062,11,220.0,3299,412
132.112,11,219.7,3295,412
132.162,11,219.8,3297,412
132.212,11,219.4,3291,411
132.262,11,220.0,3299,412
132.312,11,219.3,3289,411
132.362,11,219.7,3296,412
132.412,11,219.9,3299,412
132.462,11,219.8,3297,412
132.512,11,219.7,3296,412
132.562,11,220.0,3299,412
132.612,11,219.2,3288,411
132.662,11,219.9,3299,412
132.713,11,219.2,3288,411
132.763,10,199.3,2989,374
132.813,11,219.8,3297,412
132.863,11,219.6,3294,412
132.913,11,219.5,3292,412
132.963,11,219.5,3292,411
133.013,11,219.8,3297,412
133.063,11,219.6,3295,412
133.113,11,219.5,3292,412
133.164,11,219.5,3292,411
133.214,11,219.8,3297,412
133.264,11,219.6,3295,412
133.314,11,219.1,3287,411
133.364,11,219.8,3297,412
133.414,10,199.4,2991,374
133.464,11,219.7,3295,412
133.514,11,219.5,3293,412
133.564,11,219.2,3288,411
133.615,11,219.7,3295,412
133.665,11,219.6,3295,412
133.715,11,219.4,3291,411
133.765,11,219.9,3298,412
133.815,11,219.3,3289,411
133.865,11,219.8,3297,412
133.915,11,219.4,3290,411
133.965,10,200.0,3000,375
134.015,11,219.2,3288,411
134.065,11,219.8,3297,412
134.115,11,219.7,3295,412
134.166,11,219.5,3292,412
134.216,11,220.0,3299,412
134.266,11,220.0,3300,412
134.316,11,219.8,3296,412
134.366,10,199.7,2996,374
134.416,11,219.8,3297,412
134.466,11,219.8,3297,412
134.516,11,219.3,3289,411
134.566,11,219.2,3287,411
134.616,11,219.6,3294,412
134.666,11,219.5,3293,412
134.716,11,219.5,3293,412
134.767,10,199.6,2994,374
134.817,11,219.8,3297,412
134.867,11,219.7,3296,412
134.917,11,219.7,3296,412
134.967,11,219.1,3287,411
135.017,11,219.3,3289,411
135.067,11,219.9,3298,412
135.117,10,199.8,2997,375
135.167,11,219.8,3298,412
135.217,11,219.9,3298,412
135.267,11,219.5,3293,412
135.317,11,219.9,3298,412
135.368,11,219.4,3291,411
135.418,11,219.9,3298,412
135.468,11,219.0,3285,411
135.518,11,219.6,3295,412
135.568,10,199.6,2994,374
135.618,11,219.0,3285,411
135.668,11,220.0,3300,412
135.718,11,219.1,3287,411
135.768,11,219.8,3297,412
135.818,11,219.8,3297,412
135.869,11,219.8,3297,412
135.919,11,219.3,3289,411
135.969,11,219.3,3290,411
136.019,10,199.7,2995,374
136.069,11,219.8,3297,412
136.119,11,220.0,3299,412
136.169,11,219.4,3291,411
136.219,11,219.6,3294,412
136.269,11,219.2,3287,411
136.319,11,219.8,3296,412
136.370,11,219.5,3293,412
136.420,11,219.8,3296,412
136.470,11,219.9,3298,412
136.520,10,199.2,2988,374
136.570,11,219.6,3293,412
136.620,11,219.1,3287,411
136.670,11,219.8,3297,412
136.720,11,219.9,3298,412
136.770,11,219.9,3299,412
136.820,11,219.6,3294,412
136.870,11,219.2,3288,411
136.921,11,219.8,3297,412
136.971,11,219.5,3293,412
137.021,11,220.0,3299,412
137.071,11,219.8,3297,412
137.121,11,219.8,3297,412
137.171,10,199.8,2997,375
137.221,12,239.3,3589,449
137.271,10,199.9,2999,375
137.321,11,219.4,3292,411
137.371,11,219.7,3296,412
137.421,11,219.6,3294,412
137.471,11,219.6,3294,412
137.522,11,219.2,3289,411
137.572,11,219.9,3298,412
137.622,11,219.7,3296,412
137.672,11,219.5,3292,411
137.722,11,220.0,3300,412
137.772,11,219.7,3296,412
137.822,11,219.7,3295,412
137.872,11,219.6,3294,412
137.922,11,219.6,3294,412
137.972,11,219.5,3292,411
138.022,11,219.8,3298,412
138.072,11,219.7,3295,412
138.122,11,219.1,3287,411
138.173,11,219.4,3290,411
138.223,11,219.6,3294,412
138.273,11,218.8,3282,410
138.323,11,218.9,3284,410
138.373,11,218.9,3284,411
138.424,11,218.9,3284,410
138.474,11,219.1,3287,411
138.524,11,219.5,3292,412
138.574,11,219.5,3293,412
138.624,11,219.3,3290,411
138.674,11,219.3,3290,411
138.724,11,220.0,3300,412
138.775,11,219.3,3290,411
138.825,12,238.8,3583,448
138.875,11,219.7,3296,412
138.925,11,219.1,3287,411
138.975,11,220.0,3300,412
139.025,11,219.5,3292,412
139.075,11,219.8,3297,412
139.125,11,219.5,3292,412
139.175,11,220.0,3300,412
139.226,11,219.2,3288,411
139.276,11,219.4,3291,411
139.326,11,219.1,3287,411
139.376,11,219.1,3287,411
139.426,11,219.0,3285,411
139.476,11,220.0,3300,412
139.526,12,239.6,3595,449
139.577,11,219.3,3290,411
139.627,11,219.9,3298,412
139.677,11,219.8,3296,412
139.727,11,219.4,3291,411
139.777,11,219.1,3286,411
139.827,11,219.9,3299,412
139.877,11,219.2,3288,411
139.927,11,219.6,3295,412
139.977,12,239.1,3586,448
140.028,11,219.6,3294,412
140.078,11,219.3,3290,411
140.128,11,219.3,3289,411
140.178,11,219.1,3287,411
140.228,11,219.8,3296,412
140.278,12,239.8,3597,450
140.328,11,219.4,3291,411
140.378,11,219.8,3298,412
140.428,11,219.9,3299,412
140.478,11,220.0,3300,412
140.529,11,219.5,3293,412
140.579,12,239.4,3591,449
140.629,11,219.4,3290,411
140.679,11,219.9,3299,412
140.729,11,219.1,3287,411
140.779,11,218.9,3284,410
140.829,12,239.1,3587,448
140.879,11,219.8,3297,412
140.930,11,219.5,3292,411
140.980,11,219.4,3291,411
141.030,11,219.6,3294,412
141.080,11,219.4,3291,411
141.130,12,239.6,3593,449
141.180,11,219.4,3291,411
141.230,11,219.8,3297,412
141.280,11,219.4,3291,411
141.330,11,220.0,3300,412
141.380,11,219.4,3292,411
141.431,11,218.8,3283,410
141.481,12,240.0,3599,450
141.531,11,219.6,3294,412
141.581,11,220.0,3300,412
141.631,11,219.8,3296,412
141.681,11,219.6,3294,412
141.731,11,219.9,3298,412
141.781,11,219.4,3292,411
141.831,12,239.2,3588,449
141.881,11,219.6,3294,412
141.932,11,219.1,3287,411
141.982,11,219.2,3289,411
142.032,11,219.0,3285,411
142.082,11,219.6,3295,412
142.132,11,219.4,3291,411
142.182,12,239.6,3594,449
142.232,11,220.0,3300,412
142.282,11,219.8,3297,412
142.332,11,219.6,3293,412
142.383,11,219.6,3294,412
142.433,11,219.4,3291,411
142.483,11,219.5,3292,412
142.533,11,219.5,3292,412
142.583,12,239.4,3591,449
142.633,11,219.4,3291,411
142.683,11,219.8,3296,412
142.733,11,219.5,3292,411
142.783,11,219.8,3296,412
142.834,11,219.5,3292,411
142.884,11,219.8,3297,412
142.934,12,239.7,3595,449
142.984,11,219.7,3296,412
143.034,11,219.7,3295,412
143.084,11,220.0,3300,412
143.134,11,219.4,3291,411
143.184,11,219.6,3294,412
143.234,11,218.8,3283,410
143.284,11,219.4,3292,411
143.335,11,219.4,3291,411
143.385,11,219.3,3289,411
143.435,12,239.6,3594,449
143.485,11,220.0,3300,412
143.535,11,219.8,3297,412
143.585,11,220.0,3300,412
143.635,11,219.3,3290,411
143.685,11,219.5,3293,412
143.735,11,219.3,3289,411
143.785,11,219.7,3295,412
143.835,11,220.0,3300,412
143.885,11,219.5,3292,411
143.935,11,219.9,3299,412
143.986,11,219.2,3288,411
144.036,11,219.7,3295,412
144.086,11,219.4,3292,411
144.136,11,219.4,3292,411
144.186,11,219.5,3293,412
144.236,11,219.5,3292,411
144.286,11,219.6,3294,412
144.336,11,219.6,3294,412
144.387,11,219.4,3290,411
144.437,11,219.9,3298,412
144.487,11,220.0,3299,412
144.537,11,218.8,3281,410
144.587,11,219.6,3294,412
144.637,11,219.2,3288,411
144.687,11,219.7,3295,412
144.737,11,218.9,3283,410
144.788,11,219.5,3293,412
144.838,11,219.4,3291,411
144.888,11,219.8,3297,412
144.938,11,219.5,3292,412
144.988,11,220.0,3300,412
145.038,11,219.3,3289,411
145.088,11,219.3,3289,411
145.138,11,219.8,3297,412
145.188,11,219.5,3292,412
145.239,11,219.3,3290,411
145.289,10,199.3,2990,374
145.339,11,219.6,3294,412
145.389,11,219.3,3289,411
145.439,11,219.7,3295,412
145.489,11,219.4,3291,411
145.539,11,219.7,3295,412
145.589,11,219.9,3299,412
145.639,11,219.2,3288,411
145.690,11,219.8,3296,412
145.740,11,220.0,3300,412
145.790,10,199.7,2996,374
145.840,11,219.3,3290,411
145.890,11,219.5,3293,412
145.940,11,219.3,3289,411
145.990,11,219.8,3297,412
146.040,11,219.7,3295,412
146.090,11,220.0,3299,412
146.140,11,219.1,3287,411
146.190,11,219.4,3290,411
146.241,11,219.3,3290,411
146.291,11,219.7,3296,412
146.341,10,199.5,2993,374
146.391,11,219.6,3293,412
146.441,11,219.5,3292,412
146.491,11,219.2,3288,411
146.541,11,219.2,3288,411
146.592,11,219.2,3288,411
146.642,11,219.5,3293,412
146.692,11,219.5,3293,412
146.742,11,219.6,3294,412
146.792,11,219.8,3296,412
146.842,11,219.6,3294,412
146.892,11,219.7,3296,412
146.942,11,219.8,3297,412
146.992,11,219.6,3294,412
147.042,10,199.5,2992,374
147.092,11,219.9,3299,412
147.143,11,219.5,3292,412
147.193,11,219.7,3296,412
147.243,11,220.0,3300,412
147.293,11,219.5,3293,412
147.343,11,219.7,3295,412
147.393,11,219.8,3297,412
147.443,11,219.5,3292,412
147.493,11,219.7,3295,412
147.543,11,219.4,3292,411
147.593,12,239.3,3590,449
147.643,11,219.5,3292,411
147.694,11,219.2,3289,411
147.744,11,219.7,3296,412
147.794,11,220.0,3300,412
147.844,11,219.9,3298,412
147.894,11,219.3,3290,411
147.944,11,219.7,3295,412
147.994,11,219.3,3289,411
148.044,11,219.4,3292,411
148.094,11,219.5,3292,411
148.144,11,219.7,3295,412
148.194,11,219.8,3296,412
148.244,12,239.8,3597,450
148.295,11,219.7,3296,412
148.345,11,219.5,3292,412
148.395,11,219.4,3291,411
148.445,11,219.7,3296,412
148.495,11,219.4,3291,411
148.545,11,219.9,3299,412
148.595,12,239.4,3591,449
148.645,11,219.7,3296,412
148.695,11,219.4,3291,411
148.746,11,219.0,3284,411
148.796,11,219.6,3293,412
148.846,11,220.0,3300,412
148.896,12,239.6,3594,449
148.946,11,219.9,3299,412
148.996,11,219.5,3293,412
149.046,11,219.5,3293,412
149.096,11,219.4,3291,411
149.146,11,219.3,3290,411
149.196,12,239.9,3598,450
149.246,11,219.5,3293,412
149.297,11,219.1,3287,411
149.347,11,219.8,3297,412
149.397,12,239.5,3593,449
149.447,11,219.8,3297,412
149.497,11,219.5,3293,412
149.547,11,219.9,3299,412
149.597,11,219.6,3294,412
149.647,11,219.9,3298,412
149.697,12,239.1,3586,448
149.747,11,219.9,3298,412
149.797,11,219.3,3289,411
149.847,11,219.8,3297,412
149.898,12,239.9,3599,450
149.948,11,219.9,3298,412
149.998,11,219.4,3290,411
150.048,11,219.4,3291,411
150.098,12,239.5,3593,449
150.148,11,219.6,3295,412
150.198,11,219.8,3297,412
150.248,11,219.7,3295,412
150.298,11,219.7,3296,412
150.348,12,239.9,3598,450
150.398,11,219.8,3298,412
150.448,11,219.7,3296,412
150.498,11,219.4,3292,411
150.549,12,239.4,3592,449
150.599,11,219.5,3293,412
150.649,11,219.6,3295,412
150.699,11,219.2,3288,411
150.749,11,220.0,3300,412
150.799,12,239.1,3587,448
150.849,11,219.7,3296,412
150.899,11,219.7,3295,412
150.949,11,219.8,3296,412
151.000,12,239.1,3587,448
151.050,11,219.2,3289,411
151.100,11,219.7,3295,412
151.150,11,219.2,3287,411
151.200,11,219.3,3290,411
151.250,12,239.8,3597,450
151.300,11,219.8,3297,412
151.350,11,219.1,3286,411
151.401,11,219.3,3290,411
151.451,12,239.3,3589,449
151.501,11,219.7,3295,412
151.551,11,219.8,3297,412
151.601,11,219.6,3293,412
151.651,11,219.2,3288,411
151.701,12,239.7,3595,449
151.751,11,219.4,3291,411
151.801,11,219.7,3296,412
151.851,11,219.8,3297,412
151.901,12,240.0,3599,450
151.952,11,219.2,3288,411
152.002,11,219.1,3286,411
152.052,11,219.7,3296,412
152.102,12,239.1,3586,448
152.152,11,219.5,3292,412
152.202,11,219.2,3288,411
152.252,11,219.7,3296,412
152.302,11,219.8,3297,412
152.353,12,239.4,3591,449
152.403,11,220.0,3300,412
152.453,11,219.5,3292,411
152.503,11,219.4,3291,411
152.553,12,239.6,3594,449
152.603,11,219.9,3298,412
152.653,11,219.7,3295,412
152.703,11,219.6,3293,412
152.753,11,219.7,3295,412
152.803,12,239.2,3589,449
152.853,11,219.6,3294,412
152.904,11,219.7,3296,412
152.954,11,219.9,3298,412
153.004,11,219.6,3294,412
153.054,12,238.6,3579,447
153.104,11,219.4,3291,411
153.154,11,219.6,3294,412
153.204,11,219.5,3292,411
153.254,11,219.8,3296,412
153.304,12,239.4,3591,449
153.355,11,219.5,3293,412
153.405,11,219.7,3295,412
153.455,11,219.7,3296,412
153.505,11,219.7,3296,412
153.555,12,239.0,3585,448
153.605,11,219.3,3290,411
153.655,11,219.3,3289,411
153.705,11,219.8,3297,412
153.756,11,219.3,3290,411
153.806,12,239.9,3599,450
153.856,11,219.8,3297,412
153.906,11,219.9,3298,412
153.956,11,219.2,3287,411
154.006,11,219.6,3294,412
154.056,11,219.2,3288,411
154.106,12,239.9,3598,450
154.156,11,219.2,3288,411
154.206,11,219.2,3288,411
154.257,11,219.6,3294,412
154.307,11,219.8,3297,412
154.357,12,240.0,3600,450
154.407,11,219.3,3289,411
154.457,11,218.8,3282,410
154.507,11,218.9,3283,410
154.557,11,219.5,3293,412
154.608,12,239.5,3593,449
154.658,11,219.6,3295,412
154.708,11,219.3,3289,411
154.758,11,219.7,3295,412
154.808,11,219.8,3297,412
154.858,11,219.4,3291,411
154.908,12,239.4,3591,449
154.958,11,219.6,3295,412
155.008,11,219.9,3298,412
155.058,11,219.7,3296,412
155.108,11,219.7,3296,412
155.158,12,239.6,3594,449
155.209,11,219.4,3292,411
155.259,11,219.4,3290,411
155.309,11,219.7,3295,412
155.359,11,219.5,3292,412
155.409,11,219.0,3285,411
155.459,12,239.8,3596,450
155.509,11,219.8,3298,412
155.559,11,219.9,3298,412
155.609,11,219.7,3295,412
155.660,11,219.4,3290,411
155.710,11,219.3,3290,411
155.760,12,239.5,3592,449
155.810,11,219.8,3298,412
155.860,11,219.2,3288,411
155.910,11,219.7,3296,412
155.960,11,219.7,3296,412
156.010,11,220.0,3300,412
156.060,11,219.5,3292,411
156.110,12,239.2,3588,449
156.161,11,219.3,3290,411
156.211,11,219.5,3292,411
156.261,11,219.8,3296,412
156.311,11,219.6,3294,412
156.361,11,219.8,3297,412
156.411,12,240.0,3600,450
156.461,11,219.7,3296,412
156.511,11,219.8,3296,412
156.561,11,219.4,3292,411
156.611,11,219.8,3297,412
156.661,11,219.6,3295,412
156.711,11,219.5,3293,412
156.761,12,240.0,3600,450
156.811,11,220.0,3300,412
156.861,11,219.4,3292,411
156.912,11,219.5,3293,412
156.962,11,219.9,3299,412
157.012,11,220.0,3300,412
157.062,11,219.0,3285,411
157.112,12,239.0,3585,448
157.162,11,219.5,3293,412
157.212,11,219.4,3291,411
157.262,11,219.7,3295,412
157.312,11,219.8,3298,412
157.362,11,219.9,3299,412
157.413,11,219.5,3293,412
157.463,12,239.6,3594,449
157.513,11,219.0,3285,411
157.563,11,219.9,3299,412
157.613,11,219.4,3291,411
157.663,11,219.6,3294,412
157.713,11,219.6,3294,412
157.763,11,219.4,3292,411
157.813,11,219.6,3293,412
157.864,12,239.4,3591,449
157.914,11,219.9,3298,412
157.964,11,219.9,3298,412
158.014,11,219.6,3294,412
158.064,11,219.9,3298,412
158.114,11,219.5,3293,412
158.164,11,219.5,3293,412
158.214,11,219.5,3293,412
158.264,11,219.2,3288,411
158.314,12,239.8,3597,450
158.364,11,219.8,3296,412
158.414,11,219.9,3299,412
158.464,11,219.5,3293,412
158.514,11,219.6,3294,412
158.565,11,219.1,3286,411
158.615,11,219.4,3292,411
158.665,11,219.9,3299,412
158.715,11,220.0,3300,412
158.765,11,220.0,3300,412
158.815,11,219.7,3295,412
158.865,12,239.3,3589,449
158.915,11,219.6,3293,412
158.965,11,219.7,3296,412
159.015,11,219.2,3288,411
159.066,11,218.9,3283,410
159.116,11,219.6,3293,412
159.166,11,219.2,3287,411
159.216,12,239.7,3596,449
159.266,11,219.9,3298,412
159.316,11,219.0,3284,411
159.366,11,219.2,3289,411
159.417,11,219.4,3291,411
159.467,11,219.1,3286,411
159.517,11,219.8,3297,412
159.567,11,219.8,3297,412
159.617,11,220.0,3300,412
159.667,12,239.5,3592,449
159.717,11,219.7,3296,412
159.767,11,219.7,3296,412
159.817,11,219.9,3299,412
159.867,11,219.3,3289,411
159.917,11,219.4,3291,411
159.968,11,219.7,3296,412
160.018,11,219.6,3294,412
160.068,11,220.0,3299,412
160.118,11,219.4,3290,411
160.168,12,239.5,3592,449
160.218,11,219.4,3291,411
160.268,11,219.6,3294,412
160.318,11,219.7,3296,412
160.368,11,219.9,3298,412
160.418,11,219.7,3295,412
160.468,11,219.2,3288,411
160.519,11,219.1,3287,411
160.569,11,219.5,3292,412
160.619,11,219.9,3299,412
160.669,12,239.8,3597,450
160.719,11,219.4,3291,411
160.769,11,219.5,3293,412
160.819,11,219.6,3294,412
160.869,11,219.6,3294,412
160.919,11,219.6,3294,412
160.969,11,219.4,3291,411
161.020,11,219.6,3294,412
161.070,11,220.0,3299,412
161.120,11,219.9,3299,412
161.170,11,219.7,3295,412
161.220,11,219.9,3298,412
161.270,11,219.5,3293,412
161.320,12,239.2,3589,449
161.370,11,219.5,3292,412
161.420,11,219.5,3292,412
161.470,11,220.0,3299,412
161.520,11,219.4,3291,411
161.570,11,219.8,3296,412
161.621,11,219.6,3294,412
161.671,11,219.6,3294,412
161.721,11,219.3,3290,411
161.771,11,219.6,3294,412
161.821,11,219.5,3293,412
161.871,11,219.9,3299,412
161.921,12,239.1,3586,448
161.971,11,219.2,3289,411
162.021,11,219.7,3296,412
162.071,11,219.7,3295,412
162.122,11,219.2,3288,411
162.172,11,219.6,3293,412
162.222,11,219.1,3287,411
162.272,11,219.4,3291,411
162.322,11,219.2,3288,411
162.372,11,219.6,3293,412
162.423,11,219.5,3292,412
162.473,12,239.4,3591,449
162.523,11,219.6,3295,412
162.573,11,220.0,3300,412
162.623,11,219.8,3297,412
162.673,11,219.4,3291,411
162.723,11,219.2,3289,411
162.773,11,219.4,3291,411
162.823,11,220.0,3300,412
162.873,11,219.4,3291,411
162.923,11,219.8,3296,412
162.973,11,219.8,3296,412
163.024,11,219.8,3297,412
163.074,12,239.7,3595,449
163.124,11,220.0,3300,412
163.174,11,220.0,3300,412
163.224,11,219.2,3288,411
163.274,11,219.7,3295,412
163.324,11,219.1,3287,411
163.374,11,219.8,3297,412
163.424,11,219.8,3297,412
163.474,11,219.7,3295,412
163.524,11,219.3,3290,411
163.575,11,219.4,3290,411
163.625,12,239.3,3590,449
163.675,11,219.4,3291,411
163.725,11,219.5,3293,412
163.775,11,219.4,3291,411
163.825,11,219.5,3293,412
163.875,11,220.0,3300,412
163.925,11,219.7,3296,412
163.975,11,219.5,3292,412
164.025,11,219.9,3298,412
164.075,11,219.8,3297,412
164.125,12,239.7,3596,449
164.176,11,219.5,3293,412
164.226,11,219.3,3290,411
164.276,11,219.1,3287,411
164.326,11,219.8,3297,412
164.376,11,219.9,3298,412
164.426,11,219.6,3294,412
164.476,11,219.8,3296,412
164.526,12,239.7,3596,449
164.576,11,219.3,3290,411
164.627,11,219.1,3286,411
164.677,11,219.8,3298,412
164.727,11,219.9,3299,412
164.777,11,219.5,3293,412
164.827,12,239.1,3586,448
164.877,11,219.3,3289,411
164.927,11,219.2,3288,411
164.977,11,219.4,3292,411
165.028,11,219.5,3293,412
165.078,11,219.9,3299,412
165.128,11,219.4,3291,411
165.178,12,239.4,3591,449
165.228,11,219.8,3296,412
165.278,11,219.4,3290,411
165.328,11,219.1,3287,411
165.378,11,219.8,3297,412
165.428,11,219.3,3290,411
165.478,11,219.6,3295,412
165.529,12,239.0,3586,448
165.579,11,219.3,3290,411
165.629,10,199.4,2991,374
165.679,11,220.0,3299,412
165.729,11,219.7,3296,412
165.779,10,199.6,2994,374
165.829,10,199.9,2998,375
165.879,10,199.7,2996,374
165.929,9,179.8,2698,337
165.979,9,179.8,2697,337
166.029,10,199.9,2999,375
166.079,8,159.8,2397,300
166.130,9,179.2,2688,336
166.180,8,159.8,2397,300
166.230,8,159.5,2393,299
166.280,8,159.6,2394,299
166.330,8,159.8,2397,300
166.380,7,139.9,2098,262
166.430,8,159.6,2393,299
166.480,7,139.8,2097,262
166.530,7,139.5,2093,262
166.581,6,119.7,1796,224
166.631,7,139.5,2092,261
166.681,6,120.0,1800,225
166.731,6,119.9,1798,225
166.781,6,119.5,1793,224
166.831,6,119.6,1795,224
166.881,5,99.8,1497,187
166.931,6,119.7,1795,224
166.982,5,99.6,1495,187
167.032,5,99.8,1497,187
167.082,5,99.9,1498,187
167.132,4,79.9,1198,150
167.182,5,99.8,1497,187
167.232,4,79.8,1197,150
167.282,4,80.0,1200,150
167.332,4,79.9,1198,150
167.382,4,79.8,1197,150
167.432,3,59.9,899,112
167.482,4,79.8,1196,150
167.533,3,59.8,897,112
167.583,4,79.8,1197,150
167.633,3,59.8,897,112
167.683,3,60.0,900,112
167.733,3,59.9,898,112
167.783,2,40.0,600,75
167.833,3,59.8,897,112
167.883,2,40.0,599,75
167.933,2,40.0,599,75
167.983,2,39.9,599,75
168.034,2,40.0,600,75
168.084,2,39.9,599,75
168.134,1,20.0,300,37
168.184,2,39.9,599,75
168.234,1,20.0,299,37
168.284,2,40.0,600,75
168.334,1,19.9,299,37
168.384,1,19.9,299,37
168.434,1,20.0,300,37
168.484,1,19.9,299,37
168.535,1,19.9,299,37
168.585,0,0.0,0,0
168.635,1,20.0,300,37
168.685,0,0.0,0,0
168.735,0,0.0,0,0
168.785,0,0.0,0,0
168.835,0,0.0,0,0
168.885,0,0.0,0,0
168.935,0,0.0,0,0
168.985,0,0.0,0,0
169.036,0,0.0,0,0
169.086,0,0.0,0,0
169.136,0,0.0,0,0
169.186,0,0.0,0,0
169.236,0,0.0,0,0
169.286,0,0.0,0,0
169.336,0,0.0,0,0
169.386,0,0.0,0,0
169.436,0,0.0,0,0
169.487,0,0.0,0,0
169.537,0,0.0,0,0
169.587,0,0.0,0,0
169.637,0,0.0,0,0
169.687,0,0.0,0,0
169.737,0,0.0,0,0
169.787,0,0.0,0,0
169.837,0,0.0,0,0
169.887,0,0.0,0,0
169.937,0,0.0,0,0
169.988,0,0.0,0,0
170.038,0,0.0,0,0
170.088,0,0.0,0,0
170.138,1,20.0,300,37
170.188,0,0.0,0,0
170.238,0,0.0,0,0
170.288,0,0.0,0,0
170.338,0,0.0,0,0
170.388,0,0.0,0,0
170.438,0,0.0,0,0
170.488,0,0.0,0,0
170.539,0,0.0,0,0
170.589,0,0.0,0,0
170.639,0,0.0,0,0
170.689,0,0.0,0,0
170.739,0,0.0,0,0
170.789,0,0.0,0,0
170.839,0,0.0,0,0
170.889,0,0.0,0,0
170.939,0,0.0,0,0
170.990,0,0.0,0,0
171.040,0,0.0,0,0
171.090,0,0.0,0,0
171.140,0,0.0,0,0
171.190,0,0.0,0,0
171.240,0,0.0,0,0
171.290,0,0.0,0,0
171.340,0,0.0,0,0
171.390,0,0.0,0,0
171.440,0,0.0,0,0
171.491,0,0.0,0,0
171.541,0,0.0,0,0
171.591,0,0.0,0,0
171.641,0,0.0,0,0
171.691,0,0.0,0,0
171.741,0,0.0,0,0
171.791,0,0.0,0,0
171.841,0,0.0,0,0
171.891,0,0.0,0,0
171.941,0,0.0,0,0
171.991,0,0.0,0,0
172.042,0,0.0,0,0
172.092,0,0.0,0,0
172.142,0,0.0,0,0
172.192,0,0.0,0,0
172.242,0,0.0,0,0
172.292,0,0.0,0,0
172.342,0,0.0,0,0
172.392,0,0.0,0,0
172.442,0,0.0,0,0
172.492,0,0.0,0,0
172.543,0,0.0,0,0
172.593,0,0.0,0,0
172.643,0,0.0,0,0
172.693,0,0.0,0,0
172.743,0,0.0,0,0
172.793,0,0.0,0,0
172.843,0,0.0,0,0
172.893,0,0.0,0,0
172.943,0,0.0,0,0
172.994,0,0.0,0,0
173.044,0,0.0,0,0
173.094,0,0.0,0,0
173.144,0,0.0,0,0
173.194,0,0.0,0,0
173.244,0,0.0,0,0
173.294,0,0.0,0,0
173.344,0,0.0,0,0
173.394,0,0.0,0,0
173.444,0,0.0,0,0
173.495,0,0.0,0,0
173.545,0,0.0,0,0
173.595,0,0.0,0,0
173.645,0,0.0,0,0
173.695,0,0.0,0,0
173.745,0,0.0,0,0
173.795,0,0.0,0,0
173.845,0,0.0,0,0
173.895,0,0.0,0,0
173.945,0,0.0,0,0
173.995,0,0.0,0,0
174.045,0,0.0,0,0
174.096,0,0.0,0,0
174.146,0,0.0,0,0
174.196,0,0.0,0,0
174.246,0,0.0,0,0
174.296,0,0.0,0,0
174.346,0,0.0,0,0
174.396,0,0.0,0,0
174.446,0,0.0,0,0
174.497,0,0.0,0,0
174.547,0,0.0,0,0
174.597,0,0.0,0,0
174.647,0,0.0,0,0
174.697,0,0.0,0,0
174.747,0,0.0,0,0
174.797,0,0.0,0,0
174.847,0,0.0,0,0
174.897,0,0.0,0,0
174.948,0,0.0,0,0
174.998,0,0.0,0,0
175.048,0,0.0,0,0
175.098,0,0.0,0,0
175.148,0,0.0,0,0
175.198,0,0.0,0,0
175.248,0,0.0,0,0
175.298,0,0.0,0,0
175.348,0,0.0,0,0
175.398,0,0.0,0,0
175.448,0,0.0,0,0
175.499,0,0.0,0,0
175.549,0,0.0,0,0
175.599,0,0.0,0,0
175.649,0,0.0,0,0
175.699,0,0.0,0,0
175.749,0,0.0,0,0
175.799,0,0.0,0,0
175.849,0,0.0,0,0
175.899,0,0.0,0,0
175.949,0,0.0,0,0
176.000,0,0.0,0,0
176.050,0,0.0,0,0
176.100,0,0.0,0,0
176.150,0,0.0,0,0
176.200,0,0.0,0,0
176.250,0,0.0,0,0
176.300,0,0.0,0,0
176.350,0,0.0,0,0
176.400,0,0.0,0,0
176.450,0,0.0,0,0
176.501,0,0.0,0,0
176.551,0,0.0,0,0
176.601,0,0.0,0,0
176.651,0,0.0,0,0
176.701,0,0.0,0,0
176.751,0,0.0,0,0
176.801,0,0.0,0,0
176.851,0,0.0,0,0
176.901,0,0.0,0,0
176.951,0,0.0,0,0
177.001,0,0.0,0,0
177.051,0,0.0,0,0
177.101,0,0.0,0,0
177.151,0,0.0,0,0
177.201,0,0.0,0,0
177.252,0,0.0,0,0
177.302,0,0.0,0,0
177.352,0,0.0,0,0
177.402,0,0.0,0,0
177.452,0,0.0,0,0
177.502,0,0.0,0,0
177.552,0,0.0,0,0
177.602,0,0.0,0,0
177.652,0,0.0,0,0
177.702,0,0.0,0,0
177.753,0,0.0,0,0
177.803,0,0.0,0,0
177.853,0,0.0,0,0
177.903,0,0.0,0,0
177.953,0,0.0,0,0
178.003,0,0.0,0,0
178.053,0,0.0,0,0
178.103,0,0.0,0,0
178.153,0,0.0,0,0
178.203,0,0.0,0,0
178.253,0,0.0,0,0
178.304,0,0.0,0,0
178.354,0,0.0,0,0
178.404,0,0.0,0,0
178.454,0,0.0,0,0
178.504,0,0.0,0,0
178.554,0,0.0,0,0
178.604,0,0.0,0,0
178.654,0,0.0,0,0
178.704,0,0.0,0,0
178.754,0,0.0,0,0
178.804,0,0.0,0,0
178.855,0,0.0,0,0
178.905,0,0.0,0,0
178.955,0,0.0,0,0
179.005,0,0.0,0,0
179.055,0,0.0,0,0
179.105,0,0.0,0,0
179.155,0,0.0,0,0
179.205,0,0.0,0,0
179.255,0,0.0,0,0
179.305,0,0.0,0,0
179.356,0,0.0,0,0
179.406,0,0.0,0,0
179.456,0,0.0,0,0
179.506,0,0.0,0,0
179.556,0,0.0,0,0
179.606,0,0.0,0,0
179.656,0,0.0,0,0
179.706,0,0.0,0,0
179.756,0,0.0,0,0
179.806,0,0.0,0,0
179.856,0,0.0,0,0
179.906,0,0.0,0,0
179.957,0,0.0,0,0
180.007,0,0.0,0,0
180.057,0,0.0,0,0
180.107,0,0.0,0,0
180.157,0,0.0,0,0
180.207,0,0.0,0,0
180.257,0,0.0,0,0
180.307,0,0.0,0,0
180.357,0,0.0,0,0
180.408,0,0.0,0,0
180.458,0,0.0,0,0
180.508,0,0.0,0,0
180.558,0,0.0,0,0
180.608,0,0.0,0,0
180.658,0,0.0,0,0
180.708,0,0.0,0,0
180.758,0,0.0,0,0
180.808,0,0.0,0,0
180.858,0,0.0,0,0
180.908,0,0.0,0,0
180.958,0,0.0,0,0
181.009,0,0.0,0,0
181.059,0,0.0,0,0
181.109,0,0.0,0,0
181.159,0,0.0,0,0
181.209,0,0.0,0,0
181.259,0,0.0,0,0
181.309,0,0.0,0,0
181.359,0,0.0,0,0
181.410,0,0.0,0,0
181.460,0,0.0,0,0
181.510,0,0.0,0,0
181.560,0,0.0,0,0
181.610,0,0.0,0,0
181.660,0,0.0,0,0
181.710,0,0.0,0,0
181.760,0,0.0,0,0
181.810,0,0.0,0,0
181.861,0,0.0,0,0
181.911,0,0.0,0,0
181.961,0,0.0,0,0
182.011,0,0.0,0,0
182.061,0,0.0,0,0
182.111,0,0.0,0,0
182.161,0,0.0,0,0
182.211,0,0.0,0,0
182.261,0,0.0,0,0
182.311,0,0.0,0,0
182.361,0,0.0,0,0
182.412,0,0.0,0,0
182.462,0,0.0,0,0
182.512,0,0.0,0,0
182.562,0,0.0,0,0
182.612,0,0.0,0,0
182.662,0,0.0,0,0
182.712,0,0.0,0,0
182.762,0,0.0,0,0
182.812,0,0.0,0,0
182.862,0,0.0,0,0
182.913,0,0.0,0,0
182.963,0,0.0,0,0
183.013,0,0.0,0,0
183.063,0,0.0,0,0
183.113,0,0.0,0,0
183.163,0,0.0,0,0
183.213,0,0.0,0,0
183.263,0,0.0,0,0
183.313,0,0.0,0,0
183.363,0,0.0,0,0
183.413,0,0.0,0,0
183.463,0,0.0,0,0
183.514,0,0.0,0,0
183.564,0,0.0,0,0
183.614,0,0.0,0,0
183.664,0,0.0,0,0
183.714,0,0.0,0,0
183.764,0,0.0,0,0
183.814,0,0.0,0,0
183.864,0,0.0,0,0
183.914,0,0.0,0,0
183.964,0,0.0,0,0
184.014,0,0.0,0,0
184.065,0,0.0,0,0
184.115,0,0.0,0,0
184.165,0,0.0,0,0
184.215,0,0.0,0,0
184.265,0,0.0,0,0
184.315,0,0.0,0,0
184.365,0,0.0,0,0
184.415,0,0.0,0,0
184.465,0,0.0,0,0
184.515,0,0.0,0,0
184.565,0,0.0,0,0
184.616,0,0.0,0,0
184.666,0,0.0,0,0
184.716,0,0.0,0,0
184.766,0,0.0,0,0
184.816,0,0.0,0,0
184.866,0,0.0,0,0
184.916,0,0.0,0,0
184.966,0,0.0,0,0
185.016,0,0.0,0,0
185.067,0,0.0,0,0
185.117,0,0.0,0,0
185.167,0,0.0,0,0
185.217,0,0.0,0,0
185.267,0,0.0,0,0
185.317,0,0.0,0,0
185.367,0,0.0,0,0
185.417,0,0.0,0,0
185.468,0,0.0,0,0
185.518,0,0.0,0,0
185.568,0,0.0,0,0
185.618,0,0.0,0,0
185.668,0,0.0,0,0
185.718,0,0.0,0,0
185.768,0,0.0,0,0
185.818,0,0.0,0,0
185.868,0,0.0,0,0
185.919,0,0.0,0,0
185.969,0,0.0,0,0
186.019,0,0.0,0,0
186.069,0,0.0,0,0
186.119,0,0.0,0,0
186.169,0,0.0,0,0
186.219,0,0.0,0,0
186.269,0,0.0,0,0
186.319,0,0.0,0,0
186.369,0,0.0,0,0
186.419,0,0.0,0,0
186.470,0,0.0,0,0
186.520,0,0.0,0,0
186.570,0,0.0,0,0
186.620,0,0.0,0,0
186.670,0,0.0,0,0
186.720,0,0.0,0,0
186.770,0,0.0,0,0
186.820,0,0.0,0,0
186.870,0,0.0,0,0
186.920,0,0.0,0,0
186.970,0,0.0,0,0
187.020,0,0.0,0,0
187.071,0,0.0,0,0
187.121,0,0.0,0,0
187.171,0,0.0,0,0
187.221,0,0.0,0,0
187.271,0,0.0,0,0
187.321,0,0.0,0,0
187.371,0,0.0,0,0
187.421,0,0.0,0,0
187.471,0,0.0,0,0
187.522,0,0.0,0,0
187.572,0,0.0,0,0
187.622,0,0.0,0,0
187.672,0,0.0,0,0
187.722,0,0.0,0,0
187.772,0,0.0,0,0
187.822,0,0.0,0,0
187.872,0,0.0,0,0
187.922,0,0.0,0,0
187.972,0,0.0,0,0
188.022,0,0.0,0,0
188.073,0,0.0,0,0
188.123,0,0.0,0,0
188.173,0,0.0,0,0
188.223,0,0.0,0,0
188.273,0,0.0,0,0
188.323,0,0.0,0,0
188.373,0,0.0,0,0
188.423,0,0.0,0,0
188.473,0,0.0,0,0
188.523,0,0.0,0,0
188.573,0,0.0,0,0
188.624,0,0.0,0,0
188.674,0,0.0,0,0
188.724,0,0.0,0,0
188.774,0,0.0,0,0
188.824,0,0.0,0,0
188.874,0,0.0,0,0
188.924,0,0.0,0,0
188.974,0,0.0,0,0
189.025,0,0.0,0,0
189.075,0,0.0,0,0
189.125,0,0.0,0,0
189.175,0,0.0,0,0
189.225,0,0.0,0,0
189.275,0,0.0,0,0
189.325,0,0.0,0,0
189.375,0,0.0,0,0
189.425,0,0.0,0,0
189.475,0,0.0,0,0
189.525,0,0.0,0,0
189.575,0,0.0,0,0
189.625,0,0.0,0,0
189.675,0,0.0,0,0
189.725,0,0.0,0,0
189.775,0,0.0,0,0
189.826,0,0.0,0,0
189.876,0,0.0,0,0
189.926,0,0.0,0,0
189.976,0,0.0,0,0
190.026,0,0.0,0,0
190.076,0,0.0,0,0
190.126,0,0.0,0,0
190.176,0,0.0,0,0
190.226,0,0.0,0,0
190.276,0,0.0,0,0
190.327,0,0.0,0,0
190.377,0,0.0,0,0
190.427,0,0.0,0,0
190.477,0,0.0,0,0
190.527,0,0.0,0,0
190.577,0,0.0,0,0
190.627,0,0.0,0,0
190.677,0,0.0,0,0
190.727,0,0.0,0,0
190.777,0,0.0,0,0
190.827,0,0.0,0,0
190.877,0,0.0,0,0
190.927,0,0.0,0,0
190.978,0,0.0,0,0
191.028,0,0.0,0,0
191.078,0,0.0,0,0
191.128,0,0.0,0,0
191.178,0,0.0,0,0
191.228,0,0.0,0,0
191.278,0,0.0,0,0
191.328,0,0.0,0,0
191.378,0,0.0,0,0
191.428,0,0.0,0,0
191.478,0,0.0,0,0
191.529,0,0.0,0,0
191.579,0,0.0,0,0
191.629,0,0.0,0,0
191.679,0,0.0,0,0
191.729,0,0.0,0,0
191.779,0,0.0,0,0
191.829,0,0.0,0,0
191.879,0,0.0,0,0
191.929,0,0.0,0,0
191.980,0,0.0,0,0
192.030,0,0.0,0,0
192.080,0,0.0,0,0
192.130,0,0.0,0,0
192.180,0,0.0,0,0
192.230,0,0.0,0,0
192.280,0,0.0,0,0
192.330,0,0.0,0,0
192.380,0,0.0,0,0
192.431,0,0.0,0,0
192.481,0,0.0,0,0
192.531,0,0.0,0,0
192.581,0,0.0,0,0
192.631,0,0.0,0,0
192.681,0,0.0,0,0
192.731,0,0.0,0,0
192.781,0,0.0,0,0
192.831,0,0.0,0,0
192.881,0,0.0,0,0
192.931,0,0.0,0,0
192.981,0,0.0,0,0
193.031,0,0.0,0,0
193.081,0,0.0,0,0
193.131,0,0.0,0,0
193.181,0,0.0,0,0
193.232,0,0.0,0,0
193.282,0,0.0,0,0
193.332,0,0.0,0,0
193.382,0,0.0,0,0
193.432,0,0.0,0,0
193.482,0,0.0,0,0
193.532,0,0.0,0,0
193.582,0,0.0,0,0
193.632,0,0.0,0,0
193.682,0,0.0,0,0
193.732,0,0.0,0,0
193.782,0,0.0,0,0
193.832,0,0.0,0,0
193.883,0,0.0,0,0
193.933,0,0.0,0,0
193.983,0,0.0,0,0
194.033,0,0.0,0,0
194.083,0,0.0,0,0
194.133,0,0.0,0,0
194.183,0,0.0,0,0
194.233,0,0.0,0,0
194.283,0,0.0,0,0
194.333,0,0.0,0,0
194.383,0,0.0,0,0
194.433,0,0.0,0,0
194.484,0,0.0,0,0
194.534,0,0.0,0,0
194.584,0,0.0,0,0
194.634,0,0.0,0,0
194.684,0,0.0,0,0
194.734,0,0.0,0,0
194.784,0,0.0,0,0
194.834,0,0.0,0,0
194.884,0,0.0,0,0
194.934,0,0.0,0,0
194.984,0,0.0,0,0
195.035,0,0.0,0,0
195.085,0,0.0,0,0
195.135,0,0.0,0,0
195.185,0,0.0,0,0
195.235,0,0.0,0,0
195.285,0,0.0,0,0
195.335,0,0.0,0,0
195.385,0,0.0,0,0
195.436,0,0.0,0,0
195.486,0,0.0,0,0
195.536,0,0.0,0,0
195.586,0,0.0,0,0
195.636,0,0.0,0,0
195.686,0,0.0,0,0
195.736,0,0.0,0,0
195.786,0,0.0,0,0
195.836,0,0.0,0,0
195.886,0,0.0,0,0
195.936,0,0.0,0,0
195.986,0,0.0,0,0
196.037,0,0.0,0,0
196.087,0,0.0,0,0
196.137,0,0.0,0,0
196.187,0,0.0,0,0
196.237,0,0.0,0,0
196.287,0,0.0,0,0
196.337,0,0.0,0,0
196.387,0,0.0,0,0
196.437,0,0.0,0,0
196.487,0,0.0,0,0
196.538,0,0.0,0,0
196.588,0,0.0,0,0
196.638,0,0.0,0,0
196.688,0,0.0,0,0
196.738,0,0.0,0,0
196.788,0,0.0,0,0
196.838,0,0.0,0,0
196.888,0,0.0,0,0
196.938,0,0.0,0,0
196.988,0,0.0,0,0
197.038,0,0.0,0,0
197.088,0,0.0,0,0
197.139,0,0.0,0,0
197.189,0,0.0,0,0
197.239,0,0.0,0,0
197.289,0,0.0,0,0
197.339,0,0.0,0,0
197.389,0,0.0,0,0
197.439,0,0.0,0,0
197.489,0,0.0,0,0
197.539,0,0.0,0,0
197.590,0,0.0,0,0
197.640,0,0.0,0,0
197.690,0,0.0,0,0
197.740,0,0.0,0,0
197.790,0,0.0,0,0
197.840,0,0.0,0,0
197.890,0,0.0,0,0
197.940,0,0.0,0,0
197.990,0,0.0,0,0
198.040,0,0.0,0,0
198.090,0,0.0,0,0
198.141,0,0.0,0,0
198.191,0,0.0,0,0
198.241,0,0.0,0,0
198.291,0,0.0,0,0
198.341,0,0.0,0,0
198.391,0,0.0,0,0
198.441,0,0.0,0,0
198.491,0,0.0,0,0
198.541,0,0.0,0,0
198.591,0,0.0,0,0
198.641,0,0.0,0,0
198.692,0,0.0,0,0
198.742,0,0.0,0,0
198.792,0,0.0,0,0
198.842,0,0.0,0,0
198.892,0,0.0,0,0
198.942,0,0.0,0,0
198.992,0,0.0,0,0
199.042,0,0.0,0,0
199.092,0,0.0,0,0
199.142,0,0.0,0,0
199.192,0,0.0,0,0
199.243,0,0.0,0,0
199.293,0,0.0,0,0
199.343,0,0.0,0,0
199.393,0,0.0,0,0
199.443,0,0.0,0,0
199.493,0,0.0,0,0
199.543,0,0.0,0,0
199.593,0,0.0,0,0
199.643,0,0.0,0,0
199.693,0,0.0,0,0
199.743,0,0.0,0,0
199.794,0,0.0,0,0
199.844,0,0.0,0,0
199.894,0,0.0,0,0
199.944,0,0.0,0,0
199.994,0,0.0,0,0
200.044,0,0.0,0,0
200.094,0,0.0,0,0
200.144,0,0.0,0,0
200.194,0,0.0,0,0
200.244,0,0.0,0,0
200.294,0,0.0,0,0
200.344,0,0.0,0,0
200.395,0,0.0,0,0
200.445,0,0.0,0,0
200.495,0,0.0,0,0
200.545,0,0.0,0,0
200.595,0,0.0,0,0
200.645,0,0.0,0,0
200.695,0,0.0,0,0
200.745,0,0.0,0,0
200.795,0,0.0,0,0
200.845,0,0.0,0,0
200.896,0,0.0,0,0
200.946,0,0.0,0,0
200.996,0,0.0,0,0
201.046,0,0.0,0,0
201.096,0,0.0,0,0
201.146,0,0.0,0,0
201.196,0,0.0,0,0
201.246,0,0.0,0,0
201.296,0,0.0,0,0
201.346,0,0.0,0,0
201.396,0,0.0,0,0
201.447,0,0.0,0,0
201.497,0,0.0,0,0
201.547,0,0.0,0,0
201.597,0,0.0,0,0
201.647,0,0.0,0,0
201.697,0,0.0,0,0
201.747,0,0.0,0,0
201.797,0,0.0,0,0
201.847,0,0.0,0,0
201.897,0,0.0,0,0
201.948,0,0.0,0,0
201.998,0,0.0,0,0
202.048,0,0.0,0,0
202.098,0,0.0,0,0
202.148,0,0.0,0,0
202.198,0,0.0,0,0
202.248,0,0.0,0,0
202.298,0,0.0,0,0
202.348,0,0.0,0,0
202.398,0,0.0,0,0
202.448,0,0.0,0,0
202.498,0,0.0,0,0
202.548,0,0.0,0,0
202.598,0,0.0,0,0
202.648,0,0.0,0,0
202.699,0,0.0,0,0
202.749,0,0.0,0,0
202.799,0,0.0,0,0
202.849,0,0.0,0,0
202.899,0,0.0,0,0
202.949,0,0.0,0,0
202.999,0,0.0,0,0
203.049,0,0.0,0,0
203.099,0,0.0,0,0
203.149,0,0.0,0,0
203.199,0,0.0,0,0
203.249,0,0.0,0,0
203.299,0,0.0,0,0
203.349,0,0.0,0,0
203.400,0,0.0,0,0
203.450,0,0.0,0,0
203.500,0,0.0,0,0
203.550,0,0.0,0,0
203.600,0,0.0,0,0
203.650,0,0.0,0,0
203.700,0,0.0,0,0
203.750,0,0.0,0,0
203.800,0,0.0,0,0
203.851,0,0.0,0,0
203.901,0,0.0,0,0
203.951,0,0.0,0,0
204.001,0,0.0,0,0
204.051,0,0.0,0,0
204.101,0,0.0,0,0
204.151,0,0.0,0,0
204.201,0,0.0,0,0
204.251,0,0.0,0,0
204.301,0,0.0,0,0
204.352,0,0.0,0,0
204.402,0,0.0,0,0
204.452,0,0.0,0,0
204.502,0,0.0,0,0
204.552,0,0.0,0,0
204.602,0,0.0,0,0
204.652,0,0.0,0,0
204.702,0,0.0,0,0
204.752,0,0.0,0,0
204.803,0,0.0,0,0
204.853,0,0.0,0,0
204.903,0,0.0,0,0
204.953,0,0.0,0,0
205.003,0,0.0,0,0
205.053,0,0.0,0,0
205.103,0,0.0,0,0
205.153,0,0.0,0,0
205.203,0,0.0,0,0
205.253,0,0.0,0,0
205.304,0,0.0,0,0
205.354,0,0.0,0,0
205.404,0,0.0,0,0
205.454,0,0.0,0,0
205.504,0,0.0,0,0
205.554,0,0.0,0,0
205.604,0,0.0,0,0
205.654,0,0.0,0,0
205.704,0,0.0,0,0
205.754,0,0.0,0,0
205.804,0,0.0,0,0
205.854,0,0.0,0,0
205.905,0,0.0,0,0
205.955,0,0.0,0,0
206.005,0,0.0,0,0
206.055,0,0.0,0,0
206.105,0,0.0,0,0
206.155,0,0.0,0,0
206.205,0,0.0,0,0
206.256,0,0.0,0,0
206.306,0,0.0,0,0
206.356,0,0.0,0,0
206.406,0,0.0,0,0
206.456,0,0.0,0,0
206.506,0,0.0,0,0
206.556,0,0.0,0,0
206.606,0,0.0,0,0
206.656,0,0.0,0,0
206.706,0,0.0,0,0
206.756,0,0.0,0,0
206.806,0,0.0,0,0
206.857,0,0.0,0,0
206.907,0,0.0,0,0
206.957,0,0.0,0,0
207.007,0,0.0,0,0
207.057,0,0.0,0,0
207.107,0,0.0,0,0
207.157,0,0.0,0,0
207.207,0,0.0,0,0
207.257,0,0.0,0,0
207.307,0,0.0,0,0
207.357,0,0.0,0,0
207.408,0,0.0,0,0
207.458,0,0.0,0,0
207.508,0,0.0,0,0
207.558,0,0.0,0,0
207.608,0,0.0,0,0
207.658,0,0.0,0,0
207.708,0,0.0,0,0
207.758,0,0.0,0,0
207.808,0,0.0,0,0
207.858,0,0.0,0,0
207.909,0,0.0,0,0
207.959,0,0.0,0,0
208.009,0,0.0,0,0
208.059,0,0.0,0,0
208.109,0,0.0,0,0
208.159,0,0.0,0,0
208.209,0,0.0,0,0
208.259,0,0.0,0,0
208.309,0,0.0,0,0
208.359,0,0.0,0,0
208.410,0,0.0,0,0
208.460,0,0.0,0,0
208.510,0,0.0,0,0
208.560,0,0.0,0,0
208.610,0,0.0,0,0
208.660,0,0.0,0,0
208.710,0,0.0,0,0
208.760,0,0.0,0,0
208.810,0,0.0,0,0
208.861,0,0.0,0,0
208.911,0,0.0,0,0
208.961,0,0.0,0,0
209.011,0,0.0,0,0
209.061,0,0.0,0,0
209.111,0,0.0,0,0
209.161,0,0.0,0,0
209.211,0,0.0,0,0
209.261,0,0.0,0,0
209.311,0,0.0,0,0
209.362,0,0.0,0,0
209.412,0,0.0,0,0
209.462,0,0.0,0,0
209.512,0,0.0,0,0
209.562,0,0.0,0,0
209.612,0,0.0,0,0
209.662,0,0.0,0,0
209.712,0,0.0,0,0
209.762,0,0.0,0,0
209.812,0,0.0,0,0
209.862,0,0.0,0,0
209.912,0,0.0,0,0
209.962,0,0.0,0,0
210.013,0,0.0,0,0
210.063,0,0.0,0,0
210.113,0,0.0,0,0
210.163,0,0.0,0,0
210.213,0,0.0,0,0
210.263,0,0.0,0,0
210.314,0,0.0,0,0
210.364,0,0.0,0,0
210.414,0,0.0,0,0
210.464,0,0.0,0,0
210.514,0,0.0,0,0
210.564,0,0.0,0,0
210.614,0,0.0,0,0
210.664,0,0.0,0,0
210.714,0,0.0,0,0
210.764,0,0.0,0,0
210.814,0,0.0,0,0
210.865,0,0.0,0,0
210.915,0,0.0,0,0
210.965,0,0.0,0,0
211.015,0,0.0,0,0
211.065,0,0.0,0,0
211.115,0,0.0,0,0
211.165,0,0.0,0,0
211.215,0,0.0,0,0
211.266,0,0.0,0,0
211.316,0,0.0,0,0
211.366,0,0.0,0,0
211.416,0,0.0,0,0
211.466,0,0.0,0,0
211.516,0,0.0,0,0
211.566,0,0.0,0,0
211.616,0,0.0,0,0
211.666,0,0.0,0,0
211.716,0,0.0,0,0
211.766,0,0.0,0,0
211.817,0,0.0,0,0
211.867,0,0.0,0,0
211.917,0,0.0,0,0
211.967,0,0.0,0,0
212.017,0,0.0,0,0
212.067,0,0.0,0,0
212.117,0,0.0,0,0
212.168,0,0.0,0,0
212.218,0,0.0,0,0
212.268,0,0.0,0,0
212.318,0,0.0,0,0
212.368,0,0.0,0,0
212.418,0,0.0,0,0
212.468,0,0.0,0,0
212.519,0,0.0,0,0
212.569,0,0.0,0,0
212.619,0,0.0,0,0
212.669,0,0.0,0,0
212.719,0,0.0,0,0
212.769,0,0.0,0,0
212.819,0,0.0,0,0
212.869,0,0.0,0,0
212.919,0,0.0,0,0
212.969,0,0.0,0,0
213.020,0,0.0,0,0
213.070,0,0.0,0,0
213.120,0,0.0,0,0
213.170,0,0.0,0,0
213.220,0,0.0,0,0
213.270,0,0.0,0,0
213.320,0,0.0,0,0
213.370,0,0.0,0,0
213.420,0,0.0,0,0
213.470,0,0.0,0,0
213.520,0,0.0,0,0
213.570,0,0.0,0,0
213.620,0,0.0,0,0
213.671,0,0.0,0,0
213.721,0,0.0,0,0
213.771,0,0.0,0,0
213.821,0,0.0,0,0
213.871,0,0.0,0,0
213.921,0,0.0,0,0
213.971,0,0.0,0,0
214.021,0,0.0,0,0
214.071,0,0.0,0,0
214.121,0,0.0,0,0
214.171,0,0.0,0,0
214.221,0,0.0,0,0
214.272,0,0.0,0,0
214.322,0,0.0,0,0
214.372,0,0.0,0,0
214.422,0,0.0,0,0
214.472,0,0.0,0,0
214.522,0,0.0,0,0
214.572,0,0.0,0,0
214.622,0,0.0,0,0
214.672,0,0.0,0,0
214.722,0,0.0,0,0
214.773,0,0.0,0,0
214.823,0,0.0,0,0
214.873,0,0.0,0,0
214.923,0,0.0,0,0
214.973,0,0.0,0,0
215.023,0,0.0,0,0
215.073,0,0.0,0,0
215.123,0,0.0,0,0
215.173,0,0.0,0,0
215.223,0,0.0,0,0
215.273,0,0.0,0,0
215.323,0,0.0,0,0
215.374,0,0.0,0,0
215.424,0,0.0,0,0
215.474,0,0.0,0,0
215.524,0,0.0,0,0
215.574,0,0.0,0,0
215.624,0,0.0,0,0
215.674,0,0.0,0,0
215.724,0,0.0,0,0
215.774,0,0.0,0,0
215.825,0,0.0,0,0
215.875,0,0.0,0,0
215.925,0,0.0,0,0
215.975,0,0.0,0,0
216.025,0,0.0,0,0
216.075,0,0.0,0,0
216.125,0,0.0,0,0
216.175,0,0.0,0,0
216.225,0,0.0,0,0
216.275,0,0.0,0,0
216.325,0,0.0,0,0
216.375,0,0.0,0,0
216.425,0,0.0,0,0
216.476,0,0.0,0,0
216.526,0,0.0,0,0
216.576,0,0.0,0,0
216.626,0,0.0,0,0
216.676,0,0.0,0,0
216.726,0,0.0,0,0
216.776,0,0.0,0,0
216.826,0,0.0,0,0
216.877,0,0.0,0,0
216.927,0,0.0,0,0
216.977,0,0.0,0,0
217.027,0,0.0,0,0
217.077,0,0.0,0,0
217.127,0,0.0,0,0
217.177,0,0.0,0,0
217.227,0,0.0,0,0
217.277,0,0.0,0,0
217.327,0,0.0,0,0
217.378,0,0.0,0,0
217.428,0,0.0,0,0
217.478,0,0.0,0,0
217.528,0,0.0,0,0
217.578,0,0.0,0,0
217.628,0,0.0,0,0
217.678,0,0.0,0,0
217.728,0,0.0,0,0
217.778,0,0.0,0,0
217.828,0,0.0,0,0
217.879,0,0.0,0,0
217.929,0,0.0,0,0
217.979,0,0.0,0,0
218.029,0,0.0,0,0
218.079,0,0.0,0,0
218.129,0,0.0,0,0
218.179,0,0.0,0,0
218.229,0,0.0,0,0
218.279,0,0.0,0,0
218.329,0,0.0,0,0
218.380,0,0.0,0,0
218.430,0,0.0,0,0
218.480,0,0.0,0,0
218.530,0,0.0,0,0
218.580,0,0.0,0,0
218.630,0,0.0,0,0
218.680,0,0.0,0,0
218.730,0,0.0,0,0
218.780,0,0.0,0,0
218.831,0,0.0,0,0
218.881,0,0.0,0,0
218.931,0,0.0,0,0
218.981,0,0.0,0,0
219.031,0,0.0,0,0
219.081,0,0.0,0,0
219.131,0,0.0,0,0
219.181,0,0.0,0,0
219.231,0,0.0,0,0
219.281,0,0.0,0,0
219.332,0,0.0,0,0
219.382,0,0.0,0,0
219.432,0,0.0,0,0
219.482,0,0.0,0,0
219.532,0,0.0,0,0
219.582,0,0.0,0,0
219.632,0,0.0,0,0
219.682,0,0.0,0,0
219.732,0,0.0,0,0
219.782,0,0.0,0,0
219.832,0,0.0,0,0
219.883,0,0.0,0,0
219.933,0,0.0,0,0
219.983,0,0.0,0,0
220.033,0,0.0,0,0
220.083,0,0.0,0,0
220.133,0,0.0,0,0
220.183,0,0.0,0,0
220.233,0,0.0,0,0
220.284,0,0.0,0,0
220.334,0,0.0,0,0
220.384,0,0.0,0,0
220.434,0,0.0,0,0
220.484,0,0.0,0,0
220.534,0,0.0,0,0
220.584,0,0.0,0,0
220.634,0,0.0,0,0
220.684,0,0.0,0,0
220.734,0,0.0,0,0
220.784,0,0.0,0,0
220.834,0,0.0,0,0
220.884,0,0.0,0,0
220.934,0,0.0,0,0
220.985,0,0.0,0,0
221.035,0,0.0,0,0
221.085,0,0.0,0,0
221.135,0,0.0,0,0
221.185,0,0.0,0,0
221.235,0,0.0,0,0
221.285,0,0.0,0,0
221.335,0,0.0,0,0
221.385,0,0.0,0,0
221.435,0,0.0,0,0
221.485,0,0.0,0,0
221.535,0,0.0,0,0
221.585,0,0.0,0,0
221.636,0,0.0,0,0
221.686,0,0.0,0,0
221.736,0,0.0,0,0
221.786,0,0.0,0,0
221.836,0,0.0,0,0
221.886,0,0.0,0,0
221.936,0,0.0,0,0
221.986,0,0.0,0,0
222.036,0,0.0,0,0
222.086,0,0.0,0,0
222.136,0,0.0,0,0
222.187,0,0.0,0,0
222.237,0,0.0,0,0
222.287,0,0.0,0,0
222.337,0,0.0,0,0
222.387,0,0.0,0,0
222.437,0,0.0,0,0
222.487,0,0.0,0,0
222.537,0,0.0,0,0
222.588,0,0.0,0,0
222.638,0,0.0,0,0
222.688,0,0.0,0,0
222.738,0,0.0,0,0
222.788,0,0.0,0,0
222.838,0,0.0,0,0
222.888,0,0.0,0,0
222.938,0,0.0,0,0
222.988,0,0.0,0,0
223.038,0,0.0,0,0
223.088,0,0.0,0,0
223.139,0,0.0,0,0
223.189,0,0.0,0,0
223.239,0,0.0,0,0
223.289,0,0.0,0,0
223.339,0,0.0,0,0
223.389,0,0.0,0,0
223.439,0,0.0,0,0
223.489,0,0.0,0,0
223.539,0,0.0,0,0
223.590,0,0.0,0,0
223.640,0,0.0,0,0
223.690,0,0.0,0,0
223.740,0,0.0,0,0
223.790,0,0.0,0,0
223.840,0,0.0,0,0
223.890,0,0.0,0,0
223.940,0,0.0,0,0
223.990,0,0.0,0,0
224.041,0,0.0,0,0
224.091,0,0.0,0,0
224.141,0,0.0,0,0
224.191,0,0.0,0,0
224.241,0,0.0,0,0
224.291,0,0.0,0,0
224.341,0,0.0,0,0
224.391,0,0.0,0,0
224.441,0,0.0,0,0
224.491,0,0.0,0,0
224.542,0,0.0,0,0
224.592,0,0.0,0,0
224.642,0,0.0,0,0
224.692,0,0.0,0,0
224.742,0,0.0,0,0
224.792,0,0.0,0,0
224.842,0,0.0,0,0
224.892,0,0.0,0,0
224.942,0,0.0,0,0
224.992,0,0.0,0,0
225.042,0,0.0,0,0
225.092,0,0.0,0,0
225.143,0,0.0,0,0
225.193,0,0.0,0,0
225.243,0,0.0,0,0
225.293,0,0.0,0,0
225.343,0,0.0,0,0
225.393,0,0.0,0,0
225.443,0,0.0,0,0
225.493,0,0.0,0,0
225.543,0,0.0,0,0
225.593,0,0.0,0,0
225.644,0,0.0,0,0
225.694,0,0.0,0,0
225.744,0,0.0,0,0
225.794,0,0.0,0,0
225.844,0,0.0,0,0
225.894,0,0.0,0,0
225.944,0,0.0,0,0
225.994,0,0.0,0,0
226.044,0,0.0,0,0
226.094,0,0.0,0,0
226.145,0,0.0,0,0
226.195,0,0.0,0,0
226.245,0,0.0,0,0
226.295,0,0.0,0,0
226.345,0,0.0,0,0
226.395,0,0.0,0,0
226.445,0,0.0,0,0
226.496,0,0.0,0,0
226.546,0,0.0,0,0
226.596,0,0.0,0,0
226.646,0,0.0,0,0
226.696,0,0.0,0,0
226.746,0,0.0,0,0
226.796,0,0.0,0,0
226.846,0,0.0,0,0
226.896,0,0.0,0,0
226.947,0,0.0,0,0
226.997,0,0.0,0,0
227.047,0,0.0,0,0
227.097,0,0.0,0,0
227.147,0,0.0,0,0
227.197,0,0.0,0,0
227.247,0,0.0,0,0
227.297,0,0.0,0,0
227.347,0,0.0,0,0
227.397,0,0.0,0,0
227.447,0,0.0,0,0
227.497,0,0.0,0,0
227.548,0,0.0,0,0
227.598,0,0.0,0,0
227.648,0,0.0,0,0
227.698,0,0.0,0,0
227.748,0,0.0,0,0
227.798,0,0.0,0,0
227.848,0,0.0,0,0
227.898,0,0.0,0,0
227.948,0,0.0,0,0
227.998,0,0.0,0,0
228.048,0,0.0,0,0
228.099,0,0.0,0,0
228.149,0,0.0,0,0
228.199,0,0.0,0,0
228.249,0,0.0,0,0
228.299,0,0.0,0,0
228.349,0,0.0,0,0
228.399,0,0.0,0,0
228.449,0,0.0,0,0
228.499,0,0.0,0,0
228.549,0,0.0,0,0
228.600,0,0.0,0,0
228.650,0,0.0,0,0
228.700,0,0.0,0,0
228.750,0,0.0,0,0
228.800,0,0.0,0,0
228.850,0,0.0,0,0
228.900,0,0.0,0,0
228.950,0,0.0,0,0
229.000,0,0.0,0,0
229.051,0,0.0,0,0
229.101,0,0.0,0,0
229.151,0,0.0,0,0
229.201,0,0.0,0,0
229.251,0,0.0,0,0
229.301,0,0.0,0,0
229.351,0,0.0,0,0
229.401,0,0.0,0,0
229.451,0,0.0,0,0
229.501,0,0.0,0,0
229.551,0,0.0,0,0
229.602,0,0.0,0,0
229.652,0,0.0,0,0
229.702,0,0.0,0,0
229.752,0,0.0,0,0
229.802,0,0.0,0,0
229.852,0,0.0,0,0
229.902,0,0.0,0,0
229.953,0,0.0,0,0
230.003,0,0.0,0,0
230.053,0,0.0,0,0
230.103,0,0.0,0,0
230.153,0,0.0,0,0
230.203,0,0.0,0,0
230.253,0,0.0,0,0
230.303,0,0.0,0,0
230.353,0,0.0,0,0
230.403,0,0.0,0,0
230.453,0,0.0,0,0
230.503,0,0.0,0,0
230.553,0,0.0,0,0
230.604,0,0.0,0,0
230.654,0,0.0,0,0
230.704,0,0.0,0,0
230.754,0,0.0,0,0
230.804,0,0.0,0,0
230.854,0,0.0,0,0
230.904,0,0.0,0,0
230.954,0,0.0,0,0
231.004,0,0.0,0,0
231.055,0,0.0,0,0
231.105,0,0.0,0,0
231.155,0,0.0,0,0
231.205,0,0.0,0,0
231.255,0,0.0,0,0
231.305,0,0.0,0,0
231.355,0,0.0,0,0
231.406,0,0.0,0,0
231.456,0,0.0,0,0
231.506,0,0.0,0,0
231.556,0,0.0,0,0
231.606,0,0.0,0,0
231.656,0,0.0,0,0
231.706,0,0.0,0,0
231.756,0,0.0,0,0
231.807,0,0.0,0,0
231.857,0,0.0,0,0
231.907,0,0.0,0,0
231.957,0,0.0,0,0
232.007,0,0.0,0,0
232.057,0,0.0,0,0
232.107,0,0.0,0,0
232.157,0,0.0,0,0
232.207,0,0.0,0,0
232.257,0,0.0,0,0
232.307,0,0.0,0,0
232.357,0,0.0,0,0
232.408,0,0.0,0,0
232.458,0,0.0,0,0
232.508,0,0.0,0,0
232.558,0,0.0,0,0
232.608,0,0.0,0,0
232.658,0,0.0,0,0
232.708,0,0.0,0,0
232.758,0,0.0,0,0
232.808,0,0.0,0,0
232.858,0,0.0,0,0
232.908,0,0.0,0,0
232.959,0,0.0,0,0
233.009,0,0.0,0,0
233.059,0,0.0,0,0
233.109,0,0.0,0,0
233.159,0,0.0,0,0
233.209,0,0.0,0,0
233.259,0,0.0,0,0
233.309,0,0.0,0,0
233.359,0,0.0,0,0
233.409,0,0.0,0,0
233.459,0,0.0,0,0
233.509,0,0.0,0,0
233.559,0,0.0,0,0
233.609,0,0.0,0,0
233.660,0,0.0,0,0
233.710,0,0.0,0,0
233.760,0,0.0,0,0
233.810,0,0.0,0,0
233.860,0,0.0,0,0
233.910,0,0.0,0,0
233.960,0,0.0,0,0
234.010,0,0.0,0,0
234.060,0,0.0,0,0
234.110,0,0.0,0,0
234.160,0,0.0,0,0
234.211,0,0.0,0,0
234.261,0,0.0,0,0
234.311,0,0.0,0,0
234.361,0,0.0,0,0
234.411,0,0.0,0,0
234.461,0,0.0,0,0
234.511,0,0.0,0,0
234.561,0,0.0,0,0
234.611,0,0.0,0,0
234.662,0,0.0,0,0
234.712,0,0.0,0,0
234.762,0,0.0,0,0
234.812,0,0.0,0,0
234.862,0,0.0,0,0
234.912,0,0.0,0,0
234.962,0,0.0,0,0
235.012,0,0.0,0,0
235.062,0,0.0,0,0
235.112,0,0.0,0,0
235.163,0,0.0,0,0
235.213,0,0.0,0,0
235.263,0,0.0,0,0
235.313,0,0.0,0,0
235.363,0,0.0,0,0
235.413,0,0.0,0,0
235.463,0,0.0,0,0
235.513,0,0.0,0,0
235.563,0,0.0,0,0
235.613,0,0.0,0,0
235.663,0,0.0,0,0
235.714,0,0.0,0,0
235.764,0,0.0,0,0
235.814,0,0.0,0,0
235.864,0,0.0,0,0
235.914,0,0.0,0,0
235.964,0,0.0,0,0
236.014,0,0.0,0,0
236.064,0,0.0,0,0
236.114,0,0.0,0,0
236.164,0,0.0,0,0
236.214,0,0.0,0,0
236.265,0,0.0,0,0
236.315,0,0.0,0,0
236.365,0,0.0,0,0
236.415,0,0.0,0,0
236.465,0,0.0,0,0
236.515,0,0.0,0,0
236.566,0,0.0,0,0
236.616,0,0.0,0,0
236.666,0,0.0,0,0
236.716,0,0.0,0,0
236.766,0,0.0,0,0
236.816,0,0.0,0,0
236.866,0,0.0,0,0
236.916,0,0.0,0,0
236.966,0,0.0,0,0
237.016,0,0.0,0,0
237.067,0,0.0,0,0
237.117,0,0.0,0,0
237.167,0,0.0,0,0
237.217,0,0.0,0,0
237.267,0,0.0,0,0
237.317,0,0.0,0,0
237.367,0,0.0,0,0
237.417,0,0.0,0,0
237.467,0,0.0,0,0
237.517,0,0.0,0,0
237.568,0,0.0,0,0
237.618,0,0.0,0,0
237.668,0,0.0,0,0
237.718,0,0.0,0,0
237.768,0,0.0,0,0
237.818,0,0.0,0,0
237.868,0,0.0,0,0
237.918,0,0.0,0,0
237.968,0,0.0,0,0
238.019,0,0.0,0,0
238.069,0,0.0,0,0
238.119,0,0.0,0,0
238.169,0,0.0,0,0
238.219,0,0.0,0,0
238.269,0,0.0,0,0
238.319,0,0.0,0,0
238.369,0,0.0,0,0
238.419,0,0.0,0,0
238.469,0,0.0,0,0
238.519,0,0.0,0,0
238.569,0,0.0,0,0
238.619,0,0.0,0,0
238.669,0,0.0,0,0
238.719,0,0.0,0,0
238.770,0,0.0,0,0
238.820,0,0.0,0,0
238.870,0,0.0,0,0
238.920,0,0.0,0,0
238.970,0,0.0,0,0
239.020,0,0.0,0,0
239.070,0,0.0,0,0
239.120,0,0.0,0,0
239.170,0,0.0,0,0
239.220,0,0.0,0,0
239.270,0,0.0,0,0
239.321,0,0.0,0,0
239.371,0,0.0,0,0
239.421,0,0.0,0,0
239.471,0,0.0,0,0
239.521,0,0.0,0,0
239.571,0,0.0,0,0
239.621,0,0.0,0,0
239.671,0,0.0,0,0
239.721,0,0.0,0,0
239.771,0,0.0,0,0
239.821,0,0.0,0,0
239.871,0,0.0,0,0
239.922,0,0.0,0,0
239.972,0,0.0,0,0
240.022,0,0.0,0,0
240.072,0,0.0,0,0
240.122,0,0.0,0,0
240.172,0,0.0,0,0
240.222,0,0.0,0,0
240.272,0,0.0,0,0
240.322,0,0.0,0,0
240.373,0,0.0,0,0
240.423,0,0.0,0,0
240.473,0,0.0,0,0
240.523,0,0.0,0,0
240.573,0,0.0,0,0
240.623,0,0.0,0,0
240.673,0,0.0,0,0
240.723,0,0.0,0,0
240.773,0,0.0,0,0
240.824,0,0.0,0,0
240.874,0,0.0,0,0
240.924,0,0.0,0,0
240.974,0,0.0,0,0
241.024,0,0.0,0,0
241.074,0,0.0,0,0
241.124,0,0.0,0,0
241.174,0,0.0,0,0
241.224,0,0.0,0,0
241.274,0,0.0,0,0
241.324,0,0.0,0,0
241.375,0,0.0,0,0
241.425,0,0.0,0,0
241.475,0,0.0,0,0
241.525,0,0.0,0,0
241.575,0,0.0,0,0
241.625,0,0.0,0,0
241.675,0,0.0,0,0
241.725,0,0.0,0,0
241.775,0,0.0,0,0
241.825,0,0.0,0,0
241.876,0,0.0,0,0
241.926,0,0.0,0,0
241.976,0,0.0,0,0
242.026,0,0.0,0,0
242.076,0,0.0,0,0
242.126,0,0.0,0,0
242.176,0,0.0,0,0
242.226,0,0.0,0,0
242.276,0,0.0,0,0
242.327,0,0.0,0,0
242.377,0,0.0,0,0
242.427,0,0.0,0,0
242.477,0,0.0,0,0
242.527,0,0.0,0,0
242.577,0,0.0,0,0
242.627,0,0.0,0,0
242.677,0,0.0,0,0
242.727,0,0.0,0,0
242.777,0,0.0,0,0
242.828,0,0.0,0,0
242.878,0,0.0,0,0
242.928,0,0.0,0,0
242.978,0,0.0,0,0
243.028,0,0.0,0,0
243.078,0,0.0,0,0
243.128,0,0.0,0,0
243.179,0,0.0,0,0
243.229,0,0.0,0,0
243.279,0,0.0,0,0
243.329,0,0.0,0,0
243.379,0,0.0,0,0
243.429,0,0.0,0,0
243.479,0,0.0,0,0
243.529,0,0.0,0,0
243.580,0,0.0,0,0
243.630,0,0.0,0,0
243.680,0,0.0,0,0
243.730,0,0.0,0,0
243.780,0,0.0,0,0
243.830,0,0.0,0,0
243.880,0,0.0,0,0
243.930,0,0.0,0,0
243.981,0,0.0,0,0
244.031,0,0.0,0,0
244.081,0,0.0,0,0
244.131,0,0.0,0,0
244.181,0,0.0,0,0
244.231,0,0.0,0,0
244.281,0,0.0,0,0
244.331,0,0.0,0,0
244.381,0,0.0,0,0
244.431,0,0.0,0,0
244.481,0,0.0,0,0
244.531,0,0.0,0,0
244.581,0,0.0,0,0
244.632,0,0.0,0,0
244.682,0,0.0,0,0
244.732,0,0.0,0,0
244.782,0,0.0,0,0
244.832,0,0.0,0,0
244.882,0,0.0,0,0
244.932,0,0.0,0,0
244.982,0,0.0,0,0
245.032,0,0.0,0,0
245.083,0,0.0,0,0
245.133,0,0.0,0,0
245.183,0,0.0,0,0
245.233,0,0.0,0,0
245.283,0,0.0,0,0
245.333,0,0.0,0,0
245.383,0,0.0,0,0
245.433,0,0.0,0,0
245.483,0,0.0,0,0
245.533,0,0.0,0,0
245.583,0,0.0,0,0
245.633,0,0.0,0,0
245.683,0,0.0,0,0
245.734,0,0.0,0,0
245.784,0,0.0,0,0
245.834,0,0.0,0,0
245.884,0,0.0,0,0
245.934,0,0.0,0,0
245.984,0,0.0,0,0
246.034,0,0.0,0,0
246.084,0,0.0,0,0
246.134,0,0.0,0,0
246.184,0,0.0,0,0
246.234,0,0.0,0,0
246.284,0,0.0,0,0
246.334,0,0.0,0,0
246.385,0,0.0,0,0
246.435,0,0.0,0,0
246.485,0,0.0,0,0
246.535,0,0.0,0,0
246.585,0,0.0,0,0
246.635,0,0.0,0,0
246.685,0,0.0,0,0
246.735,0,0.0,0,0
246.785,0,0.0,0,0
246.835,0,0.0,0,0
246.885,0,0.0,0,0
246.935,0,0.0,0,0
246.985,0,0.0,0,0
247.036,0,0.0,0,0
247.086,0,0.0,0,0
247.136,0,0.0,0,0
247.186,0,0.0,0,0
247.236,0,0.0,0,0
247.286,0,0.0,0,0
247.336,0,0.0,0,0
247.386,0,0.0,0,0
247.436,0,0.0,0,0
247.486,0,0.0,0,0
247.536,0,0.0,0,0
247.586,0,0.0,0,0
247.637,0,0.0,0,0
247.687,0,0.0,0,0
247.737,0,0.0,0,0
247.787,0,0.0,0,0
247.837,0,0.0,0,0
247.887,0,0.0,0,0
247.937,0,0.0,0,0
247.987,0,0.0,0,0
248.037,0,0.0,0,0
248.088,0,0.0,0,0
248.138,0,0.0,0,0
248.188,0,0.0,0,0
248.238,0,0.0,0,0
248.288,0,0.0,0,0
248.338,0,0.0,0,0
248.388,0,0.0,0,0
248.438,0,0.0,0,0
248.488,0,0.0,0,0
248.538,0,0.0,0,0
248.588,0,0.0,0,0
248.639,0,0.0,0,0
248.689,0,0.0,0,0
248.739,0,0.0,0,0
248.789,0,0.0,0,0
248.839,0,0.0,0,0
248.889,0,0.0,0,0
248.939,0,0.0,0,0
248.989,0,0.0,0,0
249.040,0,0.0,0,0
249.090,0,0.0,0,0
249.140,0,0.0,0,0
249.190,0,0.0,0,0
249.240,0,0.0,0,0
249.290,0,0.0,0,0
249.340,0,0.0,0,0
249.390,0,0.0,0,0
249.440,0,0.0,0,0
249.491,0,0.0,0,0
249.541,0,0.0,0,0
249.591,0,0.0,0,0
249.641,0,0.0,0,0
249.691,0,0.0,0,0
249.741,0,0.0,0,0
249.791,0,0.0,0,0
249.841,0,0.0,0,0
249.891,0,0.0,0,0
249.942,0,0.0,0,0
249.992,0,0.0,0,0
250.042,0,0.0,0,0
250.092,0,0.0,0,0
250.142,0,0.0,0,0
250.192,0,0.0,0,0
250.242,0,0.0,0,0
250.292,0,0.0,0,0
250.342,0,0.0,0,0
250.393,0,0.0,0,0
250.443,0,0.0,0,0
250.493,0,0.0,0,0
250.543,0,0.0,0,0
250.593,0,0.0,0,0
250.643,0,0.0,0,0
250.693,0,0.0,0,0
250.743,0,0.0,0,0
250.794,0,0.0,0,0
250.844,0,0.0,0,0
250.894,0,0.0,0,0
250.944,0,0.0,0,0
250.994,0,0.0,0,0
251.044,0,0.0,0,0
251.094,0,0.0,0,0
251.144,0,0.0,0,0
251.194,0,0.0,0,0
251.245,0,0.0,0,0
251.295,0,0.0,0,0
251.345,0,0.0,0,0
251.395,0,0.0,0,0
251.445,0,0.0,0,0
251.495,0,0.0,0,0
251.545,0,0.0,0,0
251.595,0,0.0,0,0
251.645,0,0.0,0,0
251.696,0,0.0,0,0
251.746,0,0.0,0,0
251.796,0,0.0,0,0
251.846,0,0.0,0,0
251.896,0,0.0,0,0
251.946,0,0.0,0,0
251.996,0,0.0,0,0
252.046,0,0.0,0,0
252.096,0,0.0,0,0
252.146,0,0.0,0,0
252.196,0,0.0,0,0
252.246,0,0.0,0,0
252.297,0,0.0,0,0
252.347,0,0.0,0,0
252.397,0,0.0,0,0
252.447,0,0.0,0,0
252.497,0,0.0,0,0
252.547,0,0.0,0,0
252.597,0,0.0,0,0
252.647,0,0.0,0,0
252.697,0,0.0,0,0
252.747,0,0.0,0,0
252.797,0,0.0,0,0
252.848,0,0.0,0,0
252.898,0,0.0,0,0
252.948,0,0.0,0,0
252.998,0,0.0,0,0
253.048,0,0.0,0,0
253.098,0,0.0,0,0
253.148,0,0.0,0,0
253.198,0,0.0,0,0
253.248,0,0.0,0,0
253.299,0,0.0,0,0
253.349,0,0.0,0,0
253.399,0,0.0,0,0
253.449,0,0.0,0,0
253.499,0,0.0,0,0
253.549,0,0.0,0,0
253.599,0,0.0,0,0
253.649,0,0.0,0,0
253.699,0,0.0,0,0
253.749,0,0.0,0,0
253.799,0,0.0,0,0
253.849,0,0.0,0,0
253.900,0,0.0,0,0
253.950,0,0.0,0,0
254.000,0,0.0,0,0
254.050,0,0.0,0,0
254.100,0,0.0,0,0
254.150,0,0.0,0,0
254.200,0,0.0,0,0
254.250,0,0.0,0,0
254.300,0,0.0,0,0
254.351,0,0.0,0,0
254.401,0,0.0,0,0
254.451,0,0.0,0,0
254.501,0,0.0,0,0
254.551,0,0.0,0,0
254.601,0,0.0,0,0
254.651,0,0.0,0,0
254.701,0,0.0,0,0
254.752,0,0.0,0,0
254.802,0,0.0,0,0
254.852,0,0.0,0,0
254.902,0,0.0,0,0
254.952,0,0.0,0,0
255.002,0,0.0,0,0
255.052,0,0.0,0,0
255.102,0,0.0,0,0
255.152,0,0.0,0,0
255.202,0,0.0,0,0
255.252,0,0.0,0,0
255.302,0,0.0,0,0
255.353,0,0.0,0,0
255.403,0,0.0,0,0
255.453,0,0.0,0,0
255.503,0,0.0,0,0
255.553,0,0.0,0,0
255.603,0,0.0,0,0
255.653,0,0.0,0,0
255.703,0,0.0,0,0
255.753,0,0.0,0,0
255.803,0,0.0,0,0
255.853,0,0.0,0,0
255.904,0,0.0,0,0
255.954,0,0.0,0,0
256.004,0,0.0,0,0
256.054,0,0.0,0,0
256.104,0,0.0,0,0
256.154,0,0.0,0,0
256.204,0,0.0,0,0
256.254,0,0.0,0,0
256.304,0,0.0,0,0
256.354,0,0.0,0,0
256.405,0,0.0,0,0
256.455,0,0.0,0,0
256.505,0,0.0,0,0
256.555,0,0.0,0,0
256.605,0,0.0,0,0
256.655,0,0.0,0,0
256.705,0,0.0,0,0
256.755,0,0.0,0,0
256.805,0,0.0,0,0
256.856,0,0.0,0,0
256.906,0,0.0,0,0
256.956,0,0.0,0,0
257.006,0,0.0,0,0
257.056,0,0.0,0,0
257.106,0,0.0,0,0
257.156,0,0.0,0,0
257.206,0,0.0,0,0
257.256,0,0.0,0,0
257.307,0,0.0,0,0
257.357,0,0.0,0,0
257.407,0,0.0,0,0
257.457,0,0.0,0,0
257.507,0,0.0,0,0
257.557,0,0.0,0,0
257.607,0,0.0,0,0
257.657,0,0.0,0,0
257.708,0,0.0,0,0
257.758,0,0.0,0,0
257.808,0,0.0,0,0
257.858,0,0.0,0,0
257.908,0,0.0,0,0
257.958,0,0.0,0,0
258.008,0,0.0,0,0
258.058,0,0.0,0,0
258.108,0,0.0,0,0
258.158,0,0.0,0,0
258.209,0,0.0,0,0
258.259,0,0.0,0,0
258.309,0,0.0,0,0
258.359,0,0.0,0,0
258.409,0,0.0,0,0
258.459,0,0.0,0,0
258.509,0,0.0,0,0
258.559,0,0.0,0,0
258.609,0,0.0,0,0
258.659,0,0.0,0,0
258.709,0,0.0,0,0
258.760,0,0.0,0,0
258.810,0,0.0,0,0
258.860,0,0.0,0,0
258.910,0,0.0,0,0
258.960,0,0.0,0,0
259.010,0,0.0,0,0
259.060,0,0.0,0,0
259.110,0,0.0,0,0
259.160,0,0.0,0,0
259.210,0,0.0,0,0
259.261,0,0.0,0,0
259.311,0,0.0,0,0
259.361,0,0.0,0,0
259.411,0,0.0,0,0
259.461,0,0.0,0,0
259.511,0,0.0,0,0
259.561,0,0.0,0,0
259.611,0,0.0,0,0
259.661,0,0.0,0,0
259.711,0,0.0,0,0
259.761,0,0.0,0,0
259.811,0,0.0,0,0
259.861,0,0.0,0,0
259.912,0,0.0,0,0
259.962,0,0.0,0,0
260.012,0,0.0,0,0
260.062,0,0.0,0,0
260.112,0,0.0,0,0
260.162,0,0.0,0,0
260.212,0,0.0,0,0
260.263,0,0.0,0,0
260.313,0,0.0,0,0
260.363,0,0.0,0,0
260.413,0,0.0,0,0
260.463,0,0.0,0,0
260.513,0,0.0,0,0
260.563,0,0.0,0,0
260.613,0,0.0,0,0
260.663,0,0.0,0,0
260.714,0,0.0,0,0
260.764,0,0.0,0,0
260.814,0,0.0,0,0
260.864,0,0.0,0,0
260.914,0,0.0,0,0
260.964,0,0.0,0,0
261.014,0,0.0,0,0
261.064,0,0.0,0,0
261.114,0,0.0,0,0
261.165,0,0.0,0,0
261.215,0,0.0,0,0
261.265,0,0.0,0,0
261.315,0,0.0,0,0
261.365,0,0.0,0,0
261.415,0,0.0,0,0
261.465,0,0.0,0,0
261.515,0,0.0,0,0
261.565,0,0.0,0,0
261.615,0,0.0,0,0
261.665,0,0.0,0,0
261.716,0,0.0,0,0
261.766,0,0.0,0,0
261.816,0,0.0,0,0
261.866,0,0.0,0,0
261.916,0,0.0,0,0
261.966,0,0.0,0,0
262.016,0,0.0,0,0
262.066,0,0.0,0,0
262.116,0,0.0,0,0
262.166,0,0.0,0,0
262.217,0,0.0,0,0
262.267,0,0.0,0,0
262.317,0,0.0,0,0
262.367,0,0.0,0,0
262.417,0,0.0,0,0
262.467,0,0.0,0,0
262.517,0,0.0,0,0
262.567,0,0.0,0,0
262.617,0,0.0,0,0
262.667,0,0.0,0,0
262.717,0,0.0,0,0
262.768,0,0.0,0,0
262.818,0,0.0,0,0
262.868,0,0.0,0,0
262.918,0,0.0,0,0
262.968,0,0.0,0,0
263.018,0,0.0,0,0
263.068,0,0.0,0,0
263.118,0,0.0,0,0
263.168,0,0.0,0,0
263.219,0,0.0,0,0
263.269,0,0.0,0,0
263.319,0,0.0,0,0
263.369,0,0.0,0,0
263.419,0,0.0,0,0
263.469,0,0.0,0,0
263.519,0,0.0,0,0
263.569,0,0.0,0,0
263.619,0,0.0,0,0
263.669,0,0.0,0,0
263.719,0,0.0,0,0
263.770,0,0.0,0,0
263.820,0,0.0,0,0
263.870,0,0.0,0,0
263.920,0,0.0,0,0
263.970,0,0.0,0,0
264.020,0,0.0,0,0
264.070,0,0.0,0,0
264.120,0,0.0,0,0
264.170,0,0.0,0,0
264.220,0,0.0,0,0
264.270,0,0.0,0,0
264.320,0,0.0,0,0
264.370,0,0.0,0,0
264.421,0,0.0,0,0
264.471,0,0.0,0,0
264.521,0,0.0,0,0
264.571,0,0.0,0,0
264.621,0,0.0,0,0
264.671,0,0.0,0,0
264.721,0,0.0,0,0
264.771,0,0.0,0,0
264.821,0,0.0,0,0
264.871,0,0.0,0,0
264.922,0,0.0,0,0
264.972,0,0.0,0,0
265.022,0,0.0,0,0
265.072,0,0.0,0,0
265.122,0,0.0,0,0
265.172,0,0.0,0,0
265.222,0,0.0,0,0
265.272,0,0.0,0,0
265.322,0,0.0,0,0
265.372,0,0.0,0,0
265.422,0,0.0,0,0
265.473,0,0.0,0,0
265.523,0,0.0,0,0
265.573,0,0.0,0,0
265.623,0,0.0,0,0
265.673,0,0.0,0,0
265.723,0,0.0,0,0
265.773,0,0.0,0,0
265.823,0,0.0,0,0
265.873,0,0.0,0,0
265.923,0,0.0,0,0
265.973,0,0.0,0,0
266.024,0,0.0,0,0
266.074,0,0.0,0,0
266.124,0,0.0,0,0
266.174,0,0.0,0,0
266.224,0,0.0,0,0
266.274,0,0.0,0,0
266.324,0,0.0,0,0
266.374,0,0.0,0,0
266.424,0,0.0,0,0
266.474,0,0.0,0,0
266.524,0,0.0,0,0
266.574,0,0.0,0,0
266.625,0,0.0,0,0
266.675,0,0.0,0,0
266.725,0,0.0,0,0
266.775,0,0.0,0,0
266.825,0,0.0,0,0
266.875,0,0.0,0,0
266.925,0,0.0,0,0
266.975,0,0.0,0,0
267.025,0,0.0,0,0
267.075,0,0.0,0,0
267.125,0,0.0,0,0
267.175,0,0.0,0,0
267.226,0,0.0,0,0
267.276,0,0.0,0,0
267.326,0,0.0,0,0
267.376,0,0.0,0,0
267.426,0,0.0,0,0
267.476,0,0.0,0,0
267.526,0,0.0,0,0
267.577,0,0.0,0,0
267.627,0,0.0,0,0
267.677,0,0.0,0,0
267.727,0,0.0,0,0
267.777,0,0.0,0,0
267.827,0,0.0,0,0
267.877,0,0.0,0,0
267.927,0,0.0,0,0
267.977,0,0.0,0,0
268.027,0,0.0,0,0
268.077,0,0.0,0,0
268.127,0,0.0,0,0
268.178,0,0.0,0,0
268.228,0,0.0,0,0
268.278,0,0.0,0,0
268.328,0,0.0,0,0
268.378,2,39.9,598,75
268.428,3,59.9,898,112
268.478,3,60.0,900,112
268.528,3,59.8,896,112
268.579,5,99.7,1496,187
268.629,4,79.8,1197,150
268.679,6,120.0,1800,225
268.729,5,99.9,1498,187
268.779,6,119.9,1798,225
268.829,6,120.0,1800,225
268.879,6,119.7,1795,224
268.929,7,139.5,2092,261
268.979,6,119.4,1791,224
269.030,8,159.4,2391,299
269.080,7,139.8,2098,262
269.130,7,139.7,2095,262
269.180,8,159.9,2399,300
269.230,8,159.5,2392,299
269.280,8,159.7,2395,299
269.330,9,179.9,2699,337
269.380,8,159.7,2395,299
269.430,9,179.7,2695,337
269.480,9,180.0,2699,337
269.530,9,179.8,2697,337
269.580,9,179.9,2698,337
269.630,9,179.8,2696,337
269.680,10,200.0,3000,375
269.731,9,179.3,2690,336
269.781,10,199.9,2999,375
269.831,10,199.3,2989,374
269.881,10,199.5,2993,374
269.931,10,199.6,2993,374
269.981,10,199.1,2987,373
270.031,11,219.6,3294,412
270.082,11,219.3,3290,411
270.132,10,200.0,3000,375
270.182,11,219.3,3289,411
270.232,11,219.7,3295,412
270.282,11,219.7,3295,412
270.332,11,219.8,3297,412
270.382,11,219.4,3291,411
270.432,11,219.7,3296,412
270.482,11,220.0,3300,412
270.532,11,219.7,3296,412
270.582,12,239.4,3590,449
270.632,11,219.9,3298,412
270.682,12,239.6,3594,449
270.733,11,219.6,3293,412
270.783,12,239.5,3593,449
270.833,11,219.9,3299,412
270.883,12,239.9,3598,450
270.933,12,239.7,3595,449
270.983,11,219.4,3291,411
271.033,12,239.7,3595,449
271.083,12,239.2,3588,448
271.133,12,239.1,3586,448
271.183,12,239.3,3589,449
271.234,12,239.2,3588,448
271.284,12,239.9,3598,450
271.334,12,239.7,3596,450
271.384,12,239.6,3593,449
271.434,12,239.7,3595,449
271.484,12,239.4,3591,449
271.534,12,239.1,3586,448
271.584,12,239.2,3588,448
271.634,12,239.8,3597,450
271.685,13,258.6,3878,485
271.735,12,239.7,3596,449
271.785,12,239.3,3590,449
271.835,12,239.8,3596,450
271.885,13,259.6,3895,487
271.935,12,239.1,3587,448
271.985,12,239.3,3589,449
272.035,12,239.9,3598,450
272.086,13,259.0,3885,486
272.136,12,238.8,3582,448
272.186,13,259.1,3886,486
272.236,12,239.2,3588,449
272.286,13,259.5,3893,487
272.336,12,239.7,3596,449
272.386,12,240.0,3600,450
272.436,13,259.3,3889,486
272.487,12,239.7,3595,449
272.537,13,259.0,3886,486
272.587,12,239.9,3599,450
272.637,13,259.5,3893,487
272.687,12,239.5,3593,449
272.737,13,259.8,3897,487
272.787,12,238.8,3582,448
272.837,13,259.6,3894,487
272.887,13,259.4,3891,486
272.937,12,239.7,3596,449
272.988,13,259.6,3893,487
273.038,12,240.0,3600,450
273.088,13,259.6,3893,487
273.138,12,240.0,3600,450
273.188,13,259.1,3887,486
273.238,13,259.9,3898,487
273.288,12,239.1,3587,448
273.338,13,259.3,3890,486
273.388,12,239.8,3596,450
273.438,13,259.4,3891,486
273.488,13,259.3,3890,486
273.538,12,239.7,3596,449
273.589,13,259.0,3885,486
273.639,12,239.2,3587,448
273.689,13,259.7,3896,487
273.739,13,259.3,3890,486
273.789,12,239.3,3589,449
273.839,13,259.6,3893,487
273.889,13,259.5,3893,487
273.939,12,239.4,3592,449
273.990,13,259.7,3896,487
274.040,13,260.0,3899,487
274.090,12,238.8,3582,448
274.140,13,259.6,3894,487
274.190,13,259.2,3888,486
274.240,13,259.9,3898,487
274.290,12,239.7,3595,449
274.340,13,259.0,3885,486
274.390,13,259.4,3891,486
274.440,12,239.8,3597,450
274.491,13,259.8,3896,487
274.541,13,259.6,3894,487
274.591,12,239.4,3591,449
274.641,13,259.6,3895,487
274.691,13,259.5,3893,487
274.741,12,239.6,3594,449
274.791,13,259.0,3885,486
274.841,13,258.6,3879,485
274.892,12,239.6,3594,449
274.942,13,258.6,3879,485
274.992,13,260.0,3900,487
275.042,13,259.9,3898,487
275.092,12,239.2,3588,449
275.142,13,259.6,3894,487
275.192,13,258.7,3881,485
275.242,12,239.7,3596,450
275.293,13,258.9,3884,485
275.343,13,259.2,3888,486
275.393,12,239.7,3595,449
275.443,13,259.5,3892,487
275.493,13,259.2,3889,486
275.543,13,259.1,3886,486
275.593,12,239.3,3589,449
275.644,13,259.2,3887,486
275.694,13,259.8,3897,487
275.744,12,239.5,3593,449
275.794,13,259.5,3893,487
275.844,13,259.3,3889,486
275.894,13,259.7,3895,487
275.944,12,239.8,3597,450
275.994,13,259.4,3891,486
276.044,13,259.8,3897,487
276.094,13,260.0,3900,487
276.144,12,239.5,3593,449
276.194,13,259.6,3895,487
276.245,13,259.0,3884,486
276.295,13,259.4,3891,486
276.345,12,239.6,3594,449
276.395,13,259.6,3894,487
276.445,13,259.1,3887,486
276.495,12,239.3,3590,449
276.545,13,259.4,3892,486
276.595,13,259.7,3896,487
276.645,13,259.8,3897,487
276.695,12,239.3,3590,449
276.746,13,259.3,3890,486
276.796,13,259.7,3895,487
276.846,13,259.9,3899,487
276.896,12,239.2,3588,448
276.946,13,259.4,3891,486
276.996,13,259.5,3892,487
277.046,12,239.3,3589,449
277.096,13,259.6,3894,487
277.146,13,259.1,3886,486
277.197,13,259.1,3887,486
277.247,12,239.2,3589,449
277.297,13,259.4,3892,486
277.347,13,259.8,3897,487
277.397,12,238.8,3582,448
277.447,13,259.3,3890,486
277.497,13,259.8,3896,487
277.547,12,239.5,3592,449
277.598,13,259.1,3886,486
277.648,13,259.4,3890,486
277.698,12,239.1,3586,448
277.748,13,259.7,3896,487
277.798,13,259.4,3891,486
277.848,12,240.0,3599,450
277.898,13,259.4,3892,486
277.948,13,259.5,3893,487
277.998,12,239.3,3590,449
278.049,13,259.5,3893,487
278.099,13,260.0,3900,487
278.149,12,239.7,3596,449
278.199,13,259.6,3894,487
278.249,13,259.6,3893,487
278.299,12,239.5,3593,449
278.349,13,259.7,3895,487
278.399,13,259.6,3894,487
278.449,12,239.9,3599,450
278.499,13,259.5,3893,487
278.549,13,259.9,3899,487
278.599,12,239.9,3599,450
278.649,13,259.8,3897,487
278.699,13,259.9,3899,487
278.749,12,239.2,3588,448
278.799,13,259.6,3894,487
278.850,13,259.1,3886,486
278.900,12,239.3,3590,449
278.950,13,259.5,3893,487
279.000,13,259.6,3894,487
279.050,12,239.5,3592,449
279.100,13,259.4,3891,486
279.150,13,259.2,3888,486
279.200,13,259.4,3891,486
279.251,12,239.4,3591,449
279.301,13,259.3,3889,486
279.351,13,259.8,3897,487
279.401,12,239.7,3595,449
279.451,13,259.6,3894,487
279.501,13,259.0,3885,486
279.551,12,239.5,3593,449
279.601,13,259.9,3899,487
279.651,13,259.8,3897,487
279.701,13,259.9,3898,487
279.751,12,239.2,3588,448
279.801,13,259.9,3899,487
279.852,13,259.1,3886,486
279.902,12,240.0,3599,450
279.952,13,259.5,3893,487
280.002,13,259.9,3899,487
280.052,12,239.4,3591,449
280.102,13,259.6,3894,487
280.152,13,259.7,3896,487
280.202,12,240.0,3600,450
280.252,13,259.9,3898,487
280.302,13,259.2,3889,486
280.352,13,259.5,3892,486
280.403,12,238.8,3582,448
280.453,13,259.7,3895,487
280.503,13,259.8,3897,487
280.553,12,239.9,3599,450
280.603,13,260.0,3900,487
280.653,13,259.4,3891,486
280.703,13,259.2,3888,486
280.753,12,239.8,3597,450
280.803,13,260.0,3899,487
280.853,13,260.0,3900,487
280.903,12,239.8,3597,450
280.953,13,259.6,3894,487
281.003,13,259.7,3896,487
281.053,12,239.7,3595,449
281.103,13,259.3,3889,486
281.153,13,259.6,3894,487
281.204,12,239.2,3588,449
281.254,13,259.7,3896,487
281.304,13,259.9,3898,487
281.354,12,239.4,3591,449
281.404,13,259.9,3899,487
281.454,13,259.2,3887,486
281.504,12,238.9,3584,448
281.554,13,259.0,3886,486
281.604,13,259.6,3894,487
281.654,12,239.7,3596,449
281.705,13,260.0,3899,487
281.755,13,259.0,3885,486
281.805,12,239.1,3587,448
281.855,13,259.9,3899,487
281.905,13,259.7,3896,487
281.955,12,239.2,3588,448
282.005,13,259.6,3894,487
282.055,13,259.4,3891,486
282.105,12,239.3,3590,449
282.156,13,259.1,3886,486
282.206,13,259.7,3895,487
282.256,12,239.9,3599,450
282.306,13,260.0,3900,487
282.356,12,239.8,3597,450
282.406,13,259.1,3886,486
282.456,13,259.7,3895,487
282.506,12,239.3,3590,449
282.556,13,259.7,3895,487
282.606,13,258.9,3884,486
282.656,12,239.8,3597,450
282.706,13,259.8,3897,487
282.757,12,239.9,3599,450
282.807,13,260.0,3899,487
282.857,13,258.7,3881,485
282.907,12,239.7,3595,449
282.957,13,259.5,3892,486
283.007,12,239.7,3595,449
283.057,13,259.4,3892,486
283.107,13,259.6,3894,487
283.157,12,239.2,3588,449
283.207,13,259.5,3893,487
283.258,12,239.6,3594,449
283.308,13,259.7,3896,487
283.358,13,259.3,3889,486
283.408,12,239.9,3599,450
283.458,13,259.5,3893,487
283.508,12,239.1,3586,448
283.558,13,259.5,3892,486
283.608,13,259.7,3895,487
283.658,12,239.4,3591,449
283.708,13,259.4,3891,486
283.758,12,239.8,3597,450
283.809,13,259.8,3898,487
283.859,12,239.7,3595,449
283.909,13,260.0,3900,487
283.959,13,259.9,3898,487
284.009,12,239.2,3587,448
284.059,13,259.1,3886,486
284.109,12,239.2,3588,449
284.159,13,259.6,3894,487
284.209,13,258.9,3884,486
284.259,12,239.7,3595,449
284.310,13,259.5,3892,487
284.360,13,259.3,3890,486
284.410,12,239.8,3597,450
284.460,13,259.2,3888,486
284.510,12,239.8,3596,450
284.560,13,259.9,3898,487
284.610,13,259.8,3898,487
284.660,12,239.7,3595,449
284.710,13,259.7,3896,487
284.760,12,239.7,3595,449
284.810,13,259.6,3894,487
284.860,13,259.2,3888,486
284.911,12,239.3,3590,449
284.961,13,259.3,3890,486
285.011,13,259.3,3890,486
285.061,12,240.0,3600,450
285.111,13,259.8,3896,487
285.161,13,259.7,3895,487
285.211,12,239.4,3591,449
285.261,13,259.7,3896,487
285.311,13,259.1,3886,486
285.362,12,238.9,3584,448
285.412,13,259.5,3893,487
285.462,13,260.0,3899,487
285.512,12,239.9,3598,450
285.562,13,259.8,3896,487
285.612,13,259.1,3887,486
285.662,12,239.3,3590,449
285.712,13,259.7,3895,487
285.762,13,259.5,3892,486
285.812,13,259.9,3898,487
285.862,12,239.1,3586,448
285.912,13,259.8,3897,487
285.962,13,259.9,3899,487
286.013,12,239.3,3590,449
286.063,13,259.4,3891,486
286.113,13,260.0,3899,487
286.163,12,239.2,3588,449
286.213,13,259.3,3889,486
286.263,13,259.4,3891,486
286.313,13,259.4,3892,486
286.363,12,239.9,3599,450
286.413,13,259.9,3898,487
286.463,13,259.8,3897,487
286.514,12,238.9,3583,448
286.564,13,259.8,3897,487
286.614,13,259.4,3890,486
286.664,12,239.7,3595,449
286.714,13,259.1,3887,486
286.764,13,259.9,3898,487
286.814,13,259.5,3892,487
286.864,12,239.4,3591,449
286.914,13,259.8,3897,487
286.964,13,259.8,3896,487
287.014,13,259.2,3887,486
287.065,12,239.3,3590,449
287.115,13,259.3,3890,486
287.165,13,259.8,3898,487
287.215,13,259.6,3894,487
287.265,12,239.4,3591,449
287.315,13,259.7,3895,487
287.365,13,259.8,3896,487
287.415,13,259.2,3888,486
287.465,13,259.3,3890,486
287.515,12,239.8,3597,450
287.565,13,259.9,3899,487
287.615,13,259.6,3893,487
287.666,13,259.2,3888,486
287.716,13,259.7,3895,487
287.766,13,258.9,3884,485
287.816,12,239.8,3597,450
287.866,13,259.4,3890,486
287.916,13,259.4,3891,486
287.966,13,259.7,3896,487
288.016,13,260.0,3900,487
288.066,13,259.3,3889,486
288.116,12,239.7,3596,449
288.166,13,259.9,3899,487
288.217,13,259.5,3893,487
288.267,13,259.9,3898,487
288.317,13,259.7,3895,487
288.367,12,239.7,3596,449
288.417,13,259.6,3894,487
288.467,13,258.8,3882,485
288.517,13,259.7,3895,487
288.567,13,259.7,3896,487
288.617,13,259.6,3894,487
288.667,13,259.4,3891,486
288.717,13,259.4,3891,486
288.768,12,239.3,3590,449
288.818,13,259.3,3890,486
288.868,13,259.8,3896,487
288.918,13,259.3,3890,486
288.968,13,259.9,3899,487
289.018,13,259.5,3892,487
289.068,13,259.3,3889,486
289.118,12,240.0,3600,450
289.168,13,259.5,3893,487
289.218,13,259.5,3892,486
289.268,13,259.7,3895,487
289.318,13,259.8,3898,487
289.368,13,259.6,3895,487
289.419,12,239.4,3591,449
289.469,13,259.8,3897,487
289.519,13,259.7,3895,487
289.569,13,259.1,3886,486
289.619,13,259.2,3888,486
289.669,13,259.3,3889,486
289.719,13,259.8,3896,487
289.769,12,239.5,3592,449
289.819,13,259.6,3894,487
289.869,13,259.7,3895,487
289.920,13,259.8,3898,487
289.970,13,259.6,3893,487
290.020,13,259.0,3886,486
290.070,13,259.9,3899,487
290.120,12,240.0,3599,450
290.170,13,259.4,3890,486
290.220,13,259.4,3891,486
290.270,13,259.3,3890,486
290.320,13,258.9,3884,486
290.370,13,259.8,3897,487
290.420,13,259.7,3895,487
290.470,13,259.9,3899,487
290.521,13,259.5,3892,486
290.571,12,239.9,3599,450
290.621,13,259.3,3890,486
290.671,13,259.2,3887,486
290.721,13,259.3,3890,486
290.771,13,259.3,3889,486
290.821,13,259.4,3891,486
290.871,12,239.4,3591,449
290.921,13,260.0,3900,487
290.972,13,259.4,3890,486
291.022,13,259.4,3892,486
291.072,13,259.7,3896,487
291.122,13,259.5,3893,487
291.172,13,259.3,3890,486
291.222,12,239.4,3591,449
291.272,13,259.3,3890,486
291.322,13,259.3,3890,486
291.372,13,259.2,3888,486
291.423,13,259.5,3893,487
291.473,12,239.6,3594,449
291.523,13,259.6,3894,487
291.573,13,259.3,3890,486
291.623,13,259.7,3896,487
291.673,13,259.6,3894,487
291.723,12,239.4,3591,449
291.773,13,259.9,3899,487
291.823,13,259.4,3891,486
291.873,13,259.4,3890,486
291.923,12,239.7,3595,449
291.974,13,258.9,3884,485
292.024,13,259.3,3890,486
292.074,13,259.4,3891,486
292.124,12,239.4,3591,449
292.174,13,259.8,3897,487
292.224,13,260.0,3899,487
292.274,13,260.0,3899,487
292.324,12,239.2,3588,448
292.374,13,259.8,3897,487
292.424,13,259.8,3897,487
292.474,12,239.2,3588,449
292.525,13,259.1,3886,486
292.575,13,259.8,3896,487
292.625,13,259.1,3886,486
292.675,12,239.7,3596,450
292.725,13,260.0,3900,487
292.775,13,259.3,3890,486
292.825,12,239.4,3591,449
292.875,13,259.8,3897,487
292.925,13,259.9,3899,487
292.975,12,239.4,3591,449
293.025,13,260.0,3900,487
293.075,13,259.4,3890,486
293.126,12,239.7,3596,449
293.176,13,259.6,3894,487
293.226,12,239.7,3595,449
293.276,13,259.5,3892,486
293.326,13,259.2,3888,486
293.376,12,239.8,3596,450
293.426,13,259.2,3888,486
293.476,13,259.1,3887,486
293.526,12,239.9,3598,450
293.576,13,259.7,3896,487
293.626,12,239.6,3593,449
293.677,13,259.7,3895,487
293.727,13,259.4,3891,486
293.777,12,240.0,3600,450
293.827,13,259.9,3899,487
293.877,13,259.6,3895,487
293.927,12,239.6,3594,449
293.977,13,259.9,3899,487
294.027,13,259.4,3891,486
294.077,12,239.9,3599,450
294.127,13,259.6,3895,487
294.177,13,258.9,3884,485
294.227,12,239.4,3592,449
294.277,13,259.4,3890,486
294.328,13,258.7,3880,485
294.378,12,239.5,3593,449
294.428,13,259.6,3895,487
294.478,12,239.6,3595,449
294.528,13,259.4,3890,486
294.578,13,259.8,3896,487
294.628,12,239.1,3586,448
294.678,13,259.5,3892,487
294.729,13,259.6,3893,487
294.779,12,239.9,3598,450
294.829,13,259.2,3889,486
294.879,13,259.6,3893,487
294.929,12,239.2,3588,448
294.979,13,259.6,3895,487
295.029,13,259.8,3896,487
295.079,12,239.9,3599,450
295.129,13,259.3,3889,486
295.179,13,259.7,3895,487
295.229,12,239.7,3596,450
295.279,13,259.4,3891,486
295.329,13,259.9,3899,487
295.380,13,259.6,3894,487
295.430,12,239.3,3589,449
295.480,13,259.5,3892,487
295.530,13,259.4,3891,486
295.580,13,259.7,3896,487
295.630,12,239.4,3591,449
295.680,13,259.0,3884,486
295.730,13,259.7,3896,487
295.780,13,259.4,3891,486
295.831,12,239.3,3590,449
295.881,13,259.7,3896,487
295.931,13,259.3,3890,486
295.981,13,259.4,3891,486
296.031,13,259.7,3896,487
296.081,13,259.6,3894,487
296.131,12,239.8,3598,450
296.181,13,259.2,3887,486
296.231,13,259.4,3892,486
296.281,13,259.6,3894,487
296.331,13,260.0,3900,487
296.382,13,259.1,3887,486
296.432,12,239.5,3593,449
296.482,13,259.8,3896,487
296.532,13,259.1,3887,486
296.582,13,259.7,3895,487
296.632,13,259.6,3894,487
296.682,13,259.5,3893,487
296.732,13,259.8,3897,487
296.782,12,239.1,3587,448
296.832,13,259.9,3899,487
296.882,13,259.7,3896,487
296.932,13,260.0,3900,487
296.982,13,260.0,3900,487
297.033,13,259.3,3890,486
297.083,13,259.4,3891,486
297.133,12,239.4,3591,449
297.183,13,259.8,3897,487
297.233,13,259.9,3899,487
297.283,13,259.9,3898,487
297.333,13,259.1,3887,486
297.383,13,259.9,3898,487
297.433,13,259.9,3898,487
297.483,13,259.3,3890,486
297.533,12,239.9,3598,450
297.583,13,259.6,3894,487
297.633,13,259.3,3890,486
297.684,13,259.2,3889,486
297.734,13,259.8,3896,487
297.784,13,259.7,3895,487
297.834,13,259.5,3893,487
297.884,13,259.3,3890,486
297.934,13,259.4,3891,486
297.984,13,259.3,3890,486
298.034,12,239.7,3595,449
298.084,13,259.1,3886,486
298.134,13,259.7,3895,487
298.185,13,259.4,3891,486
298.235,13,259.7,3895,487
298.285,13,259.6,3893,487
298.335,13,259.1,3886,486
298.385,13,259.8,3897,487
298.435,13,260.0,3900,487
298.485,13,259.5,3892,486
298.535,13,259.4,3892,486
298.585,12,240.0,3600,450
298.635,13,259.5,3893,487
298.685,13,259.6,3893,487
298.736,13,259.1,3887,486
298.786,13,259.1,3886,486
298.836,13,259.6,3895,487
298.886,13,258.9,3883,485
298.936,13,259.2,3888,486
298.986,13,259.7,3896,487
299.036,13,260.0,3900,487
299.086,13,259.4,3891,486
299.136,12,240.0,3599,450
299.186,14,279.9,4199,525
299.237,12,238.8,3582,448
299.287,13,259.5,3892,487
299.337,13,259.6,3894,487
299.387,13,259.9,3898,487
299.437,13,259.5,3892,487
299.487,13,259.3,3889,486
299.537,13,259.8,3896,487
299.587,13,259.6,3895,487
299.637,13,259.0,3885,486
299.687,13,260.0,3900,487
299.738,13,259.0,3886,486
299.788,13,259.1,3887,486
299.838,13,259.3,3889,486
299.888,13,259.9,3899,487
299.938,13,259.6,3894,487
299.988,12,239.3,3589,449
300.038,13,259.4,3890,486
300.088,13,259.0,3885,486
300.138,13,259.7,3895,487
300.189,13,259.7,3895,487
300.239,13,259.6,3894,487
300.289,13,259.1,3886,486
300.339,13,259.6,3894,487
300.389,13,259.1,3887,486
300.439,13,259.6,3894,487
300.489,13,259.4,3891,486
300.539,13,259.7,3895,487
300.589,12,239.5,3593,449
300.639,13,259.9,3898,487
300.689,13,259.7,3896,487
300.739,13,259.7,3896,487
300.790,13,259.9,3899,487
300.840,13,259.3,3890,486
300.890,13,259.3,3890,486
300.940,13,259.2,3888,486
300.990,13,259.2,3888,486
301.040,13,259.3,3890,486
301.090,12,239.1,3587,448
301.140,13,259.5,3893,487
301.191,13,259.9,3898,487
301.241,13,259.1,3886,486
301.291,13,259.3,3890,486
301.341,13,259.1,3886,486
301.391,13,259.9,3899,487
301.441,13,259.9,3899,487
301.491,13,259.8,3897,487
301.541,13,259.4,3891,486
301.591,13,259.0,3884,486
301.642,12,239.4,3592,449
301.692,13,259.2,3888,486
301.742,13,259.2,3888,486
301.792,13,259.4,3891,486
301.842,13,259.1,3886,486
301.892,13,260.0,3899,487
301.942,13,259.2,3889,486
301.992,13,259.5,3892,487
302.042,13,259.5,3892,487
302.093,13,259.8,3897,487
302.143,13,259.7,3895,487
302.193,12,239.1,3587,448
302.243,13,259.7,3895,487
302.293,13,259.3,3890,486
302.343,13,259.5,3893,487
302.393,13,259.7,3895,487
302.443,13,259.2,3887,486
302.493,13,260.0,3899,487
302.543,13,259.0,3885,486
302.594,13,259.5,3892,487
302.644,13,259.3,3889,486
302.694,13,259.2,3889,486
302.744,13,259.8,3897,487
302.794,13,259.1,3887,486
302.844,12,238.6,3579,447
302.894,13,259.6,3895,487
302.944,13,259.8,3897,487
302.995,13,259.7,3895,487
303.045,13,259.0,3885,486
303.095,13,259.1,3887,486
303.145,13,259.9,3899,487
303.195,13,259.4,3891,486
303.245,13,259.0,3885,486
303.295,13,259.6,3894,487
303.345,13,259.4,3891,486
303.396,13,259.4,3891,486
303.446,13,259.3,3889,486
303.496,12,239.2,3589,449
303.546,13,259.6,3894,487
303.596,13,259.6,3893,487
303.646,13,259.2,3888,486
303.696,13,259.9,3899,487
303.746,13,259.4,3891,486
303.796,13,259.9,3899,487
303.846,13,259.0,3884,486
303.897,13,259.7,3895,487
303.947,13,259.9,3899,487
303.997,13,259.3,3889,486
304.047,12,239.9,3598,450
304.097,13,259.9,3898,487
304.147,13,260.0,3899,487
304.197,13,259.3,3889,486
304.247,13,259.9,3899,487
304.297,13,259.2,3888,486
304.347,13,259.3,3890,486
304.397,13,260.0,3899,487
304.447,13,259.7,3895,487
304.497,13,259.8,3897,487
304.547,13,259.3,3890,486
304.598,13,259.3,3889,486
304.648,13,259.3,3889,486
304.698,13,259.1,3886,486
304.748,12,239.7,3595,449
304.798,13,259.2,3888,486
304.848,13,258.9,3883,485
304.898,13,259.7,3896,487
304.949,13,258.9,3884,486
304.999,13,260.0,3900,487
305.049,13,259.8,3896,487
305.099,13,259.4,3890,486
305.149,13,260.0,3900,487
305.199,13,259.0,3885,486
305.249,13,259.7,3896,487
305.299,13,259.0,3885,486
305.349,13,259.2,3888,486
305.399,13,259.8,3898,487
305.449,13,259.3,3890,486
305.500,13,258.7,3880,485
305.550,13,259.8,3897,487
305.600,13,259.4,3890,486
305.650,12,239.8,3598,450
305.700,13,259.7,3896,487
305.750,13,259.7,3895,487
305.800,13,259.0,3886,486
305.850,13,259.1,3887,486
305.901,13,259.2,3889,486
305.951,13,259.7,3895,487
306.001,13,260.0,3899,487
306.051,13,260.0,3899,487
306.101,13,259.5,3892,487
306.151,13,259.3,3890,486
306.201,13,259.6,3895,487
306.251,13,259.3,3889,486
306.301,13,259.2,3888,486
306.351,13,259.3,3890,486
306.401,13,259.6,3894,487
306.452,13,259.6,3894,487
306.502,13,259.9,3898,487
306.552,13,259.1,3887,486
306.602,13,259.5,3892,486
306.652,13,259.8,3896,487
306.702,12,239.3,3590,449
306.752,13,259.5,3893,487
306.802,13,259.6,3893,487
306.852,13,259.8,3897,487
306.902,13,259.3,3889,486
306.953,13,259.2,3889,486
307.003,13,259.9,3899,487
307.053,13,259.2,3888,486
307.103,13,259.9,3899,487
307.153,13,259.0,3885,486
307.203,13,259.2,3888,486
307.253,13,259.8,3897,487
307.303,13,259.9,3899,487
307.353,13,259.1,3887,486
307.403,13,259.8,3897,487
307.453,12,239.8,3597,450
307.503,13,259.5,3892,486
307.554,13,259.4,3891,486
307.604,13,259.8,3896,487
307.654,13,259.8,3897,487
307.704,13,259.0,3885,486
307.754,13,259.2,3888,486
307.804,13,259.6,3894,487
307.854,13,259.8,3897,487
307.904,13,259.6,3893,487
307.954,13,259.6,3895,487
308.004,13,259.1,3886,486
308.055,12,238.7,3581,448
308.105,13,259.3,3890,486
308.155,13,259.7,3896,487
308.205,13,259.4,3891,486
308.255,13,259.9,3898,487
308.305,13,259.2,3888,486
308.355,13,259.3,3890,486
308.405,13,260.0,3900,487
308.456,13,258.8,3881,485
308.506,13,259.4,3890,486
308.556,13,259.8,3897,487
308.606,13,259.3,3889,486
308.656,12,239.3,3590,449
308.706,13,260.0,3900,487
308.756,13,259.4,3891,486
308.806,13,259.9,3899,487
308.856,13,259.4,3891,486
308.906,13,259.1,3887,486
308.957,13,259.5,3893,487
309.007,13,259.4,3891,486
309.057,13,259.1,3887,486
309.107,13,259.0,3885,486
309.157,12,239.4,3591,449
309.207,13,259.1,3887,486
309.257,13,259.9,3898,487
309.307,13,259.3,3889,486
309.357,13,259.9,3898,487
309.408,13,259.6,3894,487
309.458,13,259.3,3890,486
309.508,13,259.6,3894,487
309.558,12,239.7,3595,449
309.608,13,259.4,3891,486
309.658,13,259.0,3885,486
309.708,13,259.6,3895,487
309.758,13,259.5,3892,487
309.808,13,259.4,3891,486
309.858,13,259.6,3894,487
309.909,13,259.2,3888,486
309.959,13,259.8,3897,487
310.009,13,259.1,3886,486
310.059,12,239.4,3590,449
310.109,13,259.3,3890,486
310.159,13,259.8,3896,487
310.209,13,259.3,3890,486
310.259,13,259.9,3899,487
310.309,13,259.4,3891,486
310.359,13,259.6,3894,487
310.410,12,239.8,3597,450
310.460,13,258.6,3879,485
310.510,13,258.7,3880,485
310.560,13,259.1,3886,486
310.610,13,259.0,3885,486
310.661,13,259.5,3893,487
310.711,13,259.3,3889,486
310.761,13,258.6,3878,485
310.811,13,259.5,3892,487
310.861,12,239.3,3590,449
310.911,13,259.7,3895,487
310.961,13,259.2,3887,486
311.011,13,259.6,3893,487
311.062,13,259.6,3895,487
311.112,13,259.7,3895,487
311.162,13,259.0,3885,486
311.212,13,259.1,3887,486
311.262,13,259.8,3897,487
311.312,12,239.0,3586,448
311.362,12,239.3,3590,449
311.413,13,259.2,3887,486
311.463,13,259.2,3888,486
311.513,13,259.8,3898,487
311.563,13,259.6,3894,487
311.613,13,259.1,3887,486
311.663,13,259.9,3899,487
311.713,13,259.9,3899,487
311.763,12,239.9,3598,450
311.813,13,259.2,3889,486
311.863,13,259.0,3885,486
311.913,13,259.3,3890,486
311.964,13,259.7,3895,487
312.014,13,259.3,3889,486
312.064,13,259.8,3897,487
312.114,13,259.1,3886,486
312.164,13,259.0,3885,486
312.214,13,260.0,3900,487
312.264,12,239.1,3586,448
312.314,13,259.7,3895,487
312.364,13,259.3,3890,486
312.415,13,259.3,3890,486
312.465,13,259.7,3895,487
312.515,13,260.0,3900,487
312.565,13,259.7,3895,487
312.615,13,259.9,3899,487
312.665,12,239.1,3587,448
312.715,13,259.6,3893,487
312.765,13,259.4,3890,486
312.815,13,259.6,3893,487
312.865,13,259.0,3885,486
312.916,13,259.4,3891,486
312.966,13,259.3,3890,486
313.016,13,259.8,3897,487
313.066,12,239.0,3585,448
313.116,13,259.1,3886,486
313.166,13,259.3,3890,486
313.216,13,259.7,3895,487
313.266,13,259.4,3891,486
313.316,13,259.7,3896,487
313.367,13,258.9,3883,485
313.417,12,239.5,3593,449
313.467,13,259.5,3893,487
313.517,13,260.0,3900,487
313.567,13,259.4,3892,486
313.617,13,259.6,3893,487
313.667,13,259.4,3892,486
313.718,13,257.7,3866,483
313.768,13,259.9,3898,487
313.818,13,259.4,3891,486
313.868,12,239.8,3597,450
313.918,13,259.5,3892,487
313.968,13,259.6,3893,487
314.018,13,260.0,3900,487
314.068,13,259.3,3889,486
314.118,13,259.0,3885,486
314.168,13,259.7,3896,487
314.218,12,239.6,3595,449
314.269,13,259.1,3887,486
314.319,13,259.9,3899,487
314.369,13,259.6,3894,487
314.419,13,260.0,3899,487
314.469,13,258.8,3882,485
314.519,13,259.5,3892,487
314.569,13,260.0,3900,487
314.619,12,239.4,3591,449
314.669,13,259.3,3889,486
314.719,13,259.7,3895,487
314.769,13,259.3,3890,486
314.820,13,259.2,3888,486
314.870,13,259.3,3890,486
314.920,12,239.8,3596,450
314.970,13,259.7,3895,487
315.020,13,259.9,3899,487
315.070,13,259.2,3889,486
315.120,13,259.1,3886,486
315.170,13,259.6,3894,487
315.220,13,259.4,3891,486
315.271,13,259.3,3890,486
315.321,13,259.4,3891,486
315.371,12,239.7,3596,450
315.421,13,260.0,3899,487
315.471,13,259.8,3897,487
315.521,13,259.6,3894,487
315.571,13,259.3,3890,486
315.621,13,260.0,3900,487
315.671,12,240.0,3600,450
315.721,13,259.0,3886,486
315.771,13,259.6,3893,487
315.821,13,259.2,3888,486
315.872,13,259.4,3891,486
315.922,13,259.6,3894,487
315.972,13,259.1,3886,486
316.022,13,259.7,3895,487
316.072,12,239.6,3595,449
316.122,13,259.8,3898,487
316.172,13,259.4,3891,486
316.222,13,259.6,3894,487
316.272,13,260.0,3900,487
316.322,13,259.3,3889,486
316.372,13,259.1,3887,486
316.423,13,259.3,3889,486
316.473,12,239.5,3592,449
316.523,13,260.0,3900,487
316.573,13,259.4,3890,486
316.623,13,259.3,3889,486
316.673,13,259.0,3885,486
316.723,13,259.7,3896,487
316.773,13,258.9,3884,485
316.824,13,259.1,3887,486
316.874,13,259.1,3887,486
316.924,13,259.9,3898,487
316.974,12,239.0,3584,448
317.024,13,259.6,3894,487
317.074,13,259.4,3891,486
317.124,13,259.6,3895,487
317.174,13,259.4,3892,486
317.224,13,260.0,3900,487
317.274,13,259.6,3895,487
317.325,13,259.3,3890,486
317.375,13,259.7,3896,487
317.425,13,259.5,3893,487
317.475,13,259.9,3899,487
317.525,12,239.6,3594,449
317.575,13,259.8,3896,487
317.625,13,259.6,3894,487
317.675,13,260.0,3900,487
317.725,13,259.4,3891,486
317.775,13,259.4,3890,486
317.825,13,259.9,3899,487
317.875,13,259.1,3887,486
317.926,13,259.3,3890,486
317.976,13,260.0,3900,487
318.026,13,259.1,3887,486
318.076,13,259.6,3893,487
318.126,13,259.1,3887,486
318.176,13,260.0,3900,487
318.226,12,240.0,3599,450
318.276,13,259.6,3894,487
318.326,13,259.7,3896,487
318.376,13,260.0,3899,487
318.426,13,259.5,3892,487
318.476,13,259.8,3898,487
318.526,13,259.0,3885,486
318.577,13,259.1,3886,486
318.627,13,259.8,3897,487
318.677,13,259.3,3890,486
318.727,13,259.6,3894,487
318.777,13,259.4,3891,486
318.827,13,259.6,3894,487
318.877,13,259.2,3889,486
318.927,13,259.7,3895,487
318.977,13,259.1,3887,486
319.027,13,259.6,3894,487
319.078,13,259.5,3892,486
319.128,12,239.4,3591,449
319.178,13,259.3,3890,486
319.228,13,259.0,3886,486
319.278,13,259.6,3894,487
319.328,13,259.9,3898,487
319.378,13,259.9,3899,487
319.428,13,259.7,3895,487
319.478,13,260.0,3900,487
319.528,13,259.0,3885,486
319.579,13,259.1,3886,486
319.629,13,260.0,3899,487
319.679,13,259.8,3897,487
319.729,13,259.9,3899,487
319.779,13,259.0,3885,486
319.829,13,259.1,3887,486
319.879,12,239.7,3595,449
319.929,13,259.8,3897,487
319.979,13,260.0,3899,487
320.029,13,259.3,3890,486
320.079,13,259.6,3894,487
320.129,13,260.0,3900,487
320.179,13,259.9,3898,487
320.229,13,259.5,3893,487
320.280,13,259.3,3890,486
320.330,13,259.1,3887,486
320.380,13,259.8,3898,487
320.430,13,259.4,3890,486
320.480,13,259.7,3895,487
320.530,13,259.1,3886,486
320.580,13,259.9,3899,487
320.630,13,259.2,3887,486
320.680,13,259.2,3888,486
320.731,13,259.2,3888,486
320.781,13,260.0,3900,487
320.831,13,259.9,3899,487
320.881,12,239.1,3587,448
320.931,13,260.0,3900,487
320.981,13,259.3,3890,486
321.031,13,259.4,3891,486
321.081,13,260.0,3900,487
321.131,13,259.6,3895,487
321.181,13,259.3,3890,486
321.231,13,259.1,3887,486
321.282,13,259.3,3889,486
321.332,13,259.4,3891,486
321.382,13,259.8,3897,487
321.432,13,259.5,3892,487
321.482,13,259.0,3885,486
321.532,13,258.7,3881,485
321.582,13,259.7,3896,487
321.632,13,259.7,3895,487
321.683,13,259.1,3886,486
321.733,13,259.3,3890,486
321.783,13,259.7,3896,487
321.833,13,259.3,3889,486
321.883,13,259.2,3888,486
321.933,13,259.2,3888,486
321.983,13,259.7,3896,487
322.033,13,259.6,3894,487
322.083,13,259.4,3891,486
322.134,12,239.4,3590,449
322.184,13,259.7,3896,487
322.234,13,259.6,3895,487
322.284,13,259.2,3887,486
322.334,13,259.9,3898,487
322.384,13,259.3,3889,486
322.434,13,258.6,3879,485
322.484,13,259.2,3888,486
322.535,13,259.4,3891,486
322.585,13,259.2,3889,486
322.635,13,259.6,3895,487
322.685,13,259.5,3892,486
322.735,13,259.4,3892,486
322.785,13,259.3,3889,486
322.835,12,239.3,3590,449
322.885,13,259.3,3889,486
322.936,13,258.8,3882,485
322.986,13,259.8,3896,487
323.036,13,259.8,3897,487
323.086,13,259.7,3896,487
323.136,13,259.7,3896,487
323.186,13,259.7,3895,487
323.236,13,259.4,3891,486
323.286,13,259.7,3895,487
323.336,13,259.6,3894,487
323.386,13,259.7,3896,487
323.436,12,239.4,3591,449
323.486,13,259.4,3890,486
323.536,13,260.0,3900,487
323.587,13,259.1,3886,486
323.637,13,259.3,3890,486
323.687,13,259.2,3889,486
323.737,13,259.4,3892,486
323.787,13,259.0,3885,486
323.837,13,259.0,3886,486
323.888,13,258.9,3884,486
323.938,12,239.4,3590,449
323.988,13,259.6,3894,487
324.038,13,259.8,3897,487
324.088,13,259.5,3892,487
324.138,13,259.3,3890,486
324.188,13,259.3,3890,486
324.238,13,259.7,3895,487
324.288,13,259.1,3887,486
324.338,13,259.8,3898,487
324.389,13,259.5,3892,486
324.439,13,259.8,3897,487
324.489,12,239.5,3592,449
324.539,13,259.1,3887,486
324.589,13,259.3,3890,486
324.639,13,259.5,3892,487
324.689,13,259.9,3899,487
324.739,13,259.7,3895,487
324.789,13,259.6,3894,487
324.839,13,259.5,3893,487
324.889,13,259.3,3889,486
324.940,13,259.4,3891,486
324.990,13,259.2,3888,486
325.040,13,259.7,3896,487
325.090,13,259.4,3891,486
325.140,12,240.0,3600,450
325.190,13,258.9,3883,485
325.240,13,259.1,3887,486
325.290,13,259.7,3896,487
325.341,13,259.3,3889,486
325.391,13,260.0,3899,487
325.441,13,259.5,3892,487
325.491,13,259.4,3891,486
325.541,13,259.4,3891,486
325.591,13,259.6,3894,487
325.641,13,259.1,3887,486
325.691,13,259.6,3894,487
325.741,13,260.0,3900,487
325.791,12,240.0,3600,450
325.841,13,259.1,3886,486
325.891,13,259.9,3898,487
325.941,13,259.8,3897,487
325.992,13,259.3,3890,486
326.042,13,259.7,3895,487
326.092,13,259.1,3886,486
326.142,13,259.2,3888,486
326.192,13,259.2,3889,486
326.242,13,260.0,3900,487
326.292,13,259.2,3888,486
326.343,12,238.8,3581,448
326.393,13,259.2,3887,486
326.443,13,259.4,3890,486
326.493,13,259.3,3890,486
326.543,13,259.7,3896,487
326.593,13,260.0,3900,487
326.643,13,259.4,3891,486
326.693,13,259.8,3897,487
326.743,13,259.9,3898,487
326.793,13,259.2,3888,486
326.843,12,239.4,3591,449
326.894,13,259.5,3893,487
326.944,13,259.8,3896,487
326.994,13,259.6,3894,487
327.044,13,259.4,3891,486
327.094,13,259.3,3890,486
327.144,13,259.0,3885,486
327.194,13,260.0,3900,487
327.244,12,239.1,3586,448
327.294,13,259.3,3889,486
327.345,13,259.5,3893,487
327.395,13,259.3,3890,486
327.445,13,259.0,3886,486
327.495,13,259.6,3894,487
327.545,13,259.5,3892,487
327.595,13,259.8,3896,487
327.645,12,239.5,3592,449
327.695,13,259.4,3891,486
327.745,13,259.5,3893,487
327.795,13,259.9,3898,487
327.846,13,259.4,3891,486
327.896,13,259.4,3891,486
327.946,13,259.7,3896,487
327.996,12,239.2,3589,449
328.046,13,259.8,3897,487
328.096,13,259.7,3896,487
328.146,13,259.2,3888,486
328.196,13,259.7,3896,487
328.246,13,259.4,3892,486
328.296,13,259.6,3894,487
328.346,13,259.6,3893,487
328.397,12,239.0,3585,448
328.447,13,259.5,3893,487
328.497,13,259.7,3895,487
328.547,13,259.5,3893,487
328.597,13,259.5,3893,487
328.647,13,259.4,3890,486
328.697,12,239.7,3596,450
328.747,13,259.1,3886,486
328.797,13,259.6,3894,487
328.848,13,259.1,3886,486
328.898,13,259.6,3895,487
328.948,13,259.7,3895,487
328.998,13,259.8,3897,487
329.048,13,259.7,3895,487
329.098,12,239.9,3599,450
329.148,13,259.4,3891,486
329.198,13,259.4,3891,486
329.248,13,259.4,3891,486
329.298,13,259.3,3889,486
329.349,13,258.7,3881,485
329.399,13,259.7,3895,487
329.449,12,239.4,3591,449
329.499,13,259.4,3891,486
329.549,13,259.6,3895,487
329.599,13,258.7,3881,485
329.649,13,259.0,3886,486
329.700,13,259.4,3891,486
329.750,13,259.6,3894,487
329.800,12,239.7,3596,449
329.850,13,259.4,3891,486
329.900,13,259.3,3890,486
329.950,13,260.0,3899,487
330.000,13,259.0,3884,486
330.050,13,259.5,3893,487
330.100,12,238.7,3581,448
330.151,13,259.4,3891,486
330.201,13,259.6,3894,487
330.251,13,259.4,3891,486
330.301,13,259.9,3899,487
330.351,13,259.0,3885,486
330.401,13,259.7,3895,487
330.451,12,239.7,3595,449
330.501,13,258.7,3881,485
330.552,13,259.0,3885,486
330.602,13,259.1,3886,486
330.652,13,259.1,3887,486
330.702,13,259.7,3895,487
330.752,13,258.6,3879,485
330.802,12,238.7,3581,448
330.853,13,259.4,3891,486
330.903,13,259.5,3893,487
330.953,13,259.6,3895,487
331.003,13,259.0,3885,486
331.053,13,259.3,3889,486
331.103,13,259.3,3890,486
331.153,13,259.5,3892,487
331.203,12,239.3,3590,449
331.254,13,259.5,3893,487
331.304,13,259.3,3890,486
331.354,13,259.9,3899,487
331.404,13,259.4,3891,486
331.454,13,259.7,3895,487
331.504,13,259.2,3888,486
331.554,13,259.2,3888,486
331.604,13,259.7,3896,487
331.654,13,259.1,3887,486
331.705,12,239.2,3588,449
331.755,13,259.2,3888,486
331.805,13,259.0,3885,486
331.855,13,259.7,3896,487
331.905,13,259.3,3889,486
331.955,13,259.3,3890,486
332.005,13,259.3,3889,486
332.056,13,259.5,3893,487
332.106,13,259.4,3892,486
332.156,13,259.1,3887,486
332.206,13,259.6,3894,487
332.256,13,259.6,3894,487
332.306,13,259.3,3889,486
332.356,13,259.4,3891,486
332.406,13,259.2,3888,486
332.456,12,239.9,3598,450
332.506,13,259.9,3899,487
332.556,13,259.7,3896,487
332.607,13,259.1,3886,486
332.657,13,260.0,3900,487
332.707,13,259.1,3887,486
332.757,13,259.9,3898,487
332.807,13,259.2,3888,486
332.857,13,259.5,3893,487
332.907,13,258.6,3879,485
332.957,13,259.5,3892,487
333.008,13,258.6,3879,485
333.058,13,259.1,3887,486
333.108,13,259.7,3896,487
333.158,13,259.6,3895,487
333.208,13,259.4,3890,486
333.258,13,260.0,3900,487
333.308,13,259.8,3897,487
333.358,13,259.4,3891,486
333.408,13,259.9,3898,487
333.459,13,259.0,3886,486
333.509,13,259.2,3888,486
333.559,13,259.5,3892,486
333.609,13,259.4,3890,486
333.659,13,259.1,3887,486
333.709,13,259.4,3891,486
333.759,13,259.5,3893,487
333.809,13,259.4,3891,486
333.860,13,259.3,3889,486
333.910,13,259.0,3884,486
333.960,13,259.7,3895,487
334.010,13,259.8,3897,487
334.060,13,259.7,3895,487
334.110,14,279.4,4191,524
334.160,12,240.0,3599,450
334.210,14,279.2,4188,523
334.260,13,259.9,3899,487
334.310,13,259.6,3894,487
334.360,13,259.2,3888,486
334.411,13,259.0,3885,486
334.461,13,259.7,3895,487
334.511,13,259.5,3892,487
334.561,13,259.2,3889,486
334.611,13,259.1,3887,486
334.661,13,259.8,3896,487
334.711,13,259.3,3890,486
334.761,13,259.3,3889,486
334.811,13,259.8,3897,487
334.862,13,259.5,3892,487
334.912,13,259.5,3893,487
334.962,13,259.9,3899,487
335.012,13,259.5,3892,486
335.062,13,260.0,3900,487
335.112,14,279.8,4197,525
335.162,13,259.7,3895,487
335.212,13,259.4,3892,486
335.262,13,259.9,3898,487
335.312,13,259.9,3898,487
335.362,13,259.9,3899,487
335.412,13,259.1,3887,486
335.462,13,259.6,3894,487
335.512,13,259.0,3885,486
335.563,13,259.7,3896,487
335.613,13,259.4,3891,486
335.663,13,259.0,3884,486
335.713,13,259.4,3890,486
335.763,13,259.7,3896,487
335.813,14,278.8,4182,523
335.863,13,259.8,3897,487
335.913,13,258.9,3884,485
335.964,13,259.6,3893,487
336.014,13,259.6,3894,487
336.064,13,259.7,3896,487
336.114,13,259.6,3894,487
336.164,13,259.3,3890,486
336.214,13,259.7,3895,487
336.264,13,259.7,3895,487
336.314,13,259.0,3885,486
336.364,13,259.7,3895,487
336.414,13,259.9,3898,487
336.464,13,259.9,3899,487
336.514,14,279.5,4192,524
336.565,13,259.2,3889,486
336.615,13,259.4,3891,486
336.665,13,259.9,3898,487
336.715,13,259.4,3891,486
336.765,13,259.6,3894,487
336.815,13,259.9,3899,487
336.865,13,259.0,3886,486
336.915,13,259.1,3887,486
336.965,13,259.9,3899,487
337.015,13,259.4,3891,486
337.065,13,259.6,3894,487
337.116,13,259.8,3896,487
337.166,13,259.7,3896,487
337.216,13,259.3,3889,486
337.266,13,259.8,3897,487
337.316,13,259.3,3889,486
337.366,13,259.7,3896,487
337.416,13,259.6,3894,487
337.466,13,259.4,3891,486
337.516,13,259.5,3892,487
337.566,13,259.2,3887,486
337.617,13,259.4,3891,486
337.667,13,259.7,3896,487
337.717,13,259.6,3894,487
337.767,13,259.6,3894,487
337.817,13,259.7,3896,487
337.867,13,259.1,3887,486
337.917,13,259.4,3890,486
337.967,12,239.9,3599,450
338.017,13,258.8,3882,485
338.067,13,259.7,3896,487
338.117,13,259.7,3896,487
338.168,13,259.2,3888,486
338.218,13,259.2,3888,486
338.268,13,259.6,3894,487
338.318,13,259.6,3895,487
338.368,13,259.5,3893,487
338.418,13,259.9,3899,487
338.468,12,239.2,3589,449
338.518,13,258.9,3883,485
338.568,13,259.9,3899,487
338.619,13,259.4,3891,486
338.669,13,259.7,3896,487
338.719,13,259.9,3898,487
338.769,13,259.8,3896,487
338.819,12,239.3,3590,449
338.869,13,259.8,3897,487
338.919,13,259.1,3887,486
338.969,13,259.5,3892,487
339.019,13,260.0,3900,487
339.069,13,259.7,3896,487
339.119,13,259.4,3891,486
339.169,12,239.2,3587,448
339.220,13,259.2,3888,486
339.270,13,259.7,3896,487
339.320,13,259.7,3896,487
339.370,13,259.9,3898,487
339.420,12,239.3,3589,449
339.470,13,259.3,3889,486
339.520,13,259.9,3898,487
339.570,13,259.5,3893,487
339.620,13,259.3,3890,486
339.670,13,259.4,3890,486
339.720,12,239.7,3596,449
339.771,13,259.5,3893,487
339.821,13,259.9,3898,487
339.871,13,259.6,3894,487
339.921,12,239.4,3591,449
339.971,13,259.1,3886,486
340.021,13,259.9,3899,487
340.071,13,259.7,3896,487
340.121,12,239.9,3599,450
340.171,13,259.8,3897,487
340.221,13,259.0,3885,486
340.271,13,259.3,3890,486
340.322,12,239.4,3591,449
340.372,13,259.4,3891,486
340.422,13,259.6,3895,487
340.472,13,259.7,3895,487
340.522,12,239.2,3587,448
340.572,13,259.3,3890,486
340.622,13,259.3,3889,486
340.672,13,259.7,3896,487
340.722,12,239.4,3591,449
340.772,13,260.0,3900,487
340.823,13,259.0,3885,486
340.873,13,259.1,3886,486
340.923,12,239.3,3589,449
340.973,13,259.6,3894,487
341.023,13,259.7,3896,487
341.073,13,259.2,3888,486
341.123,12,239.8,3596,450
341.173,13,259.6,3894,487
341.223,13,259.7,3896,487
341.273,12,239.9,3598,450
341.324,13,259.2,3888,486
341.374,13,259.0,3886,486
341.424,13,259.3,3889,486
341.474,12,239.3,3589,449
341.524,13,259.3,3890,486
341.574,13,259.2,3889,486
341.624,13,259.2,3888,486
341.675,12,239.2,3588,449
341.725,13,259.7,3895,487
341.775,13,259.7,3895,487
341.825,13,259.1,3886,486
341.875,12,239.4,3591,449
341.925,13,259.4,3891,486
341.975,13,259.9,3898,487
342.025,12,239.6,3594,449
342.075,13,259.1,3887,486
342.125,13,259.7,3896,487
342.175,13,260.0,3900,487
342.226,12,239.1,3586,448
342.276,13,259.7,3895,487
342.326,13,259.7,3895,487
342.376,13,260.0,3900,487
342.426,12,239.5,3592,449
342.476,13,259.0,3885,486
342.526,13,259.4,3890,486
342.576,13,259.6,3894,487
342.626,12,239.6,3594,449
342.676,13,259.8,3897,487
342.727,13,259.5,3893,487
342.777,13,259.9,3899,487
342.827,12,239.4,3591,449
342.877,13,259.5,3892,486
342.927,13,259.7,3895,487
342.977,13,259.8,3896,487
343.027,13,259.5,3892,486
343.077,12,239.4,3590,449
343.127,13,259.7,3896,487
343.177,13,259.3,3890,486
343.227,13,259.4,3892,486
343.277,13,260.0,3900,487
343.328,13,259.2,3889,486
343.378,12,239.5,3593,449
343.428,13,259.8,3898,487
343.478,13,259.1,3886,486
343.528,13,259.4,3890,486
343.578,13,259.3,3890,486
343.628,13,259.5,3893,487
343.678,13,259.8,3896,487
343.728,13,259.3,3890,486
343.778,13,259.6,3893,487
343.829,13,259.8,3897,487
343.879,13,259.1,3887,486
343.929,13,259.3,3890,486
343.979,12,239.1,3586,448
344.029,13,259.5,3892,486
344.079,13,258.9,3883,485
344.129,13,259.4,3891,486
344.180,13,259.4,3892,486
344.230,13,259.9,3898,487
344.280,13,259.8,3897,487
344.330,13,259.6,3894,487
344.380,13,259.3,3889,486
344.430,13,259.7,3896,487
344.480,13,260.0,3900,487
344.530,13,259.6,3895,487
344.580,13,259.7,3896,487
344.630,13,259.8,3897,487
344.680,13,259.8,3898,487
344.730,13,258.6,3879,485
344.780,13,259.4,3891,486
344.831,13,259.4,3891,486
344.881,13,259.0,3885,486
344.931,14,278.9,4184,523
344.981,12,239.7,3595,449
345.031,14,279.7,4196,525
345.081,13,259.3,3889,486
345.131,13,259.4,3891,486
345.181,13,259.7,3895,487
345.231,13,259.6,3894,487
345.282,13,259.1,3887,486
345.332,13,259.8,3898,487
345.382,13,259.9,3898,487
345.432,13,259.6,3895,487
345.482,13,259.7,3896,487
345.532,13,259.9,3899,487
345.582,13,259.4,3891,486
345.632,13,259.7,3895,487
345.682,13,259.9,3898,487
345.732,13,259.5,3893,487
345.782,13,259.2,3887,486
345.832,13,259.6,3894,487
345.882,14,279.3,4190,524
345.933,13,259.4,3891,486
345.983,13,260.0,3900,487
346.033,13,259.1,3887,486
346.083,13,259.5,3892,487
346.133,13,259.3,3890,486
346.183,13,259.1,3887,486
346.233,13,259.6,3894,487
346.283,13,259.4,3891,486
346.333,13,259.4,3891,486
346.384,13,258.8,3882,485
346.434,13,259.5,3892,487
346.484,14,279.5,4193,524
346.534,13,259.4,3891,486
346.584,13,259.8,3897,487
346.634,13,259.6,3894,487
346.684,13,259.1,3886,486
346.734,13,259.6,3894,487
346.784,13,259.3,3890,486
346.835,13,259.7,3895,487
346.885,13,259.6,3894,487
346.935,13,259.4,3891,486
346.985,13,259.7,3896,487
347.035,13,258.8,3881,485
347.085,14,279.1,4187,523
347.135,13,259.2,3888,486
347.185,13,259.3,3890,486
347.236,13,259.3,3890,486
347.286,13,259.3,3890,486
347.336,13,258.9,3883,485
347.386,13,259.5,3893,487
347.436,13,259.2,3888,486
347.486,13,259.5,3892,487
347.536,13,259.2,3888,486
347.587,14,279.1,4187,523
347.637,13,259.4,3891,486
347.687,13,259.7,3895,487
347.737,13,259.6,3894,487
347.787,13,259.0,3884,486
347.837,13,259.5,3893,487
347.887,13,259.3,3889,486
347.937,13,260.0,3900,487
347.987,13,259.4,3891,486
348.038,13,259.4,3891,486
348.088,13,259.9,3898,487
348.138,13,259.0,3885,486
348.188,13,259.5,3892,487
348.238,14,279.2,4188,524
348.288,13,259.2,3887,486
348.338,13,259.8,3898,487
348.388,13,259.2,3888,486
348.438,13,259.7,3895,487
348.488,13,259.9,3899,487
348.538,13,260.0,3900,487
348.589,13,259.2,3888,486
348.639,13,259.2,3889,486
348.689,13,259.7,3895,487
348.739,13,258.6,3879,485
348.789,13,259.0,3885,486
348.839,14,279.4,4191,524
348.890,13,259.0,3886,486
348.940,13,259.4,3890,486
348.990,13,259.5,3892,487
349.040,14,279.9,4199,525
349.090,13,259.9,3899,487
349.140,14,279.7,4195,524
349.190,14,279.7,4195,524
349.240,15,299.6,4494,562
349.290,15,299.3,4489,561
349.340,15,300.0,4500,562
349.390,16,319.7,4795,599
349.440,17,339.3,5089,636
349.490,16,319.1,4786,598
349.541,18,359.0,5385,673
349.591,18,359.7,5395,674
349.641,18,358.7,5381,673
349.691,19,378.0,5670,709
349.741,20,399.5,5993,749
349.791,20,399.7,5995,749
349.841,21,419.3,6289,786
349.891,21,418.7,6280,785
349.941,22,439.2,6588,824
349.992,23,458.1,6871,859
350.042,23,458.3,6875,859
350.092,23,458.4,6876,860
350.142,24,480.0,7199,900
350.192,24,478.7,7180,897
350.242,25,498.3,7475,934
350.292,25,498.7,7481,935
350.342,26,519.8,7798,975
350.393,26,518.3,7774,972
350.443,26,519.2,7788,973
350.493,27,538.7,8081,1010
350.543,27,538.6,8079,1010
350.593,27,538.2,8072,1009
350.643,27,539.3,8089,1011
350.693,28,558.6,8379,1047
350.743,28,558.6,8379,1047
350.794,28,559.2,8387,1048
350.844,28,559.0,8386,1048
350.894,29,579.9,8698,1087
350.944,29,579.0,8686,1086
350.994,29,578.6,8679,1085
351.044,29,578.6,8680,1085
351.094,29,579.3,8690,1086
351.144,29,578.4,8677,1085
351.194,30,598.4,8976,1122
351.244,30,597.8,8966,1121
351.295,29,577.8,8667,1083
351.345,30,598.1,8971,1121
351.395,30,599.8,8996,1125
351.445,30,599.3,8989,1124
351.495,31,619.2,9288,1161
351.545,30,599.3,8989,1124
351.595,30,597.8,8967,1121
351.645,31,618.4,9276,1160
351.696,30,597.9,8969,1121
351.746,31,617.7,9266,1158
351.796,31,618.2,9273,1159
351.846,31,617.9,9268,1159
351.896,30,599.0,8985,1123
351.946,31,619.9,9299,1162
351.996,31,619.6,9295,1162
352.046,31,618.5,9278,1160
352.096,31,619.0,9285,1161
352.147,32,637.5,9563,1195
352.197,31,620.0,9300,1162
352.247,31,619.3,9289,1161
352.297,31,619.6,9294,1162
352.347,31,618.1,9271,1159
352.397,32,639.2,9588,1198
352.447,31,618.1,9272,1159
352.497,32,639.4,9591,1199
352.547,31,618.8,9282,1160
352.597,32,638.8,9582,1198
352.647,31,617.9,9268,1159
352.697,32,639.2,9588,1198
352.748,31,617.9,9269,1159
352.798,32,638.9,9583,1198
352.848,32,638.4,9575,1197
352.898,31,619.4,9292,1161
352.948,32,637.8,9567,1196
352.998,31,619.1,9287,1161
353.048,32,639.2,9588,1199
353.098,32,638.0,9571,1196
353.148,32,639.2,9587,1198
353.199,31,618.7,9280,1160
353.249,32,639.8,9596,1200
353.299,32,639.3,9590,1199
353.349,32,638.7,9581,1198
353.399,31,619.3,9290,1161
353.449,32,639.6,9595,1199
353.499,32,639.5,9593,1199
353.549,32,638.5,9578,1197
353.599,32,639.1,9587,1198
353.649,32,637.9,9569,1196
353.699,32,637.7,9566,1196
353.749,31,618.1,9272,1159
353.800,32,638.8,9582,1198
353.850,32,640.0,9600,1200
353.900,32,638.9,9584,1198
353.950,32,638.4,9576,1197
354.000,32,638.6,9578,1197
354.050,32,639.5,9593,1199
354.100,32,639.9,9598,1200
354.150,32,639.9,9598,1200
354.200,32,638.4,9575,1197
354.250,32,638.6,9579,1197
354.300,32,638.3,9575,1197
354.350,32,638.1,9572,1196
354.401,32,638.2,9572,1197
354.451,32,639.5,9593,1199
354.501,32,639.2,9589,1199
354.551,32,637.7,9566,1196
354.601,32,638.6,9579,1197
354.651,32,638.6,9579,1197
354.701,32,638.9,9583,1198
354.751,32,637.4,9561,1195
354.801,32,639.4,9591,1199
354.852,32,637.5,9563,1195
354.902,32,638.9,9584,1198
354.952,32,638.3,9575,1197
355.002,32,639.1,9587,1198
355.052,32,638.2,9573,1197
355.102,32,639.0,9585,1198
355.152,33,659.2,9888,1236
355.202,32,637.7,9566,1196
355.252,32,640.0,9600,1200
355.302,32,639.8,9598,1200
355.352,32,639.4,9590,1199
355.403,32,638.4,9576,1197
355.453,32,639.4,9590,1199
355.503,32,638.2,9574,1197
355.553,33,658.0,9870,1234
355.603,32,637.9,9569,1196
355.653,32,639.1,9586,1198
355.703,32,638.4,9575,1197
355.753,32,639.3,9590,1199
355.803,32,638.5,9577,1197
355.854,32,638.9,9583,1198
355.904,33,659.3,9890,1236
355.954,32,638.4,9577,1197
356.004,32,639.2,9588,1199
356.054,32,637.6,9565,1196
356.104,32,639.4,9591,1199
356.154,31,618.5,9277,1160
356.204,32,638.8,9581,1198
356.254,32,639.4,9590,1199
356.304,31,618.8,9282,1160
356.355,32,637.6,9565,1196
356.405,31,617.2,9257,1157
356.455,31,617.9,9268,1158
356.505,31,619.1,9287,1161
356.555,31,619.9,9298,1162
356.605,31,619.6,9294,1162
356.655,31,618.4,9275,1159
356.705,30,599.5,8993,1124
356.755,31,618.8,9282,1160
356.806,30,597.2,8957,1120
356.856,31,618.5,9277,1160
356.906,30,599.7,8995,1124
356.956,30,599.6,8995,1124
357.006,30,599.2,8988,1124
357.056,30,598.7,8981,1123
357.106,30,599.7,8996,1124
357.156,30,597.5,8963,1120
357.206,30,598.6,8979,1122
357.256,29,579.4,8691,1086
357.306,30,598.5,8978,1122
357.357,30,599.1,8987,1123
357.407,29,578.0,8670,1084
357.457,30,599.2,8987,1123
357.507,29,579.3,8690,1086
357.557,30,599.9,8998,1125
357.607,29,579.6,8694,1087
357.657,29,579.6,8695,1087
357.707,30,598.5,8977,1122
357.757,29,578.0,8670,1084
357.807,29,578.1,8672,1084
357.857,29,579.1,8687,1086
357.907,30,599.9,8999,1125
357.958,29,577.6,8664,1083
358.008,29,579.5,8693,1087
358.058,29,579.9,8699,1087
358.108,29,579.9,8699,1087
358.158,29,578.7,8681,1085
358.208,29,578.5,8677,1085
358.258,29,578.5,8678,1085
358.308,29,578.6,8679,1085
358.358,29,578.0,8670,1084
358.408,29,579.7,8695,1087
358.458,29,579.4,8691,1086
358.509,29,578.7,8680,1085
358.559,29,578.1,8672,1084
358.609,29,579.5,8693,1087
358.659,29,579.4,8691,1086
358.709,29,578.5,8678,1085
358.759,29,577.9,8668,1084
358.809,28,559.9,8398,1050
358.859,29,578.6,8679,1085
358.909,29,578.0,8669,1084
358.960,29,578.5,8677,1085
359.010,29,579.6,8694,1087
359.060,29,579.0,8685,1086
359.110,28,558.1,8372,1046
359.160,29,577.8,8667,1083
359.210,29,579.6,8693,1087
359.260,29,579.6,8695,1087
359.310,29,577.6,8664,1083
359.360,29,579.0,8685,1086
359.411,28,558.9,8384,1048
359.461,29,579.2,8689,1086
359.511,29,578.6,8680,1085
359.561,29,578.9,8684,1085
359.611,29,579.9,8698,1087
359.661,28,559.6,8394,1049
359.711,29,579.7,8695,1087
359.761,29,579.9,8698,1087
359.811,29,578.5,8677,1085
359.861,29,579.2,8688,1086
359.911,28,559.1,8387,1048
359.961,29,579.7,8695,1087
360.011,29,579.0,8686,1086
360.061,29,577.9,8669,1084
360.112,29,578.5,8678,1085
360.162,28,557.8,8368,1046
360.212,29,578.0,8670,1084
360.262,29,578.5,8677,1085
360.312,29,578.7,8681,1085
360.362,28,558.5,8377,1047
360.412,29,579.1,8686,1086
360.462,29,579.4,8691,1086
360.513,28,558.8,8382,1048
360.563,29,579.8,8697,1087
360.613,29,578.6,8679,1085
360.663,28,558.3,8374,1047
360.713,29,579.0,8685,1086
360.763,29,580.0,8699,1087
360.813,28,559.3,8390,1049
360.863,29,579.0,8686,1086
360.913,29,578.6,8679,1085
360.963,28,559.7,8396,1049
361.013,29,579.8,8697,1087
361.063,28,559.7,8396,1049
361.113,29,578.7,8680,1085
361.163,29,579.8,8697,1087
361.214,28,557.4,8361,1045
361.264,29,578.1,8672,1084
361.314,29,578.2,8673,1084
361.364,28,557.8,8367,1046
361.414,29,579.1,8686,1086
361.464,29,578.8,8682,1085
361.514,28,559.0,8386,1048
361.565,29,579.0,8685,1086
361.615,29,577.2,8657,1082
361.665,28,558.9,8384,1048
361.715,29,579.8,8697,1087
361.765,28,559.2,8388,1049
361.815,29,578.8,8681,1085
361.865,29,579.3,8689,1086
361.915,28,559.2,8388,1049
361.965,29,580.0,8700,1087
362.015,28,559.8,8397,1050
362.065,29,578.7,8680,1085
362.115,28,558.6,8380,1047
362.166,29,577.7,8665,1083
362.216,28,559.5,8392,1049
362.266,29,578.5,8677,1085
362.316,29,578.5,8678,1085
362.366,28,558.1,8371,1046
362.416,29,578.2,8674,1084
362.466,28,559.1,8386,1048
362.516,29,579.9,8699,1087
362.566,28,559.9,8398,1050
362.616,29,579.4,8691,1086
362.666,28,559.9,8398,1050
362.716,28,560.0,8400,1050
362.767,29,579.1,8686,1086
362.817,28,557.1,8356,1044
362.867,29,578.3,8674,1084
362.917,28,558.4,8377,1047
362.967,29,578.7,8680,1085
363.017,28,559.2,8388,1049
363.067,29,579.4,8690,1086
363.117,28,558.7,8381,1048
363.168,29,578.4,8676,1085
363.218,28,557.8,8367,1046
363.268,29,579.8,8698,1087
363.318,28,559.8,8397,1050
363.368,29,578.4,8676,1084
363.418,28,559.1,8387,1048
363.468,29,578.0,8670,1084
363.518,28,557.7,8365,1046
363.569,29,577.9,8669,1084
363.619,28,559.4,8391,1049
363.669,29,578.7,8680,1085
363.719,28,559.2,8388,1048
363.769,29,577.6,8665,1083
363.819,28,558.4,8375,1047
363.869,29,579.1,8687,1086
363.919,28,559.6,8395,1049
363.969,29,579.5,8693,1087
364.019,28,558.5,8377,1047
364.070,28,558.7,8380,1048
364.120,29,578.7,8681,1085
364.170,28,559.9,8398,1050
364.220,29,579.9,8698,1087
364.270,28,559.5,8393,1049
364.320,29,579.0,8685,1086
364.370,28,558.1,8371,1046
364.420,29,578.7,8681,1085
364.470,28,558.1,8371,1046
364.520,29,578.8,8682,1085
364.570,28,559.4,8391,1049
364.621,29,578.6,8679,1085
364.671,28,559.4,8390,1049
364.721,29,578.5,8678,1085
364.771,28,559.3,8390,1049
364.821,29,580.0,8700,1087
364.871,29,578.5,8677,1085
364.921,28,559.2,8388,1048
364.971,29,578.8,8682,1085
365.021,28,559.2,8388,1049
365.071,29,579.8,8698,1087
365.121,28,559.8,8398,1050
365.171,29,578.9,8683,1085
365.221,29,578.4,8677,1085
365.271,28,559.6,8394,1049
365.322,29,579.3,8690,1086
365.372,28,559.7,8395,1049
365.422,29,579.9,8699,1087
365.472,28,559.5,8393,1049
365.522,29,577.5,8662,1083
365.572,29,578.8,8682,1085
365.622,28,558.0,8370,1046
365.672,29,578.6,8679,1085
365.722,29,579.3,8689,1086
365.772,28,558.9,8383,1048
365.822,29,579.6,8693,1087
365.873,28,557.6,8365,1046
365.923,29,578.1,8671,1084
365.973,29,579.2,8689,1086
366.023,28,559.1,8386,1048
366.073,29,578.2,8672,1084
366.123,28,559.3,8390,1049
366.173,29,579.2,8688,1086
366.223,29,579.0,8684,1086
366.273,28,558.3,8374,1047
366.324,29,578.8,8682,1085
366.374,28,559.8,8397,1050
366.424,29,578.4,8677,1085
366.474,29,578.4,8676,1085
366.524,28,558.3,8374,1047
366.574,29,579.2,8689,1086
366.624,29,579.7,8696,1087
366.674,28,559.4,8390,1049
366.724,29,578.6,8679,1085
366.774,29,578.5,8678,1085
366.825,28,558.6,8380,1047
366.875,29,578.7,8680,1085
366.925,28,559.9,8399,1050
366.975,29,578.6,8679,1085
367.025,29,579.0,8685,1086
367.075,28,557.7,8365,1046
367.125,29,576.7,8651,1081
367.175,29,579.4,8691,1086
367.225,28,559.6,8394,1049
367.276,29,577.9,8668,1083
367.326,29,578.4,8676,1084
367.376,28,559.7,8396,1049
367.426,29,579.7,8695,1087
367.476,29,578.6,8679,1085
367.526,28,559.8,8398,1050
367.576,29,579.6,8694,1087
367.626,29,578.1,8672,1084
367.676,28,558.7,8380,1047
367.726,29,578.3,8675,1084
367.776,29,579.5,8693,1087
367.826,28,559.9,8398,1050
367.877,29,579.5,8692,1087
367.927,29,578.9,8683,1085
367.977,29,579.4,8690,1086
368.027,28,559.4,8391,1049
368.077,29,578.8,8682,1085
368.127,29,579.8,8697,1087
368.177,28,559.4,8390,1049
368.227,29,579.9,8699,1087
368.277,29,579.1,8686,1086
368.327,29,579.5,8692,1087
368.377,28,559.5,8393,1049
368.427,29,578.3,8674,1084
368.477,29,577.8,8667,1083
368.528,29,578.0,8669,1084
368.578,28,559.1,8387,1048
368.628,29,578.3,8674,1084
368.678,29,579.1,8687,1086
368.728,29,579.2,8688,1086
368.778,28,559.2,8389,1049
368.828,29,579.1,8686,1086
368.878,29,578.9,8684,1085
368.928,28,559.8,8397,1050
368.978,29,579.4,8691,1086
369.028,29,577.7,8666,1083
369.078,28,559.9,8399,1050
369.129,29,579.5,8692,1087
369.179,29,577.6,8664,1083
369.229,29,577.8,8667,1083
369.279,29,577.9,8668,1084
369.329,28,559.4,8391,1049
369.379,29,579.1,8686,1086
369.429,29,578.1,8671,1084
369.479,29,579.3,8689,1086
369.530,28,558.5,8377,1047
369.580,29,579.5,8693,1087
369.630,29,578.2,8674,1084
369.680,29,579.5,8692,1087
369.730,28,559.0,8385,1048
369.780,29,578.9,8684,1086
369.830,29,577.8,8666,1083
369.880,29,578.7,8680,1085
369.930,29,578.7,8680,1085
369.980,28,559.7,8395,1049
370.031,29,578.0,8671,1084
370.081,29,579.3,8690,1086
370.131,29,579.8,8697,1087
370.181,29,577.9,8668,1083
370.231,28,558.4,8375,1047
370.281,29,578.4,8677,1085
370.331,29,579.5,8693,1087
370.381,29,578.8,8682,1085
370.431,28,559.3,8389,1049
370.482,29,578.5,8678,1085
370.532,29,579.1,8687,1086
370.582,29,578.1,8671,1084
370.632,29,579.5,8692,1087
370.682,28,558.4,8375,1047
370.732,29,579.2,8688,1086
370.782,29,578.6,8679,1085
370.832,29,577.6,8664,1083
370.883,29,577.8,8668,1083
370.933,28,559.3,8389,1049
370.983,29,578.8,8683,1085
371.033,29,579.3,8689,1086
371.083,29,578.7,8681,1085
371.133,29,579.1,8687,1086
371.183,29,579.8,8697,1087
371.233,28,559.8,8396,1050
371.283,29,578.2,8673,1084
371.333,29,579.3,8690,1086
371.383,29,578.0,8670,1084
371.433,29,578.6,8679,1085
371.484,29,578.7,8681,1085
371.534,28,558.6,8379,1047
371.584,29,579.6,8693,1087
371.634,29,577.7,8665,1083
371.684,29,578.8,8682,1085
371.734,29,578.6,8679,1085
371.784,29,579.8,8697,1087
371.834,28,559.4,8391,1049
371.884,29,578.6,8679,1085
371.935,29,577.8,8667,1083
371.985,29,579.9,8698,1087
372.035,28,559.4,8392,1049
372.085,29,579.2,8688,1086
372.135,29,578.5,8677,1085
372.185,29,579.5,8692,1086
372.235,28,559.9,8399,1050
372.285,29,579.2,8688,1086
372.335,28,558.9,8384,1048
372.385,29,579.1,8687,1086
372.435,29,578.7,8680,1085
372.485,28,559.9,8398,1050
372.535,29,579.2,8689,1086
372.585,29,578.7,8681,1085
372.635,28,559.7,8396,1049
372.686,29,578.1,8671,1084
372.736,29,577.6,8664,1083
372.786,28,557.2,8359,1045
372.836,29,579.0,8685,1086
372.886,29,578.4,8676,1084
372.936,28,559.9,8398,1050
372.986,29,579.2,8688,1086
373.037,29,578.2,8674,1084
373.087,28,558.4,8376,1047
373.137,29,579.2,8688,1086
373.187,29,578.4,8676,1085
373.237,28,559.9,8398,1050
373.287,29,578.7,8680,1085
373.337,28,558.5,8378,1047
373.387,29,577.8,8666,1083
373.437,29,579.0,8686,1086
373.488,28,558.7,8380,1047
373.538,29,579.7,8696,1087
373.588,28,558.6,8379,1047
373.638,29,578.2,8673,1084
373.688,29,579.7,8695,1087
373.738,28,558.2,8372,1047
373.788,29,579.0,8686,1086
373.838,28,558.5,8378,1047
373.888,29,578.5,8678,1085
373.939,28,558.7,8381,1048
373.989,29,580.0,8699,1087
374.039,29,579.9,8699,1087
374.089,28,558.7,8381,1048
374.139,29,578.2,8672,1084
374.189,28,556.8,8352,1044
374.239,29,579.3,8690,1086
374.289,28,559.9,8399,1050
374.339,29,577.7,8665,1083
374.390,29,577.9,8669,1084
374.440,28,558.8,8383,1048
374.490,29,578.7,8681,1085
374.540,29,577.3,8659,1082
374.590,28,558.3,8374,1047
374.640,29,577.7,8666,1083
374.690,28,559.9,8398,1050
374.740,29,579.4,8690,1086
374.791,29,578.7,8680,1085
374.841,28,559.1,8387,1048
374.891,29,579.4,8691,1086
374.941,28,559.5,8392,1049
374.991,29,578.4,8677,1085
375.041,29,579.2,8689,1086
375.091,28,558.6,8379,1047
375.141,29,580.0,8699,1087
375.191,29,577.8,8667,1083
375.241,28,559.2,8389,1049
375.291,29,579.8,8697,1087
375.341,28,558.1,8371,1046
375.392,29,579.1,8686,1086
375.442,29,578.9,8683,1085
375.492,28,559.1,8387,1048
375.542,29,577.0,8655,1082
375.592,29,578.2,8674,1084
375.642,29,579.9,8698,1087
375.692,28,560.0,8399,1050
375.742,29,579.4,8691,1086
375.792,28,559.2,8388,1048
375.842,29,578.2,8673,1084
375.893,29,578.0,8671,1084
375.943,29,579.2,8689,1086
375.993,28,558.8,8382,1048
376.043,29,578.7,8680,1085
376.093,29,577.5,8663,1083
376.143,28,558.0,8370,1046
376.193,29,579.3,8689,1086
376.243,29,579.1,8687,1086
376.293,28,559.6,8393,1049
376.344,29,578.0,8669,1084
376.394,29,578.5,8677,1085
376.444,28,559.2,8388,1049
376.494,29,578.0,8669,1084
376.544,29,579.0,8685,1086
376.594,28,558.0,8371,1046
376.644,29,579.0,8685,1086
376.694,28,558.9,8383,1048
376.745,29,577.9,8668,1084
376.795,29,578.7,8680,1085
376.845,28,559.9,8399,1050
376.895,29,578.5,8678,1085
376.945,29,578.6,8680,1085
376.995,28,557.8,8368,1046
377.045,29,579.2,8689,1086
377.095,29,578.2,8673,1084
377.146,28,558.9,8383,1048
377.196,29,578.0,8670,1084
377.246,29,576.8,8652,1081
377.296,28,559.9,8398,1050
377.346,29,579.9,8699,1087
377.396,28,558.3,8374,1047
377.446,29,577.8,8668,1083
377.496,29,579.0,8685,1086
377.547,28,558.3,8375,1047
377.597,29,579.0,8686,1086
377.647,28,557.9,8369,1046
377.697,29,578.0,8671,1084
377.747,28,558.6,8379,1047
377.797,29,578.7,8681,1085
377.847,28,559.4,8392,1049
377.897,29,579.7,8696,1087
377.948,29,576.9,8654,1082
377.998,28,559.6,8393,1049
378.048,29,579.1,8686,1086
378.098,28,559.8,8398,1050
378.148,29,578.9,8684,1085
378.198,28,559.1,8387,1048
378.248,29,579.2,8689,1086
378.298,28,559.3,8390,1049
378.348,29,578.6,8679,1085
378.398,28,558.6,8379,1047
378.448,29,578.0,8669,1084
378.499,28,558.5,8377,1047
378.549,29,579.2,8687,1086
378.599,28,558.3,8374,1047
378.649,28,559.5,8392,1049
378.699,29,578.1,8672,1084
378.749,28,559.2,8388,1049
378.799,29,578.5,8677,1085
378.849,28,559.1,8387,1048
378.899,29,579.8,8696,1087
378.949,28,559.5,8392,1049
378.999,28,558.3,8375,1047
379.050,29,577.7,8665,1083
379.100,28,558.6,8379,1047
379.150,28,558.9,8384,1048
379.200,28,558.9,8383,1048
379.250,29,578.8,8682,1085
379.300,28,559.5,8393,1049
379.350,28,558.4,8376,1047
379.400,28,559.2,8389,1049
379.450,28,559.3,8390,1049
379.500,28,560.0,8399,1050
379.551,27,539.4,8091,1011
379.601,28,558.7,8380,1047
379.651,28,558.7,8381,1048
379.701,28,559.0,8385,1048
379.751,27,538.9,8084,1010
379.801,28,558.0,8370,1046
379.851,27,538.5,8077,1010
379.901,28,559.5,8393,1049
379.951,27,538.9,8084,1010
380.001,27,539.1,8086,1011
380.052,27,538.5,8077,1010
380.102,27,538.7,8081,1010
380.152,27,539.9,8099,1012
380.202,27,537.9,8069,1009
380.252,27,539.4,8091,1011
380.302,26,519.4,7791,974
380.352,27,538.3,8074,1009
380.402,27,538.3,8075,1009
380.453,26,518.4,7776,972
380.503,26,517.7,7765,971
380.553,26,519.9,7798,975
380.603,26,518.3,7774,972
380.653,26,519.3,7789,974
380.703,26,519.9,7798,975
380.753,26,518.2,7773,972
380.803,26,519.3,7789,974
380.853,25,498.8,7482,935
380.903,26,519.4,7792,974
380.953,26,519.9,7799,975
381.003,25,499.4,7491,936
381.054,26,519.4,7792,974
381.104,26,519.1,7787,973
381.154,26,518.9,7783,973
381.204,26,518.9,7784,973
381.254,27,539.6,8094,1012
381.304,26,518.7,7781,973
381.354,27,539.3,8089,1011
381.404,26,519.9,7799,975
381.454,27,538.1,8072,1009
381.504,27,539.1,8086,1011
381.555,28,558.1,8372,1047
381.605,28,558.0,8369,1046
381.655,27,540.0,8099,1012
381.705,29,579.5,8692,1087
381.755,28,558.3,8375,1047
381.805,30,598.8,8981,1123
381.855,29,578.6,8679,1085
381.905,30,599.4,8990,1124
381.955,30,599.2,8988,1123
382.005,31,618.3,9275,1159
382.056,31,617.6,9263,1158
382.106,31,619.2,9288,1161
382.156,32,637.9,9569,1196
382.206,32,639.1,9587,1198
382.256,32,639.6,9594,1199
382.306,32,639.6,9593,1199
382.356,32,638.9,9583,1198
382.406,33,659.7,9896,1237
382.456,33,658.5,9877,1235
382.506,33,659.6,9894,1237
382.556,33,658.4,9877,1235
382.606,33,658.3,9875,1234
382.656,34,679.3,10189,1274
382.707,34,679.1,10186,1273
382.757,34,678.2,10173,1272
382.807,34,678.3,10175,1272
382.857,34,679.2,10188,1274
382.907,34,678.9,10183,1273
382.957,34,679.3,10189,1274
383.007,35,698.2,10473,1309
383.057,34,678.6,10179,1272
383.107,35,698.3,10474,1309
383.157,35,699.9,10499,1312
383.207,35,699.0,10485,1311
383.257,34,679.1,10187,1273
383.308,35,699.8,10498,1312
383.358,35,698.0,10470,1309
383.408,35,699.3,10490,1311
383.458,35,698.3,10475,1309
383.508,35,699.1,10487,1311
383.558,35,699.2,10487,1311
383.608,36,718.1,10772,1347
383.658,35,699.4,10491,1311
383.708,35,698.9,10484,1310
383.758,35,699.5,10492,1312
383.808,35,699.2,10487,1311
383.858,35,699.3,10490,1311
383.908,35,697.9,10468,1309
383.959,36,719.2,10788,1349
384.009,35,697.3,10460,1307
384.059,35,699.8,10497,1312
384.109,35,697.6,10465,1308
384.159,36,719.4,10791,1349
384.209,35,699.1,10487,1311
384.259,36,718.8,10782,1348
384.309,35,699.2,10488,1311
384.359,36,719.2,10787,1348
384.409,36,719.9,10798,1350
384.459,36,719.3,10789,1349
384.509,37,739.1,11087,1386
384.560,36,717.4,10761,1345
384.610,37,738.2,11073,1384
384.660,37,739.7,11096,1387
384.710,37,737.2,11058,1382
384.760,37,739.1,11086,1386
384.810,37,740.0,11100,1387
384.860,38,759.1,11387,1423
384.910,37,738.0,11071,1384
384.960,38,757.3,11359,1420
385.010,38,759.1,11387,1423
385.060,38,758.1,11371,1421
385.111,39,779.4,11691,1461
385.161,38,758.5,11378,1422
385.211,39,777.7,11666,1458
385.261,39,779.2,11688,1461
385.311,39,777.2,11658,1457
385.361,40,798.0,11970,1496
385.411,39,778.3,11674,1459
385.461,40,800.0,11999,1500
385.511,39,778.3,11674,1459
385.561,40,800.0,12000,1500
385.611,40,799.8,11997,1500
385.661,40,799.0,11985,1498
385.711,41,819.9,12298,1537
385.762,40,797.7,11966,1496
385.812,41,818.6,12279,1535
385.862,40,799.3,11990,1499
385.912,41,819.6,12294,1537
385.962,41,820.0,12300,1537
386.012,41,816.5,12248,1531
386.062,41,818.5,12278,1535
386.112,41,817.9,12269,1534
386.162,41,818.9,12283,1535
386.212,41,819.2,12289,1536
386.262,41,819.8,12296,1537
386.312,42,837.9,12569,1571
386.362,41,819.9,12299,1537
386.413,41,818.1,12272,1534
386.463,42,835.5,12532,1567
386.513,41,819.3,12289,1536
386.563,41,819.3,12289,1536
386.613,41,818.5,12278,1535
386.663,42,837.7,12566,1571
386.713,41,819.4,12291,1536
386.763,41,820.0,12300,1537
386.813,42,837.7,12566,1571
386.863,41,819.1,12286,1536
386.913,41,817.9,12269,1534
386.963,41,819.7,12296,1537
387.014,41,819.3,12289,1536
387.064,42,837.8,12567,1571
387.114,41,819.0,12285,1536
387.164,41,819.4,12291,1536
387.214,41,818.5,12277,1535
387.264,41,817.1,12257,1532
387.314,41,819.4,12290,1536
387.364,42,838.4,12576,1572
387.414,41,819.1,12287,1536
387.464,41,818.8,12282,1535
387.514,41,817.0,12256,1532
387.565,42,837.9,12568,1571
387.615,41,818.1,12272,1534
387.665,41,818.9,12283,1535
387.715,41,815.8,12236,1530
387.765,42,837.1,12557,1570
387.815,41,819.9,12299,1537
387.865,41,818.9,12283,1535
387.915,41,817.9,12269,1534
387.966,42,838.2,12573,1572
388.016,41,818.0,12269,1534
388.066,41,818.4,12276,1535
388.116,41,817.3,12260,1533
388.166,42,838.0,12569,1571
388.216,41,818.8,12282,1535
388.266,41,817.9,12269,1534
388.316,41,819.0,12286,1536
388.366,42,839.7,12595,1574
388.416,41,819.3,12290,1536
388.466,41,818.0,12270,1534
388.516,41,819.9,12299,1537
388.567,42,837.9,12569,1571
388.617,41,819.0,12285,1536
388.667,41,818.9,12283,1535
388.717,41,817.9,12269,1534
388.767,41,817.0,12255,1532
388.817,41,818.4,12276,1535
388.867,42,839.3,12590,1574
388.917,41,818.5,12277,1535
388.967,41,818.8,12282,1535
389.017,41,818.0,12270,1534
389.068,41,819.0,12286,1536
389.118,41,817.7,12265,1533
389.168,41,815.7,12235,1529
389.218,42,839.7,12595,1574
389.268,41,819.5,12292,1537
389.318,41,818.8,12281,1535
389.368,41,815.9,12239,1530
389.418,41,818.8,12283,1535
389.469,41,817.4,12261,1533
389.519,41,819.6,12294,1537
389.569,41,818.0,12270,1534
389.619,41,819.5,12293,1537
389.669,41,818.8,12281,1535
389.719,41,819.0,12285,1536
389.769,41,817.9,12269,1534
389.819,41,818.7,12280,1535
389.869,41,818.5,12277,1535
389.919,41,818.9,12283,1535
389.969,41,817.7,12266,1533
390.019,42,838.0,12569,1571
390.070,41,818.0,12271,1534
390.120,41,817.4,12261,1533
390.170,41,818.5,12278,1535
390.220,41,817.9,12268,1534
390.270,42,837.1,12556,1569
390.320,41,818.4,12276,1535
390.370,41,817.6,12264,1533
390.420,41,818.6,12278,1535
390.471,42,836.8,12552,1569
390.521,41,817.2,12258,1532
390.571,41,819.1,12287,1536
390.621,41,817.7,12266,1533
390.671,42,838.5,12577,1572
390.721,41,819.8,12297,1537
390.771,41,818.9,12284,1536
390.821,41,816.5,12248,1531
390.872,41,817.1,12257,1532
390.922,41,819.2,12287,1536
390.972,41,818.1,12271,1534
391.022,41,819.9,12299,1537
391.072,41,817.6,12265,1533
391.122,41,815.7,12236,1529
391.172,41,819.3,12289,1536
391.222,41,818.2,12273,1534
391.272,41,819.1,12286,1536
391.323,41,817.6,12265,1533
391.373,41,819.1,12287,1536
391.423,40,799.9,11998,1500
391.473,41,820.0,12300,1537
391.523,41,818.8,12282,1535
391.573,41,818.4,12276,1534
391.623,41,819.9,12299,1537
391.673,40,799.5,11993,1499
391.723,41,819.1,12287,1536
391.773,41,818.1,12272,1534
391.823,41,819.8,12297,1537
391.873,41,817.2,12258,1532
391.923,41,817.9,12269,1534
391.973,40,799.9,11999,1500
392.023,41,818.1,12271,1534
392.073,41,818.4,12276,1534
392.124,41,818.5,12277,1535
392.174,41,817.4,12261,1533
392.224,41,818.5,12278,1535
392.274,41,816.5,12248,1531
392.324,41,817.4,12262,1533
392.374,41,817.9,12269,1534
392.424,41,819.1,12286,1536
392.475,41,817.9,12268,1534
392.525,41,818.7,12281,1535
392.575,41,818.2,12273,1534
392.625,41,818.6,12279,1535
392.675,41,818.4,12276,1534
392.725,41,819.6,12294,1537
392.775,41,817.2,12259,1532
392.825,41,817.1,12257,1532
392.875,41,817.8,12267,1533
392.926,41,816.9,12254,1532
392.976,41,817.4,12261,1533
393.026,42,836.4,12546,1568
393.076,41,819.0,12285,1536
393.126,41,818.0,12270,1534
393.176,41,817.8,12267,1533
393.226,41,817.2,12257,1532
393.276,41,819.4,12291,1536
393.327,41,818.2,12273,1534
393.377,41,817.4,12261,1533
393.427,42,835.5,12532,1567
393.477,41,819.0,12284,1536
393.527,41,817.0,12256,1532
393.577,41,818.0,12270,1534
393.627,41,819.9,12299,1537
393.677,41,818.6,12279,1535
393.728,42,837.1,12557,1570
393.778,41,819.3,12290,1536
393.828,41,817.9,12268,1534
393.878,42,839.9,12598,1575
393.928,41,818.9,12283,1535
393.978,41,819.6,12294,1537
394.028,42,838.6,12580,1572
394.078,42,837.6,12564,1570
394.128,41,816.1,12242,1530
394.179,42,836.7,12551,1569
394.229,42,838.3,12574,1572
394.279,41,818.6,12279,1535
394.329,42,838.0,12571,1571
394.379,41,819.5,12293,1537
394.429,42,839.6,12594,1574
394.479,42,839.6,12594,1574
394.529,41,818.8,12283,1535
394.579,42,837.5,12562,1570
394.629,42,837.8,12566,1571
394.679,41,818.8,12282,1535
394.729,42,839.2,12587,1573
394.779,41,820.0,12299,1537
394.830,42,838.0,12571,1571
394.880,42,836.6,12549,1569
394.930,41,815.7,12236,1530
394.980,42,839.3,12589,1574
395.030,42,837.8,12567,1571
395.080,41,817.3,12259,1532
395.130,42,838.0,12570,1571
395.181,42,837.5,12562,1570
395.231,41,818.2,12274,1534
395.281,42,839.9,12598,1575
395.331,41,817.8,12267,1533
395.381,42,838.1,12571,1571
395.431,41,816.9,12254,1532
395.481,42,837.8,12567,1571
395.531,41,818.0,12270,1534
395.581,42,839.8,12597,1575
395.631,41,819.7,12295,1537
395.681,41,819.6,12295,1537
395.732,41,818.8,12282,1535
395.782,41,817.8,12267,1533
395.832,42,836.9,12554,1569
395.882,41,819.0,12285,1536
395.932,41,819.1,12286,1536
395.982,41,819.9,12298,1537
396.032,41,819.3,12290,1536
396.082,41,817.9,12269,1534
396.132,41,819.5,12293,1537
396.182,42,836.9,12554,1569
396.233,41,817.9,12268,1534
396.283,41,818.3,12274,1534
396.333,41,818.6,12279,1535
396.383,41,818.8,12282,1535
396.433,42,837.3,12559,1570
396.483,41,819.9,12299,1537
396.533,41,817.3,12260,1532
396.583,42,839.9,12598,1575
396.633,41,819.9,12299,1537
396.683,41,818.5,12277,1535
396.733,41,819.9,12299,1537
396.783,42,838.5,12578,1572
396.833,41,819.0,12285,1536
396.883,41,817.9,12269,1534
396.934,41,817.6,12264,1533
396.984,42,837.2,12559,1570
397.034,41,817.2,12258,1532
397.084,41,817.4,12261,1533
397.134,42,839.0,12585,1573
397.184,41,818.0,12271,1534
397.234,41,818.2,12273,1534
397.284,41,819.0,12285,1536
397.335,42,837.9,12569,1571
397.385,41,817.8,12267,1533
397.435,42,839.0,12586,1573
397.485,41,818.5,12278,1535
397.535,42,837.3,12560,1570
397.585,41,819.0,12285,1536
397.635,41,819.4,12291,1536
397.685,42,839.7,12595,1574
397.735,41,817.7,12265,1533
397.785,42,839.5,12593,1574
397.835,41,817.5,12263,1533
397.886,42,838.1,12572,1572
397.936,41,817.8,12268,1533
397.986,42,838.3,12574,1572
398.036,41,818.4,12276,1535
398.086,42,839.9,12598,1575
398.136,41,817.3,12259,1532
398.186,42,837.7,12566,1571
398.236,41,819.9,12299,1537
398.286,41,819.2,12288,1536
398.336,42,838.9,12584,1573
398.386,41,819.2,12288,1536
398.436,41,818.6,12279,1535
398.487,42,837.3,12560,1570
398.537,41,819.3,12290,1536
398.587,42,838.1,12571,1571
398.637,41,818.6,12279,1535
398.687,42,837.2,12558,1570
398.737,41,820.0,12299,1537
398.787,41,818.0,12270,1534
398.837,42,839.4,12591,1574
398.887,41,818.4,12277,1535
398.937,41,819.0,12286,1536
398.987,41,818.1,12271,1534
399.038,42,836.7,12550,1569
399.088,41,817.3,12259,1532
399.138,41,818.0,12270,1534
399.188,41,817.9,12269,1534
399.238,41,816.7,12251,1531
399.288,41,819.7,12295,1537
399.338,41,819.3,12290,1536
399.388,41,819.0,12285,1536
399.439,41,817.4,12262,1533
399.489,41,817.7,12266,1533
399.539,41,819.6,12294,1537
399.589,40,797.9,11968,1496
399.639,41,819.4,12291,1536
399.689,41,816.7,12250,1531
399.739,41,816.9,12254,1532
399.789,41,819.2,12288,1536
399.839,40,798.9,11984,1498
399.890,41,817.6,12265,1533
399.940,41,818.0,12270,1534
399.990,41,819.4,12291,1536
400.040,40,798.4,11977,1497
400.090,41,819.9,12299,1537
400.140,41,817.1,12257,1532
400.190,41,818.5,12278,1535
400.240,41,818.8,12281,1535
400.290,41,817.4,12261,1533
400.340,42,839.9,12598,1575
400.390,41,819.4,12291,1536
400.440,41,818.8,12282,1535
400.491,41,818.4,12276,1535
400.541,41,819.8,12297,1537
400.591,41,819.8,12296,1537
400.641,42,836.9,12554,1569
400.691,41,819.2,12289,1536
400.741,41,819.8,12297,1537
400.791,41,817.4,12262,1533
400.841,41,819.9,12299,1537
400.891,42,837.5,12562,1570
400.941,41,816.0,12241,1530
400.991,41,818.0,12270,1534
401.042,42,837.7,12565,1571
401.092,41,817.9,12268,1534
401.142,41,818.5,12277,1535
401.192,42,837.7,12565,1571
401.242,41,819.8,12297,1537
401.292,41,818.5,12278,1535
401.342,42,838.3,12575,1572
401.392,41,819.3,12290,1536
401.442,41,818.9,12284,1536
401.492,42,837.6,12564,1570
401.543,41,817.2,12257,1532
401.593,41,818.6,12279,1535
401.643,42,837.3,12560,1570
401.693,41,818.3,12275,1534
401.743,41,818.4,12277,1535
401.793,42,839.9,12599,1575
401.843,41,818.1,12272,1534
401.893,41,819.1,12286,1536
401.943,41,819.7,12295,1537
401.993,42,836.8,12553,1569
402.044,41,818.0,12270,1534
402.094,41,818.2,12273,1534
402.144,42,837.8,12566,1571
402.194,41,818.7,12280,1535
402.244,41,819.5,12293,1537
402.294,42,837.6,12563,1570
402.344,41,818.0,12270,1534
402.394,41,819.4,12291,1536
402.444,41,818.0,12271,1534
402.494,42,837.6,12564,1570
402.545,41,817.9,12268,1533
402.595,41,819.1,12287,1536
402.645,41,819.9,12298,1537
402.695,42,838.9,12584,1573
402.745,41,818.1,12272,1534
402.795,41,816.9,12253,1532
402.845,41,817.7,12266,1533
402.895,42,838.1,12572,1571
402.945,41,816.8,12252,1532
402.996,41,818.3,12274,1534
403.046,42,839.5,12593,1574
403.096,41,817.0,12255,1532
403.146,41,818.2,12272,1534
403.196,41,818.0,12271,1534
403.246,42,839.3,12589,1574
403.296,41,816.8,12252,1531
403.346,41,817.4,12262,1533
403.397,42,837.7,12566,1571
403.447,41,818.9,12284,1535
403.497,41,816.3,12245,1531
403.547,42,835.7,12535,1567
403.597,41,817.2,12259,1532
403.647,42,837.1,12557,1570
403.698,41,819.0,12285,1536
403.748,41,817.6,12264,1533
403.798,42,837.6,12565,1571
403.848,41,818.3,12275,1534
403.898,41,819.4,12291,1536
403.948,41,818.4,12275,1534
403.998,42,837.6,12564,1570
404.048,41,818.5,12278,1535
404.098,41,819.9,12299,1537
404.148,41,819.7,12296,1537
404.198,42,839.3,12590,1574
404.248,41,817.7,12265,1533
404.298,41,820.0,12299,1537
404.349,41,818.9,12284,1536
404.399,41,818.0,12270,1534
404.449,42,837.8,12567,1571
404.499,41,818.2,12273,1534
404.549,41,819.7,12296,1537
404.599,41,819.4,12291,1536
404.649,41,815.5,12233,1529
404.699,41,819.3,12289,1536
404.749,42,839.0,12585,1573
404.799,41,817.8,12268,1533
404.849,41,819.9,12299,1537
404.900,41,819.2,12288,1536
404.950,42,837.9,12568,1571
405.000,41,818.0,12270,1534
405.050,41,819.2,12288,1536
405.100,41,817.8,12267,1533
405.150,42,837.7,12566,1571
405.200,41,818.2,12273,1534
405.250,41,815.6,12234,1529
405.301,42,838.1,12572,1571
405.351,41,819.8,12298,1537
405.401,41,819.7,12295,1537
405.451,41,819.3,12289,1536
405.501,42,837.9,12569,1571
405.551,41,817.8,12267,1533
405.601,41,818.2,12273,1534
405.651,42,837.9,12569,1571
405.701,41,819.1,12287,1536
405.751,41,819.9,12298,1537
405.801,42,837.7,12566,1571
405.851,41,818.2,12274,1534
405.902,41,819.0,12284,1536
405.952,42,838.5,12577,1572
406.002,41,818.5,12278,1535
406.052,41,817.8,12267,1533
406.102,42,837.8,12567,1571
406.152,41,817.8,12267,1533
406.202,41,817.6,12264,1533
406.252,42,837.7,12566,1571
406.302,41,819.1,12286,1536
406.353,42,838.6,12579,1572
406.403,41,819.4,12290,1536
406.453,41,818.6,12279,1535
406.503,41,816.7,12250,1531
406.553,42,837.0,12556,1569
406.603,41,819.1,12287,1536
406.653,41,818.8,12282,1535
406.703,41,819.3,12290,1536
406.753,42,835.2,12528,1566
406.804,41,816.2,12243,1530
406.854,41,819.1,12286,1536
406.904,41,816.9,12253,1532
406.954,41,818.5,12277,1535
407.004,41,818.5,12278,1535
407.054,41,819.8,12297,1537
407.104,41,818.1,12271,1534
407.154,42,838.4,12575,1572
407.204,41,819.7,12295,1537
407.255,41,817.4,12261,1533
407.305,41,818.2,12272,1534
407.355,41,819.3,12289,1536
407.405,41,816.7,12251,1531
407.455,41,816.9,12253,1532
407.505,41,818.5,12277,1535
407.555,41,818.6,12280,1535
407.605,41,819.7,12295,1537
407.655,41,819.6,12294,1537
407.705,41,818.8,12282,1535
407.756,41,818.3,12274,1534
407.806,41,817.5,12262,1533
407.856,41,819.5,12292,1537
407.906,41,819.5,12292,1537
407.956,41,816.9,12254,1532
408.006,41,819.1,12286,1536
408.056,41,816.8,12253,1532
408.106,41,818.3,12275,1534
408.156,41,817.6,12265,1533
408.207,41,818.1,12272,1534
408.257,41,818.1,12271,1534
408.307,41,817.4,12262,1533
408.357,41,819.9,12298,1537
408.407,41,819.6,12294,1537
408.457,41,818.9,12284,1535
408.507,41,819.1,12287,1536
408.557,41,818.7,12280,1535
408.607,41,819.2,12288,1536
408.657,41,818.6,12279,1535
408.707,41,818.1,12272,1534
408.757,41,818.2,12273,1534
408.807,42,839.6,12594,1574
408.858,41,818.2,12273,1534
408.908,41,816.7,12250,1531
408.958,41,816.0,12240,1530
409.008,42,838.2,12574,1572
409.058,41,817.4,12261,1533
409.108,41,818.8,12283,1535
409.158,42,837.7,12565,1571
409.209,41,817.7,12266,1533
409.259,41,818.6,12279,1535
409.309,41,818.2,12272,1534
409.359,42,838.0,12569,1571
409.409,41,819.0,12285,1536
409.459,41,816.7,12251,1531
409.509,42,837.7,12566,1571
409.559,41,817.5,12263,1533
409.610,42,839.0,12585,1573
409.660,41,819.1,12286,1536
409.710,42,839.0,12585,1573
409.760,41,817.6,12265,1533
409.810,42,836.7,12551,1569
409.860,42,837.7,12565,1571
409.910,41,819.0,12286,1536
409.960,41,819.3,12290,1536
410.010,42,839.5,12592,1574
410.060,41,819.4,12291,1536
410.110,42,838.1,12572,1571
410.161,41,816.3,12244,1531
410.211,41,818.4,12275,1534
410.261,42,838.7,12581,1573
410.311,41,817.5,12262,1533
410.361,41,819.8,12297,1537
410.411,41,818.3,12274,1534
410.461,41,817.8,12266,1533
410.511,41,817.1,12256,1532
410.562,42,837.2,12558,1570
410.612,41,817.2,12258,1532
410.662,41,819.9,12299,1537
410.712,41,818.0,12271,1534
410.762,41,817.0,12255,1532
410.812,41,819.1,12286,1536
410.862,41,818.3,12275,1534
410.912,42,837.7,12565,1571
410.962,41,819.6,12294,1537
411.013,41,817.2,12258,1532
411.063,41,817.9,12269,1534
411.113,41,819.1,12287,1536
411.163,41,816.7,12251,1531
411.213,41,818.4,12276,1534
411.263,41,817.8,12266,1533
411.313,41,816.7,12251,1531
411.363,42,839.7,12596,1574
411.413,41,818.4,12276,1535
411.464,41,816.9,12254,1532
411.514,41,819.5,12292,1536
411.564,41,819.4,12292,1536
411.614,42,837.6,12565,1571
411.664,41,818.4,12276,1535
411.714,41,816.8,12252,1532
411.764,42,836.5,12547,1568
411.814,41,819.4,12291,1536
411.864,41,819.5,12292,1537
411.915,42,838.4,12576,1572
411.965,41,819.2,12287,1536
412.015,41,818.3,12274,1534
412.065,41,819.8,12297,1537
412.115,42,838.8,12582,1573
412.165,41,817.8,12267,1533
412.215,41,816.7,12250,1531
412.265,42,839.9,12599,1575
412.315,41,818.5,12277,1535
412.365,41,818.0,12270,1534
412.415,41,817.1,12256,1532
412.466,41,818.2,12273,1534
412.516,42,839.4,12591,1574
412.566,41,819.8,12296,1537
412.616,41,819.3,12289,1536
412.666,41,817.0,12256,1532
412.716,41,819.0,12285,1536
412.766,41,818.8,12282,1535
412.816,41,817.3,12259,1532
412.866,41,819.8,12298,1537
412.916,41,818.9,12283,1535
412.966,41,817.3,12260,1532
413.017,41,818.6,12278,1535
413.067,41,817.0,12255,1532
413.117,41,818.9,12283,1535
413.167,41,819.2,12288,1536
413.217,40,798.8,11982,1498
413.267,41,816.8,12252,1531
413.317,41,817.0,12254,1532
413.367,41,818.3,12275,1534
413.417,40,799.0,11985,1498
413.467,41,819.9,12299,1537
413.518,41,817.3,12259,1532
413.568,41,817.3,12260,1532
413.618,41,817.9,12268,1534
413.668,40,799.7,11995,1499
413.718,41,817.2,12257,1532
413.768,41,818.3,12274,1534
413.818,41,817.8,12267,1533
413.868,41,818.1,12271,1534
413.919,41,815.6,12234,1529
413.969,41,819.4,12290,1536
414.019,41,819.2,12288,1536
414.069,41,819.8,12296,1537
414.119,41,818.9,12284,1536
414.169,41,819.3,12289,1536
414.219,41,818.3,12274,1534
414.269,42,838.4,12576,1572
414.319,41,816.8,12253,1532
414.370,41,816.9,12254,1532
414.420,41,819.9,12299,1537
414.470,41,818.6,12278,1535
414.520,41,819.3,12290,1536
414.570,41,817.5,12262,1533
414.620,41,817.6,12264,1533
414.670,41,818.1,12272,1534
414.720,41,819.0,12286,1536
414.770,42,837.8,12567,1571
414.820,41,819.1,12287,1536
414.870,41,817.1,12256,1532
414.921,41,818.9,12283,1535
414.971,41,817.9,12269,1534
415.021,41,818.9,12284,1535
415.071,41,816.7,12250,1531
415.121,41,819.2,12288,1536
415.171,41,818.0,12270,1534
415.221,41,819.9,12299,1537
415.271,41,817.8,12267,1533
415.321,40,798.9,11984,1498
415.371,41,819.1,12286,1536
415.421,41,819.9,12299,1537
415.471,41,819.2,12288,1536
415.522,41,818.0,12270,1534
415.572,41,816.9,12254,1532
415.622,40,799.2,11988,1498
415.672,41,816.7,12251,1531
415.722,41,818.5,12277,1535
415.772,41,816.4,12247,1531
415.822,41,819.0,12286,1536
415.873,41,817.7,12266,1533
415.923,41,819.2,12288,1536
415.973,41,820.0,12300,1537
416.023,40,798.3,11974,1497
416.073,41,819.9,12298,1537
416.123,41,819.9,12299,1537
416.173,40,799.8,11996,1500
416.223,41,817.3,12259,1532
416.273,41,817.4,12261,1533
416.323,40,799.3,11990,1499
416.373,41,818.7,12280,1535
416.423,41,819.4,12291,1536
416.473,40,799.1,11986,1498
416.523,41,819.2,12288,1536
416.573,40,799.3,11990,1499
416.623,41,817.4,12262,1533
416.673,41,820.0,12300,1537
416.723,41,819.9,12298,1537
416.774,41,818.7,12281,1535
416.824,41,818.5,12277,1535
416.874,42,839.6,12594,1574
416.924,42,837.9,12569,1571
416.974,43,855.8,12838,1605
417.024,42,839.2,12588,1573
417.074,42,838.8,12583,1573
417.124,43,859.1,12886,1611
417.174,43,859.8,12897,1612
417.224,43,857.4,12861,1608
417.275,43,856.0,12840,1605
417.325,43,856.5,12848,1606
417.375,43,859.4,12891,1611
417.425,43,857.9,12869,1609
417.475,44,877.6,13164,1645
417.525,43,858.3,12875,1609
417.575,43,857.9,12869,1609
417.626,44,877.2,13159,1645
417.676,44,878.8,13183,1648
417.726,43,855.8,12837,1605
417.776,44,877.1,13156,1644
417.826,44,879.8,13197,1650
417.876,44,876.4,13146,1643
417.926,44,876.0,13140,1642
417.977,44,876.9,13154,1644
418.027,44,879.8,13197,1650
418.077,44,878.6,13180,1647
418.127,44,875.6,13134,1642
418.177,44,875.6,13134,1642
418.227,44,876.8,13152,1644
418.278,44,877.3,13160,1645
418.328,45,899.9,13498,1687
418.378,44,879.9,13199,1650
418.428,44,879.9,13199,1650
418.478,44,878.6,13179,1647
418.528,44,879.4,13191,1649
418.578,45,899.8,13497,1687
418.628,44,877.7,13165,1646
418.678,44,879.0,13185,1648
418.728,45,897.7,13466,1683
418.778,44,878.0,13170,1646
418.828,45,897.7,13466,1683
418.878,44,876.6,13148,1644
418.928,44,879.0,13186,1648
418.979,45,898.0,13469,1684
419.029,44,878.8,13182,1648
419.079,45,898.7,13481,1685
419.129,44,879.8,13197,1650
419.179,44,880.0,13200,1650
419.229,45,898.0,13470,1684
419.279,44,879.8,13197,1650
419.329,45,898.1,13471,1684
419.379,44,877.9,13169,1646
419.429,45,899.7,13495,1687
419.479,44,877.0,13154,1644
419.529,45,898.6,13480,1685
419.579,44,878.0,13169,1646
419.630,45,898.5,13478,1685
419.680,44,878.0,13170,1646
419.730,45,898.3,13474,1684
419.780,44,878.7,13181,1648
419.830,45,898.7,13480,1685
419.880,44,877.9,13168,1646
419.930,45,898.7,13480,1685
419.980,45,897.8,13466,1683
420.030,44,876.9,13153,1644
420.080,45,899.6,13494,1687
420.130,44,879.8,13197,1650
420.181,45,898.1,13472,1684
420.231,45,898.1,13472,1684
420.281,45,897.4,13461,1683
420.331,44,877.0,13156,1644
420.381,45,898.9,13484,1685
420.431,46,916.5,13748,1718
420.481,45,897.4,13462,1683
420.531,46,919.0,13785,1723
420.582,46,917.5,13762,1720
420.632,46,919.2,13787,1723
420.682,46,917.7,13765,1721
420.732,46,916.4,13746,1718
420.782,47,939.9,14098,1762
420.832,46,919.2,13788,1723
420.882,47,938.7,14081,1760
420.932,46,916.9,13754,1719
420.982,47,939.5,14093,1762
421.032,47,937.9,14068,1758
421.082,47,938.0,14070,1759
421.132,47,939.6,14094,1762
421.183,47,937.7,14065,1758
421.233,47,936.9,14053,1757
421.283,47,938.1,14071,1759
421.333,47,938.8,14082,1760
421.383,47,935.9,14039,1755
421.433,47,937.9,14068,1759
421.483,47,937.2,14058,1757
421.533,47,939.1,14087,1761
421.584,48,957.4,14361,1795
421.634,47,937.1,14057,1757
421.684,47,938.2,14073,1759
421.734,47,939.7,14096,1762
421.784,47,937.2,14059,1757
421.834,47,937.3,14059,1757
421.884,48,958.8,14382,1798
421.934,47,937.7,14066,1758
421.985,47,936.4,14046,1756
422.035,48,957.6,14364,1795
422.085,47,937.7,14066,1758
422.135,47,938.9,14083,1760
422.185,48,958.6,14379,1797
422.235,47,937.5,14063,1758
422.285,47,939.1,14087,1761
422.335,48,958.9,14383,1798
422.385,47,937.6,14064,1758
422.435,48,958.8,14382,1798
422.485,47,939.9,14098,1762
422.535,47,940.0,14099,1762
422.585,48,957.8,14367,1796
422.636,47,939.0,14085,1761
422.686,47,937.4,14061,1758
422.736,48,957.3,14359,1795
422.786,47,938.2,14074,1759
422.836,48,959.9,14399,1800
422.886,47,939.2,14087,1761
422.936,48,957.9,14369,1796
422.986,47,937.0,14055,1757
423.036,48,957.3,14359,1795
423.086,47,937.8,14066,1758
423.137,47,939.2,14087,1761
423.187,48,959.6,14394,1799
423.237,47,937.9,14069,1759
423.287,47,939.5,14092,1762
423.337,48,958.6,14379,1797
423.387,47,938.3,14075,1759
423.437,48,959.8,14397,1800
423.487,47,939.0,14084,1761
423.537,48,956.2,14342,1793
423.587,47,936.6,14049,1756
423.637,48,956.5,14348,1793
423.688,47,937.1,14057,1757
423.738,48,959.2,14387,1798
423.788,47,938.0,14070,1759
423.838,48,959.8,14396,1800
423.888,47,937.9,14069,1759
423.938,48,958.7,14381,1798
423.988,47,936.1,14042,1755
424.038,48,956.6,14349,1794
424.088,47,938.9,14084,1761
424.139,48,956.5,14348,1793
424.189,47,937.6,14064,1758
424.239,48,956.2,14343,1793
424.289,47,937.8,14068,1758
424.339,48,957.4,14360,1795
424.389,47,939.0,14086,1761
424.439,47,939.9,14098,1762
424.489,47,939.1,14087,1761
424.540,48,955.0,14324,1791
424.590,47,938.2,14073,1759
424.640,47,938.4,14076,1760
424.690,48,957.6,14365,1796
424.740,47,937.6,14064,1758
424.790,47,938.9,14084,1760
424.840,47,937.4,14062,1758
424.890,48,960.0,14400,1800
424.940,48,957.8,14368,1796
424.990,48,957.8,14367,1796
425.040,48,958.5,14377,1797
425.091,49,977.7,14665,1833
425.141,48,958.6,14380,1797
425.191,50,994.8,14922,1865
425.241,49,977.9,14669,1834
425.291,49,978.9,14684,1835
425.341,50,997.3,14959,1870
425.391,49,978.8,14681,1835
425.442,50,994.5,14917,1865
425.492,51,1015.7,15235,1904
425.542,50,999.9,14999,1875
425.592,50,996.6,14949,1869
425.642,50,999.7,14996,1874
425.692,50,997.4,14962,1870
425.742,51,1019.1,15287,1911
425.792,50,999.9,14999,1875
425.842,51,1017.4,15261,1908
425.892,50,998.4,14977,1872
425.942,51,1017.6,15263,1908
425.993,51,1017.3,15260,1907
426.043,50,999.4,14992,1874
426.093,51,1017.8,15268,1908
426.143,51,1017.8,15268,1908
426.193,51,1017.5,15263,1908
426.243,50,997.4,14962,1870
426.293,51,1019.7,15296,1912
426.343,51,1020.0,15300,1912
426.393,51,1017.5,15263,1908
426.443,51,1017.5,15263,1908
426.493,51,1017.3,15260,1907
426.544,51,1016.7,15250,1906
426.594,50,999.7,14996,1874
426.644,51,1017.3,15260,1907
426.694,51,1016.6,15249,1906
426.744,51,1019.7,15296,1912
426.794,51,1018.7,15281,1910
426.844,51,1017.6,15264,1908
426.894,51,1017.3,15259,1907
426.945,52,1034.6,15520,1940
426.995,51,1016.5,15248,1906
427.045,51,1017.2,15258,1907
427.095,51,1017.4,15262,1908
427.145,51,1015.6,15234,1904
427.195,51,1019.4,15290,1911
427.245,51,1017.5,15263,1908
427.295,51,1017.6,15264,1908
427.346,52,1037.1,15557,1945
427.396,51,1015.8,15237,1905
427.446,51,1015.3,15229,1904
427.496,51,1019.8,15297,1912
427.546,51,1017.9,15268,1908
427.596,51,1017.4,15261,1908
427.646,51,1017.8,15266,1908
427.696,51,1018.8,15282,1910
427.747,51,1016.8,15252,1907
427.797,52,1038.0,15570,1946
427.847,51,1017.5,15262,1908
427.897,51,1019.2,15288,1911
427.947,51,1017.9,15268,1908
427.997,52,1036.2,15543,1943
428.047,52,1038.9,15583,1948
428.097,52,1037.0,15555,1944
428.147,52,1037.7,15565,1946
428.198,52,1038.9,15584,1948
428.248,53,1058.8,15883,1985
428.298,52,1037.3,15560,1945
428.348,53,1059.6,15894,1987
428.398,53,1057.9,15869,1984
428.448,53,1058.2,15872,1984
428.498,53,1058.8,15882,1985
428.548,54,1075.6,16134,2017
428.598,53,1056.4,15846,1981
428.648,54,1077.7,16166,2021
428.699,54,1076.8,16153,2019
428.749,54,1076.9,16154,2019
428.799,54,1077.5,16162,2020
428.849,54,1076.5,16148,2018
428.899,54,1077.5,16162,2020
428.949,54,1079.8,16198,2025
428.999,54,1076.9,16154,2019
429.049,55,1097.4,16462,2058
429.100,54,1076.1,16141,2018
429.150,55,1097.5,16462,2058
429.200,54,1077.6,16164,2020
429.250,55,1096.7,16451,2056
429.300,55,1099.9,16499,2062
429.350,54,1078.4,16176,2022
429.400,55,1099.8,16497,2062
429.450,55,1099.0,16485,2061
429.500,54,1079.8,16197,2025
429.550,55,1097.9,16469,2059
429.600,55,1099.6,16494,2062
429.650,55,1095.8,16437,2055
429.701,55,1097.1,16457,2057
429.751,55,1098.6,16479,2060
429.801,55,1099.9,16499,2062
429.851,56,1115.9,16739,2092
429.901,55,1098.8,16483,2060
429.951,55,1096.0,16440,2055
430.001,55,1096.4,16445,2056
430.051,55,1098.3,16474,2059
430.101,55,1097.1,16457,2057
430.152,56,1117.4,16761,2095
430.202,55,1097.6,16464,2058
430.252,55,1098.0,16470,2059
430.302,56,1117.1,16757,2095
430.352,55,1096.4,16446,2056
430.402,55,1098.2,16473,2059
430.452,55,1098.2,16473,2059
430.502,56,1117.7,16765,2096
430.552,55,1096.9,16453,2057
430.603,56,1116.5,16747,2093
430.653,55,1097.1,16457,2057
430.703,55,1097.4,16461,2058
430.753,56,1117.3,16760,2095
430.803,55,1096.3,16444,2056
430.853,56,1116.4,16745,2093
430.903,55,1099.0,16484,2061
430.953,55,1099.1,16487,2061
431.003,56,1119.0,16784,2098
431.053,55,1100.0,16500,2062
431.104,56,1116.2,16744,2093
431.154,55,1095.6,16433,2054
431.204,55,1098.8,16482,2060
431.254,56,1116.9,16753,2094
431.304,55,1098.5,16478,2060
431.354,56,1118.2,16774,2097
431.404,55,1096.3,16444,2055
431.454,56,1116.0,16739,2092
431.505,55,1099.1,16486,2061
431.555,56,1116.9,16754,2094
431.605,55,1099.1,16486,2061
431.655,55,1099.7,16495,2062
431.705,56,1117.7,16766,2096
431.755,55,1096.8,16452,2056
431.805,56,1119.0,16786,2098
431.855,55,1097.7,16465,2058
431.905,56,1116.1,16742,2093
431.955,55,1099.2,16488,2061
432.005,56,1119.9,16799,2100
432.056,55,1094.9,16424,2053
432.106,56,1119.4,16791,2099
432.156,56,1117.4,16761,2095
432.206,55,1099.1,16487,2061
432.256,56,1117.9,16769,2096
432.306,55,1098.6,16478,2060
432.356,56,1115.7,16736,2092
432.406,55,1099.4,16491,2061
432.456,56,1118.1,16772,2096
432.506,55,1098.8,16482,2060
432.556,56,1118.4,16776,2097
432.606,55,1098.8,16483,2060
432.657,56,1116.9,16754,2094
432.707,55,1098.6,16479,2060
432.757,56,1116.2,16742,2093
432.807,56,1119.6,16793,2099
432.857,55,1097.3,16460,2058
432.907,56,1118.9,16784,2098
432.957,55,1099.9,16499,2062
433.007,56,1119.9,16798,2100
433.057,55,1098.7,16481,2060
433.107,55,1099.1,16487,2061
433.157,56,1117.0,16756,2094
433.207,56,1118.5,16777,2097
433.257,55,1097.9,16468,2059
433.308,56,1116.2,16743,2093
433.358,55,1095.9,16439,2055
433.408,56,1117.4,16761,2095
433.458,56,1115.6,16733,2092
433.508,55,1096.8,16452,2057
433.558,56,1119.1,16787,2098
433.608,55,1097.3,16459,2057
433.658,56,1118.6,16778,2097
433.708,55,1098.9,16483,2060
433.758,56,1118.8,16782,2098
433.809,55,1099.5,16492,2061
433.859,56,1117.2,16759,2095
433.909,56,1117.1,16756,2094
433.959,55,1097.7,16465,2058
434.009,56,1115.8,16738,2092
434.059,55,1098.7,16480,2060
434.109,56,1118.6,16779,2097
434.159,55,1099.3,16490,2061
434.209,56,1116.9,16753,2094
434.259,55,1099.4,16490,2061
434.310,56,1116.3,16745,2093
434.360,55,1096.9,16453,2057
434.410,56,1117.7,16766,2096
434.460,56,1116.4,16745,2093
434.510,55,1098.4,16476,2060
434.560,56,1117.5,16762,2095
434.610,55,1098.3,16474,2059
434.660,56,1118.1,16771,2096
434.710,55,1098.8,16482,2060
434.760,56,1119.9,16798,2100
434.810,55,1097.2,16458,2057
434.861,56,1118.8,16782,2098
434.911,55,1098.0,16470,2059
434.961,56,1120.0,16799,2100
435.011,55,1099.0,16485,2061
435.061,56,1115.7,16735,2092
435.111,56,1119.1,16787,2098
435.161,55,1097.9,16468,2058
435.211,56,1116.5,16748,2093
435.261,55,1098.6,16478,2060
435.311,56,1116.5,16747,2093
435.361,56,1118.5,16777,2097
435.412,55,1098.1,16471,2059
435.462,56,1115.5,16732,2092
435.512,56,1118.2,16774,2097
435.562,55,1097.2,16458,2057
435.612,56,1119.5,16792,2099
435.662,55,1099.7,16495,2062
435.712,56,1119.9,16799,2100
435.762,56,1117.2,16757,2095
435.812,55,1098.3,16475,2059
435.862,56,1117.3,16760,2095
435.912,56,1116.2,16743,2093
435.962,55,1099.8,16498,2062
436.013,56,1115.8,16738,2092
436.063,55,1097.2,16458,2057
436.113,56,1118.6,16778,2097
436.163,56,1118.9,16784,2098
436.213,55,1099.8,16497,2062
436.263,56,1117.3,16760,2095
436.313,56,1119.9,16799,2100
436.363,55,1099.5,16492,2062
436.413,56,1115.8,16737,2092
436.463,56,1117.8,16768,2096
436.513,55,1099.7,16495,2062
436.563,56,1117.9,16768,2096
436.614,56,1117.1,16756,2095
436.664,55,1099.5,16492,2062
436.714,56,1118.9,16784,2098
436.764,55,1099.4,16491,2061
436.814,56,1119.5,16792,2099
436.864,56,1117.9,16768,2096
436.914,55,1099.1,16487,2061
436.964,56,1116.2,16742,2093
437.014,56,1117.7,16765,2096
437.064,55,1096.5,16448,2056
437.114,56,1115.9,16739,2092
437.164,56,1119.6,16794,2099
437.215,55,1098.8,16482,2060
437.265,56,1117.5,16762,2095
437.315,56,1114.9,16724,2091
437.365,55,1094.0,16411,2051
437.415,56,1117.3,16759,2095
437.465,56,1119.6,16794,2099
437.515,55,1098.2,16473,2059
437.566,56,1116.9,16754,2094
437.616,56,1118.3,16775,2097
437.666,55,1099.9,16498,2062
437.716,56,1117.0,16756,2094
437.766,56,1116.5,16748,2093
437.816,55,1099.3,16489,2061
437.866,56,1117.5,16762,2095
437.916,55,1098.7,16480,2060
437.966,56,1119.7,16796,2099
438.016,56,1118.7,16781,2098
438.066,55,1097.7,16466,2058
438.116,56,1119.3,16790,2099
438.166,55,1096.2,16443,2055
438.217,56,1119.2,16788,2098
438.267,56,1114.2,16713,2089
438.317,55,1099.0,16484,2061
438.367,56,1118.4,16777,2097
438.417,56,1117.7,16765,2096
438.467,55,1098.9,16483,2060
438.517,56,1116.5,16748,2094
438.567,55,1097.6,16464,2058
438.617,56,1116.6,16749,2094
438.668,56,1118.1,16772,2096
438.718,56,1115.9,16739,2092
438.768,55,1098.9,16483,2060
438.818,56,1116.6,16749,2094
438.868,55,1098.6,16479,2060
438.918,56,1118.7,16780,2098
438.968,56,1118.9,16784,2098
439.018,56,1115.3,16730,2091
439.068,55,1100.0,16499,2062
439.118,56,1118.7,16780,2097
439.169,55,1096.2,16443,2055
439.219,56,1117.2,16757,2095
439.269,56,1117.1,16756,2094
439.319,55,1099.2,16489,2061
439.369,56,1118.2,16773,2097
439.419,56,1119.8,16797,2100
439.469,55,1096.1,16442,2055
439.519,56,1117.1,16757,2095
439.569,56,1118.7,16780,2098
439.619,55,1097.1,16457,2057
439.669,56,1118.7,16780,2098
439.720,56,1117.6,16764,2095
439.770,55,1098.4,16476,2059
439.820,56,1119.1,16786,2098
439.870,56,1116.7,16750,2094
439.920,55,1098.8,16481,2060
439.970,56,1117.3,16760,2095
440.020,56,1117.5,16763,2095
440.070,55,1097.0,16455,2057
440.120,56,1119.9,16799,2100
440.170,55,1097.2,16458,2057
440.220,56,1119.3,16789,2099
440.271,56,1116.2,16743,2093
440.321,55,1097.6,16464,2058
440.371,56,1117.7,16765,2096
440.421,56,1118.1,16771,2096
440.471,55,1099.1,16486,2061
440.521,56,1118.9,16783,2098
440.571,56,1116.4,16746,2093
440.621,55,1099.0,16484,2061
440.671,56,1119.8,16797,2100
440.721,55,1097.4,16461,2058
440.771,56,1116.9,16753,2094
440.822,56,1118.5,16778,2097
440.872,55,1096.1,16442,2055
440.922,56,1116.1,16742,2093
440.972,56,1116.8,16751,2094
441.022,56,1116.3,16744,2093
441.072,55,1096.8,16452,2057
441.123,56,1115.9,16738,2092
441.173,56,1119.9,16798,2100
441.223,55,1098.4,16477,2060
441.273,56,1116.8,16752,2094
441.323,56,1117.8,16767,2096
441.373,55,1100.0,16499,2062
441.423,56,1117.8,16768,2096
441.473,56,1117.7,16765,2096
441.523,55,1099.3,16489,2061
441.573,56,1119.1,16786,2098
441.623,55,1098.2,16473,2059
441.673,56,1117.3,16759,2095
441.723,56,1117.6,16764,2095
441.773,55,1099.4,16491,2061
441.824,56,1119.2,16789,2099
441.874,56,1118.4,16776,2097
441.924,55,1097.8,16466,2058
441.974,56,1118.9,16784,2098
442.024,55,1098.9,16483,2060
442.074,56,1116.3,16744,2093
442.124,56,1117.1,16757,2095
442.174,56,1117.6,16764,2096
442.224,55,1099.8,16497,2062
442.274,56,1117.1,16756,2095
442.324,56,1116.7,16751,2094
442.375,55,1099.4,16491,2061
442.425,56,1119.1,16787,2098
442.475,55,1096.3,16444,2056
442.525,56,1118.4,16776,2097
442.575,56,1117.0,16755,2094
442.625,55,1098.4,16475,2059
442.675,56,1116.1,16742,2093
442.725,56,1117.3,16760,2095
442.775,56,1116.4,16747,2093
442.826,55,1098.0,16470,2059
442.876,56,1119.9,16799,2100
442.926,56,1117.3,16759,2095
442.976,55,1099.0,16485,2061
443.026,56,1119.2,16789,2099
443.076,55,1096.4,16445,2056
443.126,56,1118.9,16784,2098
443.176,56,1116.2,16743,2093
443.226,56,1116.7,16751,2094
443.276,55,1097.1,16456,2057
443.326,56,1119.9,16798,2100
443.376,55,1099.9,16498,2062
443.427,56,1118.1,16771,2096
443.477,56,1119.2,16789,2099
443.527,55,1097.3,16460,2057
443.577,56,1118.8,16782,2098
443.627,56,1117.4,16762,2095
443.677,55,1098.1,16471,2059
443.727,56,1119.8,16797,2100
443.777,56,1117.7,16766,2096
443.827,55,1099.8,16497,2062
443.877,56,1117.9,16769,2096
443.927,56,1114.8,16722,2090
443.978,56,1114.8,16722,2090
444.028,55,1098.9,16483,2060
444.078,56,1118.4,16775,2097
444.128,55,1099.7,16496,2062
444.178,56,1119.2,16788,2098
444.228,56,1115.2,16728,2091
444.278,56,1116.3,16744,2093
444.328,55,1098.4,16475,2059
444.378,56,1117.8,16767,2096
444.428,56,1116.8,16752,2094
444.479,56,1115.9,16739,2092
444.529,55,1099.0,16485,2061
444.579,56,1118.9,16783,2098
444.629,56,1118.2,16773,2097
444.679,55,1097.7,16465,2058
444.729,56,1115.9,16739,2092
444.779,56,1117.7,16766,2096
444.829,55,1097.1,16456,2057
444.880,56,1116.2,16743,2093
444.930,56,1117.9,16769,2096
444.980,56,1118.0,16770,2096
445.030,55,1098.5,16478,2060
445.080,56,1120.0,16800,2100
445.130,55,1099.9,16498,2062
445.180,56,1118.4,16776,2097
445.230,56,1118.4,16775,2097
445.280,55,1097.6,16463,2058
445.330,56,1115.9,16739,2092
445.380,56,1117.3,16760,2095
445.430,56,1119.7,16795,2099
445.480,55,1096.8,16451,2056
445.531,56,1116.7,16750,2094
445.581,56,1115.3,16730,2091
445.631,56,1114.8,16722,2090
445.681,55,1098.5,16477,2060
445.731,56,1118.5,16778,2097
445.781,56,1118.1,16771,2096
445.831,55,1097.0,16456,2057
445.882,56,1118.3,16775,2097
445.932,56,1116.0,16740,2093
445.982,56,1117.6,16764,2096
446.032,55,1098.2,16472,2059
446.082,56,1117.6,16763,2095
446.132,55,1099.8,16497,2062
446.182,56,1117.1,16757,2095
446.232,56,1117.3,16759,2095
446.282,55,1099.6,16494,2062
446.332,56,1117.8,16766,2096
446.383,56,1116.7,16751,2094
446.433,55,1098.5,16478,2060
446.483,56,1119.1,16786,2098
446.533,55,1096.6,16449,2056
446.583,56,1117.0,16755,2094
446.633,56,1116.3,16744,2093
446.683,55,1098.9,16483,2060
446.733,56,1117.1,16756,2095
446.783,56,1116.4,16746,2093
446.834,55,1096.9,16454,2057
446.884,56,1118.7,16781,2098
446.934,56,1119.6,16794,2099
446.984,55,1097.6,16463,2058
447.034,56,1119.8,16797,2100
447.084,55,1096.9,16453,2057
447.134,56,1117.6,16763,2095
447.184,56,1117.4,16762,2095
447.234,55,1097.2,16458,2057
447.284,56,1119.6,16794,2099
447.334,55,1098.4,16476,2060
447.385,56,1116.4,16747,2093
447.435,56,1118.6,16779,2097
447.485,55,1098.5,16477,2060
447.535,56,1118.5,16777,2097
447.585,55,1100.0,16500,2062
447.635,56,1119.3,16789,2099
447.685,56,1119.8,16797,2100
447.735,55,1097.3,16460,2057
447.785,56,1120.0,16800,2100
447.835,56,1116.2,16743,2093
447.885,55,1098.2,16473,2059
447.935,56,1118.3,16774,2097
447.985,56,1117.4,16762,2095
448.035,55,1097.9,16469,2059
448.086,56,1113.4,16701,2088
448.136,56,1117.8,16767,2096
448.186,56,1116.6,16749,2094
448.236,56,1115.8,16737,2092
448.286,55,1099.3,16489,2061
448.336,56,1118.2,16774,2097
448.386,56,1117.2,16757,2095
448.436,55,1099.8,16497,2062
448.487,56,1116.2,16743,2093
448.537,56,1119.3,16790,2099
448.587,56,1116.3,16745,2093
448.637,55,1099.2,16488,2061
448.687,56,1118.6,16779,2097
448.737,56,1119.7,16795,2099
448.787,56,1117.3,16760,2095
448.837,55,1099.8,16497,2062
448.887,56,1118.4,16776,2097
448.937,56,1114.4,16716,2090
448.987,56,1119.0,16785,2098
449.037,55,1098.7,16480,2060
449.087,56,1118.8,16782,2098
449.138,56,1117.7,16765,2096
449.188,55,1095.0,16425,2053
449.238,56,1118.6,16779,2097
449.288,56,1119.9,16799,2100
449.338,56,1117.1,16756,2095
449.388,55,1099.6,16494,2062
449.438,56,1117.5,16762,2095
449.488,56,1115.4,16731,2091
449.538,56,1119.0,16785,2098
449.589,55,1096.6,16449,2056
449.639,56,1117.6,16765,2096
449.689,56,1117.9,16769,2096
449.739,56,1119.9,16798,2100
449.789,55,1095.8,16437,2055
449.839,56,1116.6,16749,2094
449.889,56,1119.2,16788,2098
449.939,56,1119.0,16785,2098
449.989,55,1097.0,16454,2057
450.039,56,1117.9,16769,2096
450.089,56,1119.6,16794,2099
450.140,56,1114.1,16712,2089
450.190,55,1099.1,16487,2061
450.240,56,1119.8,16798,2100
450.290,55,1099.8,16496,2062
450.340,56,1118.5,16778,2097
450.390,56,1117.0,16756,2094
450.440,56,1116.1,16742,2093
450.490,55,1098.2,16472,2059
450.540,56,1116.3,16745,2093
450.591,56,1117.2,16758,2095
450.641,55,1098.4,16476,2059
450.691,56,1119.4,16791,2099
450.741,56,1119.6,16794,2099
450.791,55,1098.7,16480,2060
450.841,56,1116.4,16747,2093
450.891,56,1118.1,16771,2096
450.941,56,1118.7,16781,2098
450.991,55,1095.4,16431,2054
451.041,56,1116.4,16746,2093
451.091,56,1119.5,16793,2099
451.142,55,1097.3,16459,2057
451.192,56,1117.6,16764,2096
451.242,56,1115.1,16726,2091
451.292,56,1118.8,16782,2098
451.342,55,1098.7,16480,2060
451.392,56,1119.6,16795,2099
451.442,56,1116.2,16743,2093
451.492,55,1095.8,16437,2055
451.542,56,1118.9,16783,2098
451.593,56,1117.1,16757,2095
451.643,56,1115.8,16738,2092
451.693,55,1098.8,16481,2060
451.743,56,1118.4,16776,2097
451.793,56,1117.2,16758,2095
451.843,55,1096.1,16442,2055
451.893,56,1117.0,16756,2094
451.943,56,1117.6,16764,2095
451.993,55,1099.0,16485,2061
452.043,56,1118.1,16772,2096
452.094,55,1098.1,16472,2059
452.144,56,1116.3,16745,2093
452.194,56,1119.8,16797,2100
452.244,55,1097.3,16459,2057
452.294,56,1117.5,16762,2095
452.344,56,1116.8,16752,2094
452.394,55,1099.9,16499,2062
452.444,56,1117.9,16769,2096
452.494,56,1116.2,16744,2093
452.544,55,1098.7,16481,2060
452.595,56,1117.9,16768,2096
452.645,55,1099.5,16492,2061
452.695,56,1119.2,16788,2098
452.745,56,1115.1,16726,2091
452.795,55,1099.6,16494,2062
452.845,56,1117.2,16758,2095
452.895,55,1099.4,16491,2061
452.945,56,1115.9,16738,2092
452.995,56,1116.2,16742,2093
453.045,55,1099.9,16499,2062
453.095,56,1118.8,16781,2098
453.146,55,1098.3,16474,2059
453.196,56,1119.9,16799,2100
453.246,55,1099.9,16499,2062
453.296,56,1115.6,16734,2092
453.346,56,1116.5,16747,2093
453.396,55,1098.7,16480,2060
453.446,56,1117.0,16754,2094
453.496,56,1117.4,16760,2095
453.546,55,1098.3,16475,2059
453.596,56,1119.5,16792,2099
453.646,55,1097.9,16469,2059
453.696,56,1117.5,16762,2095
453.747,56,1116.0,16740,2092
453.797,55,1099.6,16493,2062
453.847,56,1119.1,16786,2098
453.897,55,1096.9,16454,2057
453.947,56,1120.0,16800,2100
453.997,56,1117.0,16754,2094
454.047,55,1097.9,16468,2058
454.097,56,1118.3,16774,2097
454.147,55,1098.8,16482,2060
454.197,56,1118.7,16781,2098
454.247,55,1098.7,16481,2060
454.297,56,1117.0,16756,2094
454.347,56,1119.9,16799,2100
454.398,55,1097.2,16459,2057
454.448,56,1119.1,16786,2098
454.498,55,1097.9,16468,2059
454.548,56,1117.5,16762,2095
454.598,56,1118.9,16784,2098
454.648,55,1098.1,16472,2059
454.698,56,1115.9,16739,2092
454.748,56,1117.4,16761,2095
454.798,55,1098.6,16479,2060
454.848,56,1117.1,16757,2095
454.899,56,1117.1,16757,2095
454.949,55,1096.6,16449,2056
454.999,56,1116.4,16746,2093
455.049,55,1097.8,16467,2058
455.099,56,1117.2,16758,2095
455.149,56,1119.2,16789,2099
455.199,55,1096.5,16447,2056
455.249,56,1118.4,16776,2097
455.300,56,1117.3,16759,2095
455.350,55,1097.3,16459,2057
455.400,56,1119.0,16785,2098
455.450,55,1099.6,16493,2062
455.500,56,1119.7,16795,2099
455.550,56,1119.2,16788,2098
455.600,55,1099.2,16487,2061
455.650,56,1117.7,16766,2096
455.700,55,1098.8,16481,2060
455.750,56,1116.2,16744,2093
455.800,56,1119.7,16796,2100
455.850,55,1100.0,16499,2062
455.900,56,1118.6,16779,2097
455.950,55,1098.9,16484,2061
456.000,56,1116.4,16746,2093
456.050,56,1119.3,16790,2099
456.100,55,1099.7,16495,2062
456.151,56,1115.6,16734,2092
456.201,56,1119.1,16787,2098
456.251,55,1094.3,16415,2052
456.301,56,1115.2,16727,2091
456.351,56,1118.5,16778,2097
456.401,56,1119.3,16789,2099
456.451,55,1098.7,16480,2060
456.501,56,1119.7,16795,2099
456.551,55,1097.3,16459,2057
456.602,56,1118.9,16784,2098
456.652,56,1117.4,16761,2095
456.702,55,1096.6,16449,2056
456.752,56,1119.3,16789,2099
456.802,56,1117.1,16757,2095
456.852,55,1098.5,16477,2060
456.902,56,1118.3,16774,2097
456.952,56,1117.4,16761,2095
457.002,56,1117.6,16764,2096
457.052,55,1099.2,16488,2061
457.102,56,1117.8,16767,2096
457.153,55,1098.5,16478,2060
457.203,56,1119.6,16794,2099
457.253,56,1119.1,16787,2098
457.303,55,1098.2,16474,2059
457.353,56,1120.0,16800,2100
457.403,55,1099.0,16485,2061
457.453,56,1118.0,16770,2096
457.503,56,1117.8,16767,2096
457.553,55,1098.9,16484,2060
457.603,56,1117.4,16761,2095
457.653,55,1099.6,16494,2062
457.703,56,1117.2,16758,2095
457.753,56,1115.8,16736,2092
457.803,55,1098.7,16481,2060
457.854,56,1116.8,16752,2094
457.904,56,1117.2,16757,2095
457.954,55,1098.1,16471,2059
458.004,56,1116.7,16751,2094
458.054,55,1097.1,16456,2057
458.104,56,1115.9,16738,2092
458.154,56,1119.2,16788,2099
458.204,55,1099.6,16493,2062
458.255,56,1116.9,16753,2094
458.305,56,1118.4,16775,2097
458.355,55,1097.7,16465,2058
458.405,56,1119.7,16796,2099
458.455,55,1099.1,16486,2061
458.505,56,1117.0,16756,2094
458.555,54,1076.5,16147,2018
458.605,55,1096.9,16454,2057
458.655,53,1058.6,15879,1985
458.705,53,1057.6,15864,1983
458.755,52,1039.2,15587,1948
458.805,52,1038.0,15570,1946
458.855,51,1020.0,15299,1912
458.906,51,1016.3,15245,1906
458.956,50,998.1,14972,1871
459.006,50,998.4,14975,1872
459.056,50,999.8,14997,1875
459.106,49,977.7,14666,1833
459.156,49,978.9,14683,1835
459.206,49,978.6,14679,1835
459.256,48,959.3,14389,1799
459.306,49,978.2,14673,1834
459.356,48,959.1,14386,1798
459.407,48,955.0,14325,1791
459.457,48,958.8,14383,1798
459.507,48,958.7,14380,1798
459.557,48,959.5,14393,1799
459.607,47,939.4,14091,1761
459.657,48,959.7,14396,1799
459.707,47,938.1,14072,1759
459.757,47,937.4,14061,1758
459.807,48,956.4,14347,1793
459.857,47,938.0,14070,1759
459.907,47,938.5,14078,1760
459.958,48,956.3,14345,1793
460.008,48,958.9,14384,1798
460.058,49,977.6,14665,1833
460.108,49,979.8,14698,1837
460.158,50,999.2,14988,1873
460.208,50,997.0,14955,1869
460.258,51,1019.5,15293,1912
460.308,51,1019.2,15289,1911
460.358,51,1016.6,15249,1906
460.408,52,1034.5,15517,1940
460.459,52,1038.1,15571,1946
460.509,53,1058.4,15876,1984
460.559,53,1056.2,15843,1980
460.609,52,1039.8,15597,1950
460.659,54,1078.5,16178,2022
460.709,53,1057.2,15858,1982
460.759,54,1080.0,16200,2025
460.809,54,1076.6,16149,2019
460.859,54,1079.5,16193,2024
460.909,54,1078.7,16180,2023
460.959,54,1077.0,16155,2019
461.010,55,1096.3,16444,2055
461.060,55,1098.7,16481,2060
461.110,55,1096.5,16448,2056
461.160,55,1096.4,16445,2056
461.210,55,1098.5,16477,2060
461.260,55,1094.8,16422,2053
461.310,56,1117.6,16764,2095
461.361,55,1094.9,16424,2053
461.411,56,1116.6,16749,2094
461.461,56,1115.4,16731,2091
461.511,56,1117.2,16759,2095
461.561,56,1116.7,16750,2094
461.611,56,1115.7,16736,2092
461.661,56,1117.7,16766,2096
461.712,56,1119.3,16789,2099
461.762,56,1117.9,16769,2096
461.812,56,1116.7,16751,2094
461.862,56,1117.8,16767,2096
461.912,56,1118.5,16777,2097
461.962,57,1136.0,17040,2130
462.012,56,1117.2,16758,2095
462.062,57,1139.1,17087,2136
462.112,56,1118.4,16776,2097
462.162,56,1119.4,16792,2099
462.212,57,1138.9,17084,2135
462.263,57,1135.6,17034,2129
462.313,56,1117.2,16757,2095
462.363,57,1139.6,17095,2137
462.413,56,1117.3,16759,2095
462.463,57,1139.1,17087,2136
462.513,56,1119.5,16793,2099
462.563,57,1136.8,17052,2131
462.613,57,1136.4,17047,2131
462.663,57,1140.0,17100,2137
462.713,56,1117.1,16757,2095
462.763,57,1138.7,17080,2135
462.813,57,1138.4,17076,2134
462.864,57,1138.7,17081,2135
462.914,56,1114.1,16712,2089
462.964,57,1138.5,17077,2135
463.014,57,1137.8,17067,2133
463.064,57,1137.3,17060,2132
463.114,57,1138.1,17072,2134
463.164,57,1134.3,17014,2127
463.215,57,1134.6,17018,2127
463.265,57,1135.5,17032,2129
463.315,57,1136.6,17049,2131
463.365,56,1119.8,16796,2100
463.415,57,1137.4,17060,2133
463.465,57,1137.4,17061,2133
463.515,57,1137.0,17055,2132
463.566,57,1136.9,17054,2132
463.616,57,1138.7,17081,2135
463.666,57,1138.3,17074,2134
463.716,57,1137.2,17058,2132
463.766,56,1118.3,16775,2097
463.816,57,1139.1,17087,2136
463.866,57,1137.1,17057,2132
463.916,57,1136.5,17048,2131
463.966,57,1138.5,17078,2135
464.016,57,1138.5,17077,2135
464.066,56,1119.2,16789,2099
464.116,56,1119.6,16795,2099
464.167,57,1136.1,17041,2130
464.217,56,1116.6,16749,2094
464.267,56,1119.9,16798,2100
464.317,56,1116.3,16745,2093
464.367,56,1116.8,16752,2094
464.417,55,1096.3,16445,2056
464.467,56,1117.8,16767,2096
464.517,55,1096.1,16442,2055
464.568,54,1077.7,16166,2021
464.618,54,1076.0,16140,2018
464.668,54,1079.9,16199,2025
464.718,53,1057.2,15858,1982
464.768,52,1040.0,15600,1950
464.818,52,1036.6,15548,1944
464.868,52,1039.6,15595,1949
464.918,52,1039.1,15587,1948
464.968,51,1019.0,15285,1911
465.018,50,997.6,14964,1871
465.068,50,999.4,14991,1874
465.118,49,976.4,14646,1831
465.169,49,978.4,14675,1834
465.219,48,958.2,14373,1797
465.269,48,959.6,14394,1799
465.319,47,937.2,14057,1757
465.369,48,959.4,14391,1799
465.419,46,916.7,13751,1719
465.469,47,937.8,14067,1758
465.519,45,896.5,13448,1681
465.569,45,898.5,13478,1685
465.620,45,897.6,13464,1683
465.670,44,878.3,13175,1647
465.720,44,878.6,13178,1647
465.770,43,857.9,12868,1609
465.820,44,877.2,13158,1645
465.870,42,839.9,12599,1575
465.920,43,858.7,12881,1610
465.970,43,859.8,12897,1612
466.020,42,838.0,12570,1571
466.070,43,858.0,12869,1609
466.120,42,839.5,12593,1574
466.170,42,838.4,12576,1572
466.221,42,838.9,12583,1573
466.271,43,857.8,12868,1608
466.321,42,838.1,12571,1571
466.371,42,838.9,12583,1573
466.421,42,837.1,12556,1569
466.471,42,837.4,12561,1570
466.521,42,839.3,12589,1574
466.571,42,839.1,12586,1573
466.621,42,838.9,12583,1573
466.671,42,839.2,12588,1573
466.721,42,838.9,12583,1573
466.771,42,839.8,12597,1575
466.822,41,818.1,12271,1534
466.872,42,837.3,12559,1570
466.922,42,837.6,12565,1571
466.972,42,838.7,12581,1573
467.022,41,818.8,12282,1535
467.072,42,839.1,12587,1573
467.122,41,819.2,12288,1536
467.172,42,837.4,12561,1570
467.222,42,838.0,12570,1571
467.273,42,835.9,12538,1567
467.323,41,819.0,12286,1536
467.373,42,838.7,12581,1573
467.423,42,838.4,12576,1572
467.473,41,815.2,12228,1529
467.523,42,838.5,12578,1572
467.573,42,838.1,12571,1571
467.623,42,839.5,12593,1574
467.673,41,819.2,12287,1536
467.723,42,839.5,12592,1574
467.774,41,817.7,12265,1533
467.824,42,838.2,12573,1572
467.874,41,819.9,12298,1537
467.924,42,839.6,12594,1574
467.974,41,819.2,12287,1536
468.024,41,819.8,12297,1537
468.074,42,837.6,12564,1571
468.124,41,817.3,12259,1532
468.174,42,838.0,12570,1571
468.224,41,818.7,12280,1535
468.275,42,837.1,12556,1570
468.325,41,817.9,12269,1534
468.375,41,818.8,12282,1535
468.425,42,838.2,12573,1572
468.475,41,817.7,12266,1533
468.525,42,837.9,12568,1571
468.575,41,817.9,12268,1534
468.625,41,819.3,12289,1536
468.675,41,818.7,12280,1535
468.725,41,818.9,12283,1535
468.775,41,818.4,12276,1535
468.826,42,838.7,12581,1573
468.876,41,816.8,12252,1531
468.926,41,818.4,12276,1535
468.976,41,818.7,12280,1535
469.026,40,799.9,11999,1500
469.076,42,839.9,12599,1575
469.126,41,817.0,12255,1532
469.176,41,818.5,12278,1535
469.226,41,819.5,12293,1537
469.276,41,817.8,12267,1533
469.327,42,835.7,12536,1567
469.377,41,820.0,12299,1537
469.427,41,817.1,12256,1532
469.477,41,819.3,12290,1536
469.527,41,818.6,12279,1535
469.577,42,838.3,12574,1572
469.627,41,818.4,12276,1535
469.677,41,818.5,12277,1535
469.727,42,837.9,12569,1571
469.777,41,818.0,12270,1534
469.828,41,817.6,12264,1533
469.878,42,837.3,12559,1570
469.928,41,817.7,12265,1533
469.978,42,837.9,12568,1571
470.028,41,819.4,12291,1536
470.078,41,818.8,12282,1535
470.128,42,837.9,12569,1571
470.178,41,817.7,12265,1533
470.229,42,838.9,12584,1573
470.279,41,819.5,12293,1537
470.329,41,819.9,12298,1537
470.379,41,819.0,12285,1536
470.429,42,839.4,12592,1574
470.479,41,817.0,12256,1532
470.529,41,817.3,12259,1532
470.579,41,819.3,12289,1536
470.629,42,839.6,12594,1574
470.679,41,817.8,12267,1533
470.729,41,819.3,12289,1536
470.779,41,819.2,12287,1536
470.829,41,819.6,12295,1537
470.879,42,838.8,12582,1573
470.929,41,819.2,12287,1536
470.979,41,819.2,12288,1536
471.030,41,818.9,12284,1536
471.080,41,819.8,12297,1537
471.130,41,817.2,12258,1532
471.180,41,819.8,12297,1537
471.230,41,818.4,12276,1534
471.280,41,819.2,12288,1536
471.330,41,816.0,12240,1530
471.380,41,817.0,12254,1532
471.431,41,817.0,12255,1532
471.481,41,818.6,12279,1535
471.531,41,817.3,12260,1533
471.581,41,819.0,12285,1536
471.631,41,817.2,12258,1532
471.681,40,798.9,11983,1498
471.731,41,817.9,12268,1534
471.781,41,817.3,12260,1532
471.831,41,819.8,12297,1537
471.881,40,799.7,11995,1499
471.932,41,817.9,12268,1533
471.982,41,819.1,12287,1536
472.032,41,818.3,12275,1534
472.082,41,817.6,12264,1533
472.132,41,820.0,12299,1537
472.182,41,816.9,12254,1532
472.232,41,819.2,12288,1536
472.282,41,819.0,12285,1536
472.332,41,816.9,12253,1532
472.382,41,817.6,12264,1533
472.433,41,817.8,12267,1533
472.483,41,819.5,12292,1536
472.533,41,818.9,12284,1535
472.583,41,817.4,12261,1533
472.633,41,818.8,12282,1535
472.683,41,818.0,12269,1534
472.733,41,817.1,12256,1532
472.783,41,816.9,12253,1532
472.834,42,837.9,12568,1571
472.884,41,819.9,12298,1537
472.934,41,819.3,12289,1536
472.984,41,819.9,12299,1537
473.034,41,817.5,12263,1533
473.084,41,818.7,12280,1535
473.134,42,837.3,12560,1570
473.184,41,819.1,12286,1536
473.234,41,819.5,12292,1537
473.284,41,818.6,12279,1535
473.334,42,839.7,12596,1574
473.384,41,816.6,12249,1531
473.434,41,819.5,12293,1537
473.485,42,836.6,12550,1569
473.535,41,819.0,12284,1536
473.585,41,819.8,12297,1537
473.635,42,837.0,12555,1569
473.685,41,817.4,12261,1533
473.735,41,818.8,12282,1535
473.785,42,837.8,12567,1571
473.835,41,818.9,12284,1535
473.885,42,838.1,12572,1571
473.936,41,817.9,12269,1534
473.986,42,837.1,12556,1569
474.036,41,817.6,12265,1533
474.086,42,837.8,12567,1571
474.136,41,817.3,12260,1532
474.186,42,838.8,12583,1573
474.237,42,835.5,12533,1567
474.287,42,835.8,12536,1567
474.337,41,816.9,12254,1532
474.387,42,838.1,12572,1572
474.437,41,818.6,12279,1535
474.487,42,837.2,12558,1570
474.537,42,838.9,12584,1573
474.587,41,819.3,12289,1536
474.637,42,839.7,12595,1574
474.688,41,817.1,12256,1532
474.738,42,838.5,12578,1572
474.788,42,838.7,12581,1573
474.838,41,817.8,12267,1533
474.888,42,837.6,12564,1571
474.938,41,818.8,12282,1535
474.988,42,839.1,12587,1573
475.038,41,819.3,12290,1536
475.088,42,838.7,12581,1573
475.138,41,818.0,12270,1534
475.189,42,837.9,12569,1571
475.239,41,816.5,12248,1531
475.289,41,818.7,12281,1535
475.339,41,818.6,12278,1535
475.389,41,819.6,12294,1537
475.439,42,838.2,12574,1572
475.489,41,817.3,12259,1532
475.539,41,818.5,12277,1535
475.589,41,817.0,12255,1532
475.640,41,817.1,12257,1532
475.690,41,819.5,12292,1537
475.740,40,797.3,11959,1495
475.790,41,817.3,12260,1533
475.840,41,819.9,12299,1537
475.890,41,817.8,12267,1533
475.940,41,818.9,12283,1535
475.990,41,818.1,12272,1534
476.040,41,818.5,12278,1535
476.091,41,818.0,12270,1534
476.141,41,818.8,12282,1535
476.191,41,818.8,12282,1535
476.241,41,818.8,12283,1535
476.291,42,839.0,12586,1573
476.341,41,816.6,12249,1531
476.391,41,819.3,12289,1536
476.441,41,818.0,12270,1534
476.491,42,837.9,12568,1571
476.541,41,819.7,12295,1537
476.592,41,817.2,12258,1532
476.642,42,837.9,12568,1571
476.692,41,816.7,12251,1531
476.742,42,838.2,12573,1572
476.792,41,817.9,12269,1534
476.842,42,837.6,12565,1571
476.892,41,817.1,12257,1532
476.943,42,837.9,12568,1571
476.993,41,820.0,12300,1537
477.043,42,839.1,12586,1573
477.093,41,819.5,12293,1537
477.143,41,819.5,12293,1537
477.193,41,819.9,12298,1537
477.243,42,837.6,12564,1571
477.293,41,817.9,12268,1534
477.343,41,819.5,12292,1537
477.393,42,837.4,12561,1570
477.443,41,818.0,12271,1534
477.493,41,818.9,12283,1535
477.543,41,817.3,12260,1533
477.593,42,839.9,12598,1575
477.644,41,819.1,12287,1536
477.694,41,819.0,12285,1536
477.744,41,817.8,12267,1533
477.794,41,819.3,12289,1536
477.844,41,818.1,12271,1534
477.894,41,819.6,12294,1537
477.944,41,818.1,12272,1534
477.994,41,816.7,12251,1531
478.044,41,817.8,12268,1533
478.095,42,836.0,12540,1567
478.145,41,817.0,12255,1532
478.195,41,818.7,12281,1535
478.245,41,819.2,12288,1536
478.295,41,818.7,12281,1535
478.345,41,819.3,12290,1536
478.395,41,817.9,12268,1533
478.445,41,816.8,12251,1531
478.495,41,819.6,12294,1537
478.546,41,817.4,12261,1533
478.596,42,838.1,12572,1571
478.646,41,818.7,12281,1535
478.696,41,819.0,12285,1536
478.746,41,818.1,12271,1534
478.796,41,818.1,12271,1534
478.846,42,839.3,12589,1574
478.896,41,819.6,12294,1537
478.946,41,817.1,12257,1532
478.996,41,816.7,12251,1531
479.047,41,818.6,12278,1535
479.097,41,817.4,12261,1533
479.147,42,838.0,12570,1571
479.197,41,817.7,12265,1533
479.247,41,819.4,12290,1536
479.297,41,817.9,12268,1533
479.347,41,818.3,12274,1534
479.397,41,819.8,12298,1537
479.447,41,819.9,12298,1537
479.497,41,819.9,12299,1537
479.547,41,817.9,12268,1533
479.598,41,816.9,12253,1532
479.648,41,816.7,12250,1531
479.698,41,817.5,12263,1533
479.748,42,836.9,12554,1569
479.798,41,817.9,12268,1534
479.848,41,817.8,12267,1533
479.899,41,816.8,12252,1531
479.949,41,817.2,12258,1532
479.999,41,818.7,12281,1535
480.049,41,817.1,12257,1532
480.099,41,818.0,12270,1534
480.149,41,817.2,12259,1532
480.200,41,815.4,12231,1529
480.250,42,839.1,12586,1573
480.300,41,819.8,12297,1537
480.350,41,818.1,12271,1534
480.400,41,819.3,12289,1536
480.450,42,838.5,12577,1572
480.500,41,817.3,12259,1532
480.550,41,818.9,12283,1535
480.600,41,819.2,12288,1536
480.650,42,839.9,12599,1575
480.700,41,815.8,12237,1530
480.751,41,815.9,12238,1530
480.801,42,838.9,12583,1573
480.851,41,819.2,12288,1536
480.901,41,818.8,12282,1535
480.951,41,816.7,12251,1531
481.001,42,835.9,12539,1567
481.051,41,818.3,12275,1534
481.102,41,818.5,12278,1535
481.152,42,838.1,12571,1571
481.202,41,819.1,12287,1536
481.252,41,818.0,12270,1534
481.302,41,819.0,12285,1536
481.352,42,839.9,12598,1575
481.402,41,819.3,12290,1536
481.452,41,818.7,12280,1535
481.502,41,819.8,12296,1537
481.552,41,819.2,12287,1536
481.602,41,819.0,12285,1536
481.652,42,836.9,12553,1569
481.702,41,819.2,12287,1536
481.752,41,819.1,12286,1536
481.803,41,816.9,12254,1532
481.853,41,818.9,12284,1535
481.903,41,819.0,12285,1536
481.953,41,819.8,12297,1537
482.003,41,818.0,12270,1534
482.053,41,817.5,12262,1533
482.103,41,819.7,12296,1537
482.153,41,819.9,12298,1537
482.203,41,819.9,12299,1537
482.253,41,818.0,12270,1534
482.303,41,815.4,12231,1529
482.354,41,817.0,12255,1532
482.404,41,819.2,12288,1536
482.454,40,797.7,11966,1496
482.504,41,819.5,12292,1537
482.554,41,819.0,12285,1536
482.604,40,798.5,11978,1497
482.654,41,818.2,12273,1534
482.704,41,819.0,12285,1536
482.754,40,796.0,11940,1492
482.804,41,820.0,12300,1537
482.855,40,799.2,11988,1499
482.905,41,819.0,12286,1536
482.955,40,798.5,11977,1497
483.005,41,819.4,12291,1536
483.055,40,795.9,11939,1492
483.105,41,819.8,12297,1537
483.155,41,819.3,12290,1536
483.205,40,798.6,11980,1497
483.255,41,819.1,12287,1536
483.305,40,798.2,11973,1497
483.355,41,819.2,12288,1536
483.405,40,797.9,11968,1496
483.456,41,818.0,12271,1534
483.506,41,815.5,12233,1529
483.556,40,799.4,11990,1499
483.606,41,816.7,12251,1531
483.656,41,819.1,12286,1536
483.706,40,798.0,11970,1496
483.756,41,818.9,12284,1535
483.806,41,818.2,12273,1534
483.857,41,817.6,12265,1533
483.907,40,799.0,11985,1498
483.957,41,817.1,12256,1532
484.007,41,815.7,12236,1529
484.057,41,816.1,12241,1530
484.107,41,818.9,12283,1535
484.158,41,818.2,12273,1534
484.208,41,820.0,12300,1537
484.258,41,818.0,12269,1534
484.308,41,819.7,12296,1537
484.358,41,817.0,12255,1532
484.408,41,818.2,12273,1534
484.458,41,816.8,12252,1532
484.508,41,818.0,12270,1534
484.558,41,819.2,12287,1536
484.608,41,819.6,12294,1537
484.658,41,820.0,12300,1537
484.709,42,835.9,12538,1567
484.759,41,819.1,12287,1536
484.809,41,818.1,12271,1534
484.859,41,819.5,12292,1536
484.909,40,799.4,11991,1499
484.959,42,837.1,12556,1569
485.009,40,799.9,11998,1500
485.059,41,819.1,12287,1536
485.109,41,819.8,12297,1537
485.159,41,818.9,12283,1535
485.209,41,819.3,12289,1536
485.259,41,818.0,12270,1534
485.309,41,818.3,12275,1534
485.359,41,819.7,12295,1537
485.410,42,838.6,12579,1572
485.460,41,818.0,12269,1534
485.510,41,819.1,12286,1536
485.560,41,818.9,12284,1536
485.610,41,819.2,12288,1536
485.660,41,818.8,12283,1535
485.710,41,819.1,12287,1536
485.760,41,818.1,12272,1534
485.810,41,818.0,12270,1534
485.860,41,817.8,12266,1533
485.910,41,819.8,12296,1537
485.960,41,819.1,12286,1536
486.010,41,819.0,12285,1536
486.061,41,817.0,12255,1532
486.111,41,817.4,12262,1533
486.161,41,815.2,12228,1528
486.211,42,838.4,12576,1572
486.261,41,817.7,12266,1533
486.312,41,816.9,12253,1532
486.362,41,819.2,12288,1536
486.412,41,818.1,12272,1534
486.462,41,819.7,12295,1537
486.512,42,837.6,12563,1570
486.562,41,817.7,12265,1533
486.612,41,819.6,12294,1537
486.662,41,817.9,12269,1534
486.712,41,817.3,12259,1532
486.762,41,818.8,12281,1535
486.812,42,839.8,12598,1575
486.863,41,818.2,12272,1534
486.913,41,818.0,12270,1534
486.963,41,819.4,12291,1536
487.013,42,837.9,12568,1571
487.063,41,817.3,12259,1532
487.113,41,818.6,12278,1535
487.163,42,839.7,12595,1574
487.213,41,817.7,12265,1533
487.263,42,837.0,12555,1569
487.313,41,818.8,12282,1535
487.364,41,817.3,12259,1532
487.414,42,836.6,12548,1569
487.464,41,818.8,12282,1535
487.514,42,839.9,12598,1575
487.564,41,815.3,12230,1529
487.614,42,839.2,12588,1573
487.664,41,819.3,12290,1536
487.714,42,838.8,12581,1573
487.765,41,817.9,12268,1534
487.815,42,839.9,12599,1575
487.865,41,818.1,12272,1534
487.915,41,818.6,12280,1535
487.965,42,837.2,12558,1570
488.015,41,817.6,12265,1533
488.065,42,838.3,12575,1572
488.115,41,819.8,12297,1537
488.165,41,819.4,12291,1536
488.215,42,838.5,12578,1572
488.265,41,818.2,12273,1534
488.316,41,817.7,12265,1533
488.366,41,818.7,12280,1535
488.416,42,836.9,12554,1569
488.466,41,818.2,12273,1534
488.516,41,820.0,12300,1537
488.566,42,837.6,12565,1571
488.616,41,819.3,12290,1536
488.666,41,818.9,12284,1535
488.716,41,818.9,12284,1536
488.766,41,817.8,12267,1533
488.816,41,819.2,12288,1536
488.866,41,819.5,12292,1536
488.917,41,818.5,12277,1535
488.967,41,819.5,12292,1537
489.017,41,819.2,12288,1536
489.067,42,837.9,12569,1571
489.117,40,799.3,11989,1499
489.167,41,817.7,12266,1533
489.217,41,818.3,12275,1534
489.267,41,817.7,12266,1533
489.317,41,819.4,12291,1536
489.367,41,817.6,12264,1533
489.417,40,797.9,11968,1496
489.467,41,819.8,12297,1537
489.518,41,817.2,12257,1532
489.568,40,799.9,11998,1500
489.618,41,817.9,12269,1534
489.668,41,817.7,12265,1533
489.718,40,799.7,11995,1499
489.768,41,818.8,12282,1535
489.818,41,817.1,12256,1532
489.868,41,818.8,12283,1535
489.918,40,798.9,11984,1498
489.968,41,819.7,12296,1537
490.018,41,817.7,12266,1533
490.068,41,819.7,12295,1537
490.119,41,818.2,12273,1534
490.169,41,819.6,12294,1537
490.219,41,820.0,12299,1537
490.269,41,819.4,12291,1536
490.319,41,817.5,12262,1533
490.369,41,818.4,12276,1534
490.419,41,819.4,12291,1536
490.469,41,819.2,12288,1536
490.519,41,818.0,12270,1534
490.569,41,819.0,12285,1536
490.619,41,819.0,12285,1536
490.669,41,819.0,12285,1536
490.719,41,818.2,12273,1534
490.769,41,820.0,12299,1537
490.820,41,817.8,12267,1533
490.870,41,818.0,12270,1534
490.920,41,819.0,12286,1536
490.970,41,818.7,12281,1535
491.020,41,818.7,12280,1535
491.070,41,817.7,12265,1533
491.120,41,816.7,12251,1531
491.170,41,819.6,12294,1537
491.220,41,817.6,12263,1533
491.271,42,835.3,12530,1566
491.321,41,817.3,12260,1533
491.371,41,817.7,12266,1533
491.421,41,818.8,12282,1535
491.471,41,819.0,12285,1536
491.521,41,817.4,12261,1533
491.571,41,817.6,12265,1533
491.621,41,819.2,12288,1536
491.672,41,818.8,12282,1535
491.722,41,819.2,12288,1536
491.772,41,819.0,12285,1536
491.822,42,837.8,12568,1571
491.872,41,820.0,12299,1537
491.922,41,816.9,12254,1532
491.972,41,819.5,12292,1537
492.022,42,837.2,12558,1570
492.072,41,819.1,12286,1536
492.122,41,820.0,12300,1537
492.172,42,840.0,12599,1575
492.222,41,819.0,12285,1536
492.272,41,819.0,12285,1536
492.322,42,838.0,12569,1571
492.373,41,818.1,12271,1534
492.423,41,819.1,12286,1536
492.473,41,819.8,12297,1537
492.523,42,838.6,12578,1572
492.573,41,819.3,12289,1536
492.623,41,817.0,12256,1532
492.673,42,839.1,12587,1573
492.723,41,819.1,12286,1536
492.773,41,817.8,12267,1533
492.823,42,838.8,12582,1573
492.873,41,819.9,12299,1537
492.923,41,818.4,12276,1535
492.973,41,819.7,12296,1537
493.023,42,839.8,12598,1575
493.073,41,819.8,12297,1537
493.124,41,817.3,12260,1533
493.174,41,819.2,12288,1536
493.224,42,837.9,12568,1571
493.274,41,817.5,12263,1533
493.324,41,815.9,12239,1530
493.374,42,838.1,12572,1571
493.424,41,818.9,12284,1535
493.475,41,816.8,12252,1532
493.525,41,819.8,12296,1537
493.575,41,819.9,12299,1537
493.625,41,818.7,12280,1535
493.675,41,818.8,12282,1535
493.725,41,818.6,12279,1535
493.775,41,818.6,12280,1535
493.825,41,818.7,12281,1535
493.875,42,838.8,12582,1573
493.925,41,819.3,12289,1536
493.975,41,818.7,12281,1535
494.025,41,819.4,12291,1536
494.075,41,819.8,12297,1537
494.125,41,817.5,12263,1533
494.176,41,817.6,12264,1533
494.226,41,817.1,12256,1532
494.276,41,817.2,12258,1532
494.326,41,817.3,12259,1532
494.376,41,819.1,12287,1536
494.426,41,817.5,12263,1533
494.476,41,819.6,12294,1537
494.526,41,818.6,12280,1535
494.576,41,818.2,12272,1534
494.626,41,819.8,12297,1537
494.677,41,818.9,12284,1536
494.727,41,817.0,12255,1532
494.777,41,818.9,12283,1535
494.827,41,818.2,12273,1534
494.877,41,816.9,12253,1532
494.927,41,817.8,12267,1533
494.977,41,820.0,12299,1537
495.027,41,817.8,12267,1533
495.078,41,816.9,12253,1532
495.128,40,799.4,11991,1499
495.178,41,819.2,12288,1536
495.228,41,817.8,12266,1533
495.278,41,819.4,12291,1536
495.328,41,819.1,12287,1536
495.378,41,818.4,12277,1535
495.428,41,819.3,12289,1536
495.478,41,818.5,12278,1535
495.528,40,798.9,11983,1498
495.578,41,819.3,12290,1536
495.628,41,817.9,12268,1534
495.678,41,817.9,12269,1534
495.728,41,819.8,12297,1537
495.779,41,817.7,12266,1533
495.829,41,819.7,12296,1537
495.879,40,799.9,11999,1500
495.929,41,815.5,12233,1529
495.979,41,819.8,12297,1537
496.029,41,819.4,12291,1536
496.079,41,818.7,12281,1535
496.129,41,819.3,12289,1536
496.179,41,817.9,12268,1534
496.229,41,817.9,12269,1534
496.279,41,819.1,12287,1536
496.330,41,818.1,12271,1534
496.380,41,817.9,12268,1534
496.430,41,818.8,12282,1535
496.480,41,819.4,12291,1536
496.530,41,818.6,12279,1535
496.580,41,819.3,12290,1536
496.630,41,818.0,12270,1534
496.680,41,818.5,12277,1535
496.730,42,836.6,12549,1569
496.780,41,817.3,12260,1533
496.831,41,816.2,12244,1530
496.881,42,839.4,12590,1574
496.931,41,818.4,12276,1534
496.981,41,819.7,12296,1537
497.031,41,816.8,12252,1532
497.081,41,819.2,12288,1536
497.131,41,817.7,12266,1533
497.181,42,836.8,12552,1569
497.232,41,817.1,12257,1532
497.282,41,818.1,12272,1534
497.332,41,817.9,12269,1534
497.382,42,837.5,12563,1570
497.432,41,817.3,12259,1532
497.482,41,819.2,12288,1536
497.532,41,818.1,12271,1534
497.583,41,816.4,12247,1531
497.633,41,817.8,12268,1533
497.683,42,836.0,12539,1567
497.733,41,819.2,12288,1536
497.783,41,818.8,12282,1535
497.833,41,820.0,12299,1537
497.883,41,817.8,12267,1533
497.933,41,819.3,12289,1536
497.983,41,817.9,12268,1534
498.033,41,818.0,12269,1534
498.084,41,819.1,12287,1536
498.134,41,819.1,12286,1536
498.184,41,819.8,12297,1537
498.234,40,798.6,11980,1497
498.284,42,836.0,12541,1568
498.334,41,815.6,12234,1529
498.384,40,796.0,11940,1492
498.435,41,817.0,12255,1532
498.485,41,819.8,12297,1537
498.535,41,817.1,12256,1532
498.585,41,819.5,12292,1536
498.635,41,817.9,12268,1534
498.685,41,818.1,12272,1534
498.735,41,816.5,12248,1531
498.785,41,818.1,12272,1534
498.835,41,819.0,12286,1536
498.886,41,817.4,12261,1533
498.936,41,819.9,12299,1537
498.986,41,819.8,12297,1537
499.036,41,818.8,12283,1535
499.086,41,817.9,12269,1534
499.136,41,818.4,12275,1534
499.186,41,816.3,12245,1531
499.236,41,817.2,12258,1532
499.287,41,816.4,12246,1531
499.337,41,817.0,12254,1532
499.387,41,819.8,12297,1537
499.437,41,817.8,12267,1533
499.487,42,837.0,12555,1569
499.537,41,818.5,12277,1535
499.587,41,819.2,12288,1536
499.637,41,819.9,12298,1537
499.687,41,818.7,12280,1535
499.737,41,819.4,12291,1536
499.787,41,818.0,12270,1534
499.838,41,818.1,12271,1534
499.888,42,837.7,12565,1571
499.938,41,817.0,12254,1532
499.988,41,819.0,12284,1536
500.038,41,817.9,12269,1534
500.088,41,817.2,12258,1532
500.138,41,819.1,12287,1536
500.188,41,817.6,12265,1533
500.239,41,817.8,12267,1533
500.289,41,819.6,12294,1537
500.339,41,819.6,12294,1537
500.389,41,818.1,12272,1534
500.439,41,818.7,12281,1535
500.489,42,837.3,12560,1570
500.539,41,815.1,12227,1528
500.589,41,818.8,12282,1535
500.639,41,819.6,12294,1537
500.690,41,818.0,12270,1534
500.740,41,818.0,12270,1534
500.790,41,819.7,12295,1537
500.840,41,817.3,12259,1532
500.890,41,816.9,12254,1532
500.940,41,818.9,12284,1535
500.990,42,837.8,12567,1571
501.040,41,818.0,12269,1534
501.090,41,818.0,12270,1534
501.141,41,816.5,12248,1531
501.191,42,838.5,12577,1572
501.241,41,819.4,12291,1536
501.291,41,818.2,12273,1534
501.341,41,818.5,12278,1535
501.391,42,838.9,12583,1573
501.441,41,818.5,12278,1535
501.491,41,819.0,12286,1536
501.541,41,817.6,12264,1533
501.591,42,838.5,12577,1572
501.642,41,816.8,12253,1532
501.692,41,819.0,12285,1536
501.742,42,838.9,12584,1573
501.792,41,818.6,12279,1535
501.842,41,819.2,12288,1536
501.892,42,837.8,12568,1571
501.942,41,818.5,12277,1535
501.992,41,820.0,12299,1537
502.042,42,837.5,12562,1570
502.092,41,817.2,12258,1532
502.143,41,817.9,12268,1534
502.193,41,819.4,12291,1536
502.243,42,837.8,12567,1571
502.293,41,819.8,12297,1537
502.343,41,818.9,12284,1536
502.393,41,819.1,12286,1536
502.443,41,819.0,12285,1536
502.493,41,820.0,12299,1537
502.543,42,838.3,12574,1572
502.593,41,819.7,12295,1537
502.643,41,816.6,12249,1531
502.693,42,837.3,12559,1570
502.744,41,817.7,12266,1533
502.794,41,817.6,12263,1533
502.844,41,820.0,12300,1537
502.894,42,837.7,12566,1571
502.944,41,817.7,12265,1533
502.994,41,819.0,12284,1536
503.044,41,816.9,12254,1532
503.095,42,835.6,12534,1567
503.145,41,818.2,12273,1534
503.195,42,837.0,12556,1569
503.245,41,819.0,12285,1536
503.295,41,819.6,12293,1537
503.345,41,818.5,12277,1535
503.395,42,839.5,12592,1574
503.445,41,818.7,12281,1535
503.495,41,816.9,12254,1532
503.545,42,838.4,12576,1572
503.596,41,817.8,12267,1533
503.646,41,819.2,12288,1536
503.696,42,839.5,12593,1574
503.746,41,819.2,12287,1536
503.796,41,817.7,12265,1533
503.846,41,819.6,12294,1537
503.896,41,818.7,12280,1535
503.946,41,819.0,12285,1536
503.996,41,817.7,12266,1533
504.046,41,818.8,12282,1535
504.096,41,819.7,12295,1537
504.146,41,818.9,12284,1536
504.196,41,818.7,12280,1535
504.246,41,820.0,12300,1537
504.297,41,817.1,12257,1532
504.347,41,817.9,12269,1534
504.397,41,818.0,12271,1534
504.447,41,818.8,12282,1535
504.497,41,817.3,12260,1533
504.547,40,799.5,11992,1499
504.597,41,818.2,12273,1534
504.647,41,817.0,12255,1532
504.697,41,819.6,12294,1537
504.748,41,817.1,12256,1532
504.798,41,818.3,12275,1534
504.848,41,818.2,12273,1534
504.898,41,818.6,12279,1535
504.948,41,816.8,12252,1531
504.998,41,817.9,12268,1534
505.048,41,818.1,12272,1534
505.098,41,817.1,12256,1532
505.149,41,817.8,12267,1533
505.199,41,819.9,12299,1537
505.249,42,837.5,12562,1570
505.299,41,817.6,12265,1533
505.349,41,817.9,12268,1533
505.399,41,819.8,12297,1537
505.449,41,816.1,12241,1530
505.500,41,815.8,12237,1530
505.550,41,818.8,12282,1535
505.600,41,817.9,12268,1533
505.650,41,819.8,12298,1537
505.700,41,817.8,12267,1533
505.750,41,818.7,12281,1535
505.800,41,816.7,12251,1531
505.850,42,836.4,12547,1568
505.900,41,819.6,12295,1537
505.951,41,817.1,12257,1532
506.001,41,816.8,12252,1532
506.051,42,839.9,12598,1575
506.101,41,820.0,12300,1537
506.151,41,819.1,12287,1536
506.201,41,819.0,12285,1536
506.251,42,836.8,12552,1569
506.301,41,819.0,12285,1536
506.351,41,819.5,12293,1537
506.401,42,839.3,12589,1574
506.451,41,818.6,12279,1535
506.501,41,818.5,12278,1535
506.551,42,838.6,12580,1572
506.602,41,817.2,12257,1532
506.652,42,838.3,12575,1572
506.702,41,817.6,12263,1533
506.752,41,819.9,12299,1537
506.802,42,838.9,12583,1573
506.852,41,818.2,12273,1534
506.902,42,839.1,12587,1573
506.952,41,819.7,12296,1537
507.002,41,817.9,12269,1534
507.052,42,837.0,12554,1569
507.103,41,818.0,12270,1534
507.153,42,836.5,12548,1568
507.203,41,818.8,12282,1535
507.253,42,837.3,12560,1570
507.303,41,819.8,12297,1537
507.353,41,818.6,12278,1535
507.403,42,837.0,12555,1569
507.453,41,818.6,12279,1535
507.504,41,817.2,12258,1532
507.554,42,839.6,12593,1574
507.604,41,818.8,12282,1535
507.654,41,818.1,12271,1534
507.704,41,816.0,12239,1530
507.754,41,819.9,12298,1537
507.804,41,819.4,12292,1536
507.854,41,819.6,12293,1537
507.904,42,837.9,12568,1571
507.954,41,818.0,12270,1534
508.004,41,819.4,12291,1536
508.055,41,817.5,12262,1533
508.105,41,817.3,12259,1532
508.155,41,816.8,12253,1532
508.205,41,818.0,12270,1534
508.255,41,816.9,12254,1532
508.305,41,816.8,12252,1532
508.355,41,819.1,12286,1536
508.406,41,817.8,12268,1533
508.456,41,819.3,12289,1536
508.506,41,817.4,12261,1533
508.556,41,818.7,12280,1535
508.606,41,818.1,12272,1534
508.656,41,819.6,12294,1537
508.706,41,817.0,12255,1532
508.756,41,819.8,12298,1537
508.806,41,817.2,12259,1532
508.856,41,819.8,12296,1537
508.907,41,817.8,12267,1533
508.957,41,818.2,12274,1534
509.007,41,818.8,12282,1535
509.057,41,818.1,12271,1534
509.107,41,817.2,12257,1532
509.157,41,817.6,12263,1533
509.207,41,819.8,12297,1537
509.257,41,817.4,12261,1533
509.308,42,836.5,12548,1568
509.358,41,819.3,12290,1536
509.408,40,798.3,11975,1497
509.458,42,837.2,12557,1570
509.508,41,817.3,12260,1533
509.558,41,817.9,12268,1534
509.608,41,817.2,12258,1532
509.658,41,817.9,12269,1534
509.708,40,799.7,11996,1499
509.759,41,817.5,12263,1533
509.809,41,817.3,12260,1532
509.859,41,818.3,12275,1534
509.909,41,818.7,12280,1535
509.959,41,817.9,12268,1534
510.009,41,818.0,12270,1534
510.059,41,818.1,12271,1534
510.109,41,818.8,12282,1535
510.159,41,819.2,12288,1536
510.210,41,818.2,12272,1534
510.260,41,818.8,12283,1535
510.310,41,819.9,12299,1537
510.360,41,820.0,12300,1537
510.410,41,818.8,12282,1535
510.460,40,798.1,11972,1496
510.510,41,817.1,12257,1532
510.560,41,818.7,12280,1535
510.610,41,818.1,12272,1534
510.660,41,819.1,12286,1536
510.710,40,799.1,11986,1498
510.760,41,819.0,12285,1536
510.810,41,819.7,12295,1537
510.860,41,818.3,12275,1534
510.911,40,797.7,11966,1496
510.961,41,815.9,12239,1530
511.011,41,817.9,12269,1534
511.061,41,815.4,12230,1529
511.111,41,819.6,12293,1537
511.161,40,799.6,11994,1499
511.212,41,817.1,12257,1532
511.262,41,817.1,12256,1532
511.312,41,817.9,12268,1533
511.362,40,798.6,11979,1497
511.412,41,819.7,12296,1537
511.462,41,817.9,12268,1533
511.512,41,816.7,12251,1531
511.562,40,796.9,11953,1494
511.612,41,819.7,12296,1537
511.663,41,818.4,12277,1535
511.713,40,798.3,11974,1497
511.763,41,818.7,12280,1535
511.813,41,817.9,12269,1534
511.863,41,818.7,12281,1535
511.913,41,818.8,12282,1535
511.963,41,819.8,12297,1537
512.013,41,819.0,12285,1536
512.063,41,819.9,12298,1537
512.113,41,818.9,12283,1535
512.163,41,817.5,12262,1533
512.213,41,818.6,12279,1535
512.263,41,819.5,12292,1536
512.314,41,817.1,12257,1532
512.364,42,838.5,12577,1572
512.414,41,817.3,12260,1533
512.464,41,819.5,12292,1537
512.514,41,819.9,12299,1537
512.564,41,819.7,12296,1537
512.614,42,838.1,12571,1571
512.664,41,820.0,12300,1537
512.714,41,816.7,12251,1531
512.764,41,819.3,12289,1536
512.814,41,817.8,12268,1533
512.865,42,836.7,12550,1569
512.915,41,817.1,12257,1532
512.965,41,818.0,12270,1534
513.015,41,818.1,12271,1534
513.065,42,839.2,12588,1573
513.115,41,820.0,12300,1537
513.165,41,817.7,12266,1533
513.215,41,815.7,12236,1529
513.266,41,816.9,12254,1532
513.316,42,837.1,12557,1570
513.366,41,818.5,12277,1535
513.416,41,818.2,12274,1534
513.466,41,820.0,12300,1537
513.516,41,816.7,12250,1531
513.566,41,819.9,12299,1537
513.616,41,817.3,12259,1532
513.667,41,816.5,12247,1531
513.717,41,818.5,12277,1535
513.767,41,819.0,12285,1536
513.817,41,818.3,12275,1534
513.867,41,818.4,12277,1535
513.917,41,819.1,12286,1536
513.967,41,816.8,12252,1532
514.017,41,815.8,12238,1530
514.068,41,818.0,12270,1534
514.118,41,818.9,12284,1536
514.168,41,819.9,12298,1537
514.218,41,817.3,12259,1532
514.268,41,817.9,12268,1533
514.318,42,835.9,12539,1567
514.368,41,816.6,12249,1531
514.419,41,818.4,12276,1534
514.469,42,839.1,12586,1573
514.519,41,819.4,12292,1536
514.569,41,818.4,12276,1534
514.619,42,838.3,12575,1572
514.669,41,817.3,12259,1532
514.719,41,818.2,12273,1534
514.769,42,835.8,12537,1567
514.819,41,817.9,12268,1534
514.870,41,817.2,12258,1532
514.920,41,819.9,12299,1537
514.970,41,816.8,12252,1531
515.020,41,819.3,12289,1536
515.070,40,798.8,11983,1498
515.120,41,818.9,12283,1535
515.170,40,799.3,11989,1499
515.220,41,820.0,12300,1537
515.270,40,799.1,11986,1498
515.320,41,819.8,12297,1537
515.370,40,799.2,11987,1498
515.420,40,798.9,11983,1498
515.470,40,797.9,11968,1496
515.520,40,798.8,11982,1498
515.571,41,817.0,12256,1532
515.621,40,798.2,11974,1497
515.671,40,798.1,11971,1496
515.721,41,817.1,12256,1532
515.771,40,798.9,11984,1498
515.821,40,798.1,11971,1496
515.871,40,796.7,11950,1494
515.922,41,818.1,12272,1534
515.972,40,799.0,11985,1498
516.022,41,817.9,12268,1533
516.072,40,799.0,11985,1498
516.122,40,798.3,11974,1497
516.172,41,817.9,12268,1534
516.222,40,799.8,11997,1500
516.272,41,816.9,12254,1532
516.322,40,799.6,11993,1499
516.372,41,819.8,12297,1537
516.422,40,798.6,11979,1497
516.473,41,817.4,12261,1533
516.523,40,799.8,11998,1500
516.573,41,818.0,12269,1534
516.623,40,797.0,11955,1494
516.673,41,820.0,12300,1537
516.723,41,817.9,12269,1534
516.773,40,797.9,11969,1496
516.823,41,818.2,12274,1534
516.873,41,818.9,12283,1535
516.923,40,799.9,11998,1500
516.973,41,818.8,12282,1535
517.024,41,818.0,12270,1534
517.074,41,818.8,12283,1535
517.124,41,818.7,12281,1535
517.174,40,797.6,11963,1495
517.224,41,818.8,12282,1535
517.274,41,817.2,12258,1532
517.324,41,818.6,12279,1535
517.374,41,816.8,12252,1531
517.424,41,818.5,12277,1535
517.475,41,818.3,12274,1534
517.525,41,817.7,12266,1533
517.575,41,819.7,12295,1537
517.625,41,819.1,12286,1536
517.675,41,817.0,12254,1532
517.725,41,818.3,12274,1534
517.775,42,837.6,12564,1570
517.825,41,816.7,12250,1531
517.875,41,818.9,12284,1535
517.926,41,819.3,12290,1536
517.976,41,819.9,12298,1537
518.026,41,819.9,12299,1537
518.076,41,817.1,12257,1532
518.126,42,838.8,12582,1573
518.176,41,817.9,12269,1534
518.226,41,818.0,12270,1534
518.276,41,819.9,12298,1537
518.326,41,818.3,12275,1534
518.376,41,818.8,12283,1535
518.426,41,817.7,12266,1533
518.477,41,817.1,12257,1532
518.527,41,819.1,12287,1536
518.577,41,820.0,12299,1537
518.627,41,818.7,12281,1535
518.677,41,818.2,12273,1534
518.727,42,837.8,12567,1571
518.777,41,819.0,12284,1536
518.827,41,819.0,12286,1536
518.877,41,819.9,12299,1537
518.927,41,817.8,12268,1533
518.977,40,799.6,11994,1499
519.027,41,817.8,12266,1533
519.077,41,818.6,12280,1535
519.128,41,817.9,12269,1534
519.178,41,817.2,12258,1532
519.228,41,818.7,12281,1535
519.278,41,817.8,12267,1533
519.328,41,818.1,12271,1534
519.378,41,818.1,12272,1534
519.428,41,819.5,12292,1536
519.478,41,817.2,12258,1532
519.528,41,818.0,12269,1534
519.579,41,817.8,12267,1533
519.629,41,819.5,12292,1537
519.679,41,816.7,12250,1531
519.729,41,819.0,12285,1536
519.779,41,818.1,12271,1534
519.829,40,799.9,11999,1500
519.879,41,818.0,12270,1534
519.929,41,819.5,12292,1537
519.979,41,818.5,12278,1535
520.029,41,819.9,12299,1537
520.079,41,819.1,12287,1536
520.129,41,819.6,12294,1537
520.179,41,819.2,12288,1536
520.229,41,819.0,12285,1536
520.280,41,815.7,12235,1529
520.330,41,818.3,12274,1534
520.380,41,818.0,12271,1534
520.430,41,817.6,12264,1533
520.480,42,837.1,12556,1569
520.530,41,816.8,12251,1531
520.581,41,817.9,12268,1534
520.631,41,818.7,12281,1535
520.681,42,837.8,12567,1571
520.731,41,819.8,12296,1537
520.781,41,819.6,12295,1537
520.831,41,815.8,12237,1530
520.881,42,838.0,12571,1571
520.931,41,817.5,12263,1533
520.981,41,819.4,12292,1536
521.031,41,819.4,12291,1536
521.081,41,819.9,12298,1537
521.131,41,819.5,12292,1537
521.182,41,817.3,12260,1532
521.232,41,816.9,12254,1532
521.282,41,817.8,12267,1533
521.332,41,819.1,12287,1536
521.382,41,818.1,12271,1534
521.432,41,818.0,12270,1534
521.482,41,816.4,12247,1531
521.533,41,817.9,12268,1533
521.583,41,817.4,12260,1533
521.633,41,816.7,12250,1531
521.683,41,818.1,12272,1534
521.733,41,816.8,12253,1532
521.783,41,820.0,12300,1537
521.833,40,797.1,11956,1494
521.884,41,819.2,12288,1536
521.934,41,819.0,12285,1536
521.984,41,818.3,12274,1534
522.034,41,817.9,12268,1534
522.084,40,797.7,11965,1496
522.134,41,818.2,12273,1534
522.184,41,818.3,12275,1534
522.234,41,818.6,12278,1535
522.284,41,816.8,12251,1531
522.335,41,819.0,12285,1536
522.385,41,817.9,12269,1534
522.435,41,817.8,12268,1533
522.485,41,817.1,12257,1532
522.535,41,817.0,12255,1532
522.585,41,816.7,12251,1531
522.635,41,819.0,12285,1536
522.686,41,816.9,12254,1532
522.736,41,818.2,12273,1534
522.786,41,817.7,12266,1533
522.836,41,818.2,12273,1534
522.886,40,798.4,11976,1497
522.936,41,817.4,12261,1533
522.986,41,819.2,12287,1536
523.036,40,799.3,11990,1499
523.086,41,817.2,12258,1532
523.137,41,818.0,12269,1534
523.187,40,799.4,11990,1499
523.237,41,819.0,12285,1536
523.287,40,798.7,11981,1498
523.337,41,817.2,12258,1532
523.387,41,817.7,12266,1533
523.437,40,798.7,11981,1498
523.487,41,818.3,12275,1534
523.537,40,799.9,11999,1500
523.587,41,816.9,12254,1532
523.638,41,819.2,12288,1536
523.688,41,816.4,12246,1531
523.738,41,819.5,12292,1537
523.788,40,799.8,11997,1500
523.838,41,819.2,12287,1536
523.888,41,819.0,12285,1536
523.938,41,816.9,12253,1532
523.988,41,819.1,12287,1536
524.038,41,817.8,12267,1533
524.088,41,819.1,12287,1536
524.138,41,819.1,12286,1536
524.188,41,819.3,12289,1536
524.239,41,817.2,12259,1532
524.289,41,819.4,12290,1536
524.339,41,818.6,12279,1535
524.389,42,835.8,12538,1567
524.439,41,817.2,12258,1532
524.489,41,818.7,12280,1535
524.539,41,819.4,12291,1536
524.589,41,819.2,12288,1536
524.639,41,818.3,12274,1534
524.690,41,818.4,12276,1535
524.740,41,819.3,12289,1536
524.790,41,819.5,12292,1536
524.840,42,835.8,12538,1567
524.890,41,819.2,12287,1536
524.940,41,818.1,12272,1534
524.990,41,818.9,12283,1535
525.040,41,818.7,12281,1535
525.090,41,818.3,12275,1534
525.140,42,838.2,12572,1572
525.190,41,818.8,12282,1535
525.240,41,819.8,12298,1537
525.291,41,819.0,12285,1536
525.341,41,819.2,12288,1536
525.391,41,818.4,12276,1535
525.441,41,818.1,12272,1534
525.491,41,818.1,12271,1534
525.541,41,819.2,12288,1536
525.591,41,817.8,12267,1533
525.641,41,817.9,12268,1534
525.691,41,818.5,12278,1535
525.741,42,837.2,12559,1570
525.792,40,799.1,11987,1498
525.842,42,837.8,12568,1571
525.892,41,817.8,12267,1533
525.942,41,818.5,12277,1535
525.992,41,817.6,12265,1533
526.042,41,816.7,12250,1531
526.092,40,799.2,11988,1499
526.142,41,817.8,12267,1533
526.192,41,819.2,12288,1536
526.243,41,817.7,12265,1533
526.293,41,819.2,12288,1536
526.343,41,818.1,12272,1534
526.393,41,816.3,12244,1531
526.443,41,818.9,12284,1536
526.493,41,817.7,12265,1533
526.543,41,818.0,12271,1534
526.593,41,819.9,12298,1537
526.643,41,817.7,12266,1533
526.694,41,818.3,12275,1534
526.744,41,818.3,12274,1534
526.794,41,817.3,12259,1532
526.844,42,837.2,12558,1570
526.894,40,799.3,11990,1499
526.944,42,838.5,12578,1572
526.994,41,817.5,12262,1533
527.044,41,817.9,12269,1534
527.095,41,817.2,12259,1532
527.145,41,819.2,12287,1536
527.195,41,817.9,12269,1534
527.245,41,817.9,12269,1534
527.295,41,819.9,12299,1537
527.345,41,819.3,12289,1536
527.395,41,818.0,12269,1534
527.445,41,818.1,12272,1534
527.495,41,819.4,12292,1536
527.545,41,818.3,12275,1534
527.595,41,817.9,12269,1534
527.646,41,816.4,12245,1531
527.696,41,819.2,12289,1536
527.746,41,816.8,12252,1532
527.796,42,837.8,12568,1571
527.846,41,817.0,12255,1532
527.896,41,818.4,12277,1535
527.946,41,818.8,12282,1535
527.996,41,818.0,12270,1534
528.047,41,818.0,12270,1534
528.097,41,819.3,12289,1536
528.147,41,819.7,12295,1537
528.197,41,818.4,12276,1534
528.247,41,818.5,12278,1535
528.297,41,819.1,12287,1536
528.347,42,838.9,12583,1573
528.397,41,817.8,12267,1533
528.447,41,818.4,12276,1534
528.497,41,817.8,12267,1533
528.547,41,819.0,12286,1536
528.597,41,819.4,12292,1536
528.647,41,819.9,12298,1537
528.697,42,839.5,12593,1574
528.748,41,818.0,12270,1534
528.798,41,819.1,12286,1536
528.848,41,815.8,12236,1530
528.898,41,819.0,12285,1536
528.948,41,817.8,12267,1533
528.998,42,837.0,12554,1569
529.049,41,815.3,12229,1529
529.099,41,818.6,12279,1535
529.149,41,818.4,12276,1535
529.199,41,817.3,12260,1532
529.249,41,817.1,12257,1532
529.299,41,816.8,12252,1532
529.349,41,819.0,12286,1536
529.400,41,817.7,12265,1533
529.450,41,818.2,12274,1534
529.500,41,818.5,12278,1535
529.550,41,818.1,12271,1534
529.600,41,817.4,12261,1533
529.650,41,818.6,12279,1535
529.700,41,817.3,12259,1532
529.750,41,817.9,12268,1534
529.800,41,819.5,12292,1537
529.851,41,817.4,12261,1533
529.901,41,818.3,12274,1534
529.951,42,835.6,12533,1567
530.001,41,819.2,12288,1536
530.051,40,796.8,11952,1494
530.101,41,819.1,12287,1536
530.151,41,816.8,12251,1531
530.201,41,819.1,12287,1536
530.252,41,818.7,12281,1535
530.302,41,819.6,12294,1537
530.352,41,817.3,12260,1532
530.402,41,819.3,12290,1536
530.452,41,818.1,12272,1534
530.502,40,799.9,11998,1500
530.552,41,818.0,12269,1534
530.602,41,817.8,12268,1533
530.652,41,818.0,12270,1534
530.703,41,815.7,12236,1529
530.753,40,799.1,11987,1498
530.803,41,819.4,12291,1536
530.853,41,819.8,12297,1537
530.903,40,798.8,11982,1498
530.953,41,818.9,12284,1535
531.003,41,819.2,12288,1536
531.053,40,799.9,11998,1500
531.103,41,817.9,12269,1534
531.153,40,798.4,11976,1497
531.203,41,819.3,12289,1536
531.253,41,817.6,12264,1533
531.303,41,818.7,12280,1535
531.353,40,798.4,11976,1497
531.404,41,818.5,12277,1535
531.454,41,818.0,12270,1534
531.504,40,799.8,11998,1500
531.554,41,819.0,12285,1536
531.604,41,817.9,12269,1534
531.654,41,819.3,12289,1536
531.704,41,815.7,12236,1529
531.754,41,818.2,12273,1534
531.804,40,798.0,11970,1496
531.855,41,815.5,12232,1529
531.905,41,819.2,12288,1536
531.955,41,818.4,12276,1535
532.005,41,819.6,12294,1537
532.055,41,817.0,12254,1532
532.105,41,817.1,12257,1532
532.155,41,817.9,12269,1534
532.206,41,817.6,12264,1533
532.256,41,817.9,12268,1533
532.306,41,819.4,12290,1536
532.356,41,816.4,12246,1531
532.406,41,818.5,12277,1535
532.456,41,816.8,12252,1532
532.506,41,817.1,12256,1532
532.556,41,819.6,12293,1537
532.606,41,818.3,12275,1534
532.657,40,799.2,11988,1498
532.707,41,817.1,12256,1532
532.757,41,816.7,12251,1531
532.807,41,818.1,12272,1534
532.857,40,799.7,11996,1500
532.907,41,818.2,12272,1534
532.957,41,817.7,12265,1533
533.007,41,819.0,12286,1536
533.058,40,797.6,11965,1496
533.108,41,817.1,12256,1532
533.158,41,819.4,12291,1536
533.208,40,799.0,11986,1498
533.258,41,817.8,12267,1533
533.308,41,817.8,12267,1533
533.358,40,799.0,11985,1498
533.408,41,819.3,12290,1536
533.458,40,799.5,11993,1499
533.508,41,817.3,12259,1532
533.559,41,817.6,12263,1533
533.609,40,798.4,11976,1497
533.659,41,818.3,12275,1534
533.709,40,797.8,11966,1496
533.759,41,818.9,12284,1535
533.809,40,799.0,11985,1498
533.859,41,818.7,12280,1535
533.909,40,799.3,11990,1499
533.959,41,818.1,12271,1534
534.009,41,818.8,12282,1535
534.059,40,799.1,11986,1498
534.109,41,818.0,12269,1534
534.160,40,799.1,11986,1498
534.210,41,817.1,12256,1532
534.260,41,819.8,12297,1537
534.310,40,796.9,11954,1494
534.360,41,819.8,12297,1537
534.410,40,798.8,11982,1498
534.460,41,819.8,12297,1537
534.510,40,795.7,11935,1492
534.560,41,819.1,12287,1536
534.610,40,800.0,11999,1500
534.661,41,817.2,12258,1532
534.711,40,797.7,11966,1496
534.761,41,818.1,12272,1534
534.811,40,797.8,11967,1496
534.861,40,798.5,11978,1497
534.911,41,817.8,12267,1533
534.961,40,799.8,11996,1500
535.011,41,819.1,12287,1536
535.061,40,797.8,11967,1496
535.111,41,818.3,12274,1534
535.162,40,798.9,11984,1498
535.212,40,798.4,11976,1497
535.262,41,818.6,12279,1535
535.312,40,797.9,11968,1496
535.362,41,818.4,12276,1535
535.412,40,797.5,11962,1495
535.462,40,797.3,11959,1495
535.512,41,817.6,12264,1533
535.563,40,798.2,11973,1497
535.613,41,819.2,12288,1536
535.663,40,798.7,11981,1498
535.713,41,819.0,12285,1536
535.763,40,798.0,11970,1496
535.813,40,800.0,12000,1500
535.863,41,818.9,12283,1535
535.913,40,799.8,11997,1500
535.963,40,797.9,11969,1496
536.013,41,819.2,12288,1536
536.063,40,798.8,11981,1498
536.113,40,799.3,11990,1499
536.163,41,817.1,12256,1532
536.214,40,797.9,11968,1496
536.264,40,798.5,11977,1497
536.314,40,798.5,11977,1497
536.364,40,797.3,11959,1495
536.414,40,798.8,11982,1498
536.464,40,797.4,11961,1495
536.514,40,799.7,11996,1499
536.564,40,797.6,11964,1496
536.614,39,778.4,11675,1459
536.665,40,798.2,11973,1497
536.715,39,778.0,11671,1459
536.765,40,795.6,11934,1492
536.815,39,779.2,11688,1461
536.865,39,778.9,11684,1461
536.915,39,779.3,11689,1461
536.965,39,779.8,11697,1462
537.015,39,778.3,11675,1459
537.065,39,778.3,11675,1459
537.115,39,777.3,11660,1457
537.166,39,779.1,11687,1461
537.216,39,779.3,11689,1461
537.266,39,779.1,11686,1461
537.316,39,778.8,11682,1460
537.366,39,778.6,11679,1460
537.416,39,777.7,11665,1458
537.466,39,777.5,11662,1458
537.516,38,758.5,11378,1422
537.566,39,778.0,11670,1459
537.617,39,777.3,11659,1457
537.667,39,778.5,11678,1460
537.717,39,779.7,11696,1462
537.767,39,778.8,11682,1460
537.817,39,778.0,11670,1459
537.867,39,778.1,11672,1459
537.917,39,777.9,11668,1459
537.967,38,758.5,11377,1422
538.017,39,779.7,11695,1462
538.067,39,779.0,11685,1461
538.117,39,778.3,11675,1459
538.167,39,778.4,11676,1460
538.218,39,778.6,11680,1460
538.268,39,779.0,11685,1461
538.318,40,795.8,11937,1492
538.368,39,777.7,11666,1458
538.418,39,779.5,11693,1462
538.468,39,778.3,11674,1459
538.518,40,797.9,11969,1496
538.568,39,779.7,11696,1462
538.619,39,777.3,11659,1457
538.669,40,798.2,11972,1497
538.719,39,775.7,11635,1454
538.769,40,798.5,11978,1497
538.819,39,780.0,11700,1462
538.869,40,798.1,11972,1497
538.919,39,777.9,11668,1459
538.969,40,799.7,11996,1499
539.019,39,778.3,11675,1459
539.069,40,798.3,11974,1497
539.120,40,795.4,11931,1491
539.170,39,779.1,11686,1461
539.220,40,797.3,11960,1495
539.270,40,798.7,11980,1498
539.320,39,778.9,11683,1460
539.370,40,797.5,11962,1495
539.420,40,798.4,11976,1497
539.471,39,778.3,11674,1459
539.521,40,798.7,11980,1497
539.571,40,799.3,11990,1499
539.621,39,777.4,11660,1458
539.671,39,779.0,11685,1461
539.721,40,798.9,11984,1498
539.771,39,778.5,11677,1460
539.821,39,777.8,11668,1458
539.871,39,779.0,11685,1461
539.922,40,795.7,11936,1492
539.972,39,777.4,11661,1458
540.022,39,777.9,11669,1459
540.072,39,779.3,11690,1461
540.122,39,778.8,11683,1460
540.172,39,777.9,11668,1458
540.222,38,758.2,11373,1422
540.272,39,779.5,11692,1462
540.322,39,777.8,11667,1458
540.373,39,778.2,11673,1459
540.423,39,775.4,11631,1454
540.473,38,759.4,11391,1424
540.523,39,778.5,11677,1460
540.573,38,758.8,11382,1423
540.623,39,779.0,11685,1461
540.673,38,758.1,11372,1421
540.723,38,758.2,11373,1422
540.773,39,779.1,11687,1461
540.824,38,758.0,11370,1421
540.874,39,777.6,11665,1458
540.924,39,777.6,11664,1458
540.974,38,759.8,11397,1425
541.024,39,777.8,11667,1458
541.074,38,756.9,11354,1419
541.124,39,777.6,11664,1458
541.174,39,779.9,11699,1462
541.224,38,759.2,11389,1424
541.275,39,778.0,11669,1459
541.325,38,759.4,11391,1424
541.375,39,779.7,11695,1462
541.425,38,759.4,11391,1424
541.475,38,757.7,11365,1421
541.525,39,780.0,11700,1462
541.575,38,758.7,11380,1423
541.625,38,759.6,11394,1424
541.675,39,777.7,11665,1458
541.725,38,758.3,11375,1422
541.775,38,759.1,11387,1423
541.825,39,776.9,11653,1457
541.876,38,756.2,11343,1418
541.926,39,777.5,11663,1458
541.976,38,756.5,11347,1418
542.026,39,779.4,11691,1461
542.076,38,758.1,11372,1421
542.126,39,779.9,11698,1462
542.176,38,759.3,11390,1424
542.226,38,757.9,11369,1421
542.276,39,779.2,11687,1461
542.327,38,757.3,11359,1420
542.377,39,776.9,11653,1457
542.427,38,757.0,11355,1419
542.477,38,758.8,11382,1423
542.527,39,779.8,11697,1462
542.577,38,759.8,11397,1425
542.627,38,758.1,11372,1422
542.677,39,778.3,11674,1459
542.728,38,757.7,11365,1421
542.778,38,756.2,11343,1418
542.828,39,779.2,11688,1461
542.878,38,758.6,11379,1422
542.928,38,759.8,11396,1425
542.978,39,777.7,11666,1458
543.028,38,757.0,11355,1419
543.078,39,779.2,11688,1461
543.128,38,759.1,11386,1423
543.178,39,779.2,11688,1461
543.229,39,776.9,11654,1457
543.279,38,759.4,11390,1424
543.329,39,778.8,11681,1460
543.379,39,777.2,11658,1457
543.429,38,760.0,11400,1425
543.479,39,779.1,11687,1461
543.529,39,778.5,11677,1460
543.579,38,757.5,11363,1420
543.629,39,778.5,11678,1460
543.679,39,778.0,11670,1459
543.730,39,778.7,11680,1460
543.780,39,778.2,11673,1459
543.830,39,779.8,11697,1462
543.880,39,778.3,11674,1459
543.930,39,776.7,11650,1456
543.980,38,759.9,11399,1425
544.030,39,779.1,11687,1461
544.080,39,779.3,11689,1461
544.130,39,778.3,11674,1459
544.180,39,777.8,11668,1458
544.230,39,778.9,11683,1460
544.281,38,757.1,11356,1420
544.331,39,777.2,11657,1457
544.381,39,777.3,11659,1457
544.431,39,777.8,11666,1458
544.481,39,777.1,11656,1457
544.531,39,778.9,11684,1461
544.582,38,758.2,11373,1422
544.632,39,779.2,11688,1461
544.682,39,779.1,11687,1461
544.732,39,775.8,11637,1455
544.782,38,758.6,11380,1422
544.832,39,779.9,11699,1462
544.882,39,777.7,11666,1458
544.932,38,756.0,11341,1418
544.983,39,777.8,11668,1458
545.033,39,779.5,11693,1462
545.083,38,759.6,11394,1424
545.133,39,776.8,11652,1457
545.183,38,759.1,11387,1423
545.233,39,777.6,11664,1458
545.283,39,777.2,11658,1457
545.333,38,758.8,11383,1423
545.383,38,758.2,11373,1422
545.434,39,776.9,11654,1457
545.484,38,759.6,11394,1424
545.534,39,775.5,11632,1454
545.584,38,759.4,11391,1424
545.634,38,758.0,11370,1421
545.684,39,779.2,11688,1461
545.734,38,759.7,11395,1424
545.784,38,758.5,11377,1422
545.834,39,777.8,11667,1458
545.884,38,758.3,11374,1422
545.935,38,758.9,11384,1423
545.985,39,778.1,11672,1459
546.035,38,758.1,11371,1421
546.085,38,759.0,11386,1423
546.135,38,758.4,11376,1422
546.185,39,776.0,11640,1455
546.235,38,758.1,11371,1421
546.286,38,757.6,11363,1420
546.336,38,758.4,11377,1422
546.386,38,758.2,11373,1422
546.436,38,758.8,11382,1423
546.486,39,777.6,11664,1458
546.536,38,759.4,11391,1424
546.586,38,759.4,11392,1424
546.636,39,777.0,11655,1457
546.686,38,758.8,11382,1423
546.736,38,758.8,11383,1423
546.787,39,777.0,11655,1457
546.837,38,759.5,11393,1424
546.887,38,758.8,11383,1423
546.937,38,757.3,11359,1420
546.987,39,778.5,11677,1460
547.037,38,758.1,11371,1421
547.087,38,758.4,11376,1422
547.137,38,758.6,11379,1422
547.187,39,779.2,11689,1461
547.237,38,758.8,11382,1423
547.288,38,757.8,11368,1421
547.338,38,757.5,11362,1420
547.388,39,776.9,11654,1457
547.438,38,757.3,11359,1420
547.488,38,760.0,11400,1425
547.538,38,757.1,11357,1420
547.588,38,757.7,11366,1421
547.639,38,756.7,11351,1419
547.689,39,779.4,11691,1461
547.739,38,759.8,11398,1425
547.789,38,759.5,11393,1424
547.839,38,757.4,11362,1420
547.889,38,760.0,11400,1425
547.939,38,758.7,11380,1422
547.989,38,757.6,11364,1420
548.039,38,756.9,11353,1419
548.089,38,758.3,11375,1422
548.140,39,779.3,11690,1461
548.190,38,759.5,11393,1424
548.240,38,759.9,11398,1425
548.290,38,758.3,11374,1422
548.340,38,758.3,11374,1422
548.390,38,758.0,11370,1421
548.440,38,759.3,11389,1424
548.490,38,758.8,11382,1423
548.540,38,758.3,11374,1422
548.590,39,779.2,11688,1461
548.640,38,758.9,11384,1423
548.690,38,758.2,11373,1422
548.740,38,759.2,11388,1423
548.791,38,757.7,11366,1421
548.841,38,759.3,11389,1424
548.891,38,758.7,11380,1423
548.941,38,758.5,11377,1422
548.991,38,757.9,11368,1421
549.041,38,758.3,11375,1422
549.091,39,777.9,11668,1459
549.141,38,759.9,11398,1425
549.191,38,759.2,11387,1423
549.241,38,759.0,11385,1423
549.292,38,756.9,11353,1419
549.342,38,759.2,11388,1424
549.392,38,758.6,11379,1422
549.442,38,758.4,11376,1422
549.492,38,758.7,11380,1423
549.542,38,758.7,11380,1423
549.592,38,759.2,11389,1424
549.642,38,758.1,11371,1421
549.692,38,758.1,11372,1421
549.742,38,759.2,11388,1424
549.792,38,758.9,11384,1423
549.842,37,739.6,11094,1387
549.893,38,758.4,11376,1422
549.943,38,758.0,11370,1421
549.993,38,758.4,11376,1422
550.043,38,757.3,11360,1420
550.093,38,758.9,11384,1423
550.143,38,759.6,11393,1424
550.193,38,758.6,11379,1422
550.243,38,757.1,11356,1419
550.293,38,758.2,11374,1422
550.344,38,758.2,11372,1422
550.394,38,757.2,11358,1420
550.444,38,758.7,11381,1423
550.494,38,757.6,11364,1421
550.544,38,758.8,11382,1423
550.594,38,757.8,11367,1421
550.644,38,757.7,11365,1421
550.694,37,738.8,11082,1385
550.745,38,759.1,11387,1423
550.795,38,758.0,11370,1421
550.845,38,758.9,11384,1423
550.895,38,758.2,11374,1422
550.945,38,759.0,11384,1423
550.995,37,739.2,11088,1386
551.045,38,759.0,11385,1423
551.095,38,758.9,11384,1423
551.145,38,758.0,11370,1421
551.195,38,757.6,11363,1420
551.245,38,758.7,11380,1423
551.296,39,776.3,11644,1455
551.346,38,759.7,11396,1424
551.396,38,759.6,11393,1424
551.446,39,777.8,11667,1458
551.496,38,759.4,11391,1424
551.546,39,778.6,11679,1460
551.596,38,759.2,11388,1423
551.646,39,777.1,11656,1457
551.696,39,779.1,11686,1461
551.746,38,758.4,11375,1422
551.796,39,780.0,11700,1462
551.846,38,759.8,11397,1425
551.897,39,777.7,11665,1458
551.947,38,759.3,11389,1424
551.997,38,760.0,11400,1425
552.047,39,779.2,11688,1461
552.097,38,759.0,11386,1423
552.147,38,759.8,11397,1425
552.197,38,758.1,11372,1421
552.247,38,759.5,11393,1424
552.297,39,777.7,11665,1458
552.347,38,759.2,11388,1424
552.397,38,757.9,11368,1421
552.447,38,759.9,11398,1425
552.497,38,757.2,11358,1420
552.548,38,757.4,11361,1420
552.598,38,759.1,11387,1423
552.648,38,759.3,11390,1424
552.698,38,757.7,11365,1421
552.748,38,758.1,11372,1421
552.798,39,778.7,11680,1460
552.848,38,757.4,11361,1420
552.898,38,757.6,11364,1421
552.948,38,759.9,11398,1425
552.999,38,758.7,11381,1423
553.049,39,779.8,11696,1462
553.099,38,758.4,11377,1422
553.149,38,758.6,11378,1422
553.199,38,759.5,11392,1424
553.249,38,759.9,11398,1425
553.299,39,777.9,11669,1459
553.349,38,758.5,11377,1422
553.399,39,779.4,11691,1461
553.449,38,757.6,11364,1420
553.499,39,778.0,11670,1459
553.550,38,757.3,11359,1420
553.600,39,778.0,11670,1459
553.650,39,778.2,11673,1459
553.700,38,757.1,11357,1420
553.750,39,777.5,11663,1458
553.800,39,779.4,11691,1461
553.850,39,778.1,11671,1459
553.900,38,758.2,11373,1422
553.951,39,778.0,11669,1459
554.001,38,759.3,11389,1424
554.051,39,778.1,11671,1459
554.101,39,780.0,11700,1462
554.151,39,777.8,11667,1458
554.201,38,758.5,11377,1422
554.251,39,775.9,11639,1455
554.301,39,778.3,11674,1459
554.351,38,758.0,11370,1421
554.402,39,779.3,11689,1461
554.452,39,778.7,11681,1460
554.502,38,758.1,11372,1421
554.552,39,779.7,11695,1462
554.602,39,779.5,11693,1462
554.652,38,759.2,11388,1423
554.702,39,775.7,11636,1455
554.752,39,779.7,11696,1462
554.802,39,779.1,11686,1461
554.852,38,757.6,11364,1421
554.903,39,775.8,11637,1455
554.953,39,777.3,11659,1457
555.003,38,757.0,11354,1419
555.053,39,778.0,11670,1459
555.103,38,756.3,11345,1418
555.154,39,776.1,11641,1455
555.204,38,759.2,11387,1423
555.254,38,759.1,11386,1423
555.304,39,777.9,11669,1459
555.354,38,759.9,11399,1425
555.404,38,758.4,11376,1422
555.454,39,779.0,11684,1461
555.504,38,759.4,11391,1424
555.554,38,758.2,11372,1422
555.604,39,778.0,11670,1459
555.654,38,759.4,11390,1424
555.704,38,759.5,11392,1424
555.754,39,779.6,11694,1462
555.805,38,757.6,11363,1420
555.855,38,759.6,11394,1424
555.905,39,777.6,11665,1458
555.955,38,759.6,11394,1424
556.005,38,758.1,11371,1421
556.055,39,779.0,11685,1461
556.105,38,757.3,11360,1420
556.155,39,778.0,11670,1459
556.205,38,758.8,11382,1423
556.256,38,756.1,11342,1418
556.306,39,778.1,11672,1459
556.356,38,759.2,11387,1423
556.406,38,758.2,11372,1422
556.456,39,777.0,11656,1457
556.506,38,759.3,11390,1424
556.556,38,759.7,11395,1424
556.606,38,758.3,11374,1422
556.656,39,777.1,11657,1457
556.706,38,759.9,11399,1425
556.757,38,758.4,11375,1422
556.807,38,759.9,11399,1425
556.857,39,776.9,11654,1457
556.907,38,759.2,11388,1424
556.957,38,758.2,11374,1422
557.007,38,758.7,11381,1423
557.057,39,778.1,11672,1459
557.107,38,758.9,11383,1423
557.157,38,758.7,11381,1423
557.207,38,758.7,11380,1423
557.258,39,777.0,11655,1457
557.308,38,758.6,11379,1422
557.358,39,777.9,11668,1458
557.408,38,757.6,11364,1420
557.458,38,758.4,11376,1422
557.508,39,778.0,11669,1459
557.558,38,758.4,11376,1422
557.609,39,775.8,11637,1455
557.659,38,759.1,11387,1423
557.709,38,757.1,11357,1420
557.759,39,778.3,11674,1459
557.809,38,759.9,11399,1425
557.859,39,779.1,11687,1461
557.909,38,759.7,11395,1424
557.959,38,758.7,11380,1423
558.009,39,778.6,11679,1460
558.059,38,759.4,11392,1424
558.109,38,757.8,11367,1421
558.159,38,759.3,11389,1424
558.210,38,757.2,11358,1420
558.260,39,779.8,11698,1462
558.310,38,759.8,11397,1425
558.360,38,758.1,11371,1421
558.410,38,758.3,11374,1422
558.460,38,757.9,11369,1421
558.510,37,739.4,11090,1386
558.560,38,758.1,11372,1421
558.610,38,757.3,11359,1420
558.660,38,760.0,11399,1425
558.710,38,759.9,11398,1425
558.760,38,758.8,11383,1423
558.811,38,758.1,11372,1421
558.861,38,757.6,11364,1420
558.911,38,759.0,11385,1423
558.961,38,755.8,11337,1417
559.011,39,778.3,11675,1459
559.061,38,758.8,11382,1423
559.111,38,758.3,11374,1422
559.161,39,779.1,11687,1461
559.212,38,758.6,11379,1422
559.262,39,778.4,11677,1460
559.312,38,759.9,11399,1425
559.362,38,758.2,11373,1422
559.412,39,779.2,11688,1461
559.462,38,759.1,11386,1423
559.512,38,756.4,11347,1418
559.562,39,779.5,11693,1462
559.612,38,759.4,11391,1424
559.662,39,777.6,11664,1458
559.712,38,759.0,11385,1423
559.763,38,757.0,11355,1419
559.813,39,777.7,11666,1458
559.863,38,758.9,11384,1423
559.913,39,778.4,11676,1459
559.963,38,758.6,11379,1422
560.013,38,760.0,11399,1425
560.063,38,759.7,11395,1424
560.113,39,778.7,11680,1460
560.163,38,758.1,11371,1421
560.213,38,757.9,11368,1421
560.264,39,777.2,11658,1457
560.314,38,758.2,11373,1422
560.364,38,758.8,11382,1423
560.414,38,760.0,11400,1425
560.464,38,758.2,11373,1422
560.514,39,778.8,11682,1460
560.564,38,756.3,11345,1418
560.614,38,757.9,11368,1421
560.664,38,758.2,11373,1422
560.715,39,779.1,11686,1461
560.765,38,759.6,11394,1424
560.815,38,759.7,11396,1425
560.865,38,755.8,11337,1417
560.915,39,778.4,11676,1459
560.965,38,757.5,11363,1420
561.015,38,759.2,11388,1423
561.065,38,757.5,11363,1420
561.115,39,778.1,11671,1459
561.166,38,758.2,11373,1422
561.216,38,758.5,11378,1422
561.266,38,759.3,11389,1424
561.316,39,777.3,11659,1457
561.366,38,757.6,11364,1421
561.416,38,759.6,11394,1424
561.466,38,759.0,11386,1423
561.516,38,757.3,11359,1420
561.566,38,758.5,11377,1422
561.617,39,777.3,11659,1457
561.667,38,758.5,11377,1422
561.717,38,759.3,11390,1424
561.767,38,756.6,11349,1419
561.817,38,759.6,11393,1424
561.867,39,779.7,11695,1462
561.917,38,758.0,11370,1421
561.967,38,758.2,11373,1422
562.017,38,760.0,11400,1425
562.067,38,758.0,11370,1421
562.118,39,777.5,11662,1458
562.168,38,758.5,11378,1422
562.218,38,759.5,11393,1424
562.268,38,759.5,11393,1424
562.318,38,759.2,11388,1424
562.368,37,739.2,11088,1386
562.418,38,758.3,11374,1422
562.468,38,759.5,11393,1424
562.518,38,758.4,11376,1422
562.568,38,758.4,11377,1422
562.618,38,758.8,11382,1423
562.668,38,758.0,11371,1421
562.718,38,759.0,11385,1423
562.769,39,776.8,11653,1457
562.819,38,757.3,11359,1420
562.869,38,758.0,11369,1421
562.919,38,757.4,11361,1420
562.969,38,756.8,11352,1419
563.019,39,778.8,11682,1460
563.069,38,759.5,11392,1424
563.120,38,759.4,11391,1424
563.170,38,758.0,11371,1421
563.220,39,780.0,11699,1462
563.270,38,757.3,11359,1420
563.320,38,759.1,11386,1423
563.370,38,758.8,11382,1423
563.420,39,779.3,11689,1461
563.470,38,759.2,11389,1424
563.520,38,757.9,11369,1421
563.570,39,779.1,11686,1461
563.620,38,759.8,11397,1425
563.670,39,779.1,11686,1461
563.721,38,756.1,11341,1418
563.771,39,776.2,11643,1455
563.821,39,779.2,11687,1461
563.871,39,779.9,11699,1462
563.921,38,758.2,11373,1422
563.971,39,778.3,11674,1459
564.021,39,779.6,11694,1462
564.071,39,779.7,11696,1462
564.121,38,757.4,11362,1420
564.171,39,778.0,11670,1459
564.222,39,778.1,11672,1459
564.272,39,778.2,11672,1459
564.322,38,759.1,11387,1423
564.372,39,778.4,11676,1460
564.422,39,779.9,11699,1462
564.472,38,759.3,11389,1424
564.522,39,777.9,11669,1459
564.572,39,777.6,11664,1458
564.622,38,759.3,11390,1424
564.672,39,777.7,11666,1458
564.723,38,757.8,11367,1421
564.773,39,778.5,11678,1460
564.823,38,758.1,11371,1421
564.873,38,759.9,11399,1425
564.923,39,779.6,11693,1462
564.973,38,759.0,11384,1423
565.023,39,779.7,11695,1462
565.073,38,759.2,11388,1423
565.123,38,758.8,11382,1423
565.173,39,778.0,11671,1459
565.223,38,759.4,11392,1424
565.273,38,757.7,11365,1421
565.324,38,756.3,11344,1418
565.374,39,779.0,11684,1461
565.424,38,759.6,11393,1424
565.474,38,759.9,11398,1425
565.524,38,759.5,11393,1424
565.574,38,758.2,11373,1422
565.624,38,757.3,11359,1420
565.674,38,759.1,11386,1423
565.724,37,739.1,11086,1386
565.774,38,758.8,11382,1423
565.824,38,759.5,11393,1424
565.874,38,759.8,11397,1425
565.924,38,756.9,11353,1419
565.974,37,739.9,11099,1387
566.025,38,758.4,11376,1422
566.075,38,758.4,11376,1422
566.125,38,758.8,11382,1423
566.175,38,758.1,11372,1421
566.225,38,759.9,11399,1425
566.275,37,738.3,11074,1384
566.325,38,758.1,11371,1421
566.375,38,759.3,11389,1424
566.425,38,758.0,11370,1421
566.475,37,738.6,11078,1385
566.526,38,758.1,11372,1421
566.576,38,759.3,11389,1424
566.626,38,758.4,11377,1422
566.676,37,738.4,11076,1384
566.726,38,759.9,11399,1425
566.776,38,758.0,11370,1421
566.826,38,758.8,11382,1423
566.876,38,756.7,11350,1419
566.926,38,757.7,11366,1421
566.977,38,757.6,11363,1420
567.027,38,759.3,11389,1424
567.077,38,757.3,11359,1420
567.127,38,757.4,11361,1420
567.177,38,758.8,11382,1423
567.227,38,757.2,11358,1420
567.277,38,758.7,11381,1423
567.327,38,758.6,11379,1422
567.377,38,759.1,11387,1423
567.428,39,777.3,11659,1457
567.478,38,757.9,11369,1421
567.528,38,756.9,11353,1419
567.578,38,759.8,11397,1425
567.628,38,759.3,11390,1424
567.678,38,759.9,11399,1425
567.728,38,759.2,11388,1424
567.778,38,757.3,11360,1420
567.828,38,759.7,11395,1424
567.878,39,778.1,11672,1459
567.928,38,759.2,11388,1424
567.978,38,759.9,11398,1425
568.028,39,779.9,11698,1462
568.079,38,758.5,11377,1422
568.129,39,777.7,11665,1458
568.179,38,759.1,11387,1423
568.229,39,777.4,11661,1458
568.279,38,759.3,11389,1424
568.329,39,777.4,11661,1458
568.379,38,759.2,11387,1423
568.429,39,777.4,11661,1458
568.479,38,759.3,11390,1424
568.529,38,759.5,11392,1424
568.579,39,779.2,11688,1461
568.630,38,758.0,11371,1421
568.680,39,780.0,11700,1462
568.730,38,756.3,11345,1418
568.780,38,758.1,11372,1422
568.830,39,778.3,11674,1459
568.880,38,759.9,11398,1425
568.930,39,778.7,11681,1460
568.980,38,759.7,11395,1424
569.030,38,759.6,11394,1424
569.080,38,757.9,11368,1421
569.130,38,759.4,11391,1424
569.181,39,778.0,11671,1459
569.231,38,759.7,11395,1424
569.281,38,759.0,11385,1423
569.331,38,757.3,11360,1420
569.381,38,758.9,11383,1423
569.431,38,757.2,11359,1420
569.481,39,779.2,11689,1461
569.531,38,758.2,11374,1422
569.581,38,759.7,11395,1424
569.631,38,758.1,11371,1421
569.682,38,757.8,11367,1421
569.732,38,757.5,11363,1420
569.782,39,777.2,11657,1457
569.832,38,760.0,11399,1425
569.882,38,758.2,11373,1422
569.932,38,759.7,11396,1425
569.982,38,758.3,11375,1422
570.032,38,758.1,11371,1421
570.082,32,639.9,9599,1200
570.139,10,176.4,2646,331
570.189,24,479.1,7187,898
570.239,39,777.6,11665,1458
570.289,38,759.3,11389,1424
570.359,36,516.5,7747,968
570.409,35,698.5,10477,1310
570.459,38,759.1,11386,1423
570.509,38,758.9,11384,1423
570.559,39,777.1,11656,1457
570.609,38,758.2,11373,1422
570.660,38,757.1,11356,1420
570.710,38,757.9,11369,1421
570.760,38,758.4,11377,1422
570.810,23,459.1,6886,861
570.860,38,757.5,11362,1420
570.910,38,759.8,11398,1425
570.960,38,759.4,11391,1424
571.010,39,778.5,11677,1460
571.060,38,757.6,11365,1421
571.111,38,758.2,11373,1422
571.161,38,759.9,11399,1425
571.211,38,759.0,11385,1423
571.261,38,757.6,11364,1420
571.311,39,778.7,11681,1460
571.361,38,759.5,11393,1424
571.411,38,758.3,11375,1422
571.461,38,758.4,11376,1422
571.511,38,759.9,11398,1425
571.561,38,756.1,11342,1418
571.611,38,759.2,11387,1423
571.662,38,759.0,11385,1423
571.712,37,739.3,11089,1386
571.762,38,757.0,11354,1419
571.812,38,759.2,11388,1424
571.862,38,757.8,11368,1421
571.912,38,758.2,11373,1422
571.962,38,757.4,11361,1420
572.012,37,738.5,11077,1385
572.063,38,757.9,11368,1421
572.113,38,758.9,11384,1423
572.163,38,760.0,11399,1425
572.213,38,759.9,11399,1425
572.263,38,759.8,11397,1425
572.313,38,758.4,11375,1422
572.363,38,758.3,11374,1422
572.413,38,759.1,11386,1423
572.463,38,759.8,11397,1425
572.513,38,757.3,11360,1420
572.563,39,780.0,11700,1462
572.613,38,758.6,11379,1422
572.663,38,757.3,11360,1420
572.714,39,777.5,11662,1458
572.764,38,758.9,11384,1423
572.814,39,777.0,11655,1457
572.864,38,758.1,11372,1421
572.914,38,758.2,11373,1422
572.964,39,779.7,11695,1462
573.014,38,757.7,11366,1421
573.064,38,758.0,11370,1421
573.114,39,779.1,11686,1461
573.165,38,758.0,11370,1421
573.215,38,758.7,11380,1423
573.265,39,778.9,11684,1460
573.315,38,757.7,11365,1421
573.365,38,757.9,11369,1421
573.415,39,779.8,11696,1462
573.465,38,758.8,11382,1423
573.515,39,779.4,11691,1461
573.565,38,756.9,11353,1419
573.615,39,778.8,11682,1460
573.666,38,758.0,11370,1421
573.716,39,777.0,11655,1457
573.766,39,776.9,11654,1457
573.816,39,777.6,11663,1458
573.866,38,758.7,11380,1423
573.916,39,779.0,11686,1461
573.966,38,758.8,11382,1423
574.016,39,777.3,11660,1457
574.066,39,780.0,11700,1462
574.117,38,758.8,11382,1423
574.167,38,759.4,11391,1424
574.217,39,779.4,11691,1461
574.267,38,759.5,11393,1424
574.317,38,758.9,11384,1423
574.367,39,777.4,11661,1458
574.417,38,758.3,11375,1422
574.467,39,777.7,11666,1458
574.517,38,759.1,11387,1423
574.567,38,757.6,11365,1421
574.617,39,778.6,11679,1460
574.668,38,757.4,11360,1420
574.718,38,759.8,11397,1425
574.768,39,778.9,11684,1461
574.818,38,759.5,11393,1424
574.868,38,759.4,11391,1424
574.918,39,777.4,11661,1458
574.968,38,758.0,11370,1421
575.018,38,757.1,11356,1420
575.068,39,778.9,11683,1460
575.119,38,757.5,11363,1420
575.169,38,758.7,11380,1423
575.219,39,779.0,11685,1461
575.269,38,758.3,11374,1422
575.319,39,779.8,11697,1462
575.369,38,758.3,11375,1422
575.419,38,758.4,11375,1422
575.469,39,778.0,11670,1459
575.519,38,760.0,11400,1425
575.569,38,758.0,11370,1421
575.619,38,758.6,11378,1422
575.669,38,759.3,11390,1424
575.720,39,777.4,11661,1458
575.770,38,760.0,11399,1425
575.820,38,758.3,11375,1422
575.870,39,778.7,11680,1460
575.920,38,759.0,11385,1423
575.970,39,778.0,11670,1459
576.020,38,758.3,11374,1422
576.070,39,777.7,11665,1458
576.120,38,757.2,11359,1420
576.170,39,779.2,11688,1461
576.221,38,756.9,11353,1419
576.271,39,777.4,11661,1458
576.321,38,759.9,11399,1425
576.371,38,757.1,11357,1420
576.421,39,778.4,11676,1459
576.471,39,777.1,11656,1457
576.521,38,758.0,11370,1421
576.572,39,778.1,11671,1459
576.622,38,758.9,11383,1423
576.672,39,778.5,11678,1460
576.722,38,758.0,11371,1421
576.772,38,758.7,11381,1423
576.822,33,659.3,9889,1236
576.872,0,0.0,0,0
576.922,0,0.0,0,0
576.972,0,0.0,0,0
577.022,0,0.0,0,0
577.073,0,0.0,0,0
577.123,0,0.0,0,0
577.173,0,0.0,0,0
577.223,0,0.0,0,0
577.273,0,0.0,0,0
577.323,0,0.0,0,0
577.373,0,0.0,0,0
577.423,0,0.0,0,0
577.473,0,0.0,0,0
577.523,0,0.0,0,0
577.573,0,0.0,0,0
577.623,0,0.0,0,0
577.674,0,0.0,0,0
577.724,0,0.0,0,0
577.774,0,0.0,0,0
577.824,0,0.0,0,0
577.874,0,0.0,0,0
577.924,0,0.0,0,0
577.974,0,0.0,0,0
578.024,0,0.0,0,0
578.074,0,0.0,0,0
578.125,0,0.0,0,0
578.175,0,0.0,0,0
578.225,0,0.0,0,0
578.275,0,0.0,0,0
578.325,0,0.0,0,0
578.375,0,0.0,0,0
578.425,0,0.0,0,0
578.475,0,0.0,0,0
578.525,0,0.0,0,0
578.575,0,0.0,0,0
578.626,0,0.0,0,0
578.676,0,0.0,0,0
578.726,0,0.0,0,0
578.776,0,0.0,0,0
578.826,0,0.0,0,0
578.876,0,0.0,0,0
578.926,0,0.0,0,0
578.976,0,0.0,0,0
579.026,0,0.0,0,0
579.076,0,0.0,0,0
579.126,0,0.0,0,0
579.176,0,0.0,0,0
579.226,0,0.0,0,0
579.277,0,0.0,0,0
579.327,0,0.0,0,0
579.377,0,0.0,0,0
579.427,0,0.0,0,0
579.477,0,0.0,0,0
579.527,0,0.0,0,0
579.577,0,0.0,0,0
579.627,0,0.0,0,0
579.677,0,0.0,0,0
579.728,0,0.0,0,0
579.778,0,0.0,0,0
579.828,0,0.0,0,0
579.878,0,0.0,0,0
579.928,0,0.0,0,0
579.978,0,0.0,0,0
580.028,0,0.0,0,0
580.078,0,0.0,0,0
580.128,0,0.0,0,0
580.178,0,0.0,0,0
580.229,0,0.0,0,0
580.279,0,0.0,0,0
580.329,0,0.0,0,0
580.379,0,0.0,0,0
580.429,0,0.0,0,0
580.479,0,0.0,0,0
580.529,0,0.0,0,0
580.579,0,0.0,0,0
580.629,0,0.0,0,0
580.680,0,0.0,0,0
580.730,0,0.0,0,0
580.780,0,0.0,0,0
580.830,0,0.0,0,0
580.880,0,0.0,0,0
580.930,0,0.0,0,0
580.980,0,0.0,0,0
581.030,0,0.0,0,0
581.080,0,0.0,0,0
581.131,0,0.0,0,0
581.181,0,0.0,0,0
581.231,0,0.0,0,0
581.281,0,0.0,0,0
581.331,0,0.0,0,0
581.381,0,0.0,0,0
581.431,0,0.0,0,0
581.481,0,0.0,0,0
581.531,0,0.0,0,0
581.582,0,0.0,0,0
581.632,0,0.0,0,0
581.682,0,0.0,0,0
581.732,0,0.0,0,0
581.782,0,0.0,0,0
581.832,0,0.0,0,0
581.882,0,0.0,0,0
581.932,0,0.0,0,0
581.982,0,0.0,0,0
582.032,0,0.0,0,0
582.082,0,0.0,0,0
582.132,0,0.0,0,0
582.182,0,0.0,0,0
582.233,0,0.0,0,0
582.283,0,0.0,0,0
582.333,0,0.0,0,0
582.383,0,0.0,0,0
582.433,0,0.0,0,0
582.483,0,0.0,0,0
582.533,0,0.0,0,0
582.583,0,0.0,0,0
582.634,0,0.0,0,0
582.684,0,0.0,0,0
582.734,0,0.0,0,0
582.784,0,0.0,0,0
582.834,0,0.0,0,0
582.884,0,0.0,0,0
582.934,0,0.0,0,0
582.984,0,0.0,0,0
583.034,0,0.0,0,0
583.084,0,0.0,0,0
583.134,0,0.0,0,0
583.184,0,0.0,0,0
583.235,0,0.0,0,0
583.285,0,0.0,0,0
583.335,0,0.0,0,0
583.385,0,0.0,0,0
583.435,0,0.0,0,0
583.485,0,0.0,0,0
583.535,0,0.0,0,0
583.585,0,0.0,0,0
583.635,0,0.0,0,0
583.686,0,0.0,0,0
583.736,0,0.0,0,0
583.786,0,0.0,0,0
583.836,0,0.0,0,0
583.886,0,0.0,0,0
583.936,0,0.0,0,0
583.986,0,0.0,0,0
584.037,0,0.0,0,0
584.087,0,0.0,0,0
584.137,0,0.0,0,0
584.187,0,0.0,0,0
584.237,0,0.0,0,0
584.287,0,0.0,0,0
584.337,0,0.0,0,0
584.387,0,0.0,0,0
584.438,0,0.0,0,0
584.488,0,0.0,0,0
584.538,0,0.0,0,0
584.588,0,0.0,0,0
584.638,0,0.0,0,0
584.688,0,0.0,0,0
584.738,0,0.0,0,0
584.788,0,0.0,0,0
584.839,0,0.0,0,0
584.889,0,0.0,0,0
584.939,0,0.0,0,0
584.989,0,0.0,0,0
585.039,0,0.0,0,0
585.089,0,0.0,0,0
585.139,0,0.0,0,0
585.189,0,0.0,0,0
585.239,0,0.0,0,0
585.289,0,0.0,0,0
585.340,0,0.0,0,0
585.390,0,0.0,0,0
585.440,0,0.0,0,0
585.490,0,0.0,0,0
585.540,0,0.0,0,0
585.590,0,0.0,0,0
585.640,0,0.0,0,0
585.690,0,0.0,0,0
585.740,0,0.0,0,0
585.790,0,0.0,0,0
585.840,0,0.0,0,0
585.890,0,0.0,0,0
585.940,0,0.0,0,0
585.991,0,0.0,0,0
586.041,0,0.0,0,0
586.091,0,0.0,0,0
586.141,0,0.0,0,0
586.191,0,0.0,0,0
586.241,0,0.0,0,0
586.291,0,0.0,0,0
586.341,0,0.0,0,0
586.392,0,0.0,0,0
586.442,0,0.0,0,0
586.492,0,0.0,0,0
586.542,0,0.0,0,0
586.592,0,0.0,0,0
586.642,0,0.0,0,0
586.692,0,0.0,0,0
586.742,0,0.0,0,0
586.792,0,0.0,0,0
586.842,0,0.0,0,0
586.892,0,0.0,0,0
586.943,0,0.0,0,0
586.993,0,0.0,0,0
587.043,0,0.0,0,0
587.093,0,0.0,0,0
587.143,0,0.0,0,0
587.193,0,0.0,0,0
587.243,0,0.0,0,0
587.293,0,0.0,0,0
587.343,0,0.0,0,0
587.394,0,0.0,0,0
587.444,0,0.0,0,0
587.494,0,0.0,0,0
587.544,0,0.0,0,0
587.594,0,0.0,0,0
587.644,0,0.0,0,0
587.694,0,0.0,0,0
587.745,0,0.0,0,0
587.795,0,0.0,0,0
587.845,0,0.0,0,0
587.895,0,0.0,0,0
587.945,0,0.0,0,0
587.995,0,0.0,0,0
588.045,0,0.0,0,0
588.095,0,0.0,0,0
588.145,0,0.0,0,0
588.195,0,0.0,0,0
588.245,0,0.0,0,0
588.295,0,0.0,0,0
588.345,0,0.0,0,0
588.396,0,0.0,0,0
588.446,0,0.0,0,0
588.496,0,0.0,0,0
588.546,0,0.0,0,0
588.596,0,0.0,0,0
588.646,0,0.0,0,0
588.696,0,0.0,0,0
588.746,0,0.0,0,0
588.796,0,0.0,0,0
588.846,0,0.0,0,0
588.896,0,0.0,0,0
588.946,0,0.0,0,0
588.996,0,0.0,0,0
589.047,0,0.0,0,0
589.097,0,0.0,0,0
589.147,0,0.0,0,0
589.197,0,0.0,0,0
589.247,0,0.0,0,0
589.297,0,0.0,0,0
589.347,0,0.0,0,0
589.397,0,0.0,0,0
589.447,0,0.0,0,0
589.498,0,0.0,0,0
589.548,0,0.0,0,0
589.598,0,0.0,0,0
589.648,0,0.0,0,0
589.698,0,0.0,0,0
589.748,0,0.0,0,0
589.798,0,0.0,0,0
589.848,0,0.0,0,0
589.898,0,0.0,0,0
589.949,0,0.0,0,0
589.999,0,0.0,0,0
590.049,0,0.0,0,0
590.099,0,0.0,0,0
590.149,0,0.0,0,0
590.199,0,0.0,0,0
590.249,0,0.0,0,0
590.299,0,0.0,0,0
590.349,0,0.0,0,0
590.400,0,0.0,0,0
590.450,0,0.0,0,0
590.500,0,0.0,0,0
590.550,0,0.0,0,0
590.600,0,0.0,0,0
590.650,0,0.0,0,0
590.700,0,0.0,0,0
590.750,0,0.0,0,0
590.800,0,0.0,0,0
590.850,0,0.0,0,0
590.901,0,0.0,0,0
590.951,0,0.0,0,0
591.001,0,0.0,0,0
591.051,0,0.0,0,0
591.101,0,0.0,0,0
591.151,0,0.0,0,0
591.201,0,0.0,0,0
591.251,0,0.0,0,0
591.301,0,0.0,0,0
591.351,0,0.0,0,0
591.402,0,0.0,0,0
591.452,0,0.0,0,0
591.502,0,0.0,0,0
591.552,0,0.0,0,0
591.602,0,0.0,0,0
591.652,0,0.0,0,0
591.702,0,0.0,0,0
591.752,0,0.0,0,0
591.803,0,0.0,0,0
591.853,0,0.0,0,0
591.903,0,0.0,0,0
591.953,0,0.0,0,0
592.003,0,0.0,0,0
592.053,0,0.0,0,0
592.103,0,0.0,0,0
592.153,0,0.0,0,0
592.203,0,0.0,0,0
592.253,0,0.0,0,0
592.304,0,0.0,0,0
592.354,0,0.0,0,0
592.404,0,0.0,0,0
592.454,0,0.0,0,0
592.504,0,0.0,0,0
592.554,0,0.0,0,0
592.604,0,0.0,0,0
592.654,0,0.0,0,0
592.704,0,0.0,0,0
592.754,0,0.0,0,0
592.804,0,0.0,0,0
592.854,0,0.0,0,0
592.905,0,0.0,0,0
592.955,0,0.0,0,0
593.005,0,0.0,0,0
593.055,0,0.0,0,0
593.105,0,0.0,0,0
593.155,0,0.0,0,0
593.205,0,0.0,0,0
593.255,0,0.0,0,0
593.305,0,0.0,0,0
593.355,0,0.0,0,0
593.405,0,0.0,0,0
593.456,0,0.0,0,0
593.506,0,0.0,0,0
593.556,0,0.0,0,0
593.606,0,0.0,0,0
593.656,0,0.0,0,0
593.706,0,0.0,0,0
593.756,0,0.0,0,0
593.806,0,0.0,0,0
593.856,0,0.0,0,0
593.906,0,0.0,0,0
593.956,0,0.0,0,0
594.007,0,0.0,0,0
594.057,0,0.0,0,0
594.107,0,0.0,0,0
594.157,0,0.0,0,0
594.207,0,0.0,0,0
594.257,0,0.0,0,0
594.307,0,0.0,0,0
594.357,0,0.0,0,0
594.407,0,0.0,0,0
594.457,0,0.0,0,0
594.508,0,0.0,0,0
594.558,0,0.0,0,0
594.608,0,0.0,0,0
594.658,0,0.0,0,0
594.708,0,0.0,0,0
594.758,0,0.0,0,0
594.808,0,0.0,0,0
594.858,0,0.0,0,0
594.908,0,0.0,0,0
594.958,0,0.0,0,0
595.009,0,0.0,0,0
595.059,0,0.0,0,0
595.109,0,0.0,0,0
595.159,0,0.0,0,0
595.209,0,0.0,0,0
595.259,0,0.0,0,0
595.309,0,0.0,0,0
595.359,0,0.0,0,0
595.409,0,0.0,0,0
595.459,0,0.0,0,0
595.510,0,0.0,0,0
595.560,0,0.0,0,0
595.610,0,0.0,0,0
595.660,0,0.0,0,0
595.710,0,0.0,0,0
595.760,0,0.0,0,0
595.810,0,0.0,0,0
595.860,0,0.0,0,0
595.910,0,0.0,0,0
595.960,0,0.0,0,0
596.010,0,0.0,0,0
596.061,0,0.0,0,0
596.111,0,0.0,0,0
596.161,0,0.0,0,0
596.211,0,0.0,0,0
596.261,0,0.0,0,0
596.311,0,0.0,0,0
596.361,0,0.0,0,0
596.412,0,0.0,0,0
596.462,0,0.0,0,0
596.512,0,0.0,0,0
596.562,0,0.0,0,0
596.612,0,0.0,0,0
596.662,0,0.0,0,0
596.712,0,0.0,0,0
596.762,0,0.0,0,0
596.812,0,0.0,0,0
596.862,0,0.0,0,0
596.912,0,0.0,0,0
596.962,0,0.0,0,0
597.012,0,0.0,0,0
597.063,0,0.0,0,0
597.113,0,0.0,0,0
597.163,0,0.0,0,0
597.213,0,0.0,0,0
597.263,0,0.0,0,0
597.313,0,0.0,0,0
597.363,0,0.0,0,0
597.413,0,0.0,0,0
597.463,0,0.0,0,0
597.513,0,0.0,0,0
597.563,0,0.0,0,0
597.614,0,0.0,0,0
597.664,0,0.0,0,0
597.714,0,0.0,0,0
597.764,0,0.0,0,0
597.814,0,0.0,0,0
597.864,0,0.0,0,0
597.914,0,0.0,0,0
597.964,0,0.0,0,0
598.014,0,0.0,0,0
598.065,0,0.0,0,0
598.115,0,0.0,0,0
598.165,0,0.0,0,0
598.215,0,0.0,0,0
598.265,0,0.0,0,0
598.315,0,0.0,0,0
598.365,0,0.0,0,0
598.415,0,0.0,0,0
598.466,0,0.0,0,0
598.516,0,0.0,0,0
598.566,0,0.0,0,0
598.616,0,0.0,0,0
598.666,0,0.0,0,0
598.716,0,0.0,0,0
598.766,0,0.0,0,0
598.816,0,0.0,0,0
598.866,0,0.0,0,0
598.916,0,0.0,0,0
598.966,0,0.0,0,0
599.016,0,0.0,0,0
599.067,0,0.0,0,0
599.117,0,0.0,0,0
599.167,0,0.0,0,0
599.217,0,0.0,0,0
599.267,0,0.0,0,0
599.317,0,0.0,0,0
599.367,0,0.0,0,0
599.417,0,0.0,0,0
599.468,0,0.0,0,0
599.518,0,0.0,0,0
599.568,0,0.0,0,0
599.618,0,0.0,0,0
599.668,0,0.0,0,0
599.718,0,0.0,0,0
599.768,0,0.0,0,0
599.818,0,0.0,0,0
599.868,0,0.0,0,0
599.918,0,0.0,0,0
599.968,0,0.0,0,0
600.019,0,0.0,0,0
600.069,0,0.0,0,0
600.119,0,0.0,0,0
600.169,0,0.0,0,0
600.219,0,0.0,0,0
600.269,0,0.0,0,0
600.319,0,0.0,0,0
600.369,0,0.0,0,0
600.419,0,0.0,0,0
600.469,0,0.0,0,0
600.519,0,0.0,0,0
600.570,0,0.0,0,0
600.620,0,0.0,0,0
600.670,0,0.0,0,0
600.720,0,0.0,0,0
600.770,0,0.0,0,0
600.820,0,0.0,0,0
600.870,0,0.0,0,0
600.920,0,0.0,0,0
600.970,0,0.0,0,0
601.021,0,0.0,0,0
601.071,0,0.0,0,0
601.121,0,0.0,0,0
601.171,0,0.0,0,0
601.221,0,0.0,0,0
601.271,0,0.0,0,0
601.321,0,0.0,0,0
601.371,0,0.0,0,0
601.421,0,0.0,0,0
601.472,0,0.0,0,0
601.522,0,0.0,0,0
601.572,0,0.0,0,0
601.622,0,0.0,0,0
601.672,0,0.0,0,0
601.722,0,0.0,0,0
601.772,0,0.0,0,0
601.822,0,0.0,0,0
601.872,0,0.0,0,0
601.922,0,0.0,0,0
601.973,0,0.0,0,0
602.023,0,0.0,0,0
602.073,0,0.0,0,0
602.123,0,0.0,0,0
602.173,0,0.0,0,0
602.223,0,0.0,0,0
602.273,0,0.0,0,0
602.323,0,0.0,0,0
602.373,0,0.0,0,0
602.423,0,0.0,0,0
602.473,0,0.0,0,0
602.524,0,0.0,0,0
602.574,0,0.0,0,0
602.624,0,0.0,0,0
602.674,0,0.0,0,0
602.724,0,0.0,0,0
602.774,0,0.0,0,0
602.824,0,0.0,0,0
602.874,0,0.0,0,0
602.924,0,0.0,0,0
602.975,0,0.0,0,0
603.025,0,0.0,0,0
603.075,0,0.0,0,0
603.125,0,0.0,0,0
603.175,0,0.0,0,0
603.225,0,0.0,0,0
603.275,0,0.0,0,0
603.325,0,0.0,0,0
603.375,0,0.0,0,0
603.426,0,0.0,0,0
603.476,0,0.0,0,0
603.526,0,0.0,0,0
603.576,0,0.0,0,0
603.626,0,0.0,0,0
603.676,0,0.0,0,0
603.726,0,0.0,0,0
603.776,0,0.0,0,0
603.826,0,0.0,0,0
603.876,0,0.0,0,0
603.927,0,0.0,0,0
603.977,0,0.0,0,0
604.027,0,0.0,0,0
604.077,0,0.0,0,0
604.127,0,0.0,0,0
604.177,0,0.0,0,0
604.227,0,0.0,0,0
604.277,0,0.0,0,0
604.328,0,0.0,0,0
604.378,0,0.0,0,0
604.428,0,0.0,0,0
604.478,0,0.0,0,0
604.528,0,0.0,0,0
604.578,0,0.0,0,0
604.628,0,0.0,0,0
604.678,0,0.0,0,0
604.728,0,0.0,0,0
604.778,0,0.0,0,0
604.828,0,0.0,0,0
604.879,0,0.0,0,0
604.929,0,0.0,0,0
604.979,0,0.0,0,0
605.029,0,0.0,0,0
605.079,0,0.0,0,0
605.129,0,0.0,0,0
605.179,0,0.0,0,0
605.229,0,0.0,0,0
605.279,0,0.0,0,0
605.329,0,0.0,0,0
605.379,0,0.0,0,0
605.429,0,0.0,0,0
605.479,0,0.0,0,0
605.530,0,0.0,0,0
605.580,0,0.0,0,0
605.630,0,0.0,0,0
605.680,0,0.0,0,0
605.730,0,0.0,0,0
605.780,0,0.0,0,0
605.830,0,0.0,0,0
605.880,0,0.0,0,0
605.930,0,0.0,0,0
605.980,0,0.0,0,0
606.030,0,0.0,0,0
606.080,0,0.0,0,0
606.131,0,0.0,0,0
606.181,0,0.0,0,0
606.231,0,0.0,0,0
606.281,0,0.0,0,0
606.331,0,0.0,0,0
606.381,0,0.0,0,0
606.431,0,0.0,0,0
606.481,0,0.0,0,0
606.531,0,0.0,0,0
606.582,0,0.0,0,0
606.632,0,0.0,0,0
606.682,0,0.0,0,0
606.732,0,0.0,0,0
606.782,0,0.0,0,0
606.832,0,0.0,0,0
606.882,0,0.0,0,0
606.932,0,0.0,0,0
606.982,0,0.0,0,0
607.032,0,0.0,0,0
607.082,0,0.0,0,0
607.133,0,0.0,0,0
607.183,0,0.0,0,0
607.233,0,0.0,0,0
607.283,0,0.0,0,0
607.333,0,0.0,0,0
607.383,0,0.0,0,0
607.433,0,0.0,0,0
607.483,0,0.0,0,0
607.533,0,0.0,0,0
607.584,0,0.0,0,0
607.634,0,0.0,0,0
607.684,0,0.0,0,0
607.734,0,0.0,0,0
607.784,0,0.0,0,0
607.834,0,0.0,0,0
607.884,0,0.0,0,0
607.934,0,0.0,0,0
607.985,0,0.0,0,0
608.035,0,0.0,0,0
608.085,0,0.0,0,0
608.135,0,0.0,0,0
608.185,0,0.0,0,0
608.235,0,0.0,0,0
608.285,0,0.0,0,0
608.335,0,0.0,0,0
608.385,0,0.0,0,0
608.435,0,0.0,0,0
608.486,0,0.0,0,0
608.536,0,0.0,0,0
608.586,0,0.0,0,0
608.636,0,0.0,0,0
608.686,0,0.0,0,0
608.736,0,0.0,0,0
608.786,0,0.0,0,0
608.836,0,0.0,0,0
608.886,0,0.0,0,0
608.936,0,0.0,0,0
608.986,0,0.0,0,0
609.037,0,0.0,0,0
609.087,0,0.0,0,0
609.137,0,0.0,0,0
609.187,0,0.0,0,0
609.237,0,0.0,0,0
609.287,0,0.0,0,0
609.337,0,0.0,0,0
609.387,0,0.0,0,0
609.437,0,0.0,0,0
609.487,0,0.0,0,0
609.537,0,0.0,0,0
609.587,0,0.0,0,0
609.638,0,0.0,0,0
609.688,0,0.0,0,0
609.738,0,0.0,0,0
609.788,0,0.0,0,0
609.838,0,0.0,0,0
609.888,0,0.0,0,0
609.938,0,0.0,0,0
609.988,0,0.0,0,0
610.038,0,0.0,0,0
610.088,0,0.0,0,0
610.138,0,0.0,0,0
610.188,0,0.0,0,0
610.238,0,0.0,0,0
610.288,0,0.0,0,0
610.339,0,0.0,0,0
610.389,0,0.0,0,0
610.439,0,0.0,0,0
610.489,0,0.0,0,0
610.539,0,0.0,0,0
610.589,0,0.0,0,0
610.639,0,0.0,0,0
610.689,0,0.0,0,0
610.739,0,0.0,0,0
610.789,0,0.0,0,0
610.839,0,0.0,0,0
610.889,0,0.0,0,0
610.939,0,0.0,0,0
610.990,0,0.0,0,0
611.040,0,0.0,0,0
611.090,0,0.0,0,0
611.140,0,0.0,0,0
611.190,0,0.0,0,0
611.240,0,0.0,0,0
611.290,0,0.0,0,0
611.340,0,0.0,0,0
611.390,0,0.0,0,0
611.440,0,0.0,0,0
611.490,0,0.0,0,0
611.540,0,0.0,0,0
611.590,0,0.0,0,0
611.641,1,19.9,298,37
611.691,4,79.8,1197,150
611.741,4,79.9,1199,150
611.791,5,99.6,1494,187
611.841,6,119.7,1796,224
611.891,6,119.5,1793,224
611.942,7,139.5,2092,261
611.992,8,159.4,2391,299
612.042,9,179.6,2694,337
612.092,10,199.3,2989,374
612.142,10,199.3,2989,374
612.192,11,220.0,3299,412
612.242,12,240.0,3600,450
612.292,12,239.3,3590,449
612.343,13,259.1,3886,486
612.393,13,259.7,3895,487
612.443,14,279.2,4187,523
612.493,15,299.5,4493,562
612.543,14,279.7,4196,524
612.593,16,319.6,4793,599
612.643,15,299.2,4489,561
612.693,16,320.0,4799,600
612.743,17,339.3,5090,636
612.793,16,319.1,4787,598
612.843,17,339.9,5098,637
612.893,18,359.5,5392,674
612.943,18,359.6,5393,674
612.994,18,359.2,5387,673
613.044,18,358.6,5379,672
613.094,19,378.8,5682,710
613.144,19,379.5,5692,712
613.194,19,379.8,5697,712
613.244,20,399.2,5988,749
613.294,20,399.9,5998,750
613.344,20,399.9,5999,750
613.394,21,419.2,6288,786
613.444,21,419.5,6293,787
613.494,22,438.7,6581,823
613.545,22,439.0,6585,823
613.595,22,439.9,6599,825
613.645,22,439.6,6593,824
613.695,24,479.2,7189,899
613.745,23,459.6,6894,862
613.795,24,479.2,7188,898
613.845,24,478.9,7184,898
613.895,25,498.9,7484,936
613.945,25,499.1,7487,936
613.995,25,497.4,7461,933
614.046,26,518.2,7773,972
614.096,26,518.3,7775,972
614.146,26,518.9,7783,973
614.196,26,519.6,7794,974
614.246,27,539.1,8087,1011
614.296,27,538.3,8074,1009
614.346,27,538.6,8078,1010
614.396,28,559.3,8389,1049
614.446,27,539.3,8090,1011
614.496,28,560.0,8400,1050
614.547,28,558.6,8380,1047
614.597,28,557.1,8356,1045
614.647,29,579.4,8691,1086
614.697,28,560.0,8400,1050
614.747,28,558.7,8381,1048
614.797,29,578.3,8674,1084
614.847,28,558.4,8376,1047
614.897,29,578.9,8683,1085
614.947,28,558.6,8378,1047
614.998,29,579.4,8691,1086
615.048,29,578.6,8679,1085
615.098,28,559.1,8387,1048
615.148,29,579.5,8692,1086
615.198,29,578.4,8677,1085
615.248,29,579.2,8688,1086
615.298,29,580.0,8699,1087
615.348,29,579.0,8685,1086
615.398,29,579.1,8686,1086
615.448,29,578.0,8670,1084
615.498,29,579.2,8688,1086
615.548,29,580.0,8700,1087
615.598,29,579.2,8687,1086
615.648,28,559.6,8394,1049
615.699,30,598.9,8984,1123
615.749,29,578.0,8669,1084
615.799,29,578.5,8678,1085
615.849,29,579.9,8699,1087
615.899,29,579.3,8689,1086
615.949,29,578.4,8676,1084
615.999,29,578.6,8679,1085
616.049,29,580.0,8700,1087
616.099,29,578.6,8678,1085
616.150,29,577.8,8667,1083
616.200,29,579.5,8693,1087
616.250,29,579.0,8685,1086
616.300,29,577.1,8657,1082
616.350,30,599.3,8990,1124
616.400,29,578.8,8682,1085
616.450,30,598.2,8973,1122
616.500,29,579.8,8697,1087
616.550,30,599.0,8985,1123
616.600,30,599.8,8997,1125
616.650,30,598.7,8981,1123
616.700,29,580.0,8700,1087
616.750,30,600.0,9000,1125
616.800,30,600.0,8999,1125
616.851,30,597.8,8967,1121
616.901,30,598.8,8981,1123
616.951,30,599.0,8985,1123
617.001,30,599.3,8990,1124
617.051,31,618.9,9284,1161
617.101,30,599.4,8991,1124
617.151,30,599.5,8992,1124
617.201,30,599.6,8994,1124
617.251,31,619.8,9298,1162
617.301,30,598.1,8971,1121
617.351,31,618.9,9283,1160
617.402,30,598.1,8972,1122
617.452,31,618.4,9276,1159
617.502,31,616.7,9251,1156
617.552,30,598.7,8981,1123
617.602,31,619.8,9297,1162
617.652,31,619.6,9294,1162
617.702,31,619.3,9290,1161
617.752,30,598.2,8974,1122
617.802,31,619.8,9297,1162
617.852,31,619.0,9284,1161
617.902,31,619.7,9296,1162
617.952,31,619.4,9292,1161
618.003,31,618.8,9282,1160
618.053,31,619.5,9292,1162
618.103,31,618.5,9277,1160
618.153,31,620.0,9300,1162
618.203,31,618.5,9277,1160
618.253,31,619.8,9297,1162
618.303,31,617.6,9264,1158
618.353,31,618.6,9280,1160
618.403,31,619.8,9296,1162
618.453,32,637.9,9569,1196
618.503,31,619.2,9289,1161
618.553,31,618.7,9281,1160
618.604,32,639.6,9594,1199
618.654,32,639.9,9599,1200
618.704,31,619.4,9290,1161
618.754,32,639.2,9588,1198
618.804,32,638.4,9576,1197
618.854,32,639.3,9589,1199
618.904,32,639.0,9586,1198
618.954,33,659.2,9888,1236
619.004,32,639.3,9589,1199
619.054,32,638.8,9582,1198
619.104,33,659.8,9898,1237
619.154,32,638.1,9572,1197
619.204,33,660.0,9900,1237
619.254,33,658.4,9877,1235
619.305,33,656.4,9845,1231
619.355,33,659.5,9892,1237
619.405,33,657.7,9866,1233
619.455,33,659.1,9887,1236
619.505,34,679.4,10192,1274
619.555,34,678.7,10181,1273
619.605,34,678.2,10172,1272
619.655,33,659.4,9890,1236
619.705,35,699.1,10486,1311
619.755,34,677.7,10166,1271
619.806,34,677.7,10165,1271
619.856,34,678.7,10181,1273
619.906,35,698.3,10475,1309
619.956,34,678.4,10176,1272
620.006,35,697.4,10460,1308
620.056,34,678.3,10175,1272
620.106,35,698.4,10475,1309
620.157,35,697.6,10464,1308
620.207,34,678.9,10183,1273
620.257,35,698.9,10483,1310
620.307,35,699.9,10498,1312
620.357,36,719.6,10795,1349
620.407,35,698.1,10471,1309
620.457,35,699.9,10499,1312
620.507,36,718.9,10784,1348
620.557,36,717.6,10764,1346
620.607,35,697.7,10465,1308
620.658,37,735.8,11037,1380
620.708,36,719.1,10786,1348
620.758,36,718.5,10777,1347
620.808,36,720.0,10799,1350
620.858,37,739.1,11086,1386
620.908,37,737.8,11068,1383
620.958,37,736.2,11044,1380
621.008,37,739.4,11091,1386
621.059,36,717.1,10757,1345
621.109,37,739.1,11087,1386
621.159,37,739.9,11098,1387
621.209,38,759.5,11392,1424
621.259,37,738.3,11075,1384
621.309,37,738.7,11081,1385
621.359,38,759.3,11390,1424
621.409,37,738.9,11084,1385
621.459,38,759.2,11388,1424
621.509,37,739.8,11096,1387
621.559,38,759.0,11385,1423
621.609,38,758.5,11377,1422
621.659,37,738.0,11070,1384
621.709,38,758.1,11371,1421
621.759,38,759.0,11385,1423
621.810,38,759.8,11397,1425
621.860,38,756.2,11342,1418
621.910,39,779.7,11696,1462
621.960,38,757.8,11367,1421
622.010,39,776.8,11651,1456
622.060,38,759.2,11388,1424
622.110,39,777.2,11658,1457
622.161,38,757.0,11355,1419
622.211,39,778.1,11672,1459
622.261,39,780.0,11700,1462
622.311,39,778.9,11684,1460
622.361,38,757.5,11362,1420
622.411,39,777.3,11659,1457
622.461,39,778.9,11683,1460
622.511,39,777.5,11663,1458
622.561,39,778.3,11674,1459
622.612,39,777.3,11660,1458
622.662,39,778.2,11673,1459
622.712,39,777.9,11669,1459
622.762,39,778.0,11671,1459
622.812,39,779.2,11688,1461
622.862,39,778.8,11683,1460
622.912,39,778.9,11683,1460
622.962,39,779.0,11686,1461
623.012,39,779.0,11685,1461
623.062,39,778.5,11677,1460
623.112,39,779.1,11686,1461
623.163,39,778.7,11680,1460
623.213,39,779.1,11687,1461
623.263,39,777.7,11665,1458
623.313,40,799.3,11989,1499
623.363,39,779.2,11688,1461
623.413,39,778.9,11684,1460
623.463,39,777.5,11662,1458
623.513,40,797.8,11966,1496
623.563,39,777.7,11666,1458
623.613,39,778.4,11675,1459
623.663,40,799.9,11998,1500
623.714,39,778.5,11678,1460
623.764,40,797.3,11959,1495
623.814,39,778.5,11678,1460
623.864,40,798.8,11981,1498
623.914,39,777.2,11658,1457
623.964,39,779.7,11696,1462
624.014,40,799.3,11990,1499
624.064,40,798.6,11979,1497
624.114,39,777.7,11665,1458
624.164,40,799.7,11996,1499
624.214,40,799.7,11995,1499
624.264,40,799.7,11995,1499
624.315,39,775.6,11633,1454
624.365,40,798.1,11972,1496
624.415,40,798.8,11983,1498
624.465,40,797.9,11968,1496
624.515,40,798.7,11980,1498
624.565,40,799.7,11996,1499
624.615,40,799.4,11991,1499
624.665,40,797.8,11968,1496
624.715,40,798.4,11976,1497
624.766,40,797.6,11964,1495
624.816,40,798.9,11983,1498
624.866,41,819.4,12292,1536
624.916,40,798.5,11978,1497
624.966,40,797.9,11969,1496
625.016,41,817.1,12257,1532
625.066,40,799.0,11985,1498
625.116,41,817.8,12267,1533
625.166,41,819.2,12287,1536
625.216,41,818.6,12278,1535
625.266,41,819.1,12286,1536
625.317,41,819.0,12285,1536
625.367,41,819.5,12293,1537
625.417,41,819.9,12299,1537
625.467,42,838.6,12579,1572
625.517,41,816.9,12254,1532
625.567,42,839.1,12586,1573
625.617,41,818.2,12273,1534
625.667,42,837.6,12564,1571
625.717,41,819.3,12289,1536
625.767,42,839.4,12591,1574
625.817,41,819.3,12289,1536
625.867,42,839.1,12586,1573
625.917,42,837.6,12563,1570
625.968,42,839.8,12597,1575
626.018,42,839.2,12587,1573
626.068,41,816.9,12253,1532
626.118,42,837.1,12556,1569
626.168,42,839.4,12590,1574
626.218,42,838.4,12576,1572
626.268,42,838.2,12573,1572
626.318,42,839.3,12590,1574
626.368,43,857.6,12863,1608
626.418,42,838.7,12580,1572
626.469,42,836.8,12552,1569
626.519,42,835.8,12537,1567
626.569,43,859.3,12889,1611
626.619,42,838.8,12582,1573
626.669,43,855.7,12835,1604
626.719,42,839.1,12586,1573
626.769,43,858.0,12871,1609
626.819,43,858.6,12879,1610
626.870,43,856.9,12853,1607
626.920,43,857.3,12859,1607
626.970,43,857.8,12867,1608
627.020,44,879.3,13189,1649
627.070,43,858.2,12874,1609
627.120,44,877.6,13165,1646
627.170,43,857.8,12867,1608
627.221,44,877.0,13155,1644
627.271,44,876.4,13147,1643
627.321,43,859.2,12888,1611
627.371,44,879.9,13199,1650
627.421,44,879.0,13185,1648
627.471,44,878.9,13184,1648
627.521,45,898.8,13482,1685
627.571,44,879.0,13185,1648
627.621,44,879.8,13197,1650
627.671,44,878.0,13170,1646
627.721,44,878.7,13181,1648
627.771,45,898.2,13473,1684
627.821,44,877.4,13161,1645
627.872,44,877.1,13157,1645
627.922,44,877.4,13161,1645
627.972,44,879.3,13190,1649
628.022,45,899.5,13492,1687
628.072,44,877.9,13169,1646
628.122,44,877.9,13169,1646
628.172,44,875.2,13129,1641
628.222,45,899.0,13485,1686
628.272,44,878.9,13184,1648
628.323,44,876.9,13154,1644
628.373,45,899.7,13496,1687
628.423,44,879.5,13193,1649
628.473,45,894.9,13424,1678
628.523,44,879.2,13189,1649
628.573,44,879.7,13195,1649
628.623,45,896.6,13450,1681
628.673,44,878.2,13172,1647
628.723,45,897.6,13464,1683
628.774,44,877.8,13168,1646
628.824,44,876.6,13148,1644
628.874,45,897.8,13468,1683
628.924,44,879.9,13199,1650
628.974,44,876.8,13152,1644
629.024,45,898.8,13483,1685
629.074,44,879.0,13186,1648
629.124,44,880.0,13200,1650
629.174,44,878.1,13171,1646
629.224,44,879.1,13187,1648
629.274,44,880.0,13200,1650
629.325,45,895.5,13433,1679
629.375,44,879.5,13192,1649
629.425,44,877.8,13167,1646
629.475,44,876.4,13147,1643
629.525,44,877.1,13157,1645
629.575,44,877.6,13164,1646
629.625,44,877.7,13165,1646
629.675,44,879.1,13186,1648
629.725,44,879.8,13197,1650
629.776,44,878.7,13181,1648
629.826,44,878.7,13180,1648
629.876,44,879.3,13189,1649
629.926,44,879.2,13188,1649
629.976,44,878.1,13172,1646
630.026,45,895.1,13426,1678
630.076,43,859.7,12896,1612
630.126,44,879.2,13188,1649
630.176,44,879.9,13198,1650
630.226,44,876.7,13150,1644
630.276,44,879.1,13187,1648
630.326,44,880.0,13199,1650
630.377,44,876.9,13153,1644
630.427,44,877.6,13164,1645
630.477,43,859.1,12887,1611
630.527,44,879.7,13196,1649
630.577,43,858.1,12872,1609
630.627,44,877.6,13164,1645
630.677,43,857.1,12856,1607
630.727,44,878.6,13180,1647
630.777,43,856.8,12852,1607
630.828,44,877.9,13168,1646
630.878,44,879.0,13186,1648
630.928,43,857.6,12865,1608
630.978,44,879.8,13197,1650
631.028,43,858.0,12869,1609
631.078,44,876.9,13153,1644
631.128,44,876.7,13150,1644
631.178,43,859.8,12897,1612
631.228,44,878.9,13183,1648
631.278,43,859.3,12890,1611
631.328,43,859.8,12897,1612
631.379,44,877.9,13169,1646
631.429,43,860.0,12900,1612
631.479,44,876.7,13150,1644
631.529,43,856.5,12847,1606
631.579,43,857.5,12863,1608
631.629,44,878.4,13176,1647
631.679,43,857.8,12867,1608
631.729,43,859.4,12891,1611
631.779,43,857.4,12861,1608
631.830,43,858.3,12874,1609
631.880,44,878.9,13184,1648
631.930,43,858.4,12876,1609
631.980,43,857.0,12854,1607
632.030,43,859.0,12885,1611
632.080,44,878.9,13184,1648
632.130,43,859.3,12889,1611
632.180,43,859.9,12898,1612
632.230,43,858.8,12883,1610
632.280,43,859.0,12885,1611
632.330,43,859.9,12898,1612
632.380,43,859.6,12894,1612
632.430,43,857.7,12866,1608
632.480,43,857.6,12864,1608
632.531,43,859.2,12888,1611
632.581,43,857.4,12861,1608
632.631,42,838.7,12580,1573
632.681,43,857.0,12855,1607
632.731,43,857.7,12865,1608
632.781,43,855.0,12825,1603
632.831,43,858.9,12883,1610
632.881,42,840.0,12600,1575
632.932,43,858.8,12882,1610
632.982,43,858.0,12870,1609
633.032,43,856.6,12849,1606
633.082,43,858.9,12884,1611
633.132,43,857.8,12867,1608
633.182,43,858.0,12870,1609
633.232,43,858.7,12880,1610
633.282,43,858.7,12880,1610
633.332,43,859.5,12893,1612
633.382,44,877.9,13168,1646
633.433,43,858.8,12882,1610
633.483,43,857.0,12854,1607
633.533,44,879.7,13195,1649
633.583,43,858.9,12884,1610
633.633,44,879.1,13187,1648
633.683,43,855.5,12832,1604
633.733,44,879.1,13186,1648
633.783,44,877.9,13168,1646
633.833,43,859.3,12890,1611
633.883,44,879.7,13196,1650
633.933,43,857.8,12867,1608
633.984,44,879.0,13185,1648
634.034,43,858.6,12879,1610
634.084,44,878.2,13174,1647
634.134,44,877.3,13160,1645
634.184,43,856.8,12853,1607
634.234,44,878.7,13181,1648
634.284,43,857.4,12862,1608
634.334,44,876.3,13144,1643
634.384,43,859.6,12894,1612
634.435,43,857.3,12859,1607
634.485,43,858.4,12876,1610
634.535,44,875.7,13135,1642
634.585,43,859.3,12890,1611
634.635,43,857.7,12865,1608
634.685,43,859.3,12890,1611
634.735,43,858.2,12873,1609
634.785,43,858.5,12877,1610
634.835,43,859.3,12890,1611
634.886,43,857.6,12864,1608
634.936,43,858.3,12874,1609
634.986,43,858.4,12875,1609
635.036,43,857.8,12868,1608
635.086,43,857.4,12861,1608
635.136,43,858.1,12871,1609
635.186,43,856.9,12853,1607
635.236,43,859.2,12888,1611
635.286,43,859.8,12897,1612
635.336,43,859.1,12887,1611
635.387,43,858.5,12877,1610
635.437,43,857.2,12859,1607
635.487,44,876.6,13149,1644
635.537,43,858.8,12882,1610
635.587,43,859.9,12898,1612
635.637,43,858.0,12870,1609
635.687,44,877.7,13165,1646
635.737,43,858.6,12879,1610
635.787,44,879.5,13193,1649
635.837,43,858.7,12881,1610
635.887,44,879.1,13187,1648
635.937,43,858.9,12883,1610
635.988,44,879.3,13189,1649
636.038,43,856.3,12845,1606
636.088,44,879.2,13188,1649
636.138,43,859.8,12897,1612
636.188,44,877.5,13163,1645
636.238,44,879.8,13197,1650
636.288,43,859.9,12898,1612
636.338,44,878.7,13181,1648
636.388,43,859.2,12888,1611
636.438,43,857.0,12855,1607
636.488,44,878.6,13179,1647
636.539,43,856.7,12850,1606
636.589,44,877.6,13164,1646
636.639,43,858.7,12880,1610
636.689,44,880.0,13200,1650
636.739,43,857.7,12866,1608
636.789,43,859.7,12896,1612
636.839,44,878.3,13174,1647
636.889,43,856.2,12843,1605
636.939,44,878.2,13173,1647
636.989,43,859.1,12886,1611
637.040,44,877.8,13166,1646
637.090,43,858.8,12882,1610
637.140,44,877.8,13167,1646
637.190,43,855.7,12835,1604
637.240,44,879.2,13188,1648
637.290,44,876.9,13153,1644
637.340,43,858.7,12880,1610
637.390,44,878.7,13181,1648
637.440,44,879.3,13189,1649
637.490,43,859.2,12888,1611
637.541,44,877.9,13168,1646
637.591,44,879.7,13195,1649
637.641,43,859.9,12898,1612
637.691,44,877.8,13166,1646
637.741,44,878.1,13172,1647
637.791,44,878.4,13176,1647
637.841,43,856.6,12850,1606
637.891,44,879.5,13192,1649
637.941,44,879.6,13194,1649
637.991,43,858.0,12870,1609
638.041,44,878.9,13183,1648
638.092,44,875.5,13133,1642
638.142,44,878.0,13170,1646
638.192,43,857.1,12857,1607
638.242,44,877.2,13157,1645
638.292,43,858.1,12872,1609
638.342,44,877.2,13158,1645
638.392,43,858.3,12875,1609
638.442,44,877.9,13168,1646
638.492,43,860.0,12900,1612
638.543,44,877.7,13165,1646
638.593,43,856.8,12852,1606
638.643,43,855.7,12836,1604
638.693,44,879.1,13187,1648
638.743,43,859.3,12889,1611
638.793,43,857.4,12861,1608
638.843,43,859.0,12885,1611
638.893,43,859.9,12899,1612
638.943,43,859.2,12888,1611
638.994,43,858.1,12871,1609
639.044,43,855.1,12826,1603
639.094,43,859.1,12886,1611
639.144,43,859.5,12892,1611
639.194,43,858.6,12879,1610
639.244,43,857.8,12867,1608
639.294,43,857.6,12864,1608
639.344,43,859.8,12897,1612
639.394,42,839.3,12590,1574
639.444,43,857.9,12869,1609
639.495,43,857.7,12866,1608
639.545,43,858.9,12884,1610
639.595,43,857.9,12869,1609
639.645,43,856.7,12851,1606
639.695,42,838.1,12572,1572
639.745,43,859.1,12886,1611
639.795,43,858.5,12878,1610
639.845,43,859.2,12887,1611
639.895,43,859.1,12887,1611
639.945,42,838.6,12580,1572
639.995,43,859.0,12886,1611
640.046,44,877.9,13169,1646
640.096,43,857.5,12863,1608
640.146,43,857.1,12856,1607
640.196,44,877.0,13155,1644
640.246,43,857.3,12859,1607
640.296,44,876.9,13154,1644
640.347,44,877.1,13157,1645
640.397,43,859.6,12893,1612
640.447,44,878.0,13170,1646
640.497,44,879.3,13189,1649
640.547,43,858.6,12880,1610
640.597,44,879.1,13187,1648
640.647,43,859.4,12891,1611
640.697,44,879.4,13192,1649
640.747,44,878.8,13182,1648
640.797,43,859.8,12898,1612
640.847,44,879.3,13189,1649
640.897,43,856.7,12850,1606
640.947,44,878.6,13179,1647
640.997,44,876.8,13152,1644
641.048,43,858.0,12870,1609
641.098,44,878.6,13178,1647
641.148,43,859.9,12899,1612
641.198,44,878.7,13181,1648
641.248,43,858.4,12876,1609
641.298,44,878.3,13175,1647
641.348,43,859.4,12890,1611
641.398,43,858.7,12880,1610
641.448,44,878.9,13183,1648
641.498,43,859.6,12894,1612
641.548,44,878.5,13178,1647
641.598,43,856.7,12850,1606
641.649,44,875.6,13134,1642
641.699,43,857.1,12857,1607
641.749,44,879.8,13197,1650
641.799,43,858.5,12877,1610
641.849,43,858.0,12870,1609
641.899,44,879.2,13189,1649
641.949,43,859.1,12886,1611
641.999,43,857.8,12867,1608
642.049,44,878.8,13182,1648
642.099,43,857.9,12868,1609
642.150,43,859.0,12885,1611
642.200,43,859.8,12898,1612
642.250,43,857.2,12858,1607
642.300,43,858.8,12882,1610
642.350,43,859.0,12885,1611
642.400,43,858.5,12878,1610
642.450,43,859.9,12898,1612
642.500,43,856.8,12852,1606
642.550,43,859.5,12893,1612
642.600,42,838.7,12580,1573
642.650,43,856.7,12850,1606
642.700,43,860.0,12899,1612
642.750,43,859.2,12888,1611
642.801,43,857.8,12867,1608
642.851,43,859.4,12891,1611
642.901,43,858.2,12873,1609
642.951,43,857.0,12855,1607
643.001,44,878.6,13180,1647
643.051,43,858.2,12874,1609
643.101,43,858.7,12880,1610
643.151,43,857.4,12862,1608
643.201,44,877.1,13157,1645
643.251,43,859.9,12899,1612
643.302,44,879.7,13196,1650
643.352,43,859.2,12889,1611
643.402,44,876.9,13154,1644
643.452,43,858.8,12881,1610
643.502,44,876.4,13146,1643
643.552,43,858.6,12879,1610
643.602,44,879.8,13197,1650
643.652,43,856.3,12845,1606
643.702,44,879.4,13191,1649
643.752,43,858.1,12871,1609
643.802,44,880.0,13199,1650
643.853,43,859.0,12884,1611
643.903,43,859.9,12898,1612
643.953,44,879.7,13196,1650
644.003,43,857.9,12869,1609
644.053,43,858.8,12882,1610
644.103,44,879.7,13196,1650
644.153,43,859.9,12899,1612
644.203,44,877.7,13166,1646
644.253,43,857.5,12863,1608
644.303,44,877.8,13167,1646
644.353,43,858.7,12880,1610
644.403,44,879.7,13196,1649
644.453,43,859.5,12893,1612
644.503,44,878.9,13184,1648
644.554,44,876.2,13143,1643
644.604,43,856.7,12851,1606
644.654,44,877.0,13155,1644
644.704,43,856.8,12852,1607
644.754,44,876.9,13153,1644
644.804,43,858.2,12873,1609
644.854,44,879.5,13193,1649
644.904,43,859.0,12886,1611
644.955,43,857.9,12869,1609
645.005,44,877.3,13160,1645
645.055,43,856.6,12849,1606
645.105,43,859.8,12897,1612
645.155,43,859.5,12893,1612
645.205,43,857.2,12857,1607
645.255,43,857.3,12860,1608
645.305,43,859.3,12889,1611
645.356,44,876.3,13144,1643
645.406,43,857.1,12857,1607
645.456,43,858.7,12881,1610
645.506,43,858.4,12876,1610
645.556,43,857.6,12864,1608
645.606,43,858.9,12884,1610
645.656,43,857.6,12864,1608
645.706,43,859.1,12886,1611
645.756,43,857.1,12856,1607
645.806,43,859.9,12899,1612
645.856,43,859.9,12899,1612
645.907,38,758.8,11381,1423
645.957,0,0.0,0,0
646.007,0,0.0,0,0
646.057,0,0.0,0,0
646.107,0,0.0,0,0
646.157,0,0.0,0,0
646.207,0,0.0,0,0
646.257,0,0.0,0,0
646.307,0,0.0,0,0
646.357,0,0.0,0,0
646.408,0,0.0,0,0
646.458,0,0.0,0,0
646.508,0,0.0,0,0
646.558,0,0.0,0,0
646.608,0,0.0,0,0
646.658,0,0.0,0,0
646.708,0,0.0,0,0
646.758,0,0.0,0,0
646.808,0,0.0,0,0
646.858,0,0.0,0,0
646.909,0,0.0,0,0
646.959,0,0.0,0,0
647.009,0,0.0,0,0
647.059,0,0.0,0,0
647.109,0,0.0,0,0
647.159,0,0.0,0,0
647.209,0,0.0,0,0
647.259,0,0.0,0,0
647.310,0,0.0,0,0
647.360,0,0.0,0,0
647.410,0,0.0,0,0
647.460,0,0.0,0,0
647.510,0,0.0,0,0
647.560,0,0.0,0,0
647.610,0,0.0,0,0
647.660,0,0.0,0,0
647.710,0,0.0,0,0
647.760,0,0.0,0,0
647.811,0,0.0,0,0
647.861,0,0.0,0,0
647.911,0,0.0,0,0
647.961,0,0.0,0,0
648.011,0,0.0,0,0
648.061,0,0.0,0,0
648.111,0,0.0,0,0
648.161,0,0.0,0,0
648.211,0,0.0,0,0
648.262,0,0.0,0,0
648.312,0,0.0,0,0
648.362,0,0.0,0,0
648.412,0,0.0,0,0
648.462,0,0.0,0,0
648.512,0,0.0,0,0
648.562,0,0.0,0,0
648.612,0,0.0,0,0
648.662,0,0.0,0,0
648.712,0,0.0,0,0
648.763,0,0.0,0,0
648.813,0,0.0,0,0
648.863,0,0.0,0,0
648.913,0,0.0,0,0
648.963,0,0.0,0,0
649.013,0,0.0,0,0
649.063,0,0.0,0,0
649.113,0,0.0,0,0
649.163,0,0.0,0,0
649.213,0,0.0,0,0
649.263,0,0.0,0,0
649.314,0,0.0,0,0
649.364,0,0.0,0,0
649.414,0,0.0,0,0
649.464,0,0.0,0,0
649.514,0,0.0,0,0
649.564,0,0.0,0,0
649.614,0,0.0,0,0
649.664,0,0.0,0,0
649.714,0,0.0,0,0
649.765,0,0.0,0,0
649.815,0,0.0,0,0
649.865,0,0.0,0,0
649.915,0,0.0,0,0
649.965,0,0.0,0,0
650.015,0,0.0,0,0
650.065,0,0.0,0,0
650.115,0,0.0,0,0
650.165,0,0.0,0,0
650.215,0,0.0,0,0
650.265,0,0.0,0,0
650.315,0,0.0,0,0
650.366,0,0.0,0,0
650.416,0,0.0,0,0
650.466,0,0.0,0,0
650.516,0,0.0,0,0
650.566,0,0.0,0,0
650.616,0,0.0,0,0
650.666,0,0.0,0,0
650.716,0,0.0,0,0
650.766,0,0.0,0,0
650.817,0,0.0,0,0
650.867,0,0.0,0,0
650.917,0,0.0,0,0
650.967,0,0.0,0,0
651.017,0,0.0,0,0
651.067,0,0.0,0,0
651.117,0,0.0,0,0
651.168,0,0.0,0,0
651.218,0,0.0,0,0
651.268,0,0.0,0,0
651.318,0,0.0,0,0
651.368,0,0.0,0,0
651.418,0,0.0,0,0
651.468,0,0.0,0,0
651.518,0,0.0,0,0
651.568,0,0.0,0,0
651.618,0,0.0,0,0
651.668,0,0.0,0,0
651.718,0,0.0,0,0
651.768,0,0.0,0,0
651.819,0,0.0,0,0
651.869,0,0.0,0,0
651.919,0,0.0,0,0
651.969,0,0.0,0,0
652.019,0,0.0,0,0
652.069,0,0.0,0,0
652.119,0,0.0,0,0
652.169,0,0.0,0,0
652.219,0,0.0,0,0
652.270,0,0.0,0,0
652.320,0,0.0,0,0
652.370,0,0.0,0,0
652.420,0,0.0,0,0
652.470,0,0.0,0,0
652.520,0,0.0,0,0
652.570,0,0.0,0,0
652.620,0,0.0,0,0
652.670,0,0.0,0,0
652.720,0,0.0,0,0
652.770,0,0.0,0,0
652.821,0,0.0,0,0
652.871,0,0.0,0,0
652.921,0,0.0,0,0
652.971,0,0.0,0,0
653.021,0,0.0,0,0
653.071,0,0.0,0,0
653.121,0,0.0,0,0
653.171,0,0.0,0,0
653.221,0,0.0,0,0
653.271,0,0.0,0,0
653.322,0,0.0,0,0
653.372,0,0.0,0,0
653.422,0,0.0,0,0
653.472,0,0.0,0,0
653.522,0,0.0,0,0
653.572,0,0.0,0,0
653.622,0,0.0,0,0
653.672,0,0.0,0,0
653.722,0,0.0,0,0
653.772,0,0.0,0,0
653.822,0,0.0,0,0
653.872,0,0.0,0,0
653.923,0,0.0,0,0
653.973,0,0.0,0,0
654.023,0,0.0,0,0
654.073,0,0.0,0,0
654.123,0,0.0,0,0
654.173,0,0.0,0,0
654.223,0,0.0,0,0
654.273,0,0.0,0,0
654.323,0,0.0,0,0
654.373,0,0.0,0,0
654.423,0,0.0,0,0
654.474,0,0.0,0,0
654.524,0,0.0,0,0
654.574,0,0.0,0,0
654.624,0,0.0,0,0
654.674,0,0.0,0,0
654.724,0,0.0,0,0
654.774,0,0.0,0,0
654.824,0,0.0,0,0
654.874,0,0.0,0,0
654.924,0,0.0,0,0
654.975,0,0.0,0,0
655.025,0,0.0,0,0
655.075,0,0.0,0,0
655.125,0,0.0,0,0
655.175,0,0.0,0,0
655.225,0,0.0,0,0
655.275,0,0.0,0,0
655.325,0,0.0,0,0
655.375,0,0.0,0,0
655.425,0,0.0,0,0
655.476,0,0.0,0,0
655.526,0,0.0,0,0
655.576,0,0.0,0,0
655.626,0,0.0,0,0
655.676,0,0.0,0,0
655.726,0,0.0,0,0
655.776,0,0.0,0,0
655.826,0,0.0,0,0
655.876,0,0.0,0,0
655.926,0,0.0,0,0
655.976,0,0.0,0,0
656.026,0,0.0,0,0
656.076,0,0.0,0,0
656.126,0,0.0,0,0
656.177,0,0.0,0,0
656.227,0,0.0,0,0
656.277,0,0.0,0,0
656.327,0,0.0,0,0
656.377,0,0.0,0,0
656.427,0,0.0,0,0
656.477,0,0.0,0,0
656.527,0,0.0,0,0
656.577,0,0.0,0,0
656.628,0,0.0,0,0
656.678,0,0.0,0,0
656.728,0,0.0,0,0
656.778,0,0.0,0,0
656.828,0,0.0,0,0
656.878,0,0.0,0,0
656.928,0,0.0,0,0
656.978,0,0.0,0,0
657.028,0,0.0,0,0
657.078,0,0.0,0,0
657.128,0,0.0,0,0
657.179,0,0.0,0,0
657.229,0,0.0,0,0
657.279,0,0.0,0,0
657.329,0,0.0,0,0
657.379,0,0.0,0,0
657.429,0,0.0,0,0
657.479,0,0.0,0,0
657.529,0,0.0,0,0
657.579,0,0.0,0,0
657.629,0,0.0,0,0
657.680,0,0.0,0,0
657.730,0,0.0,0,0
657.780,0,0.0,0,0
657.830,0,0.0,0,0
657.880,0,0.0,0,0
657.930,0,0.0,0,0
657.980,0,0.0,0,0
658.030,0,0.0,0,0
658.080,0,0.0,0,0
658.131,0,0.0,0,0
658.181,0,0.0,0,0
658.231,0,0.0,0,0
658.281,0,0.0,0,0
658.331,0,0.0,0,0
658.381,0,0.0,0,0
658.431,0,0.0,0,0
658.481,0,0.0,0,0
658.531,0,0.0,0,0
658.581,0,0.0,0,0
658.631,0,0.0,0,0
658.681,0,0.0,0,0
658.731,0,0.0,0,0
658.782,0,0.0,0,0
658.832,0,0.0,0,0
658.882,0,0.0,0,0
658.932,0,0.0,0,0
658.982,0,0.0,0,0
659.032,0,0.0,0,0
659.082,0,0.0,0,0
659.133,0,0.0,0,0
659.183,0,0.0,0,0
659.233,0,0.0,0,0
659.283,0,0.0,0,0
659.333,0,0.0,0,0
659.383,0,0.0,0,0
659.433,0,0.0,0,0
659.483,0,0.0,0,0
659.533,0,0.0,0,0
659.583,0,0.0,0,0
659.634,0,0.0,0,0
659.684,0,0.0,0,0
659.734,0,0.0,0,0
659.784,0,0.0,0,0
659.834,0,0.0,0,0
659.884,0,0.0,0,0
659.934,0,0.0,0,0
659.984,0,0.0,0,0
660.034,0,0.0,0,0
660.084,0,0.0,0,0
660.135,0,0.0,0,0
660.185,0,0.0,0,0
660.235,0,0.0,0,0
660.285,0,0.0,0,0
660.335,0,0.0,0,0
660.385,0,0.0,0,0
660.435,0,0.0,0,0
660.485,0,0.0,0,0
660.535,0,0.0,0,0
660.585,0,0.0,0,0
660.635,0,0.0,0,0
660.686,0,0.0,0,0
660.736,0,0.0,0,0
660.786,0,0.0,0,0
660.836,0,0.0,0,0
660.886,0,0.0,0,0
660.936,0,0.0,0,0
660.986,0,0.0,0,0
661.036,0,0.0,0,0
661.086,0,0.0,0,0
661.136,0,0.0,0,0
661.186,0,0.0,0,0
661.236,0,0.0,0,0
661.286,0,0.0,0,0
661.336,0,0.0,0,0
661.387,0,0.0,0,0
661.437,0,0.0,0,0
661.487,0,0.0,0,0
661.537,0,0.0,0,0
661.587,0,0.0,0,0
661.637,0,0.0,0,0
661.687,0,0.0,0,0
661.737,0,0.0,0,0
661.787,0,0.0,0,0
661.837,0,0.0,0,0
661.887,0,0.0,0,0
661.937,0,0.0,0,0
661.988,0,0.0,0,0
662.038,0,0.0,0,0
662.088,0,0.0,0,0
662.138,0,0.0,0,0
662.188,0,0.0,0,0
662.238,0,0.0,0,0
662.288,0,0.0,0,0
662.339,0,0.0,0,0
662.389,0,0.0,0,0
662.439,0,0.0,0,0
662.489,0,0.0,0,0
662.539,0,0.0,0,0
662.589,0,0.0,0,0
662.639,0,0.0,0,0
662.689,0,0.0,0,0
662.739,0,0.0,0,0
662.789,0,0.0,0,0
662.840,0,0.0,0,0
662.890,0,0.0,0,0
662.940,0,0.0,0,0
662.990,0,0.0,0,0
663.040,0,0.0,0,0
663.090,0,0.0,0,0
663.140,0,0.0,0,0
663.190,0,0.0,0,0
663.240,0,0.0,0,0
663.291,0,0.0,0,0
663.341,0,0.0,0,0
663.391,0,0.0,0,0
663.441,0,0.0,0,0
663.491,0,0.0,0,0
663.541,0,0.0,0,0
663.591,0,0.0,0,0
663.641,0,0.0,0,0
663.691,0,0.0,0,0
663.742,0,0.0,0,0
663.792,0,0.0,0,0
663.842,0,0.0,0,0
663.892,0,0.0,0,0
663.942,0,0.0,0,0
663.992,0,0.0,0,0
664.042,0,0.0,0,0
664.092,0,0.0,0,0
664.143,0,0.0,0,0
664.193,0,0.0,0,0
664.243,0,0.0,0,0
664.293,0,0.0,0,0
664.343,0,0.0,0,0
664.393,0,0.0,0,0
664.443,0,0.0,0,0
664.493,0,0.0,0,0
664.543,0,0.0,0,0
664.593,0,0.0,0,0
664.643,0,0.0,0,0
664.694,0,0.0,0,0
664.744,0,0.0,0,0
664.794,0,0.0,0,0
664.844,0,0.0,0,0
664.894,0,0.0,0,0
664.944,0,0.0,0,0
664.994,0,0.0,0,0
665.044,0,0.0,0,0
665.095,0,0.0,0,0
665.145,0,0.0,0,0
665.195,0,0.0,0,0
665.245,0,0.0,0,0
665.295,0,0.0,0,0
665.345,0,0.0,0,0
665.395,0,0.0,0,0
665.445,0,0.0,0,0
665.495,0,0.0,0,0
665.545,0,0.0,0,0
665.596,0,0.0,0,0
665.646,0,0.0,0,0
665.696,0,0.0,0,0
665.746,0,0.0,0,0
665.796,0,0.0,0,0
665.846,0,0.0,0,0
665.896,0,0.0,0,0
665.946,0,0.0,0,0
665.996,0,0.0,0,0
666.046,0,0.0,0,0
666.096,0,0.0,0,0
666.147,0,0.0,0,0
666.197,0,0.0,0,0
666.247,0,0.0,0,0
666.297,0,0.0,0,0
666.347,0,0.0,0,0
666.397,0,0.0,0,0
666.447,0,0.0,0,0
666.497,0,0.0,0,0
666.547,0,0.0,0,0
666.598,0,0.0,0,0
666.648,0,0.0,0,0
666.698,0,0.0,0,0
666.748,0,0.0,0,0
666.798,0,0.0,0,0
666.848,0,0.0,0,0
666.898,0,0.0,0,0
666.949,0,0.0,0,0
666.999,0,0.0,0,0
667.049,0,0.0,0,0
667.099,0,0.0,0,0
667.149,0,0.0,0,0
667.199,0,0.0,0,0
667.249,0,0.0,0,0
667.299,0,0.0,0,0
667.349,0,0.0,0,0
667.400,0,0.0,0,0
667.450,0,0.0,0,0
667.500,0,0.0,0,0
667.550,0,0.0,0,0
667.600,0,0.0,0,0
667.650,0,0.0,0,0
667.700,0,0.0,0,0
667.750,0,0.0,0,0
667.800,0,0.0,0,0
667.850,0,0.0,0,0
667.900,0,0.0,0,0
667.950,0,0.0,0,0
668.000,0,0.0,0,0
668.051,0,0.0,0,0
668.101,0,0.0,0,0
668.151,0,0.0,0,0
668.201,0,0.0,0,0
668.251,0,0.0,0,0
668.301,0,0.0,0,0
668.351,0,0.0,0,0
668.401,0,0.0,0,0
668.451,0,0.0,0,0
668.501,0,0.0,0,0
668.551,0,0.0,0,0
668.602,0,0.0,0,0
668.652,0,0.0,0,0
668.702,0,0.0,0,0
668.752,0,0.0,0,0
668.802,0,0.0,0,0
668.852,0,0.0,0,0
668.902,0,0.0,0,0
668.952,0,0.0,0,0
669.002,0,0.0,0,0
669.052,0,0.0,0,0
669.102,0,0.0,0,0
669.153,0,0.0,0,0
669.203,0,0.0,0,0
669.253,0,0.0,0,0
669.303,0,0.0,0,0
669.353,0,0.0,0,0
669.403,0,0.0,0,0
669.453,0,0.0,0,0
669.503,0,0.0,0,0
669.553,0,0.0,0,0
669.604,0,0.0,0,0
669.654,0,0.0,0,0
669.704,0,0.0,0,0
669.754,0,0.0,0,0
669.804,0,0.0,0,0
669.854,0,0.0,0,0
669.904,0,0.0,0,0
669.954,0,0.0,0,0
670.004,0,0.0,0,0
670.055,0,0.0,0,0
670.105,0,0.0,0,0
670.155,0,0.0,0,0
670.205,0,0.0,0,0
670.255,0,0.0,0,0
670.305,0,0.0,0,0
670.355,0,0.0,0,0
670.405,0,0.0,0,0
670.455,0,0.0,0,0
670.505,0,0.0,0,0
670.555,0,0.0,0,0
670.605,0,0.0,0,0
670.656,0,0.0,0,0
670.706,0,0.0,0,0
670.756,0,0.0,0,0
670.806,0,0.0,0,0
670.856,0,0.0,0,0
670.906,0,0.0,0,0
670.956,0,0.0,0,0
671.006,0,0.0,0,0
671.056,0,0.0,0,0
671.107,0,0.0,0,0
671.157,0,0.0,0,0
671.207,0,0.0,0,0
671.257,0,0.0,0,0
671.307,0,0.0,0,0
671.357,0,0.0,0,0
671.407,0,0.0,0,0
671.457,0,0.0,0,0
671.507,0,0.0,0,0
671.557,0,0.0,0,0
671.607,0,0.0,0,0
671.658,0,0.0,0,0
671.708,0,0.0,0,0
671.758,0,0.0,0,0
671.808,0,0.0,0,0
671.858,0,0.0,0,0
671.908,0,0.0,0,0
671.958,0,0.0,0,0
672.008,0,0.0,0,0
672.058,0,0.0,0,0
672.109,0,0.0,0,0
672.159,0,0.0,0,0
672.209,0,0.0,0,0
672.259,0,0.0,0,0
672.309,0,0.0,0,0
672.359,0,0.0,0,0
672.409,0,0.0,0,0
672.459,0,0.0,0,0
672.509,0,0.0,0,0
672.559,0,0.0,0,0
672.609,0,0.0,0,0
672.659,0,0.0,0,0
672.709,0,0.0,0,0
672.760,0,0.0,0,0
672.810,0,0.0,0,0
672.860,0,0.0,0,0
672.910,0,0.0,0,0
672.960,0,0.0,0,0
673.010,0,0.0,0,0
673.060,0,0.0,0,0
673.110,0,0.0,0,0
673.160,0,0.0,0,0
673.210,0,0.0,0,0
673.261,0,0.0,0,0
673.311,0,0.0,0,0
673.361,0,0.0,0,0
673.411,0,0.0,0,0
673.461,0,0.0,0,0
673.511,0,0.0,0,0
673.561,0,0.0,0,0
673.611,0,0.0,0,0
673.661,0,0.0,0,0
673.711,0,0.0,0,0
673.762,0,0.0,0,0
673.812,0,0.0,0,0
673.862,0,0.0,0,0
673.912,0,0.0,0,0
673.962,0,0.0,0,0
674.012,0,0.0,0,0
674.062,0,0.0,0,0
674.112,0,0.0,0,0
674.162,0,0.0,0,0
674.212,0,0.0,0,0
674.262,0,0.0,0,0
674.312,0,0.0,0,0
674.363,0,0.0,0,0
674.413,0,0.0,0,0
674.463,0,0.0,0,0
674.513,0,0.0,0,0
674.563,0,0.0,0,0
674.613,0,0.0,0,0
674.663,0,0.0,0,0
674.713,0,0.0,0,0
674.764,0,0.0,0,0
674.814,0,0.0,0,0
674.864,0,0.0,0,0
674.914,0,0.0,0,0
674.964,0,0.0,0,0
675.014,0,0.0,0,0
675.064,0,0.0,0,0
675.114,0,0.0,0,0
675.164,0,0.0,0,0
675.215,0,0.0,0,0
675.265,0,0.0,0,0
675.315,0,0.0,0,0
675.365,0,0.0,0,0
675.415,0,0.0,0,0
675.465,0,0.0,0,0
675.515,0,0.0,0,0
675.565,0,0.0,0,0
675.616,0,0.0,0,0
675.666,0,0.0,0,0
675.716,0,0.0,0,0
675.766,0,0.0,0,0
675.816,0,0.0,0,0
675.866,0,0.0,0,0
675.916,0,0.0,0,0
675.966,0,0.0,0,0
676.017,0,0.0,0,0
676.067,0,0.0,0,0
676.117,0,0.0,0,0
676.167,0,0.0,0,0
676.217,0,0.0,0,0
676.267,0,0.0,0,0
676.317,0,0.0,0,0
676.367,0,0.0,0,0
676.417,0,0.0,0,0
676.467,0,0.0,0,0
676.517,0,0.0,0,0
676.567,0,0.0,0,0
676.617,0,0.0,0,0
676.668,0,0.0,0,0
676.718,0,0.0,0,0
676.768,0,0.0,0,0
676.818,0,0.0,0,0
676.868,0,0.0,0,0
676.918,0,0.0,0,0
676.968,0,0.0,0,0
677.018,0,0.0,0,0
677.068,0,0.0,0,0
677.118,0,0.0,0,0
677.169,0,0.0,0,0
677.219,0,0.0,0,0
677.269,0,0.0,0,0
677.319,0,0.0,0,0
677.369,0,0.0,0,0
677.419,0,0.0,0,0
677.469,0,0.0,0,0
677.519,0,0.0,0,0
677.569,0,0.0,0,0
677.619,0,0.0,0,0
677.669,0,0.0,0,0
677.719,0,0.0,0,0
677.770,0,0.0,0,0
677.820,0,0.0,0,0
677.870,0,0.0,0,0
677.920,0,0.0,0,0
677.970,0,0.0,0,0
678.020,0,0.0,0,0
678.070,0,0.0,0,0
678.120,0,0.0,0,0
678.170,0,0.0,0,0
678.221,0,0.0,0,0
678.271,0,0.0,0,0
678.321,0,0.0,0,0
678.371,0,0.0,0,0
678.421,0,0.0,0,0
678.471,0,0.0,0,0
678.521,0,0.0,0,0
678.571,0,0.0,0,0
678.621,0,0.0,0,0
678.671,0,0.0,0,0
678.721,0,0.0,0,0
678.772,0,0.0,0,0
678.822,0,0.0,0,0
678.872,0,0.0,0,0
678.922,0,0.0,0,0
678.972,0,0.0,0,0
679.022,0,0.0,0,0
679.072,0,0.0,0,0
679.122,0,0.0,0,0
679.172,0,0.0,0,0
679.223,0,0.0,0,0
679.273,0,0.0,0,0
679.323,0,0.0,0,0
679.373,0,0.0,0,0
679.423,0,0.0,0,0
679.473,0,0.0,0,0
679.523,0,0.0,0,0
679.573,0,0.0,0,0
679.623,0,0.0,0,0
679.673,0,0.0,0,0
679.724,0,0.0,0,0
679.774,0,0.0,0,0
679.824,0,0.0,0,0
679.874,0,0.0,0,0
679.924,0,0.0,0,0
679.974,0,0.0,0,0
680.024,0,0.0,0,0
680.074,0,0.0,0,0
680.124,0,0.0,0,0
680.175,0,0.0,0,0
680.225,0,0.0,0,0
680.275,0,0.0,0,0
680.325,0,0.0,0,0
680.375,0,0.0,0,0
680.425,0,0.0,0,0
680.475,0,0.0,0,0
680.525,0,0.0,0,0
680.576,0,0.0,0,0
680.626,0,0.0,0,0
680.676,0,0.0,0,0
680.726,0,0.0,0,0
680.776,0,0.0,0,0
680.826,0,0.0,0,0
680.876,0,0.0,0,0
680.926,0,0.0,0,0
680.976,0,0.0,0,0
681.027,0,0.0,0,0
681.077,0,0.0,0,0
681.127,0,0.0,0,0
681.177,0,0.0,0,0
681.227,0,0.0,0,0
681.277,0,0.0,0,0
681.327,0,0.0,0,0
681.377,0,0.0,0,0
681.427,0,0.0,0,0
681.477,0,0.0,0,0
681.527,0,0.0,0,0
681.577,0,0.0,0,0
681.627,0,0.0,0,0
681.678,0,0.0,0,0
681.728,0,0.0,0,0
681.778,0,0.0,0,0
681.828,0,0.0,0,0
681.878,0,0.0,0,0
681.928,0,0.0,0,0
681.978,0,0.0,0,0
682.028,0,0.0,0,0
682.078,0,0.0,0,0
682.128,0,0.0,0,0
682.178,0,0.0,0,0
682.229,0,0.0,0,0
682.279,0,0.0,0,0
682.329,0,0.0,0,0
682.379,0,0.0,0,0
682.429,0,0.0,0,0
682.479,0,0.0,0,0
682.529,0,0.0,0,0
682.579,0,0.0,0,0
682.629,0,0.0,0,0
682.679,0,0.0,0,0
682.729,0,0.0,0,0
682.780,0,0.0,0,0
682.830,0,0.0,0,0
682.880,0,0.0,0,0
682.930,0,0.0,0,0
682.980,0,0.0,0,0
683.030,0,0.0,0,0
683.080,0,0.0,0,0
683.130,0,0.0,0,0
683.180,0,0.0,0,0
683.230,0,0.0,0,0
683.280,0,0.0,0,0
683.330,0,0.0,0,0
683.381,0,0.0,0,0
683.431,0,0.0,0,0
683.481,0,0.0,0,0
683.531,0,0.0,0,0
683.581,0,0.0,0,0
683.631,0,0.0,0,0
683.681,0,0.0,0,0
683.731,0,0.0,0,0
683.781,0,0.0,0,0
683.831,0,0.0,0,0
683.881,0,0.0,0,0
683.932,0,0.0,0,0
683.982,0,0.0,0,0
684.032,0,0.0,0,0
684.082,0,0.0,0,0
684.132,0,0.0,0,0
684.182,0,0.0,0,0
684.232,0,0.0,0,0
684.282,0,0.0,0,0
684.332,0,0.0,0,0
684.382,0,0.0,0,0
684.432,0,0.0,0,0
684.482,0,0.0,0,0
684.533,0,0.0,0,0
684.583,0,0.0,0,0
684.633,0,0.0,0,0
684.683,0,0.0,0,0
684.733,0,0.0,0,0
684.783,0,0.0,0,0
684.833,0,0.0,0,0
684.883,0,0.0,0,0
684.933,0,0.0,0,0
684.983,0,0.0,0,0
685.034,0,0.0,0,0
685.084,0,0.0,0,0
685.134,0,0.0,0,0
685.184,0,0.0,0,0
685.234,0,0.0,0,0
685.284,0,0.0,0,0
685.334,0,0.0,0,0
685.384,0,0.0,0,0
685.434,0,0.0,0,0
685.485,0,0.0,0,0
685.535,0,0.0,0,0
685.585,0,0.0,0,0
685.635,0,0.0,0,0
685.685,0,0.0,0,0
685.735,0,0.0,0,0
685.785,0,0.0,0,0
685.835,0,0.0,0,0
685.885,0,0.0,0,0
685.935,0,0.0,0,0
685.986,0,0.0,0,0
686.036,0,0.0,0,0
686.086,0,0.0,0,0
686.136,0,0.0,0,0
686.186,0,0.0,0,0
686.236,0,0.0,0,0
686.286,0,0.0,0,0
686.336,0,0.0,0,0
686.386,0,0.0,0,0
686.437,0,0.0,0,0
686.487,0,0.0,0,0
686.537,0,0.0,0,0
686.587,0,0.0,0,0
686.637,0,0.0,0,0
686.687,0,0.0,0,0
686.737,0,0.0,0,0
686.787,0,0.0,0,0
686.837,0,0.0,0,0
686.887,0,0.0,0,0
686.937,0,0.0,0,0
686.987,0,0.0,0,0
687.037,0,0.0,0,0
687.088,0,0.0,0,0
687.138,0,0.0,0,0
687.188,0,0.0,0,0
687.238,0,0.0,0,0
687.288,0,0.0,0,0
687.338,0,0.0,0,0
687.388,0,0.0,0,0
687.438,0,0.0,0,0
687.489,0,0.0,0,0
687.539,0,0.0,0,0
687.589,0,0.0,0,0
687.639,0,0.0,0,0
687.689,0,0.0,0,0
687.739,0,0.0,0,0
687.789,0,0.0,0,0
687.839,0,0.0,0,0
687.889,0,0.0,0,0
687.940,0,0.0,0,0
687.990,0,0.0,0,0
688.040,0,0.0,0,0
688.090,0,0.0,0,0
688.140,0,0.0,0,0
688.190,0,0.0,0,0
688.240,0,0.0,0,0
688.290,0,0.0,0,0
688.340,0,0.0,0,0
688.390,0,0.0,0,0
688.440,0,0.0,0,0
688.490,0,0.0,0,0
688.541,0,0.0,0,0
688.591,0,0.0,0,0
688.641,0,0.0,0,0
688.691,0,0.0,0,0
688.741,0,0.0,0,0
688.791,0,0.0,0,0
688.841,0,0.0,0,0
688.891,0,0.0,0,0
688.942,0,0.0,0,0
688.992,0,0.0,0,0
689.042,0,0.0,0,0
689.092,0,0.0,0,0
689.142,0,0.0,0,0
689.192,0,0.0,0,0
689.242,0,0.0,0,0
689.292,0,0.0,0,0
689.342,0,0.0,0,0
689.392,0,0.0,0,0
689.442,0,0.0,0,0
689.493,0,0.0,0,0
689.543,0,0.0,0,0
689.593,0,0.0,0,0
689.643,0,0.0,0,0
689.693,0,0.0,0,0
689.743,0,0.0,0,0
689.793,0,0.0,0,0
689.844,0,0.0,0,0
689.894,0,0.0,0,0
689.944,0,0.0,0,0
689.994,0,0.0,0,0
690.044,0,0.0,0,0
690.094,0,0.0,0,0
690.144,0,0.0,0,0
690.194,0,0.0,0,0
690.244,0,0.0,0,0
690.294,0,0.0,0,0
690.344,0,0.0,0,0
690.394,0,0.0,0,0
690.444,0,0.0,0,0
690.494,0,0.0,0,0
690.545,0,0.0,0,0
690.595,0,0.0,0,0
690.645,0,0.0,0,0
690.695,0,0.0,0,0
690.745,0,0.0,0,0
690.795,0,0.0,0,0
690.845,0,0.0,0,0
690.895,0,0.0,0,0
690.945,0,0.0,0,0
690.995,0,0.0,0,0
691.046,0,0.0,0,0
691.096,0,0.0,0,0
691.146,0,0.0,0,0
691.196,0,0.0,0,0
691.246,0,0.0,0,0
691.296,0,0.0,0,0
691.346,0,0.0,0,0
691.396,0,0.0,0,0
691.446,0,0.0,0,0
691.496,0,0.0,0,0
691.546,0,0.0,0,0
691.596,0,0.0,0,0
691.646,0,0.0,0,0
691.697,0,0.0,0,0
691.747,0,0.0,0,0
691.797,0,0.0,0,0
691.847,0,0.0,0,0
691.897,0,0.0,0,0
691.947,0,0.0,0,0
691.997,0,0.0,0,0
692.047,0,0.0,0,0
692.097,0,0.0,0,0
692.148,0,0.0,0,0
692.198,0,0.0,0,0
692.248,0,0.0,0,0
692.298,0,0.0,0,0
692.348,0,0.0,0,0
692.398,0,0.0,0,0
692.448,0,0.0,0,0
692.498,0,0.0,0,0
692.548,0,0.0,0,0
692.598,0,0.0,0,0
692.648,0,0.0,0,0
692.698,0,0.0,0,0
692.748,0,0.0,0,0
692.798,0,0.0,0,0
692.848,0,0.0,0,0
692.899,0,0.0,0,0
692.949,0,0.0,0,0
692.999,0,0.0,0,0
693.049,0,0.0,0,0
693.099,0,0.0,0,0
693.149,0,0.0,0,0
693.199,0,0.0,0,0
693.249,0,0.0,0,0
693.299,0,0.0,0,0
693.349,0,0.0,0,0
693.399,0,0.0,0,0
693.449,0,0.0,0,0
693.499,0,0.0,0,0
693.549,0,0.0,0,0
693.599,0,0.0,0,0
693.650,0,0.0,0,0
693.700,0,0.0,0,0
693.750,0,0.0,0,0
693.800,0,0.0,0,0
693.850,0,0.0,0,0
693.900,0,0.0,0,0
693.950,0,0.0,0,0
694.000,0,0.0,0,0
694.050,0,0.0,0,0
694.101,0,0.0,0,0
694.151,0,0.0,0,0
694.201,0,0.0,0,0
694.251,0,0.0,0,0
694.301,0,0.0,0,0
694.351,0,0.0,0,0
694.401,0,0.0,0,0
694.451,0,0.0,0,0
694.501,0,0.0,0,0
694.551,0,0.0,0,0
694.602,0,0.0,0,0
694.652,0,0.0,0,0
694.702,0,0.0,0,0
694.752,0,0.0,0,0
694.802,0,0.0,0,0
694.852,0,0.0,0,0
694.902,0,0.0,0,0
694.952,0,0.0,0,0
695.002,0,0.0,0,0
695.052,0,0.0,0,0
695.102,0,0.0,0,0
695.153,0,0.0,0,0
695.203,0,0.0,0,0
695.253,0,0.0,0,0
695.303,0,0.0,0,0
695.353,0,0.0,0,0
695.403,0,0.0,0,0
695.453,0,0.0,0,0
695.503,0,0.0,0,0
695.553,0,0.0,0,0
695.603,0,0.0,0,0
695.653,0,0.0,0,0
695.704,0,0.0,0,0
695.754,0,0.0,0,0
695.804,0,0.0,0,0
695.854,0,0.0,0,0
695.904,0,0.0,0,0
695.954,0,0.0,0,0
696.004,0,0.0,0,0
696.054,0,0.0,0,0
696.104,0,0.0,0,0
696.154,0,0.0,0,0
696.205,0,0.0,0,0
696.255,0,0.0,0,0
696.305,0,0.0,0,0
696.355,0,0.0,0,0
696.405,0,0.0,0,0
696.455,0,0.0,0,0
696.505,0,0.0,0,0
696.555,0,0.0,0,0
696.605,0,0.0,0,0
696.655,0,0.0,0,0
696.705,0,0.0,0,0
696.756,0,0.0,0,0
696.806,0,0.0,0,0
696.856,0,0.0,0,0
696.906,0,0.0,0,0
696.956,0,0.0,0,0
697.006,0,0.0,0,0
697.056,0,0.0,0,0
697.106,0,0.0,0,0
697.156,0,0.0,0,0
697.207,0,0.0,0,0
697.257,0,0.0,0,0
697.307,0,0.0,0,0
697.357,0,0.0,0,0
697.407,0,0.0,0,0
697.457,0,0.0,0,0
697.507,0,0.0,0,0
697.558,0,0.0,0,0
697.608,0,0.0,0,0
697.658,0,0.0,0,0
697.708,0,0.0,0,0
697.758,0,0.0,0,0
697.808,0,0.0,0,0
697.858,0,0.0,0,0
697.908,0,0.0,0,0
697.958,0,0.0,0,0
698.008,0,0.0,0,0
698.058,0,0.0,0,0
698.108,0,0.0,0,0
698.159,0,0.0,0,0
698.209,0,0.0,0,0
698.259,0,0.0,0,0
698.309,0,0.0,0,0
698.359,0,0.0,0,0
698.409,0,0.0,0,0
698.459,0,0.0,0,0
698.510,0,0.0,0,0
698.560,0,0.0,0,0
698.610,0,0.0,0,0
698.660,0,0.0,0,0
698.710,0,0.0,0,0
698.760,0,0.0,0,0
698.810,0,0.0,0,0
698.860,0,0.0,0,0
698.910,0,0.0,0,0
698.961,0,0.0,0,0
699.011,0,0.0,0,0
699.061,0,0.0,0,0
699.111,0,0.0,0,0
699.161,0,0.0,0,0
699.211,0,0.0,0,0
699.261,0,0.0,0,0
699.312,0,0.0,0,0
699.362,0,0.0,0,0
699.412,0,0.0,0,0
699.462,0,0.0,0,0
699.512,0,0.0,0,0
699.562,0,0.0,0,0
699.612,0,0.0,0,0
699.662,0,0.0,0,0
699.712,0,0.0,0,0
699.762,0,0.0,0,0
699.813,0,0.0,0,0
699.863,0,0.0,0,0
699.913,0,0.0,0,0
699.963,0,0.0,0,0
700.013,0,0.0,0,0
700.063,0,0.0,0,0
700.113,0,0.0,0,0
700.163,0,0.0,0,0
700.213,0,0.0,0,0
700.264,0,0.0,0,0
700.314,0,0.0,0,0
700.364,0,0.0,0,0
700.414,0,0.0,0,0
700.464,0,0.0,0,0
700.514,0,0.0,0,0
700.564,0,0.0,0,0
700.614,0,0.0,0,0
700.664,0,0.0,0,0
700.714,0,0.0,0,0
700.764,0,0.0,0,0
700.814,0,0.0,0,0
700.865,0,0.0,0,0
700.915,0,0.0,0,0
700.965,0,0.0,0,0
701.015,0,0.0,0,0
701.065,0,0.0,0,0
701.115,0,0.0,0,0
701.165,0,0.0,0,0
701.216,0,0.0,0,0
701.266,0,0.0,0,0
701.316,0,0.0,0,0
701.366,0,0.0,0,0
701.416,0,0.0,0,0
701.466,0,0.0,0,0
701.516,0,0.0,0,0
701.566,0,0.0,0,0
701.616,0,0.0,0,0
701.667,0,0.0,0,0
701.717,0,0.0,0,0
701.767,0,0.0,0,0
701.817,0,0.0,0,0
701.867,0,0.0,0,0
701.917,0,0.0,0,0
701.967,0,0.0,0,0
702.017,0,0.0,0,0
702.068,0,0.0,0,0
702.118,0,0.0,0,0
702.168,0,0.0,0,0
702.218,0,0.0,0,0
702.268,0,0.0,0,0
702.318,0,0.0,0,0
702.368,0,0.0,0,0
702.418,0,0.0,0,0
702.468,0,0.0,0,0
702.518,0,0.0,0,0
702.568,0,0.0,0,0
702.619,0,0.0,0,0
702.669,0,0.0,0,0
702.719,0,0.0,0,0
702.769,0,0.0,0,0
702.819,0,0.0,0,0
702.869,0,0.0,0,0
702.920,0,0.0,0,0
702.970,0,0.0,0,0
703.020,0,0.0,0,0
703.070,0,0.0,0,0
703.120,0,0.0,0,0
703.170,0,0.0,0,0
703.220,0,0.0,0,0
703.270,0,0.0,0,0
703.320,0,0.0,0,0
703.370,0,0.0,0,0
703.420,0,0.0,0,0
703.471,0,0.0,0,0
703.521,0,0.0,0,0
703.571,0,0.0,0,0
703.621,0,0.0,0,0
703.671,0,0.0,0,0
703.721,0,0.0,0,0
703.771,0,0.0,0,0
703.821,0,0.0,0,0
703.872,0,0.0,0,0
703.922,0,0.0,0,0
703.972,0,0.0,0,0
704.022,0,0.0,0,0
704.072,0,0.0,0,0
704.122,0,0.0,0,0
704.172,0,0.0,0,0
704.222,0,0.0,0,0
704.272,0,0.0,0,0
704.322,0,0.0,0,0
704.373,0,0.0,0,0
704.423,0,0.0,0,0
704.473,0,0.0,0,0
704.523,0,0.0,0,0
704.573,0,0.0,0,0
704.623,0,0.0,0,0
704.673,0,0.0,0,0
704.723,0,0.0,0,0
704.773,0,0.0,0,0
704.823,0,0.0,0,0
704.873,0,0.0,0,0
704.924,0,0.0,0,0
704.974,0,0.0,0,0
705.024,0,0.0,0,0
705.074,0,0.0,0,0
705.124,0,0.0,0,0
705.174,0,0.0,0,0
705.224,0,0.0,0,0
705.274,0,0.0,0,0
705.324,0,0.0,0,0
705.375,0,0.0,0,0
705.425,0,0.0,0,0
705.475,0,0.0,0,0
705.525,0,0.0,0,0
705.575,0,0.0,0,0
705.625,0,0.0,0,0
705.675,0,0.0,0,0
705.725,0,0.0,0,0
705.775,0,0.0,0,0
705.825,0,0.0,0,0
705.876,0,0.0,0,0
705.926,0,0.0,0,0
705.976,0,0.0,0,0
706.026,0,0.0,0,0
706.076,0,0.0,0,0
706.126,0,0.0,0,0
706.176,0,0.0,0,0
706.226,0,0.0,0,0
706.276,0,0.0,0,0
706.326,0,0.0,0,0
706.376,0,0.0,0,0
706.426,0,0.0,0,0
706.476,0,0.0,0,0
706.526,0,0.0,0,0
706.577,0,0.0,0,0
706.627,0,0.0,0,0
706.677,0,0.0,0,0
706.727,0,0.0,0,0
706.777,0,0.0,0,0
706.827,0,0.0,0,0
706.877,3,60.0,900,112
706.927,2,39.9,599,75
706.977,3,59.8,897,112
707.027,4,79.8,1196,150
707.078,4,79.7,1196,149
707.128,4,79.8,1197,150
707.178,4,79.8,1197,150
707.228,5,100.0,1500,187
707.278,4,79.8,1197,150
707.328,5,99.9,1499,187
707.378,6,119.7,1795,224
707.428,5,100.0,1499,187
707.478,6,119.9,1798,225
707.528,6,119.6,1794,224
707.579,6,119.6,1793,224
707.629,6,119.7,1796,224
707.679,6,119.9,1799,225
707.729,7,139.7,2095,262
707.779,6,119.7,1796,224
707.829,7,139.8,2097,262
707.879,7,139.7,2095,262
707.929,7,139.8,2097,262
707.979,7,139.6,2095,262
708.030,8,159.4,2390,299
708.080,7,139.3,2089,261
708.130,8,159.6,2395,299
708.180,8,159.5,2392,299
708.230,8,159.6,2394,299
708.280,8,159.9,2398,300
708.330,8,159.4,2391,299
708.380,8,160.0,2400,300
708.431,8,159.8,2398,300
708.481,8,159.9,2398,300
708.531,9,179.6,2694,337
708.581,8,159.7,2395,299
708.631,9,179.4,2691,336
708.681,9,179.4,2691,336
708.731,9,179.7,2695,337
708.781,9,179.7,2695,337
708.831,9,179.7,2695,337
708.881,8,159.7,2395,299
708.932,10,199.9,2999,375
708.982,9,179.7,2696,337
709.032,9,179.5,2693,337
709.082,9,179.7,2695,337
709.132,10,198.8,2983,373
709.182,9,179.6,2693,337
709.232,10,199.4,2990,374
709.282,9,179.9,2698,337
709.332,10,199.9,2999,375
709.383,10,199.6,2993,374
709.433,10,199.3,2990,374
709.483,9,179.7,2695,337
709.533,10,199.9,2999,375
709.583,10,199.5,2993,374
709.633,10,200.0,2999,375
709.683,10,199.7,2995,374
709.733,10,199.5,2993,374
709.783,11,219.7,3296,412
709.833,10,199.7,2995,374
709.883,10,199.6,2995,374
709.934,10,199.4,2991,374
709.984,11,219.7,3295,412
710.034,10,199.5,2993,374
710.084,10,199.5,2992,374
710.134,11,219.9,3299,412
710.184,10,199.6,2994,374
710.234,11,220.0,3299,412
710.284,10,199.5,2993,374
710.334,11,219.4,3291,411
710.384,11,220.0,3299,412
710.434,10,199.5,2993,374
710.484,11,219.9,3299,412
710.535,11,219.3,3290,411
710.585,10,198.9,2983,373
710.635,11,219.4,3291,411
710.685,11,220.0,3300,412
710.735,11,219.9,3299,412
710.785,10,199.5,2993,374
710.835,11,219.2,3288,411
710.885,11,219.9,3299,412
710.935,11,219.4,3292,411
710.985,11,219.9,3298,412
711.036,11,219.4,3291,411
711.086,11,219.8,3297,412
711.136,11,219.9,3298,412
711.186,11,219.5,3293,412
711.236,11,219.5,3292,412
711.286,11,219.5,3292,411
711.336,11,219.5,3293,412
711.386,11,219.9,3299,412
711.436,11,219.7,3295,412
711.486,11,219.5,3293,412
711.536,11,219.6,3294,412
711.587,11,219.2,3288,411
711.637,11,219.4,3291,411
711.687,11,218.8,3281,410
711.737,11,219.8,3297,412
711.787,12,239.3,3590,449
711.837,11,219.5,3293,412
711.887,11,220.0,3299,412
711.938,11,219.1,3287,411
711.988,11,219.7,3296,412
712.038,11,219.5,3293,412
712.088,11,220.0,3299,412
712.138,12,239.7,3596,449
712.188,11,219.7,3296,412
712.238,11,219.9,3299,412
712.288,12,239.3,3590,449
712.338,11,219.2,3289,411
712.388,11,219.6,3294,412
712.438,11,219.9,3298,412
712.488,12,239.7,3596,450
712.539,11,219.3,3289,411
712.589,11,219.3,3290,411
712.639,12,239.4,3591,449
712.689,11,219.6,3294,412
712.739,11,219.6,3294,412
712.789,12,239.2,3588,448
712.839,11,219.4,3291,411
712.889,12,239.4,3592,449
712.939,11,219.9,3299,412
712.990,11,219.3,3289,411
713.040,12,239.0,3585,448
713.090,11,220.0,3299,412
713.140,12,239.8,3598,450
713.190,11,220.0,3300,412
713.240,11,220.0,3300,412
713.290,12,239.1,3587,448
713.340,11,219.4,3291,411
713.390,12,239.9,3598,450
713.440,11,219.8,3297,412
713.490,12,239.7,3595,449
713.540,11,219.3,3289,411
713.591,12,239.0,3585,448
713.641,11,219.8,3297,412
713.691,12,239.3,3589,449
713.741,11,219.5,3293,412
713.791,12,240.0,3600,450
713.841,11,219.1,3287,411
713.891,12,239.5,3592,449
713.941,11,219.6,3294,412
713.992,12,239.4,3591,449
714.042,12,239.4,3590,449
714.092,11,219.9,3298,412
714.142,12,239.5,3592,449
714.192,11,219.8,3297,412
714.242,12,239.8,3597,450
714.292,12,239.4,3591,449
714.342,11,219.7,3296,412
714.392,12,239.3,3590,449
714.442,11,219.4,3292,411
714.492,12,239.9,3598,450
714.542,12,239.7,3595,449
714.593,11,219.6,3293,412
714.643,12,239.7,3595,449
714.693,11,219.8,3296,412
714.743,12,239.5,3593,449
714.793,12,239.2,3588,449
714.843,11,220.0,3300,412
714.893,12,239.7,3596,449
714.943,12,240.0,3599,450
714.993,11,219.9,3298,412
715.043,12,239.2,3588,448
715.093,11,219.2,3289,411
715.143,12,239.7,3596,449
715.193,12,239.9,3598,450
715.244,11,219.0,3285,411
715.294,12,239.9,3598,450
715.344,11,219.9,3298,412
715.394,12,240.0,3599,450
715.444,11,219.4,3291,411
715.494,12,239.8,3597,450
715.544,12,239.6,3595,449
715.594,11,219.2,3287,411
715.644,12,239.1,3587,448
715.694,11,219.8,3298,412
715.744,12,239.6,3595,449
715.795,11,219.6,3293,412
715.845,12,239.3,3589,449
715.895,12,239.7,3595,449
715.945,11,219.4,3291,411
715.995,12,239.7,3595,449
716.045,11,219.5,3293,412
716.095,12,239.8,3597,450
716.145,11,219.4,3292,411
716.195,12,239.6,3595,449
716.245,12,240.0,3600,450
716.295,11,219.5,3292,411
716.346,12,239.0,3585,448
716.396,11,219.6,3294,412
716.446,12,239.8,3596,450
716.496,11,219.7,3295,412
716.546,12,239.6,3594,449
716.596,11,219.9,3298,412
716.646,12,240.0,3599,450
716.696,11,219.4,3290,411
716.746,12,239.7,3596,450
716.796,12,239.9,3598,450
716.846,11,219.3,3290,411
716.896,12,239.9,3598,450
716.946,11,219.8,3297,412
716.997,12,239.4,3591,449
717.047,11,219.5,3292,411
717.097,12,239.4,3591,449
717.147,11,219.4,3291,411
717.197,12,239.5,3593,449
717.247,11,219.9,3299,412
717.297,12,239.5,3593,449
717.347,11,219.7,3295,412
717.397,12,239.6,3594,449
717.447,11,219.7,3296,412
717.498,12,239.4,3591,449
717.548,12,238.7,3581,448
717.598,11,219.6,3294,412
717.648,12,239.4,3591,449
717.698,11,219.9,3298,412
717.748,12,239.8,3597,450
717.798,11,219.2,3289,411
717.848,12,239.5,3593,449
717.899,12,239.2,3588,448
717.949,11,219.5,3292,412
717.999,12,239.8,3597,450
718.049,11,219.2,3287,411
718.099,12,239.9,3599,450
718.149,11,219.7,3296,412
718.199,12,239.3,3589,449
718.249,12,239.3,3589,449
718.300,11,218.9,3284,410
718.350,12,239.5,3593,449
718.400,11,218.8,3282,410
718.450,12,239.7,3595,449
718.500,11,219.7,3296,412
718.550,12,239.7,3596,450
718.600,12,239.2,3589,449
718.650,11,219.8,3297,412
718.700,12,239.5,3593,449
718.750,11,219.9,3299,412
718.801,12,239.2,3588,449
718.851,11,219.7,3295,412
718.901,12,239.6,3594,449
718.951,12,239.1,3587,448
719.001,11,219.2,3288,411
719.051,11,220.0,3300,412
719.101,12,239.8,3598,450
719.151,11,219.4,3291,411
719.201,12,239.7,3595,449
719.251,11,219.9,3299,412
719.302,12,239.2,3589,449
719.352,11,218.8,3282,410
719.402,12,239.3,3590,449
719.452,11,219.9,3299,412
719.502,11,219.1,3286,411
719.552,12,239.8,3597,450
719.602,11,219.2,3289,411
719.652,11,219.7,3296,412
719.703,12,239.4,3592,449
719.753,11,219.4,3290,411
719.803,11,219.4,3291,411
719.853,12,239.2,3588,448
719.903,11,219.4,3292,411
719.953,11,219.8,3296,412
720.003,12,239.6,3593,449
720.053,11,219.9,3298,412
720.104,11,219.0,3285,411
720.154,12,239.7,3596,449
720.204,11,219.6,3294,412
720.254,11,219.1,3287,411
720.304,12,239.3,3589,449
720.354,11,219.5,3292,411
720.404,11,219.7,3296,412
720.454,11,219.4,3292,411
720.504,12,240.0,3600,450
720.554,11,219.6,3293,412
720.605,11,219.8,3296,412
720.655,12,239.6,3594,449
720.705,11,219.4,3291,411
720.755,11,219.9,3298,412
720.805,11,219.8,3297,412
720.855,11,219.5,3292,411
720.905,12,239.4,3591,449
720.955,11,220.0,3300,412
721.005,11,219.2,3287,411
721.055,11,219.8,3297,412
721.105,12,239.6,3594,449
721.155,11,219.9,3298,412
721.206,11,219.7,3296,412
721.256,11,219.9,3298,412
721.306,11,220.0,3300,412
721.356,11,219.8,3297,412
721.406,12,239.0,3585,448
721.456,11,219.4,3291,411
721.506,11,219.9,3299,412
721.556,11,219.4,3292,411
721.606,11,219.0,3286,411
721.656,12,239.5,3593,449
721.706,11,219.9,3298,412
721.757,11,219.5,3293,412
721.807,11,219.4,3291,411
721.857,12,239.2,3588,449
721.907,11,220.0,3299,412
721.957,11,219.3,3290,411
722.007,11,219.6,3294,412
722.057,11,220.0,3300,412
722.107,12,239.9,3599,450
722.157,11,219.8,3297,412
722.207,11,220.0,3300,412
722.257,11,220.0,3299,412
722.307,12,239.1,3586,448
722.357,11,219.8,3297,412
722.407,11,219.7,3295,412
722.458,11,219.5,3292,412
722.508,12,239.6,3594,449
722.558,11,219.6,3293,412
722.608,11,219.5,3293,412
722.658,11,219.8,3297,412
722.708,12,239.4,3591,449
722.758,11,219.3,3289,411
722.808,11,219.8,3297,412
722.858,11,219.9,3298,412
722.908,11,219.6,3293,412
722.958,11,219.9,3299,412
723.009,12,239.3,3589,449
723.059,11,219.8,3298,412
723.109,12,239.5,3592,449
723.159,12,239.2,3589,449
723.209,13,259.7,3896,487
723.259,14,279.3,4190,524
723.309,14,279.6,4194,524
723.359,16,319.1,4786,598
723.409,17,339.7,5095,637
723.459,18,359.6,5393,674
723.510,20,398.6,5980,747
723.560,20,399.6,5995,749
723.610,22,439.5,6592,824
723.660,23,459.4,6892,861
723.710,24,480.0,7200,900
723.760,25,499.4,7492,936
723.810,26,520.0,7799,975
723.860,28,558.3,8375,1047
723.910,28,558.1,8372,1046
723.960,30,600.0,8999,1125
724.010,30,598.5,8978,1122
724.060,32,639.0,9585,1198
724.110,33,658.9,9883,1235
724.160,33,659.5,9892,1237
724.210,34,679.9,10199,1275
724.260,35,699.3,10489,1311
724.311,36,718.0,10771,1346
724.361,36,717.0,10755,1344
724.411,37,738.9,11084,1386
724.461,38,758.8,11382,1423
724.511,38,758.8,11382,1423
724.561,39,779.2,11688,1461
724.611,39,778.2,11673,1459
724.661,40,796.9,11954,1494
724.711,40,799.2,11988,1498
724.762,41,818.8,12282,1535
724.812,41,819.1,12287,1536
724.862,42,839.5,12593,1574
724.912,41,819.5,12293,1537
724.962,42,837.5,12562,1570
725.012,43,859.8,12897,1612
725.062,43,857.4,12861,1608
725.112,43,859.2,12887,1611
725.162,43,857.3,12859,1607
725.212,43,860.0,12899,1612
725.262,44,879.4,13190,1649
725.312,44,878.7,13180,1648
725.362,45,898.8,13482,1685
725.413,44,876.7,13151,1644
725.463,45,897.9,13469,1684
725.513,45,896.6,13449,1681
725.563,45,897.6,13464,1683
725.613,45,896.7,13450,1681
725.663,46,917.8,13767,1721
725.713,46,919.8,13797,1725
725.763,45,897.4,13461,1683
725.814,47,935.8,14037,1755
725.864,46,915.5,13733,1717
725.914,46,919.2,13789,1724
725.964,47,937.4,14061,1758
726.014,47,937.7,14066,1758
726.064,46,917.8,13767,1721
726.114,47,937.8,14067,1758
726.165,47,937.4,14060,1758
726.215,47,938.7,14081,1760
726.265,47,937.6,14065,1758
726.315,48,958.8,14381,1798
726.365,47,937.8,14067,1758
726.415,47,939.3,14089,1761
726.465,48,959.3,14390,1799
726.515,47,937.6,14064,1758
726.565,48,956.7,14350,1794
726.615,48,959.1,14386,1798
726.665,47,938.4,14076,1759
726.716,48,958.9,14383,1798
726.766,47,939.9,14098,1762
726.816,48,955.1,14326,1791
726.866,48,958.1,14371,1796
726.916,48,955.3,14330,1791
726.966,48,957.5,14363,1795
727.016,48,957.3,14359,1795
727.066,48,958.0,14371,1796
727.117,48,959.6,14394,1799
727.167,48,958.0,14370,1796
727.217,48,958.5,14378,1797
727.267,48,957.5,14363,1795
727.317,48,957.9,14369,1796
727.367,47,940.0,14100,1762
727.417,48,959.3,14390,1799
727.467,48,957.4,14361,1795
727.517,48,958.3,14374,1797
727.567,48,958.2,14374,1797
727.617,48,959.4,14390,1799
727.667,48,957.7,14366,1796
727.718,48,958.9,14383,1798
727.768,48,957.2,14358,1795
727.818,48,958.1,14372,1797
727.868,48,957.6,14364,1795
727.918,48,956.7,14351,1794
727.968,49,978.1,14672,1834
728.018,48,959.0,14385,1798
728.068,48,956.2,14343,1793
728.118,48,958.0,14369,1796
728.169,48,958.8,14383,1798
728.219,48,957.5,14363,1795
728.269,48,959.6,14393,1799
728.319,49,978.0,14669,1834
728.369,48,957.7,14365,1796
728.419,48,959.4,14391,1799
728.469,48,959.4,14391,1799
728.519,48,960.0,14399,1800
728.569,48,958.7,14381,1798
728.619,48,957.7,14365,1796
728.669,49,977.7,14666,1833
728.719,48,958.8,14383,1798
728.769,48,958.9,14383,1798
728.819,48,959.8,14397,1800
728.870,48,956.1,14342,1793
728.920,49,975.1,14626,1828
728.970,48,958.9,14384,1798
729.020,48,957.1,14357,1795
729.070,48,959.9,14398,1800
729.120,49,978.3,14675,1834
729.170,48,958.6,14380,1797
729.220,48,956.6,14349,1794
729.270,48,959.9,14398,1800
729.321,49,977.4,14660,1833
729.371,48,958.0,14370,1796
729.421,48,958.7,14381,1798
729.471,49,977.6,14665,1833
729.521,48,959.9,14398,1800
729.571,48,954.9,14323,1790
729.621,49,977.8,14668,1833
729.671,48,957.0,14356,1794
729.721,48,959.3,14390,1799
729.772,49,977.6,14664,1833
729.822,48,956.2,14343,1793
729.872,48,958.4,14376,1797
729.922,49,977.8,14668,1833
729.972,48,958.2,14372,1797
730.022,48,958.2,14373,1797
730.072,48,959.4,14391,1799
730.122,49,976.3,14645,1831
730.173,48,956.3,14345,1793
730.223,48,959.5,14393,1799
730.273,48,959.9,14398,1800
730.323,49,974.4,14616,1827
730.373,48,958.1,14372,1797
730.423,48,960.0,14399,1800
730.473,48,958.6,14378,1797
730.523,48,957.7,14365,1796
730.573,49,976.2,14642,1830
730.624,48,956.4,14346,1793
730.674,48,958.0,14371,1796
730.724,48,956.1,14341,1793
730.774,49,976.5,14647,1831
730.824,48,958.6,14379,1797
730.874,48,959.2,14387,1798
730.924,48,957.4,14361,1795
730.974,48,959.9,14399,1800
731.024,48,957.6,14364,1795
731.075,48,957.9,14369,1796
731.125,48,959.7,14396,1799
731.175,48,959.2,14388,1799
731.225,48,958.8,14382,1798
731.275,49,978.9,14684,1835
731.325,48,958.0,14371,1796
731.375,48,956.4,14347,1793
731.425,48,959.2,14388,1799
731.475,48,958.8,14382,1798
731.525,48,959.5,14392,1799
731.575,48,958.0,14370,1796
731.625,48,955.2,14328,1791
731.676,49,975.0,14625,1828
731.726,48,960.0,14400,1800
731.776,48,956.1,14341,1793
731.826,48,958.4,14376,1797
731.876,48,959.9,14398,1800
731.926,48,957.0,14355,1794
731.976,49,979.1,14687,1836
732.026,48,956.7,14350,1794
732.076,48,959.1,14386,1798
732.127,48,956.3,14344,1793
732.177,48,957.6,14365,1796
732.227,49,978.3,14675,1834
732.277,48,958.5,14377,1797
732.327,48,958.1,14371,1796
732.377,48,956.4,14346,1793
732.427,48,957.4,14362,1795
732.478,49,977.5,14662,1833
732.528,48,957.0,14355,1794
732.578,48,957.3,14359,1795
732.628,49,978.6,14679,1835
732.678,48,957.8,14366,1796
732.728,48,956.7,14351,1794
732.778,48,959.7,14395,1799
732.828,49,977.7,14666,1833
732.878,48,958.9,14383,1798
732.928,48,957.5,14362,1795
732.979,48,956.5,14348,1793
733.029,49,978.6,14680,1835
733.079,48,957.3,14360,1795
733.129,48,956.9,14354,1794
733.179,48,960.0,14400,1800
733.229,49,977.5,14662,1833
733.279,48,959.1,14386,1798
733.329,48,957.3,14359,1795
733.379,48,957.4,14361,1795
733.430,49,979.1,14687,1836
733.480,48,957.5,14362,1795
733.530,48,957.6,14364,1796
733.580,49,976.7,14650,1831
733.630,48,958.5,14377,1797
733.680,48,959.0,14385,1798
733.730,48,957.1,14357,1795
733.780,49,977.7,14665,1833
733.830,48,959.1,14387,1798
733.880,48,959.3,14390,1799
733.931,49,976.9,14653,1832
733.981,48,959.0,14386,1798
734.031,48,958.6,14379,1797
734.081,48,957.8,14367,1796
734.131,49,979.8,14696,1837
734.181,48,956.3,14344,1793
734.231,48,956.6,14349,1794
734.281,49,977.7,14665,1833
734.331,48,957.7,14365,1796
734.382,48,958.7,14381,1798
734.432,49,976.2,14642,1830
734.482,48,957.7,14366,1796
734.532,48,959.2,14387,1798
734.582,48,959.0,14385,1798
734.632,49,977.0,14655,1832
734.682,48,957.8,14367,1796
734.732,48,958.3,14374,1797
734.782,49,978.0,14669,1834
734.833,48,957.5,14363,1795
734.883,48,956.9,14353,1794
734.933,49,977.4,14660,1833
734.983,48,958.4,14376,1797
735.033,48,958.9,14383,1798
735.083,48,958.2,14373,1797
735.133,49,977.0,14655,1832
735.183,48,958.5,14378,1797
735.233,48,957.6,14364,1796
735.284,49,977.8,14667,1833
735.334,48,958.6,14379,1797
735.384,48,957.8,14367,1796
735.434,49,976.6,14648,1831
735.484,48,959.5,14393,1799
735.534,48,957.9,14368,1796
735.584,48,959.4,14391,1799
735.634,49,978.8,14682,1835
735.684,48,958.7,14381,1798
735.734,48,957.4,14361,1795
735.784,49,977.1,14657,1832
735.835,48,957.9,14368,1796
735.885,48,958.8,14382,1798
735.935,49,979.2,14687,1836
735.985,48,958.0,14370,1796
736.035,48,957.3,14359,1795
736.085,49,977.3,14659,1832
736.135,48,958.4,14376,1797
736.185,48,959.0,14385,1798
736.235,48,958.6,14379,1797
736.285,49,976.3,14644,1830
736.336,48,958.9,14383,1798
736.386,48,958.6,14379,1797
736.436,49,975.4,14631,1829
736.486,48,956.8,14352,1794
736.536,48,957.3,14359,1795
736.586,48,959.3,14390,1799
736.636,48,958.9,14384,1798
736.686,49,976.9,14654,1832
736.737,48,956.1,14342,1793
736.787,48,957.7,14366,1796
736.837,49,975.0,14626,1828
736.887,48,959.0,14384,1798
736.937,48,957.7,14365,1796
736.987,48,958.9,14384,1798
737.037,48,958.2,14373,1797
737.087,48,958.2,14373,1797
737.138,49,975.9,14639,1830
737.188,48,956.7,14350,1794
737.238,48,958.6,14380,1797
737.288,48,956.6,14349,1794
737.338,48,960.0,14400,1800
737.388,48,959.8,14398,1800
737.438,48,957.8,14366,1796
737.488,49,978.6,14679,1835
737.538,48,959.9,14398,1800
737.588,48,958.0,14370,1796
737.638,48,959.7,14395,1799
737.688,48,957.9,14369,1796
737.739,48,956.6,14348,1794
737.789,48,959.9,14399,1800
737.839,48,958.6,14379,1797
737.889,49,979.2,14688,1836
737.939,48,958.4,14376,1797
737.989,48,958.9,14384,1798
738.039,48,956.4,14346,1793
738.089,48,958.6,14379,1797
738.139,48,958.8,14382,1798
738.189,49,977.8,14667,1833
738.239,48,957.5,14363,1795
738.290,48,958.3,14374,1797
738.340,48,959.6,14394,1799
738.390,48,957.6,14364,1796
738.440,48,957.8,14367,1796
738.490,49,977.1,14656,1832
738.540,48,958.9,14384,1798
738.590,48,959.5,14393,1799
738.640,48,957.9,14369,1796
738.690,48,957.2,14358,1795
738.740,48,958.2,14373,1797
738.791,49,976.1,14642,1830
738.841,48,957.0,14355,1794
738.891,48,957.3,14360,1795
738.941,48,957.9,14368,1796
738.991,49,979.0,14685,1836
739.041,48,958.2,14373,1797
739.091,48,956.7,14351,1794
739.141,48,958.1,14372,1797
739.192,48,957.0,14354,1794
739.242,49,978.8,14682,1835
739.292,48,958.5,14377,1797
739.342,48,958.0,14370,1796
739.392,48,958.4,14376,1797
739.442,48,959.6,14394,1799
739.492,48,959.1,14386,1798
739.542,49,978.0,14669,1834
739.592,48,956.4,14346,1793
739.642,48,957.7,14365,1796
739.693,48,956.8,14352,1794
739.743,49,977.1,14657,1832
739.793,48,955.1,14326,1791
739.843,48,958.6,14379,1797
739.893,48,959.9,14398,1800
739.943,49,976.6,14649,1831
739.993,48,956.9,14354,1794
740.043,48,959.8,14397,1800
740.094,48,956.8,14352,1794
740.144,49,979.3,14689,1836
740.194,48,959.1,14387,1798
740.244,48,959.0,14385,1798
740.294,48,958.5,14378,1797
740.344,49,977.3,14660,1833
740.394,48,959.3,14389,1799
740.444,48,957.4,14361,1795
740.494,49,976.3,14645,1831
740.544,48,957.8,14366,1796
740.594,48,958.5,14377,1797
740.645,49,977.9,14668,1833
740.695,48,956.8,14352,1794
740.745,48,958.9,14384,1798
740.795,49,977.6,14664,1833
740.845,48,957.6,14364,1795
740.895,48,959.3,14389,1799
740.945,49,976.6,14648,1831
740.995,48,957.0,14354,1794
741.045,49,979.3,14689,1836
741.096,48,956.9,14354,1794
741.146,48,959.0,14385,1798
741.196,49,976.7,14650,1831
741.246,48,958.9,14384,1798
741.296,49,977.4,14660,1833
741.346,48,957.6,14363,1795
741.396,48,958.9,14384,1798
741.446,49,977.9,14668,1833
741.496,48,958.6,14380,1797
741.546,48,958.7,14380,1798
741.597,49,977.4,14661,1833
741.647,48,956.6,14350,1794
741.697,49,976.7,14651,1831
741.747,48,959.5,14393,1799
741.797,48,959.4,14390,1799
741.847,49,978.2,14674,1834
741.897,48,958.2,14373,1797
741.947,48,957.8,14367,1796
741.997,48,959.4,14391,1799
742.047,49,979.3,14690,1836
742.097,48,959.5,14393,1799
742.148,48,957.8,14367,1796
742.198,49,975.9,14638,1830
742.248,48,958.1,14371,1796
742.298,48,957.7,14365,1796
742.348,49,977.2,14658,1832
742.398,48,958.1,14371,1796
742.448,48,958.7,14380,1798
742.498,48,956.6,14349,1794
742.549,49,978.3,14674,1834
742.599,48,957.2,14358,1795
742.649,48,958.3,14374,1797
742.699,48,956.2,14343,1793
742.749,49,977.5,14662,1833
742.799,48,958.1,14371,1796
742.849,48,960.0,14399,1800
742.899,48,957.3,14360,1795
742.949,49,979.7,14696,1837
742.999,48,958.0,14370,1796
743.050,48,956.2,14343,1793
743.100,48,957.0,14356,1794
743.150,49,978.5,14677,1835
743.200,48,959.9,14398,1800
743.250,48,959.3,14390,1799
743.300,48,958.2,14373,1797
743.350,49,980.0,14700,1837
743.400,48,957.8,14367,1796
743.450,48,960.0,14400,1800
743.500,48,957.3,14360,1795
743.550,49,978.9,14684,1836
743.600,48,958.0,14370,1796
743.651,48,957.1,14357,1795
743.701,49,974.8,14622,1828
743.751,48,959.1,14387,1798
743.801,48,960.0,14399,1800
743.851,48,956.4,14346,1793
743.901,49,979.1,14687,1836
743.951,48,958.5,14378,1797
744.001,48,956.7,14350,1794
744.051,48,959.3,14390,1799
744.101,49,979.2,14688,1836
744.152,48,956.7,14351,1794
744.202,48,956.2,14343,1793
744.252,49,977.5,14662,1833
744.302,48,956.2,14344,1793
744.352,48,959.3,14389,1799
744.402,49,978.6,14679,1835
744.452,48,956.6,14350,1794
744.503,48,958.7,14381,1798
744.553,49,977.6,14664,1833
744.603,48,957.6,14364,1796
744.653,48,958.6,14379,1797
744.703,49,977.8,14667,1833
744.753,48,954.8,14322,1790
744.803,49,979.2,14688,1836
744.853,48,959.9,14399,1800
744.903,48,959.9,14399,1800
744.953,48,957.6,14364,1796
745.004,49,977.7,14665,1833
745.054,48,957.5,14362,1795
745.104,49,978.4,14676,1835
745.154,48,958.2,14373,1797
745.204,48,956.4,14346,1793
745.254,49,979.5,14693,1837
745.304,48,959.2,14388,1798
745.354,48,956.3,14345,1793
745.404,49,977.1,14657,1832
745.455,48,958.1,14372,1796
745.505,48,958.9,14383,1798
745.555,49,978.2,14674,1834
745.605,48,956.7,14350,1794
745.655,49,979.4,14691,1836
745.705,48,955.5,14333,1792
745.755,48,959.1,14387,1798
745.805,49,979.0,14685,1836
745.855,48,959.9,14399,1800
745.905,48,958.5,14377,1797
745.955,49,976.9,14653,1832
746.005,48,958.7,14380,1797
746.056,48,957.7,14365,1796
746.106,49,976.8,14653,1832
746.156,48,959.8,14397,1800
746.206,48,958.4,14376,1797
746.256,49,976.7,14651,1831
746.306,48,958.5,14377,1797
746.356,48,957.3,14359,1795
746.406,49,976.5,14647,1831
746.456,48,959.3,14390,1799
746.507,48,958.5,14377,1797
746.557,48,958.7,14381,1798
746.607,49,977.5,14663,1833
746.657,48,957.3,14359,1795
746.707,48,956.4,14346,1793
746.757,49,977.8,14667,1833
746.807,48,958.2,14372,1797
746.857,48,957.3,14360,1795
746.907,48,960.0,14400,1800
746.958,48,958.2,14373,1797
747.008,49,976.6,14649,1831
747.058,48,959.0,14385,1798
747.108,48,958.6,14379,1797
747.158,48,954.8,14322,1790
747.208,49,975.6,14635,1829
747.258,48,958.2,14372,1797
747.308,48,958.8,14381,1798
747.358,48,959.8,14396,1800
747.409,48,957.2,14358,1795
747.459,49,978.2,14673,1834
747.509,48,958.6,14378,1797
747.559,48,958.5,14378,1797
747.609,48,959.8,14397,1800
747.659,48,957.1,14356,1795
747.709,48,957.9,14368,1796
747.759,48,959.4,14391,1799
747.809,48,959.0,14385,1798
747.859,48,958.5,14377,1797
747.909,49,978.0,14670,1834
747.960,48,956.9,14354,1794
748.010,48,959.2,14387,1798
748.060,48,956.7,14351,1794
748.110,48,957.8,14367,1796
748.160,48,958.1,14372,1796
748.210,48,958.0,14370,1796
748.260,48,957.4,14361,1795
748.310,48,957.2,14358,1795
748.360,48,959.5,14392,1799
748.410,48,959.0,14384,1798
748.461,48,958.0,14370,1796
748.511,48,957.4,14360,1795
748.561,49,975.9,14638,1830
748.611,48,957.6,14365,1796
748.661,48,958.9,14383,1798
748.711,48,958.9,14384,1798
748.761,48,958.1,14372,1797
748.811,48,956.8,14352,1794
748.861,47,939.1,14086,1761
748.911,48,959.9,14399,1800
748.962,48,959.4,14390,1799
749.012,48,954.5,14318,1790
749.062,48,958.9,14384,1798
749.112,48,958.6,14379,1797
749.162,48,956.8,14353,1794
749.212,48,957.4,14362,1795
749.262,48,959.1,14387,1798
749.312,48,957.5,14363,1795
749.362,48,959.5,14393,1799
749.413,48,955.5,14332,1792
749.463,48,956.6,14349,1794
749.513,48,957.6,14364,1795
749.563,48,957.6,14364,1795
749.613,48,956.2,14343,1793
749.663,48,958.0,14370,1796
749.713,48,958.6,14380,1797
749.764,47,937.8,14067,1758
749.814,49,976.0,14640,1830
749.864,48,956.9,14354,1794
749.914,48,957.2,14357,1795
749.964,48,957.8,14366,1796
750.014,48,956.8,14351,1794
750.065,48,957.1,14356,1794
750.115,47,938.8,14081,1760
750.165,48,959.3,14389,1799
750.215,48,957.7,14365,1796
750.265,49,974.6,14618,1827
750.315,48,959.4,14391,1799
750.365,48,957.3,14359,1795
750.415,48,959.8,14398,1800
750.465,48,957.7,14365,1796
750.515,48,959.3,14390,1799
750.566,48,957.3,14360,1795
750.616,48,958.0,14370,1796
750.666,48,959.7,14395,1799
750.716,48,957.4,14361,1795
750.766,48,959.0,14386,1798
750.816,48,958.9,14384,1798
750.866,49,978.6,14679,1835
750.916,48,957.4,14361,1795
750.966,48,957.7,14366,1796
751.016,48,959.0,14385,1798
751.066,48,956.8,14352,1794
751.117,48,958.3,14374,1797
751.167,48,959.9,14398,1800
751.217,48,958.9,14383,1798
751.267,49,976.1,14642,1830
751.317,48,957.6,14364,1795
751.367,48,956.6,14349,1794
751.417,48,958.7,14380,1798
751.467,48,957.5,14363,1795
751.517,49,976.4,14646,1831
751.568,48,957.9,14369,1796
751.618,48,958.6,14380,1797
751.668,48,958.9,14384,1798
751.718,48,960.0,14399,1800
751.768,48,959.2,14388,1798
751.818,48,957.3,14360,1795
751.868,49,978.4,14676,1835
751.918,48,959.2,14389,1799
751.968,48,957.5,14363,1795
752.018,48,955.0,14325,1791
752.069,49,977.4,14661,1833
752.119,48,956.5,14347,1793
752.169,48,957.8,14367,1796
752.219,48,960.0,14399,1800
752.269,48,959.8,14398,1800
752.319,49,977.8,14667,1833
752.369,48,956.2,14342,1793
752.419,48,957.8,14368,1796
752.469,48,957.2,14357,1795
752.520,49,978.1,14672,1834
752.570,48,956.6,14350,1794
752.620,48,957.4,14361,1795
752.670,48,959.1,14386,1798
752.720,48,959.9,14398,1800
752.770,49,977.0,14654,1832
752.820,48,958.0,14370,1796
752.870,48,958.8,14382,1798
752.920,49,975.9,14639,1830
752.970,48,959.6,14394,1799
753.021,48,957.2,14358,1795
753.071,49,977.7,14665,1833
753.121,48,959.9,14399,1800
753.171,48,959.1,14387,1798
753.221,48,957.1,14356,1794
753.271,49,976.2,14642,1830
753.321,48,959.6,14394,1799
753.371,48,957.3,14359,1795
753.421,49,979.8,14697,1837
753.471,48,959.7,14396,1799
753.521,48,958.6,14379,1797
753.571,48,959.8,14397,1800
753.621,49,979.3,14690,1836
753.671,48,959.0,14386,1798
753.722,48,957.1,14356,1795
753.772,49,974.4,14616,1827
753.822,48,958.9,14384,1798
753.872,48,957.7,14365,1796
753.922,49,977.0,14655,1832
753.972,48,959.9,14399,1800
754.022,48,957.6,14364,1796
754.073,48,957.3,14359,1795
754.123,49,978.2,14673,1834
754.173,48,957.9,14368,1796
754.223,48,958.0,14369,1796
754.273,48,955.4,14331,1791
754.323,49,978.6,14678,1835
754.373,48,957.6,14364,1795
754.423,48,958.9,14383,1798
754.473,48,957.4,14361,1795
754.524,48,958.4,14377,1797
754.574,48,957.7,14365,1796
754.624,49,976.2,14643,1830
754.674,48,959.0,14385,1798
754.724,48,958.7,14381,1798
754.774,48,956.2,14344,1793
754.824,48,956.8,14352,1794
754.874,48,960.0,14400,1800
754.924,48,959.8,14397,1800
754.974,48,957.8,14367,1796
755.025,48,957.8,14367,1796
755.075,48,959.8,14398,1800
755.125,49,975.8,14637,1830
755.175,48,959.3,14390,1799
755.225,48,958.8,14382,1798
755.275,48,956.6,14350,1794
755.325,48,958.8,14382,1798
755.375,48,959.8,14397,1800
755.425,48,958.8,14382,1798
755.475,48,957.7,14365,1796
755.525,48,957.4,14360,1795
755.576,48,958.8,14382,1798
755.626,48,959.7,14396,1799
755.676,48,958.3,14374,1797
755.726,49,977.2,14657,1832
755.776,48,955.1,14326,1791
755.826,48,959.9,14398,1800
755.876,48,959.1,14387,1798
755.926,48,959.8,14397,1800
755.976,48,959.2,14388,1799
756.026,48,956.7,14351,1794
756.076,48,957.2,14358,1795
756.127,49,977.4,14660,1833
756.177,48,958.8,14382,1798
756.227,48,958.9,14384,1798
756.277,48,957.1,14357,1795
756.327,48,958.5,14378,1797
756.377,48,957.3,14360,1795
756.427,48,958.3,14374,1797
756.477,49,978.4,14675,1834
756.527,48,959.8,14397,1800
756.577,48,958.0,14371,1796
756.628,48,957.4,14361,1795
756.678,48,958.4,14376,1797
756.728,49,979.2,14688,1836
756.778,48,956.9,14354,1794
756.828,48,956.7,14350,1794
756.878,48,958.0,14370,1796
756.928,49,975.5,14632,1829
756.979,48,955.5,14332,1792
757.029,48,958.8,14382,1798
757.079,48,957.7,14366,1796
757.129,49,977.2,14658,1832
757.179,48,956.9,14354,1794
757.229,48,957.7,14365,1796
757.279,49,976.2,14643,1830
757.329,48,959.2,14388,1798
757.380,48,957.2,14358,1795
757.430,48,959.4,14391,1799
757.480,48,958.5,14377,1797
757.530,49,978.4,14675,1834
757.580,48,957.6,14364,1796
757.630,48,956.6,14349,1794
757.680,49,977.3,14660,1833
757.730,48,957.7,14366,1796
757.780,48,958.9,14383,1798
757.830,48,959.2,14388,1798
757.881,49,977.0,14655,1832
757.931,48,958.9,14383,1798
757.981,48,958.2,14373,1797
758.031,48,959.3,14390,1799
758.081,49,978.9,14683,1835
758.131,48,956.4,14346,1793
758.181,49,976.3,14644,1830
758.231,48,958.8,14382,1798
758.281,48,957.9,14369,1796
758.331,48,958.3,14374,1797
758.381,49,979.0,14686,1836
758.432,48,959.0,14385,1798
758.482,49,974.7,14620,1828
758.532,48,959.3,14389,1799
758.582,48,957.3,14360,1795
758.632,49,978.8,14682,1835
758.682,48,959.1,14386,1798
758.732,48,959.7,14396,1800
758.782,48,959.4,14390,1799
758.832,49,977.7,14665,1833
758.882,48,958.4,14376,1797
758.932,49,978.8,14682,1835
758.983,48,957.3,14359,1795
759.033,48,957.2,14359,1795
759.083,49,978.2,14673,1834
759.133,48,957.4,14361,1795
759.183,48,958.7,14381,1798
759.233,49,977.4,14660,1833
759.283,48,959.4,14392,1799
759.333,48,958.4,14376,1797
759.383,49,977.7,14665,1833
759.433,48,958.8,14382,1798
759.484,48,957.5,14363,1795
759.534,49,976.2,14643,1830
759.584,48,958.4,14376,1797
759.634,48,956.7,14351,1794
759.684,49,976.7,14650,1831
759.734,48,958.4,14376,1797
759.784,48,958.3,14375,1797
759.835,48,955.7,14336,1792
759.885,49,977.5,14663,1833
759.935,48,955.4,14330,1791
759.985,48,957.5,14363,1795
760.035,49,977.5,14663,1833
760.085,48,958.9,14383,1798
760.135,48,960.0,14400,1800
760.185,48,957.8,14367,1796
760.235,48,957.5,14363,1795
760.286,48,957.9,14369,1796
760.336,49,979.2,14688,1836
760.386,48,957.0,14355,1794
760.436,48,958.4,14376,1797
760.486,48,957.1,14357,1795
760.536,48,956.3,14344,1793
760.586,48,960.0,14400,1800
760.636,48,956.1,14342,1793
760.686,49,978.7,14680,1835
760.737,48,958.7,14380,1798
760.787,48,958.9,14383,1798
760.837,48,959.3,14389,1799
760.887,48,959.8,14397,1800
760.937,48,957.6,14364,1796
760.987,48,957.0,14354,1794
761.037,48,959.6,14395,1799
761.087,48,960.0,14399,1800
761.137,48,956.2,14343,1793
761.187,48,957.9,14369,1796
761.237,48,958.2,14373,1797
761.288,49,976.3,14644,1831
761.338,48,957.1,14356,1794
761.388,48,957.8,14366,1796
761.438,48,959.8,14397,1800
761.488,48,959.9,14398,1800
761.538,48,957.5,14362,1795
761.588,48,958.2,14374,1797
761.638,48,959.0,14385,1798
761.688,48,958.0,14370,1796
761.738,48,960.0,14400,1800
761.788,48,957.1,14356,1795
761.838,48,958.4,14377,1797
761.888,48,959.7,14395,1799
761.939,48,957.1,14357,1795
761.989,49,976.8,14653,1832
762.039,48,956.7,14350,1794
762.089,48,958.5,14378,1797
762.139,48,959.1,14387,1798
762.189,48,959.9,14399,1800
762.239,48,959.1,14387,1798
762.289,48,957.4,14361,1795
762.339,48,957.5,14362,1795
762.389,48,958.9,14384,1798
762.440,48,956.9,14354,1794
762.490,49,977.6,14663,1833
762.540,48,958.2,14374,1797
762.590,48,956.3,14345,1793
762.640,48,958.7,14381,1798
762.690,48,956.7,14350,1794
762.740,48,958.1,14371,1796
762.790,48,959.3,14389,1799
762.840,48,958.4,14375,1797
762.891,49,979.3,14690,1836
762.941,48,958.7,14380,1797
762.991,48,959.1,14387,1798
763.041,48,957.8,14367,1796
763.091,48,959.5,14393,1799
763.141,48,958.9,14383,1798
763.191,48,957.6,14364,1796
763.241,49,978.5,14677,1835
763.291,48,958.3,14374,1797
763.341,48,958.4,14377,1797
763.391,48,957.5,14363,1795
763.441,48,958.7,14381,1798
763.491,49,978.7,14680,1835
763.542,48,957.5,14363,1795
763.592,48,959.7,14395,1799
763.642,48,959.5,14393,1799
763.692,48,958.6,14380,1797
763.742,49,979.1,14686,1836
763.792,48,958.9,14383,1798
763.842,48,959.8,14397,1800
763.892,48,959.2,14388,1799
763.942,49,976.9,14654,1832
763.992,48,959.2,14388,1798
764.042,48,959.9,14398,1800
764.092,49,978.6,14678,1835
764.142,48,958.7,14381,1798
764.192,48,958.5,14378,1797
764.242,48,959.1,14386,1798
764.292,49,978.8,14682,1835
764.343,48,956.9,14354,1794
764.393,48,957.3,14360,1795
764.443,49,979.7,14696,1837
764.493,48,956.8,14353,1794
764.543,48,957.5,14363,1795
764.593,49,976.4,14646,1831
764.643,48,956.2,14343,1793
764.694,49,975.3,14629,1829
764.744,48,959.2,14388,1799
764.794,49,975.8,14637,1830
764.844,48,958.0,14370,1796
764.894,48,958.7,14380,1798
764.944,49,979.9,14699,1837
764.994,48,957.3,14359,1795
765.044,48,958.0,14370,1796
765.094,49,978.4,14676,1834
765.144,48,958.2,14373,1797
765.195,48,957.8,14367,1796
765.245,49,979.7,14696,1837
765.295,48,957.6,14364,1796
765.345,48,958.2,14373,1797
765.395,49,976.6,14649,1831
765.445,48,956.1,14342,1793
765.495,49,978.8,14681,1835
765.545,48,959.3,14390,1799
765.595,49,977.0,14654,1832
765.646,48,958.8,14382,1798
765.696,48,956.8,14352,1794
765.746,49,979.5,14692,1836
765.796,48,958.4,14377,1797
765.846,48,957.6,14363,1795
765.896,49,976.0,14640,1830
765.946,48,958.0,14371,1796
765.996,48,960.0,14399,1800
766.046,49,977.4,14661,1833
766.097,48,956.3,14345,1793
766.147,48,959.2,14388,1798
766.197,49,977.3,14660,1832
766.247,48,959.1,14386,1798
766.297,48,958.5,14378,1797
766.347,49,977.4,14662,1833
766.397,48,957.5,14363,1795
766.447,48,956.7,14351,1794
766.497,49,976.1,14642,1830
766.548,48,959.0,14384,1798
766.598,48,959.8,14397,1800
766.648,49,976.2,14643,1830
766.698,48,956.4,14347,1793
766.748,48,957.0,14356,1794
766.798,48,959.4,14391,1799
766.848,49,978.8,14682,1835
766.898,48,959.7,14395,1799
766.948,48,958.0,14371,1796
766.998,48,959.9,14399,1800
767.048,48,957.6,14364,1795
767.099,49,978.5,14678,1835
767.149,48,957.8,14367,1796
767.199,48,958.1,14371,1796
767.249,48,959.0,14385,1798
767.299,48,957.2,14358,1795
767.349,48,958.5,14377,1797
767.399,49,978.4,14675,1834
767.449,48,959.1,14387,1798
767.499,48,956.7,14350,1794
767.549,48,957.8,14367,1796
767.600,48,957.6,14364,1795
767.650,48,959.9,14398,1800
767.700,48,957.5,14362,1795
767.750,48,959.9,14399,1800
767.800,49,978.7,14680,1835
767.850,48,958.8,14382,1798
767.900,48,957.0,14355,1794
767.950,48,958.0,14370,1796
768.000,48,958.6,14378,1797
768.050,48,956.1,14341,1793
768.100,48,959.8,14398,1800
768.151,49,976.3,14644,1830
768.201,48,959.0,14385,1798
768.251,48,957.9,14369,1796
768.301,48,958.0,14370,1796
768.351,48,956.5,14348,1793
768.401,48,959.4,14391,1799
768.451,48,957.3,14360,1795
768.501,48,958.7,14381,1798
768.551,49,976.9,14654,1832
768.601,48,958.3,14375,1797
768.652,48,958.2,14372,1797
768.702,48,957.2,14357,1795
768.752,48,958.2,14374,1797
768.802,48,959.2,14389,1799
768.852,48,959.1,14386,1798
768.902,49,977.5,14663,1833
768.952,48,959.8,14398,1800
769.002,48,957.6,14364,1796
769.052,48,958.1,14371,1796
769.102,48,958.5,14378,1797
769.152,48,959.8,14397,1800
769.203,49,977.2,14657,1832
769.253,48,956.7,14351,1794
769.303,48,957.8,14366,1796
769.353,48,957.5,14362,1795
769.403,48,959.1,14387,1798
769.453,49,978.5,14678,1835
769.503,48,958.9,14384,1798
769.553,48,959.8,14397,1800
769.603,48,958.9,14383,1798
769.653,48,957.7,14365,1796
769.703,48,957.8,14368,1796
769.754,49,976.1,14641,1830
769.804,48,959.9,14399,1800
769.854,48,958.4,14376,1797
769.904,48,957.1,14356,1795
769.954,48,959.9,14398,1800
770.004,49,977.2,14659,1832
770.054,48,956.7,14350,1794
770.104,48,957.7,14366,1796
770.154,48,958.6,14378,1797
770.205,49,977.2,14658,1832
770.255,48,956.8,14353,1794
770.305,48,956.0,14340,1792
770.355,48,959.6,14393,1799
770.405,48,959.7,14396,1799
770.455,49,978.9,14683,1835
770.505,48,960.0,14399,1800
770.555,48,958.8,14383,1798
770.605,48,959.4,14391,1799
770.655,48,959.6,14394,1799
770.705,49,974.7,14621,1828
770.755,48,958.9,14384,1798
770.805,48,959.1,14386,1798
770.856,48,958.8,14382,1798
770.906,48,959.0,14385,1798
770.956,49,978.3,14674,1834
771.006,48,959.2,14389,1799
771.056,48,959.8,14397,1800
771.106,48,959.8,14397,1800
771.156,48,956.3,14345,1793
771.206,48,957.6,14364,1796
771.256,49,979.4,14691,1836
771.306,48,959.7,14395,1799
771.356,48,957.8,14367,1796
771.406,48,958.5,14378,1797
771.456,48,958.3,14374,1797
771.506,48,958.6,14378,1797
771.557,49,976.9,14654,1832
771.607,48,956.5,14348,1794
771.657,48,958.7,14381,1798
771.707,48,959.8,14396,1800
771.757,48,957.6,14364,1796
771.807,49,976.8,14651,1831
771.857,48,958.3,14375,1797
771.907,48,957.1,14357,1795
771.958,48,957.1,14357,1795
772.008,48,959.3,14390,1799
772.058,49,977.0,14656,1832
772.108,48,957.6,14365,1796
772.158,48,959.1,14386,1798
772.208,48,957.8,14368,1796
772.258,48,957.1,14357,1795
772.308,49,976.6,14649,1831
772.358,48,958.9,14383,1798
772.409,48,957.1,14356,1795
772.459,48,959.0,14385,1798
772.509,48,958.5,14378,1797
772.559,48,959.4,14391,1799
772.609,48,958.5,14378,1797
772.659,48,958.6,14379,1797
772.709,49,978.4,14676,1835
772.759,48,956.9,14354,1794
772.809,48,959.8,14397,1800
772.859,48,959.1,14387,1798
772.909,48,958.6,14379,1797
772.959,48,958.4,14376,1797
773.009,48,958.3,14374,1797
773.059,48,958.8,14381,1798
773.110,48,954.5,14318,1790
773.160,49,976.5,14648,1831
773.210,48,957.6,14363,1795
773.260,48,959.7,14396,1799
773.310,48,959.6,14394,1799
773.360,48,960.0,14400,1800
773.410,48,956.7,14350,1794
773.460,48,956.2,14343,1793
773.510,48,959.6,14394,1799
773.561,49,979.3,14690,1836
773.611,48,957.6,14364,1795
773.661,48,956.2,14343,1793
773.711,48,959.0,14385,1798
773.761,48,957.6,14364,1796
773.811,48,957.6,14363,1795
773.861,48,956.3,14345,1793
773.911,48,959.8,14397,1800
773.961,48,958.9,14383,1798
774.011,47,939.0,14085,1761
774.061,48,959.7,14396,1799
774.112,48,958.3,14375,1797
774.162,48,956.4,14346,1793
774.212,48,959.8,14397,1800
774.262,47,939.3,14089,1761
774.312,48,957.6,14364,1796
774.362,48,958.0,14370,1796
774.412,48,957.8,14366,1796
774.462,47,937.7,14066,1758
774.512,48,957.6,14364,1795
774.563,48,957.0,14355,1794
774.613,48,957.6,14364,1795
774.663,48,959.3,14389,1799
774.713,47,937.7,14065,1758
774.763,48,959.0,14385,1798
774.813,48,958.5,14378,1797
774.863,47,939.0,14086,1761
774.913,48,959.9,14399,1800
774.963,48,957.6,14364,1796
775.013,48,956.4,14345,1793
775.063,47,939.0,14085,1761
775.113,48,959.1,14387,1798
775.164,48,957.4,14361,1795
775.214,48,958.7,14380,1797
775.264,47,939.0,14085,1761
775.314,48,957.6,14363,1795
775.364,48,956.4,14346,1793
775.414,48,956.2,14344,1793
775.464,47,939.0,14084,1761
775.514,48,957.6,14364,1795
775.565,48,957.7,14366,1796
775.615,48,958.5,14378,1797
775.665,47,938.7,14081,1760
775.715,48,959.9,14399,1800
775.765,48,959.1,14386,1798
775.815,47,939.9,14098,1762
775.865,48,956.8,14352,1794
775.915,48,958.5,14378,1797
775.965,48,959.0,14386,1798
776.015,48,958.5,14377,1797
776.065,47,939.2,14088,1761
776.115,48,956.2,14343,1793
776.165,48,959.0,14386,1798
776.216,48,957.9,14368,1796
776.266,48,959.4,14390,1799
776.316,48,957.9,14368,1796
776.366,48,958.6,14379,1797
776.416,48,957.7,14365,1796
776.466,48,957.9,14368,1796
776.516,48,958.3,14375,1797
776.566,48,957.9,14369,1796
776.616,48,959.4,14391,1799
776.666,48,957.4,14360,1795
776.716,48,958.5,14378,1797
776.767,48,956.3,14344,1793
776.817,48,959.0,14385,1798
776.867,48,957.4,14361,1795
776.917,48,957.8,14367,1796
776.967,48,959.8,14398,1800
777.017,48,959.0,14385,1798
777.067,48,958.0,14370,1796
777.117,48,959.7,14396,1800
777.167,48,958.6,14378,1797
777.217,48,957.2,14358,1795
777.267,48,956.5,14348,1793
777.318,48,956.4,14346,1793
777.368,48,957.9,14369,1796
777.418,48,957.2,14359,1795
777.468,48,956.6,14350,1794
777.518,48,959.8,14397,1800
777.568,49,974.9,14623,1828
777.619,48,957.0,14355,1794
777.669,48,957.6,14364,1795
777.719,48,958.1,14371,1796
777.769,48,959.7,14395,1799
777.819,48,959.6,14393,1799
777.869,48,956.6,14349,1794
777.919,48,956.7,14350,1794
777.969,48,959.7,14396,1800
778.019,48,956.8,14352,1794
778.069,48,958.2,14374,1797
778.119,48,959.5,14392,1799
778.170,48,957.8,14368,1796
778.220,48,957.3,14360,1795
778.270,48,958.5,14377,1797
778.320,48,957.7,14365,1796
778.370,48,957.5,14363,1795
778.420,47,939.6,14094,1762
778.470,47,939.4,14092,1761
778.520,48,958.7,14381,1798
778.570,47,938.0,14070,1759
778.620,47,936.1,14042,1755
778.671,47,938.8,14082,1760
778.721,47,936.4,14046,1756
778.771,46,919.1,13786,1723
778.821,46,918.6,13779,1722
778.871,45,899.0,13485,1686
778.921,46,918.1,13771,1721
778.971,45,897.0,13455,1682
779.021,44,878.8,13182,1648
779.071,45,896.9,13454,1682
779.122,45,897.8,13467,1683
779.172,44,879.0,13185,1648
779.222,43,855.1,12826,1603
779.272,44,877.4,13160,1645
779.322,43,856.4,12845,1606
779.372,42,838.3,12574,1572
779.422,42,838.2,12573,1572
779.472,42,839.4,12591,1574
779.523,41,818.2,12273,1534
779.573,41,819.9,12298,1537
779.623,41,820.0,12300,1537
779.673,40,796.1,11941,1493
779.723,41,816.8,12253,1532
779.773,39,778.1,11671,1459
779.823,39,777.4,11661,1458
779.874,39,777.2,11658,1457
779.924,38,759.4,11390,1424
779.974,39,777.2,11658,1457
780.024,37,738.5,11077,1385
780.074,38,757.9,11369,1421
780.124,37,738.5,11077,1385
780.174,37,735.8,11038,1380
780.224,37,739.5,11092,1386
780.274,37,739.8,11097,1387
780.324,36,719.2,10788,1349
780.375,37,738.4,11076,1385
780.425,36,717.8,10767,1346
780.475,36,718.9,10783,1348
780.525,36,717.7,10765,1346
780.575,36,716.3,10745,1343
780.625,36,719.4,10791,1349
780.675,36,719.9,10798,1350
780.725,36,719.2,10789,1349
780.775,36,718.4,10777,1347
780.826,36,718.8,10781,1348
780.876,35,697.8,10467,1308
780.926,36,718.3,10774,1347
780.976,36,718.9,10784,1348
781.026,35,699.8,10497,1312
781.076,36,718.0,10769,1346
781.126,36,717.8,10766,1346
781.176,35,697.8,10467,1308
781.226,36,718.6,10779,1347
781.276,35,700.0,10499,1312
781.326,36,719.7,10796,1349
781.377,35,697.6,10464,1308
781.427,36,720.0,10799,1350
781.477,35,698.5,10477,1310
781.527,36,719.0,10785,1348
781.577,35,699.1,10486,1311
781.627,36,718.2,10773,1347
781.677,35,697.2,10457,1307
781.727,36,719.3,10789,1349
781.777,35,699.3,10489,1311
781.827,35,699.0,10485,1311
781.877,36,718.9,10784,1348
781.928,35,699.4,10491,1311
781.978,35,699.0,10484,1311
782.028,36,719.8,10798,1350
782.078,35,698.6,10479,1310
782.128,36,717.3,10759,1345
782.178,35,699.0,10485,1311
782.228,35,697.6,10463,1308
782.278,36,720.0,10800,1350
782.328,35,698.2,10474,1309
782.378,35,699.9,10498,1312
782.428,35,699.6,10494,1312
782.478,35,697.5,10463,1308
782.529,35,697.7,10465,1308
782.579,35,699.1,10487,1311
782.629,36,718.6,10778,1347
782.679,35,698.9,10483,1310
782.729,35,697.6,10464,1308
782.779,35,698.7,10480,1310
782.829,34,678.8,10182,1273
782.879,35,698.0,10470,1309
782.929,35,698.3,10475,1309
782.980,35,699.9,10499,1312
783.030,35,699.9,10498,1312
783.080,35,699.1,10487,1311
783.130,34,679.0,10185,1273
783.180,35,698.5,10478,1310
783.230,35,699.1,10486,1311
783.280,35,699.1,10486,1311
783.330,35,699.5,10492,1312
783.380,35,699.7,10495,1312
783.430,35,699.4,10491,1311
783.480,35,697.0,10455,1307
783.530,35,699.4,10492,1311
783.580,35,699.9,10498,1312
783.630,35,699.2,10488,1311
783.680,35,699.7,10495,1312
783.730,35,698.4,10476,1310
783.781,35,698.6,10479,1310
783.831,35,699.6,10494,1312
783.881,35,697.6,10465,1308
783.931,35,698.4,10476,1309
783.981,35,699.2,10488,1311
784.031,35,699.9,10498,1312
784.081,35,699.1,10487,1311
784.131,35,699.2,10488,1311
784.181,35,699.7,10495,1312
784.231,35,698.4,10477,1310
784.281,35,699.0,10484,1311
784.331,35,699.0,10486,1311
784.381,35,699.4,10492,1311
784.431,35,699.8,10497,1312
784.481,35,699.0,10485,1311
784.532,35,697.6,10465,1308
784.582,35,697.3,10459,1307
784.632,35,698.4,10476,1310
784.682,35,698.1,10472,1309
784.732,35,697.7,10465,1308
784.782,35,698.0,10471,1309
784.832,35,698.4,10476,1309
784.883,35,699.2,10488,1311
784.933,36,718.2,10773,1347
784.983,35,697.9,10469,1309
785.033,35,698.4,10475,1309
785.083,35,698.3,10474,1309
785.133,35,699.8,10497,1312
785.183,35,698.2,10473,1309
785.233,35,697.8,10467,1308
785.283,35,699.4,10491,1311
785.333,35,698.7,10480,1310
785.384,35,698.4,10476,1309
785.434,35,699.2,10488,1311
785.484,35,699.0,10485,1311
785.534,35,699.4,10492,1311
785.584,35,699.0,10484,1311
785.634,35,698.1,10472,1309
785.684,35,699.2,10489,1311
785.734,35,699.0,10485,1311
785.784,35,697.3,10459,1307
785.834,35,698.5,10477,1310
785.885,35,698.2,10473,1309
785.935,35,699.8,10497,1312
785.985,35,698.5,10478,1310
786.035,35,698.2,10472,1309
786.085,35,699.1,10486,1311
786.135,34,679.6,10194,1274
786.185,35,698.9,10484,1311
786.235,35,699.8,10496,1312
786.285,35,698.3,10475,1309
786.335,35,700.0,10500,1312
786.385,35,698.2,10472,1309
786.435,35,699.9,10499,1312
786.485,35,700.0,10500,1312
786.535,35,699.0,10486,1311
786.586,35,696.6,10450,1306
786.636,35,698.3,10475,1309
786.686,36,718.6,10779,1347
786.736,35,699.8,10497,1312
786.786,35,699.8,10497,1312
786.836,35,699.1,10487,1311
786.886,35,700.0,10500,1312
786.936,35,699.4,10492,1311
786.986,34,678.5,10177,1272
787.036,35,698.8,10482,1310
787.086,35,699.3,10490,1311
787.136,35,699.9,10498,1312
787.186,35,698.5,10478,1310
787.236,35,698.8,10482,1310
787.286,35,698.4,10476,1310
787.336,35,699.7,10495,1312
787.387,35,697.3,10460,1308
787.437,35,696.2,10443,1305
787.487,35,697.7,10466,1308
787.537,35,697.4,10461,1308
787.587,35,698.6,10479,1310
787.637,35,699.9,10498,1312
787.688,35,698.3,10474,1309
787.738,35,700.0,10499,1312
787.788,35,699.0,10484,1311
787.838,34,679.7,10195,1274
787.888,36,718.7,10780,1347
787.938,35,697.2,10458,1307
787.988,35,699.1,10486,1311
788.038,35,699.1,10486,1311
788.088,35,699.4,10491,1311
788.138,35,699.9,10498,1312
788.188,35,698.4,10476,1309
788.238,35,699.1,10487,1311
788.288,35,697.7,10466,1308
788.339,35,698.0,10470,1309
788.389,35,698.3,10474,1309
788.439,35,699.8,10497,1312
788.489,35,697.3,10460,1307
788.539,35,698.2,10474,1309
788.589,35,698.2,10473,1309
788.639,35,698.4,10476,1310
788.689,35,698.4,10476,1309
788.739,35,699.3,10489,1311
788.790,35,699.1,10486,1311
788.840,34,679.1,10186,1273
788.890,35,699.4,10492,1311
788.940,35,698.1,10472,1309
788.990,35,698.8,10482,1310
789.040,34,679.2,10188,1273
789.090,35,698.5,10477,1310
789.140,35,698.2,10473,1309
789.190,35,699.9,10498,1312
789.240,34,678.5,10178,1272
789.290,35,698.8,10481,1310
789.340,35,698.4,10476,1309
789.391,35,698.2,10473,1309
789.441,34,678.5,10178,1272
789.491,35,698.3,10475,1309
789.541,35,699.0,10484,1311
789.591,34,679.9,10199,1275
789.641,35,699.2,10489,1311
789.691,35,698.2,10474,1309
789.741,35,697.3,10460,1307
789.791,34,679.2,10188,1274
789.841,35,699.0,10485,1311
789.891,34,679.2,10187,1273
789.942,35,698.4,10476,1309
789.992,35,698.9,10484,1310
790.042,34,679.5,10193,1274
790.092,35,699.3,10490,1311
790.142,34,679.9,10199,1275
790.192,35,698.7,10481,1310
790.242,35,699.6,10494,1312
790.292,34,678.7,10180,1273
790.342,35,699.0,10485,1311
790.392,35,698.4,10476,1309
790.442,34,678.9,10184,1273
790.492,35,698.7,10480,1310
790.542,35,698.0,10469,1309
790.593,35,699.5,10493,1312
790.643,34,678.6,10179,1272
790.693,35,699.8,10497,1312
790.743,35,699.5,10492,1312
790.793,35,697.8,10466,1308
790.843,35,698.7,10481,1310
790.893,35,699.5,10492,1312
790.943,34,678.4,10175,1272
790.993,35,698.4,10476,1309
791.043,35,699.8,10497,1312
791.093,35,699.1,10486,1311
791.143,35,699.9,10498,1312
791.193,35,697.5,10463,1308
791.244,35,697.6,10464,1308
791.294,34,679.7,10195,1274
791.344,35,698.3,10474,1309
791.394,35,699.1,10487,1311
791.444,35,698.5,10477,1310
791.494,35,699.0,10484,1311
791.544,35,699.2,10488,1311
791.594,35,698.2,10474,1309
791.644,35,697.9,10468,1309
791.694,35,698.7,10481,1310
791.745,35,699.4,10491,1311
791.795,35,698.6,10479,1310
791.845,36,718.3,10775,1347
791.895,35,699.0,10484,1311
791.945,35,698.7,10480,1310
791.995,35,698.8,10482,1310
792.045,35,699.3,10489,1311
792.095,35,697.4,10461,1308
792.145,35,699.8,10497,1312
792.195,35,698.7,10480,1310
792.245,35,698.8,10481,1310
792.296,35,698.5,10478,1310
792.346,35,697.3,10459,1307
792.396,35,698.2,10473,1309
792.446,36,719.0,10786,1348
792.496,35,700.0,10499,1312
792.546,35,698.9,10483,1310
792.596,35,697.4,10461,1308
792.646,35,698.2,10473,1309
792.696,35,699.2,10488,1311
792.747,35,697.8,10466,1308
792.797,35,699.2,10489,1311
792.847,35,699.0,10485,1311
792.897,35,698.3,10475,1309
792.947,35,699.1,10487,1311
792.997,35,698.6,10479,1310
793.047,35,698.6,10479,1310
793.097,35,698.5,10477,1310
793.147,35,699.0,10484,1311
793.197,35,698.0,10470,1309
793.247,35,699.5,10492,1312
793.298,35,697.2,10458,1307
793.348,35,697.8,10467,1308
793.398,35,699.7,10496,1312
793.448,35,700.0,10499,1312
793.498,35,699.0,10485,1311
793.548,35,697.8,10467,1308
793.598,35,697.7,10465,1308
793.648,35,699.5,10492,1311
793.698,35,699.9,10498,1312
793.748,36,717.6,10764,1346
793.798,35,699.9,10498,1312
793.848,35,699.6,10495,1312
793.899,35,698.6,10479,1310
793.949,35,698.3,10475,1309
793.999,35,699.1,10486,1311
794.049,36,719.1,10787,1348
794.099,35,699.3,10490,1311
794.149,35,698.0,10469,1309
794.199,36,718.3,10775,1347
794.249,35,699.8,10497,1312
794.299,35,697.6,10465,1308
794.350,35,695.9,10439,1305
794.400,36,718.6,10779,1347
794.450,35,698.9,10483,1310
794.500,35,699.5,10492,1312
794.550,36,718.9,10784,1348
794.600,35,697.9,10469,1309
794.650,35,700.0,10499,1312
794.700,36,717.6,10765,1346
794.750,35,697.6,10464,1308
794.800,35,698.9,10484,1310
794.850,35,699.5,10493,1312
794.901,36,718.8,10783,1348
794.951,35,696.4,10447,1306
795.001,36,719.4,10791,1349
795.051,35,698.0,10471,1309
795.101,35,698.4,10476,1309
795.151,35,698.3,10474,1309
795.201,35,699.9,10499,1312
795.251,36,718.1,10771,1346
795.301,35,698.5,10478,1310
795.351,35,699.8,10497,1312
795.402,35,698.1,10472,1309
795.452,35,697.3,10460,1308
795.502,35,699.3,10490,1311
795.552,35,697.8,10468,1308
795.602,35,698.5,10478,1310
795.652,36,718.4,10775,1347
795.702,35,697.3,10459,1307
795.753,35,696.5,10447,1306
795.803,35,699.9,10498,1312
795.853,35,697.6,10464,1308
795.903,35,698.9,10484,1311
795.953,35,698.6,10479,1310
796.003,35,696.4,10446,1306
796.053,35,699.1,10487,1311
796.104,35,697.3,10460,1307
796.154,35,698.4,10477,1310
796.204,34,678.1,10171,1271
796.254,36,717.4,10761,1345
796.304,35,697.6,10464,1308
796.354,35,698.9,10483,1310
796.404,35,697.6,10463,1308
796.455,35,698.4,10476,1309
796.505,35,697.9,10469,1309
796.555,35,699.5,10493,1312
796.605,35,699.9,10498,1312
796.655,35,697.2,10458,1307
796.705,36,717.5,10762,1345
796.755,35,699.3,10489,1311
796.805,35,699.2,10488,1311
796.855,35,699.6,10493,1312
796.905,35,698.0,10470,1309
796.955,35,698.4,10475,1309
797.006,36,718.3,10774,1347
797.056,35,698.7,10480,1310
797.106,35,699.9,10499,1312
797.156,35,698.0,10470,1309
797.206,36,717.1,10756,1345
797.256,35,697.6,10464,1308
797.306,35,698.6,10478,1310
797.356,35,698.7,10481,1310
797.407,36,718.6,10779,1347
797.457,35,698.0,10470,1309
797.507,35,698.5,10478,1310
797.557,35,699.2,10487,1311
797.607,35,699.7,10496,1312
797.657,36,717.7,10766,1346
797.707,35,697.9,10468,1308
797.757,35,699.2,10488,1311
797.807,35,697.1,10457,1307
797.858,36,716.3,10744,1343
797.908,35,697.8,10466,1308
797.958,35,697.6,10465,1308
798.008,35,698.8,10482,1310
798.058,36,717.2,10759,1345
798.108,35,697.6,10464,1308
798.159,35,697.4,10462,1308
798.209,35,699.1,10486,1311
798.259,35,699.6,10494,1312
798.309,36,718.9,10783,1348
798.359,35,698.4,10475,1309
798.409,35,697.9,10468,1309
798.459,35,698.2,10473,1309
798.509,35,698.9,10483,1310
798.559,35,698.9,10483,1310
798.610,36,717.9,10769,1346
798.660,35,698.2,10473,1309
798.710,35,698.9,10484,1310
798.760,35,697.4,10461,1308
798.810,35,697.6,10463,1308
798.860,35,697.8,10467,1308
798.910,36,718.5,10777,1347
798.960,35,699.2,10488,1311
799.011,35,697.6,10463,1308
799.061,35,698.4,10476,1309
799.111,35,699.7,10496,1312
799.161,35,698.4,10476,1309
799.211,35,697.2,10458,1307
799.261,35,697.7,10466,1308
799.311,35,699.8,10496,1312
799.361,35,699.2,10487,1311
799.411,35,698.5,10478,1310
799.461,35,698.4,10476,1310
799.512,36,715.9,10738,1342
799.562,35,697.5,10462,1308
799.612,35,698.4,10477,1310
799.662,35,699.2,10488,1311
799.712,35,699.9,10498,1312
799.762,35,699.9,10499,1312
799.812,35,696.5,10448,1306
799.862,35,699.8,10497,1312
799.912,35,698.9,10484,1310
799.963,35,698.1,10471,1309
800.013,34,678.4,10177,1272
800.063,35,699.9,10498,1312
800.113,35,698.3,10475,1309
800.163,35,698.8,10483,1310
800.213,35,698.4,10476,1309
800.263,35,698.1,10471,1309
800.313,35,697.6,10463,1308
800.364,35,697.0,10455,1307
800.414,35,699.2,10489,1311
800.464,35,698.5,10477,1310
800.514,34,679.7,10195,1274
800.564,35,699.8,10497,1312
800.614,35,697.0,10454,1307
800.664,35,698.3,10474,1309
800.714,36,718.4,10776,1347
800.764,35,699.1,10486,1311
800.814,34,679.2,10188,1274
800.865,36,717.6,10764,1345
800.915,35,698.7,10480,1310
800.965,35,699.3,10489,1311
801.015,35,697.9,10468,1309
801.065,35,697.6,10464,1308
801.115,35,697.5,10462,1308
801.165,35,697.3,10459,1307
801.216,35,698.4,10475,1309
801.266,36,718.4,10776,1347
801.316,35,698.3,10474,1309
801.366,35,698.4,10477,1310
801.416,35,699.7,10495,1312
801.466,35,697.3,10459,1307
801.516,35,699.7,10495,1312
801.566,36,718.7,10781,1348
801.616,35,699.3,10489,1311
801.666,35,699.0,10485,1311
801.716,35,699.9,10499,1312
801.766,36,718.8,10782,1348
801.817,35,697.5,10463,1308
801.867,35,697.0,10455,1307
801.917,35,699.8,10497,1312
801.967,36,719.9,10799,1350
802.017,35,697.7,10465,1308
802.067,35,700.0,10500,1312
802.117,36,717.8,10767,1346
802.167,35,697.6,10465,1308
802.217,35,699.0,10485,1311
802.267,36,719.6,10793,1349
802.318,35,698.6,10479,1310
802.368,35,699.9,10498,1312
802.418,35,696.8,10451,1306
802.468,36,718.2,10773,1347
802.518,35,699.2,10488,1311
802.568,35,699.4,10491,1311
802.618,35,697.8,10468,1308
802.668,35,698.5,10477,1310
802.718,35,699.0,10485,1311
802.768,35,698.2,10473,1309
802.819,36,717.5,10762,1345
802.869,35,696.1,10441,1305
802.919,35,699.6,10494,1312
802.969,35,700.0,10500,1312
803.019,35,698.3,10475,1309
803.069,35,697.3,10459,1307
803.119,35,699.3,10489,1311
803.169,35,698.2,10473,1309
803.220,35,697.5,10463,1308
803.270,35,696.2,10443,1305
803.320,36,716.4,10746,1343
803.370,35,698.4,10477,1310
803.420,35,699.8,10498,1312
803.470,35,698.5,10477,1310
803.520,35,698.8,10483,1310
803.571,35,697.4,10462,1308
803.621,35,698.3,10474,1309
803.671,36,719.0,10785,1348
803.721,35,698.0,10469,1309
803.771,35,699.6,10494,1312
803.821,35,698.3,10475,1309
803.871,35,699.1,10486,1311
803.921,35,698.7,10481,1310
803.972,35,696.8,10451,1306
804.022,35,699.4,10491,1311
804.072,35,698.3,10474,1309
804.122,36,718.2,10774,1347
804.172,35,699.1,10486,1311
804.222,35,698.5,10477,1310
804.272,35,698.2,10473,1309
804.322,35,697.7,10466,1308
804.372,35,698.5,10478,1310
804.422,34,679.6,10194,1274
804.473,35,697.6,10463,1308
804.523,35,699.8,10497,1312
804.573,35,697.3,10460,1307
804.623,35,699.1,10486,1311
804.673,35,698.3,10475,1309
804.723,34,678.9,10184,1273
804.773,35,698.1,10471,1309
804.823,35,698.3,10474,1309
804.873,35,698.7,10481,1310
804.923,34,679.0,10185,1273
804.974,35,696.3,10444,1305
805.024,35,698.3,10474,1309
805.074,35,697.5,10462,1308
805.124,35,698.0,10470,1309
805.174,34,677.9,10169,1271
805.224,35,699.9,10499,1312
805.274,35,699.9,10498,1312
805.325,34,678.2,10173,1272
805.375,35,699.9,10499,1312
805.425,34,679.8,10197,1275
805.475,35,697.8,10468,1308
805.525,35,697.3,10459,1307
805.575,34,678.4,10177,1272
805.625,35,700.0,10499,1312
805.675,35,699.8,10497,1312
805.725,34,677.7,10166,1271
805.775,35,699.3,10489,1311
805.825,35,697.5,10462,1308
805.875,35,699.1,10486,1311
805.925,35,699.7,10496,1312
805.976,34,678.5,10178,1272
806.026,35,698.0,10470,1309
806.076,35,698.5,10477,1310
806.126,35,698.9,10483,1310
806.176,35,697.9,10468,1309
806.226,35,697.7,10465,1308
806.276,35,698.2,10472,1309
806.326,35,699.5,10493,1312
806.376,35,699.9,10498,1312
806.427,35,698.3,10475,1309
806.477,35,699.2,10488,1311
806.527,36,720.0,10799,1350
806.577,35,697.4,10462,1308
806.627,35,697.2,10458,1307
806.677,35,699.1,10487,1311
806.727,35,698.4,10475,1309
806.777,35,700.0,10500,1312
806.827,35,699.9,10498,1312
806.877,36,719.4,10791,1349
806.927,35,698.9,10483,1310
806.977,35,698.4,10476,1310
807.028,35,697.3,10460,1307
807.078,35,697.9,10468,1309
807.128,36,717.6,10764,1346
807.178,35,698.6,10478,1310
807.228,35,698.9,10483,1310
807.278,35,699.2,10488,1311
807.328,35,698.2,10473,1309
807.378,35,699.2,10489,1311
807.428,35,699.8,10497,1312
807.478,35,699.0,10485,1311
807.529,36,717.6,10764,1346
807.579,35,699.0,10485,1311
807.629,35,699.3,10489,1311
807.679,35,699.7,10495,1312
807.729,35,697.5,10462,1308
807.779,35,699.0,10485,1311
807.829,35,698.9,10484,1310
807.879,36,718.5,10778,1347
807.929,35,697.4,10462,1308
807.979,35,699.3,10489,1311
808.030,36,718.1,10771,1346
808.080,35,698.4,10476,1310
808.130,35,699.2,10488,1311
808.180,35,698.4,10477,1310
808.230,36,719.7,10795,1349
808.280,35,700.0,10500,1312
808.330,35,697.4,10462,1308
808.380,36,718.3,10774,1347
808.430,35,700.0,10499,1312
808.480,36,718.2,10773,1347
808.530,35,698.3,10475,1309
808.580,35,698.9,10484,1311
808.631,36,717.3,10760,1345
808.681,35,699.4,10491,1311
808.731,36,718.1,10771,1346
808.781,35,698.1,10472,1309
808.831,35,699.7,10496,1312
808.881,36,716.6,10749,1344
808.931,35,700.0,10500,1312
808.981,36,718.4,10777,1347
809.031,35,698.4,10476,1310
809.082,36,717.9,10769,1346
809.132,35,698.0,10469,1309
809.182,36,717.8,10766,1346
809.232,35,699.9,10498,1312
809.282,36,718.1,10772,1346
809.332,35,697.9,10469,1309
809.382,36,718.7,10780,1347
809.432,35,699.6,10495,1312
809.482,36,719.4,10791,1349
809.533,35,697.8,10467,1308
809.583,36,716.8,10753,1344
809.633,35,697.7,10465,1308
809.683,36,716.9,10754,1344
809.733,35,697.7,10466,1308
809.783,36,717.3,10760,1345
809.833,35,699.8,10496,1312
809.884,35,696.6,10449,1306
809.934,36,718.5,10778,1347
809.984,35,699.2,10488,1311
810.034,35,698.0,10470,1309
810.084,36,717.2,10757,1345
810.134,35,698.8,10481,1310
810.184,35,698.9,10483,1310
810.234,35,699.5,10492,1312
810.284,35,699.7,10495,1312
810.335,35,697.9,10468,1309
810.385,35,699.4,10492,1311
810.435,35,697.1,10457,1307
810.485,35,698.6,10479,1310
810.535,36,716.1,10742,1343
810.585,35,697.4,10461,1308
810.635,35,699.1,10487,1311
810.686,35,696.5,10447,1306
810.736,35,698.5,10477,1310
810.786,35,699.0,10485,1311
810.836,35,699.1,10487,1311
810.886,35,699.2,10488,1311
810.936,35,699.1,10487,1311
810.986,35,696.5,10447,1306
811.036,35,698.0,10471,1309
811.087,35,698.6,10479,1310
811.137,35,699.7,10496,1312
811.187,34,679.9,10199,1275
811.237,35,697.6,10464,1308
811.287,35,697.3,10460,1308
811.337,35,696.4,10446,1306
811.387,35,696.6,10448,1306
811.438,35,699.1,10487,1311
811.488,35,697.9,10468,1309
811.538,35,697.5,10463,1308
811.588,35,697.8,10466,1308
811.638,34,679.6,10194,1274
811.688,35,699.7,10495,1312
811.738,35,699.7,10496,1312
811.788,35,699.3,10489,1311
811.838,34,678.4,10175,1272
811.888,35,698.2,10473,1309
811.939,35,697.7,10465,1308
811.989,34,678.7,10180,1273
812.039,35,699.3,10490,1311
812.089,35,698.0,10470,1309
812.139,34,679.0,10185,1273
812.189,35,699.8,10497,1312
812.239,34,678.0,10170,1271
812.289,35,699.0,10486,1311
812.339,34,679.3,10190,1274
812.389,35,698.1,10471,1309
812.439,34,678.4,10177,1272
812.489,35,699.9,10498,1312
812.540,34,678.6,10180,1272
812.590,35,697.8,10467,1308
812.640,35,699.3,10490,1311
812.690,34,678.4,10176,1272
812.740,35,698.1,10472,1309
812.790,34,679.7,10195,1274
812.840,35,699.0,10485,1311
812.890,35,699.6,10494,1312
812.940,34,678.3,10175,1272
812.990,35,698.4,10476,1309
813.040,35,699.9,10499,1312
813.090,34,679.0,10185,1273
813.141,35,697.5,10463,1308
813.191,35,697.3,10460,1307
813.241,35,697.3,10460,1307
813.291,35,699.4,10491,1311
813.341,34,678.6,10178,1272
813.391,35,698.0,10470,1309
813.441,35,699.1,10486,1311
813.492,35,698.2,10473,1309
813.542,35,699.2,10488,1311
813.592,34,679.9,10198,1275
813.642,35,696.6,10449,1306
813.692,35,699.1,10486,1311
813.742,35,698.9,10484,1310
813.792,35,698.6,10479,1310
813.842,35,698.2,10473,1309
813.892,35,698.4,10477,1310
813.942,35,699.9,10498,1312
813.993,35,697.3,10459,1307
814.043,35,697.6,10464,1308
814.093,35,699.0,10484,1311
814.143,35,699.5,10493,1312
814.193,34,678.7,10181,1273
814.243,35,698.3,10474,1309
814.293,35,699.6,10493,1312
814.343,35,697.7,10466,1308
814.393,35,698.7,10480,1310
814.443,35,698.7,10480,1310
814.493,35,699.2,10488,1311
814.544,35,698.4,10476,1309
814.594,35,698.8,10482,1310
814.644,34,677.4,10160,1270
814.694,35,697.4,10461,1308
814.744,35,698.0,10470,1309
814.794,35,698.8,10482,1310
814.844,35,697.5,10462,1308
814.894,35,699.8,10497,1312
814.944,35,699.9,10498,1312
814.995,35,699.4,10490,1311
815.045,35,699.2,10488,1311
815.095,34,679.0,10185,1273
815.145,35,700.0,10499,1312
815.195,35,699.9,10499,1312
815.245,35,699.7,10495,1312
815.295,35,698.0,10470,1309
815.345,35,699.4,10492,1311
815.395,34,679.5,10193,1274
815.445,35,698.3,10475,1309
815.495,35,699.9,10499,1312
815.545,35,698.4,10475,1309
815.595,35,700.0,10500,1312
815.645,34,678.6,10179,1272
815.695,35,699.6,10494,1312
815.745,35,698.3,10474,1309
815.795,34,679.6,10195,1274
815.846,35,698.0,10470,1309
815.896,35,699.7,10496,1312
815.946,35,699.6,10493,1312
815.996,34,679.6,10195,1274
816.046,35,698.2,10472,1309
816.096,35,698.5,10477,1310
816.146,35,699.9,10499,1312
816.196,34,679.1,10186,1273
816.246,35,698.6,10479,1310
816.296,35,698.8,10482,1310
816.346,35,699.4,10492,1311
816.396,35,698.6,10479,1310
816.446,35,699.4,10492,1311
816.496,35,698.6,10479,1310
816.546,34,679.8,10198,1275
816.597,35,698.0,10470,1309
816.647,35,697.7,10465,1308
816.697,35,698.7,10480,1310
816.747,35,699.5,10493,1312
816.797,35,697.1,10457,1307
816.847,35,697.6,10463,1308
816.897,35,699.1,10486,1311
816.948,35,697.4,10460,1308
816.998,35,700.0,10500,1312
817.048,35,697.8,10467,1308
817.098,35,698.8,10483,1310
817.148,35,699.1,10487,1311
817.198,35,698.0,10471,1309
817.248,35,699.6,10493,1312
817.298,35,698.9,10484,1310
817.348,35,698.4,10476,1310
817.398,34,679.1,10186,1273
817.448,35,699.1,10487,1311
817.498,35,698.9,10484,1310
817.549,35,697.3,10459,1307
817.599,35,696.7,10450,1306
817.649,34,678.8,10182,1273
817.699,35,697.9,10469,1309
817.749,35,697.3,10460,1308
817.799,35,699.2,10488,1311
817.849,35,699.0,10485,1311
817.900,34,678.3,10174,1272
817.950,35,699.5,10492,1312
818.000,35,696.1,10442,1305
818.050,34,678.9,10183,1273
818.100,35,698.7,10480,1310
818.150,34,680.0,10200,1275
818.200,35,698.1,10472,1309
818.250,35,699.1,10487,1311
818.300,35,699.0,10484,1311
818.350,34,678.6,10179,1272
818.400,35,699.0,10484,1311
818.451,35,698.2,10472,1309
818.501,34,678.6,10180,1272
818.551,35,699.8,10496,1312
818.601,35,698.6,10478,1310
818.651,34,680.0,10199,1275
818.701,35,699.8,10498,1312
818.751,35,699.2,10488,1311
818.801,34,679.0,10185,1273
818.851,35,699.6,10494,1312
818.901,35,698.9,10483,1310
818.951,35,697.5,10463,1308
819.001,35,697.2,10458,1307
819.052,35,699.1,10486,1311
819.102,34,679.1,10186,1273
819.152,35,699.4,10491,1311
819.202,35,699.8,10497,1312
819.252,35,699.6,10493,1312
819.302,35,698.8,10482,1310
819.352,35,697.5,10463,1308
819.402,35,698.9,10484,1310
819.452,35,699.0,10485,1311
819.502,35,698.4,10477,1310
819.552,35,699.1,10486,1311
819.602,35,697.4,10461,1308
819.653,35,698.1,10471,1309
819.703,36,717.4,10761,1345
819.753,35,698.2,10473,1309
819.803,35,699.4,10491,1311
819.853,35,698.2,10473,1309
819.903,35,699.1,10487,1311
819.953,35,698.2,10472,1309
820.003,35,697.6,10464,1308
820.053,35,699.1,10486,1311
820.104,35,699.9,10499,1312
820.154,35,699.1,10486,1311
820.204,35,698.2,10473,1309
820.254,35,699.9,10499,1312
820.304,35,697.7,10465,1308
820.354,35,698.9,10483,1310
820.404,35,699.1,10487,1311
820.454,36,719.3,10789,1349
820.504,35,698.3,10475,1309
820.554,35,697.3,10459,1307
820.605,35,697.3,10460,1308
820.655,35,699.4,10491,1311
820.705,35,697.2,10458,1307
820.755,35,699.9,10499,1312
820.805,35,697.6,10465,1308
820.855,35,699.8,10497,1312
820.905,35,699.1,10487,1311
820.955,35,699.2,10488,1311
821.005,35,698.3,10475,1309
821.055,35,697.3,10459,1307
821.106,35,698.1,10471,1309
821.156,35,697.4,10461,1308
821.206,35,697.5,10463,1308
821.256,35,699.1,10486,1311
821.306,35,698.4,10477,1310
821.356,35,698.1,10472,1309
821.406,35,699.3,10489,1311
821.456,35,699.0,10486,1311
821.506,35,698.3,10475,1309
821.557,34,678.6,10180,1272
821.607,35,697.9,10469,1309
821.657,35,697.2,10459,1307
821.707,35,699.2,10488,1311
821.757,35,699.2,10489,1311
821.807,34,678.0,10170,1271
821.857,35,698.3,10475,1309
821.907,35,699.4,10491,1311
821.957,35,698.1,10472,1309
822.008,35,697.1,10456,1307
822.058,35,698.4,10477,1310
822.108,35,698.6,10478,1310
822.158,34,679.8,10197,1275
822.208,35,697.5,10462,1308
822.258,35,698.1,10471,1309
822.308,35,699.1,10487,1311
822.358,35,699.1,10487,1311
822.409,34,678.1,10172,1271
822.459,35,697.6,10464,1308
822.509,35,698.0,10469,1309
822.559,35,699.2,10487,1311
822.609,35,699.5,10492,1312
822.659,35,700.0,10499,1312
822.709,35,698.5,10477,1310
822.759,35,698.3,10474,1309
822.809,35,698.4,10475,1309
822.859,35,697.8,10467,1308
822.910,35,698.5,10477,1310
822.960,35,697.3,10460,1307
823.010,35,697.5,10463,1308
823.060,34,678.6,10179,1272
823.110,36,715.9,10738,1342
823.160,35,697.6,10464,1308
823.211,35,697.7,10465,1308
823.261,35,699.3,10490,1311
823.311,35,699.3,10490,1311
823.361,35,697.6,10464,1308
823.411,35,698.6,10479,1310
823.461,35,698.7,10480,1310
823.511,34,678.3,10175,1272
823.561,35,699.7,10495,1312
823.611,35,699.6,10494,1312
823.661,35,698.5,10478,1310
823.711,35,699.8,10497,1312
823.762,35,698.0,10471,1309
823.812,35,699.1,10487,1311
823.862,35,697.5,10462,1308
823.912,35,697.2,10458,1307
823.962,35,697.3,10460,1307
824.012,35,698.9,10484,1311
824.062,34,679.9,10198,1275
824.112,35,699.6,10494,1312
824.162,35,699.2,10488,1311
824.212,35,698.4,10476,1310
824.262,35,699.6,10494,1312
824.313,35,698.4,10476,1309
824.363,35,699.9,10498,1312
824.413,34,679.4,10191,1274
824.463,35,699.9,10498,1312
824.513,35,700.0,10499,1312
824.563,35,699.2,10489,1311
824.613,35,698.2,10474,1309
824.663,34,680.0,10200,1275
824.713,35,699.2,10488,1311
824.763,35,699.9,10499,1312
824.813,35,698.3,10474,1309
824.863,35,699.4,10490,1311
824.913,35,698.0,10470,1309
824.963,35,697.7,10465,1308
825.014,35,698.4,10475,1309
825.064,34,677.9,10169,1271
825.114,35,699.3,10489,1311
825.164,35,698.6,10479,1310
825.214,35,698.7,10481,1310
825.264,35,698.1,10472,1309
825.314,35,698.7,10481,1310
825.364,35,698.8,10482,1310
825.414,34,679.1,10187,1273
825.464,35,698.3,10474,1309
825.515,35,698.3,10475,1309
825.565,35,698.7,10480,1310
825.615,34,677.9,10168,1271
825.665,35,697.4,10460,1308
825.715,34,679.9,10199,1275
825.765,35,699.1,10486,1311
825.815,35,698.5,10477,1310
825.865,34,678.1,10172,1271
825.915,35,698.5,10478,1310
825.966,34,678.2,10173,1272
826.016,35,696.5,10447,1306
826.066,35,698.1,10472,1309
826.116,34,678.7,10181,1273
826.166,35,697.4,10462,1308
826.216,35,696.9,10453,1307
826.267,34,678.6,10179,1272
826.317,35,699.1,10486,1311
826.367,34,679.2,10188,1273
826.417,35,699.2,10488,1311
826.467,34,679.1,10186,1273
826.517,35,698.1,10472,1309
826.567,35,699.2,10488,1311
826.617,34,678.5,10177,1272
826.667,35,698.4,10477,1310
826.717,35,698.0,10470,1309
826.767,34,678.5,10178,1272
826.818,35,698.6,10480,1310
826.868,34,678.3,10175,1272
826.918,35,698.8,10482,1310
826.968,35,697.7,10466,1308
827.018,34,679.3,10189,1274
827.068,35,699.5,10493,1312
827.118,35,699.9,10498,1312
827.168,34,678.0,10171,1271
827.218,35,699.9,10498,1312
827.268,35,698.3,10475,1309
827.318,34,679.2,10189,1274
827.369,35,697.3,10460,1308
827.419,35,698.6,10479,1310
827.469,34,677.8,10167,1271
827.519,35,699.9,10499,1312
827.569,35,699.4,10492,1311
827.619,34,680.0,10199,1275
827.669,35,698.4,10476,1309
827.719,35,699.0,10485,1311
827.769,34,678.4,10177,1272
827.819,35,699.1,10486,1311
827.869,35,698.3,10475,1309
827.919,35,699.7,10496,1312
827.969,34,679.8,10198,1275
828.019,35,699.4,10491,1311
828.070,35,698.6,10479,1310
828.120,35,696.2,10443,1305
828.170,35,699.2,10488,1311
828.220,35,699.5,10492,1312
828.270,34,678.9,10183,1273
828.320,35,698.3,10475,1309
828.370,35,698.0,10471,1309
828.420,36,717.4,10761,1345
828.471,35,698.1,10472,1309
828.521,35,699.3,10489,1311
828.571,35,698.9,10484,1311
828.621,35,697.6,10464,1308
828.671,35,699.8,10498,1312
828.721,35,697.2,10458,1307
828.771,35,699.1,10487,1311
828.821,35,697.8,10466,1308
828.871,35,699.1,10486,1311
828.921,35,699.4,10491,1311
828.971,35,700.0,10499,1312
829.021,35,699.0,10485,1311
829.072,34,679.0,10184,1273
829.122,35,698.9,10483,1310
829.172,35,697.7,10465,1308
829.222,35,698.8,10482,1310
829.272,35,699.4,10491,1311
829.322,35,698.3,10474,1309
829.372,35,698.3,10474,1309
829.422,35,699.2,10487,1311
829.472,34,679.9,10199,1275
829.522,35,697.7,10465,1308
829.573,35,698.1,10472,1309
829.623,35,699.1,10486,1311
829.673,34,678.4,10176,1272
829.723,35,699.9,10498,1312
829.773,35,699.7,10496,1312
829.823,34,678.6,10179,1272
829.873,35,699.2,10487,1311
829.923,35,698.5,10478,1310
829.973,34,678.2,10174,1272
830.023,35,698.2,10473,1309
830.073,35,698.9,10484,1310
830.124,35,697.6,10465,1308
830.174,34,676.4,10146,1268
830.224,35,697.5,10462,1308
830.274,35,699.7,10495,1312
830.324,34,680.0,10199,1275
830.374,35,698.2,10473,1309
830.424,35,697.9,10468,1309
830.474,35,698.7,10481,1310
830.525,34,677.2,10158,1270
830.575,35,697.8,10467,1308
830.625,35,698.5,10478,1310
830.675,35,698.9,10484,1311
830.725,35,698.3,10474,1309
830.775,35,699.1,10486,1311
830.825,35,697.4,10460,1308
830.875,35,697.5,10463,1308
830.926,35,699.2,10487,1311
830.976,35,698.9,10484,1311
831.026,35,698.4,10476,1310
831.076,34,679.9,10198,1275
831.126,35,697.8,10467,1308
831.176,35,699.7,10496,1312
831.226,36,719.1,10787,1348
831.276,35,698.3,10474,1309
831.326,35,699.2,10487,1311
831.376,35,696.0,10440,1305
831.426,35,699.5,10492,1312
831.477,35,698.2,10474,1309
831.527,35,697.8,10467,1308
831.577,35,698.7,10481,1310
831.627,35,698.5,10478,1310
831.677,35,699.6,10494,1312
831.727,35,699.1,10486,1311
831.777,35,697.9,10468,1308
831.827,35,698.0,10470,1309
831.878,35,697.1,10457,1307
831.928,35,696.7,10450,1306
831.978,35,699.9,10499,1312
832.028,35,698.3,10475,1309
832.078,35,697.7,10465,1308
832.128,35,697.7,10465,1308
832.178,34,678.2,10174,1272
832.229,35,696.0,10440,1305
832.279,35,698.4,10477,1310
832.329,35,697.9,10468,1309
832.379,35,698.9,10483,1310
832.429,35,699.0,10485,1311
832.479,35,698.8,10482,1310
832.529,34,679.9,10199,1275
832.579,35,697.4,10460,1308
832.630,35,697.4,10461,1308
832.680,35,698.2,10473,1309
832.730,35,699.4,10491,1311
832.780,35,698.7,10480,1310
832.830,35,699.8,10497,1312
832.880,35,698.8,10482,1310
832.930,35,699.1,10487,1311
832.980,35,697.7,10465,1308
833.030,35,700.0,10499,1312
833.080,35,698.9,10484,1311
833.130,35,698.3,10474,1309
833.180,35,698.3,10474,1309
833.231,35,698.3,10474,1309
833.281,35,698.2,10473,1309
833.331,35,699.2,10487,1311
833.381,35,698.8,10483,1310
833.431,36,717.8,10768,1346
833.481,34,679.3,10189,1274
833.531,35,697.9,10468,1308
833.581,35,699.1,10486,1311
833.632,35,696.3,10445,1306
833.682,35,699.8,10496,1312
833.732,35,698.7,10481,1310
833.782,35,698.6,10479,1310
833.832,35,697.6,10465,1308
833.882,35,697.6,10464,1308
833.932,34,677.9,10168,1271
833.982,35,699.7,10495,1312
834.032,35,699.1,10487,1311
834.082,34,679.0,10186,1273
834.133,35,698.1,10471,1309
834.183,35,699.4,10490,1311
834.233,34,678.4,10176,1272
834.283,35,697.7,10466,1308
834.333,34,678.9,10184,1273
834.383,35,698.2,10473,1309
834.433,35,698.2,10473,1309
834.483,35,699.1,10486,1311
834.533,34,678.4,10176,1272
834.583,35,699.9,10498,1312
834.634,35,697.9,10469,1309
834.684,35,698.4,10476,1310
834.734,35,697.7,10465,1308
834.784,35,699.1,10487,1311
834.834,34,679.0,10185,1273
834.884,35,698.3,10474,1309
834.934,35,698.1,10471,1309
834.984,35,697.7,10465,1308
835.035,35,698.0,10469,1309
835.085,35,698.7,10481,1310
835.135,35,698.8,10482,1310
835.185,35,699.5,10492,1312
835.235,35,698.2,10473,1309
835.285,35,696.0,10440,1305
835.335,35,699.3,10490,1311
835.385,35,698.3,10474,1309
835.435,36,718.2,10773,1347
835.486,35,698.4,10476,1309
835.536,35,698.4,10476,1309
835.586,35,699.7,10496,1312
835.636,35,697.6,10464,1308
835.686,35,699.4,10491,1311
835.736,35,697.6,10463,1308
835.786,36,719.5,10792,1349
835.836,35,698.6,10478,1310
835.886,35,698.7,10481,1310
835.936,35,699.2,10489,1311
835.986,35,699.1,10487,1311
836.036,35,699.9,10499,1312
836.087,35,697.5,10463,1308
836.137,35,698.6,10479,1310
836.187,35,698.7,10481,1310
836.237,35,698.1,10471,1309
836.287,35,699.6,10494,1312
836.337,35,698.8,10482,1310
836.387,35,696.6,10448,1306
836.437,35,699.3,10490,1311
836.487,34,678.9,10183,1273
836.538,35,697.3,10459,1307
836.588,35,698.8,10482,1310
836.638,35,698.8,10482,1310
836.688,35,697.8,10467,1308
836.738,34,679.7,10196,1275
836.788,35,698.9,10483,1310
836.838,34,678.6,10179,1272
836.888,35,699.2,10488,1311
836.938,34,678.5,10177,1272
836.988,35,698.9,10483,1310
837.039,35,698.3,10474,1309
837.089,34,679.0,10185,1273
837.139,35,699.8,10497,1312
837.189,34,676.4,10146,1268
837.239,35,699.5,10492,1311
837.289,35,699.6,10493,1312
837.339,34,679.5,10193,1274
837.389,35,699.9,10498,1312
837.439,34,678.2,10174,1272
837.489,35,697.7,10466,1308
837.539,35,698.2,10473,1309
837.589,34,679.7,10195,1274
837.640,35,698.6,10480,1310
837.690,34,678.3,10175,1272
837.740,35,696.9,10454,1307
837.790,35,700.0,10499,1312
837.840,35,697.0,10455,1307
837.890,35,698.1,10471,1309
837.940,35,699.2,10487,1311
837.990,35,698.5,10477,1310
838.041,35,698.9,10484,1311
838.091,35,699.2,10487,1311
838.141,34,679.8,10196,1275
838.191,35,698.8,10482,1310
838.241,35,699.9,10499,1312
838.291,35,696.6,10448,1306
838.341,36,717.9,10768,1346
838.391,35,698.1,10472,1309
838.441,35,697.5,10462,1308
838.491,35,698.7,10481,1310
838.542,35,697.8,10467,1308
838.592,35,698.7,10481,1310
838.642,35,699.6,10494,1312
838.692,35,697.6,10464,1308
838.742,35,700.0,10500,1312
838.792,35,699.7,10495,1312
838.842,35,698.7,10481,1310
838.892,35,699.6,10494,1312
838.942,35,699.7,10496,1312
838.992,35,700.0,10499,1312
839.042,35,696.1,10442,1305
839.092,35,699.4,10491,1311
839.143,35,698.9,10483,1310
839.193,35,698.4,10477,1310
839.243,35,699.1,10487,1311
839.293,35,699.9,10499,1312
839.343,35,698.3,10475,1309
839.393,35,697.6,10464,1308
839.443,35,699.8,10497,1312
839.493,35,699.1,10487,1311
839.543,35,698.9,10483,1310
839.593,35,698.3,10475,1309
839.643,35,698.6,10478,1310
839.693,35,699.6,10493,1312
839.743,34,679.5,10192,1274
839.794,35,697.3,10460,1307
839.844,35,699.1,10486,1311
839.894,35,697.6,10464,1308
839.944,35,699.8,10497,1312
839.994,35,697.6,10464,1308
840.044,35,699.7,10495,1312
840.094,35,698.2,10473,1309
840.144,35,699.7,10496,1312
840.194,35,699.8,10497,1312
840.244,34,679.1,10186,1273
840.294,35,699.6,10494,1312
840.344,35,699.9,10498,1312
840.394,35,698.8,10481,1310
840.444,35,700.0,10500,1312
840.494,35,699.3,10489,1311
840.545,35,698.0,10470,1309
840.595,35,699.8,10497,1312
840.645,35,699.7,10495,1312
840.695,35,697.9,10468,1308
840.745,35,697.6,10464,1308
840.795,35,699.0,10486,1311
840.845,35,698.3,10474,1309
840.895,35,698.3,10474,1309
840.945,35,699.9,10498,1312
840.995,35,697.8,10466,1308
841.046,35,698.8,10481,1310
841.096,35,698.5,10477,1310
841.146,35,698.2,10472,1309
841.196,35,697.6,10463,1308
841.246,35,698.2,10474,1309
841.296,35,699.8,10496,1312
841.346,35,698.4,10477,1310
841.396,35,698.1,10471,1309
841.446,35,699.0,10486,1311
841.496,35,699.3,10489,1311
841.547,35,697.5,10462,1308
841.597,34,678.3,10175,1272
841.647,35,699.2,10489,1311
841.697,35,699.6,10493,1312
841.747,35,699.3,10490,1311
841.797,34,677.8,10166,1271
841.847,35,697.6,10464,1308
841.897,35,699.5,10492,1312
841.947,35,699.3,10490,1311
841.997,35,698.9,10484,1310
842.048,34,678.4,10176,1272
842.098,35,697.9,10469,1309
842.148,35,697.7,10466,1308
842.198,35,699.0,10485,1311
842.248,35,698.3,10475,1309
842.298,35,698.5,10478,1310
842.348,35,698.6,10479,1310
842.398,35,699.3,10489,1311
842.448,35,699.3,10489,1311
842.498,34,679.8,10197,1275
842.548,35,699.3,10489,1311
842.598,35,699.0,10485,1311
842.649,35,698.4,10476,1309
842.699,35,697.5,10463,1308
842.749,35,698.7,10481,1310
842.799,35,697.6,10464,1308
842.849,35,699.3,10490,1311
842.899,35,699.0,10485,1311
842.949,35,698.1,10472,1309
842.999,34,679.6,10194,1274
843.049,35,698.5,10478,1310
843.099,35,699.6,10494,1312
843.150,35,699.0,10485,1311
843.200,35,699.4,10490,1311
843.250,35,697.5,10462,1308
843.300,35,698.8,10482,1310
843.350,35,699.9,10499,1312
843.400,35,699.3,10489,1311
843.450,35,699.2,10487,1311
843.500,34,679.5,10193,1274
843.550,35,699.5,10493,1312
843.600,35,699.0,10485,1311
843.650,35,698.1,10471,1309
843.700,35,697.7,10466,1308
843.750,35,699.9,10499,1312
843.800,35,699.3,10490,1311
843.851,35,698.2,10473,1309
843.901,35,700.0,10500,1312
843.951,35,699.8,10496,1312
844.001,35,696.4,10446,1306
844.051,35,696.7,10450,1306
844.101,35,698.4,10477,1310
844.151,34,679.8,10197,1275
844.201,35,699.9,10499,1312
844.251,35,699.5,10492,1312
844.301,35,699.8,10496,1312
844.351,34,679.3,10189,1274
844.401,35,700.0,10499,1312
844.451,35,698.1,10472,1309
844.502,35,699.3,10489,1311
844.552,35,699.0,10485,1311
844.602,35,698.6,10479,1310
844.652,35,697.8,10467,1308
844.702,34,676.5,10148,1268
844.752,35,699.3,10490,1311
844.802,35,698.2,10473,1309
844.852,35,697.7,10465,1308
844.903,34,677.9,10169,1271
844.953,35,699.5,10493,1312
845.003,35,697.1,10456,1307
845.053,35,699.0,10485,1311
845.103,35,697.7,10465,1308
845.153,35,698.5,10478,1310
845.203,35,698.2,10473,1309
845.253,34,679.1,10187,1273
845.304,35,698.1,10472,1309
845.354,35,699.3,10489,1311
845.404,35,699.6,10493,1312
845.454,35,699.5,10492,1312
845.504,34,678.9,10184,1273
845.554,35,698.4,10476,1310
845.604,35,698.3,10474,1309
845.654,35,697.6,10464,1308
845.704,35,699.3,10489,1311
845.754,35,698.9,10484,1311
845.804,35,697.9,10468,1308
845.854,35,699.3,10489,1311
845.905,35,698.4,10477,1310
845.955,34,678.2,10172,1272
846.005,35,697.6,10464,1308
846.055,35,697.9,10469,1309
846.105,35,697.5,10462,1308
846.155,35,698.4,10476,1310
846.206,35,697.5,10462,1308
846.256,35,699.6,10495,1312
846.306,35,697.7,10466,1308
846.356,35,699.2,10488,1311
846.406,35,699.1,10487,1311
846.456,35,697.5,10463,1308
846.506,35,699.0,10486,1311
846.556,35,698.7,10480,1310
846.606,35,697.9,10469,1309
846.656,35,699.6,10493,1312
846.706,35,699.3,10490,1311
846.756,35,699.6,10494,1312
846.806,34,679.7,10196,1274
846.857,35,699.1,10486,1311
846.907,35,696.8,10452,1307
846.957,35,699.3,10489,1311
847.007,35,699.3,10490,1311
847.057,35,698.9,10484,1310
847.107,35,698.7,10481,1310
847.157,35,699.3,10490,1311
847.207,35,699.1,10487,1311
847.257,35,698.5,10478,1310
847.307,34,679.3,10189,1274
847.357,35,698.4,10475,1309
847.408,35,697.4,10461,1308
847.458,35,699.4,10490,1311
847.508,35,697.0,10455,1307
847.558,34,677.6,10165,1271
847.608,35,698.0,10469,1309
847.658,35,699.7,10495,1312
847.708,34,676.5,10147,1268
847.759,35,698.2,10473,1309
847.809,35,699.9,10499,1312
847.859,34,678.5,10177,1272
847.909,35,698.4,10476,1309
847.959,34,679.9,10199,1275
848.009,35,699.2,10488,1311
848.059,35,699.1,10486,1311
848.109,34,678.2,10173,1272
848.159,35,699.2,10488,1311
848.209,34,679.0,10185,1273
848.259,35,699.3,10489,1311
848.309,35,698.1,10471,1309
848.359,34,679.8,10197,1275
848.410,35,697.5,10462,1308
848.460,35,697.8,10466,1308
848.510,35,697.1,10456,1307
848.560,35,699.3,10490,1311
848.610,34,679.9,10199,1275
848.660,35,699.9,10498,1312
848.710,35,698.5,10478,1310
848.760,35,699.9,10499,1312
848.810,35,698.4,10475,1309
848.860,34,678.3,10175,1272
848.911,35,698.2,10473,1309
848.961,35,698.0,10471,1309
849.011,35,699.4,10490,1311
849.061,35,699.1,10486,1311
849.111,35,698.4,10475,1309
849.161,35,698.3,10474,1309
849.211,35,699.9,10499,1312
849.261,35,699.2,10488,1311
849.311,34,679.0,10184,1273
849.361,35,699.6,10494,1312
849.411,35,698.7,10480,1310
849.461,35,699.4,10490,1311
849.511,35,698.9,10484,1310
849.562,35,697.7,10465,1308
849.612,34,679.8,10197,1275
849.662,35,699.7,10496,1312
849.712,35,699.5,10493,1312
849.762,34,678.5,10178,1272
849.812,35,699.5,10493,1312
849.862,35,697.7,10466,1308
849.912,34,678.5,10178,1272
849.962,35,697.7,10466,1308
850.012,35,698.3,10474,1309
850.062,34,680.0,10200,1275
850.112,35,698.9,10484,1311
850.162,34,679.6,10194,1274
850.213,35,699.0,10485,1311
850.263,34,679.8,10197,1275
850.313,35,698.4,10476,1309
850.363,34,679.8,10197,1275
850.413,34,678.0,10170,1271
850.463,35,699.9,10499,1312
850.513,34,678.8,10183,1273
850.563,35,698.0,10470,1309
850.613,34,678.6,10179,1272
850.663,35,697.5,10463,1308
850.713,34,679.0,10186,1273
850.763,35,699.1,10486,1311
850.814,34,679.0,10186,1273
850.864,35,697.4,10461,1308
850.914,35,697.7,10465,1308
850.964,34,678.1,10171,1271
851.014,35,698.4,10476,1309
851.064,35,698.1,10471,1309
851.114,34,680.0,10200,1275
851.164,35,698.0,10470,1309
851.214,35,700.0,10499,1312
851.264,35,699.3,10490,1311
851.315,34,678.7,10181,1273
851.365,35,699.1,10486,1311
851.415,35,699.8,10497,1312
851.465,35,698.4,10476,1309
851.515,35,699.0,10484,1311
851.565,35,699.1,10487,1311
851.615,35,698.5,10477,1310
851.665,35,698.4,10476,1310
851.715,35,699.8,10497,1312
851.765,35,698.3,10475,1309
851.815,35,698.1,10471,1309
851.866,35,697.6,10465,1308
851.916,35,699.8,10497,1312
851.966,35,698.4,10477,1310
852.016,35,696.2,10444,1305
852.066,35,699.8,10497,1312
852.116,35,696.6,10450,1306
852.166,36,718.2,10772,1347
852.216,35,699.4,10491,1311
852.266,35,699.7,10495,1312
852.317,35,697.8,10467,1308
852.367,35,699.6,10494,1312
852.417,35,699.3,10490,1311
852.467,35,699.3,10490,1311
852.517,35,699.3,10489,1311
852.567,35,698.8,10482,1310
852.617,35,699.2,10489,1311
852.667,35,698.1,10472,1309
852.717,35,699.1,10487,1311
852.767,35,698.9,10484,1310
852.817,35,698.1,10471,1309
852.867,35,699.4,10492,1311
852.917,35,698.3,10474,1309
852.968,35,698.0,10470,1309
853.018,35,698.6,10479,1310
853.068,35,699.0,10486,1311
853.118,35,699.3,10489,1311
853.168,35,700.0,10499,1312
853.218,35,699.9,10498,1312
853.268,35,697.7,10465,1308
853.318,35,698.0,10470,1309
853.368,35,699.1,10486,1311
853.418,35,699.4,10491,1311
853.468,34,679.0,10185,1273
853.518,35,699.1,10487,1311
853.568,35,699.2,10488,1311
853.619,35,696.3,10444,1306
853.669,35,698.3,10475,1309
853.719,35,698.7,10481,1310
853.769,35,698.0,10469,1309
853.819,35,698.3,10474,1309
853.869,35,698.2,10473,1309
853.920,34,676.4,10146,1268
853.970,35,697.7,10465,1308
854.020,35,699.9,10499,1312
854.070,35,699.8,10498,1312
854.120,35,698.4,10476,1310
854.170,35,699.7,10495,1312
854.220,35,698.6,10478,1310
854.270,35,699.1,10487,1311
854.320,36,718.9,10783,1348
854.370,35,699.1,10487,1311
854.420,36,719.3,10790,1349
854.470,36,719.2,10788,1348
854.520,36,718.9,10783,1348
854.571,36,718.2,10773,1347
854.621,37,737.7,11065,1383
854.671,37,739.0,11084,1386
854.721,36,720.0,10800,1350
854.771,37,739.5,11092,1387
854.821,38,757.3,11360,1420
854.871,37,739.4,11091,1386
854.921,38,758.1,11371,1421
854.971,37,738.7,11081,1385
855.021,38,759.3,11389,1424
855.071,38,757.0,11355,1419
855.122,38,759.2,11388,1423
855.172,38,759.0,11386,1423
855.222,38,758.4,11376,1422
855.272,39,775.7,11636,1454
855.322,38,758.4,11376,1422
855.372,38,757.9,11368,1421
855.422,39,779.1,11686,1461
855.472,38,757.4,11361,1420
855.523,39,777.8,11667,1458
855.573,38,758.4,11377,1422
855.623,39,777.6,11664,1458
855.673,38,757.4,11361,1420
855.723,39,778.2,11673,1459
855.773,39,779.9,11699,1462
855.823,38,757.7,11365,1421
855.873,39,778.8,11682,1460
855.923,38,759.1,11386,1423
855.974,39,777.9,11669,1459
856.024,39,778.1,11672,1459
856.074,38,759.7,11396,1425
856.124,39,777.9,11669,1459
856.174,38,759.2,11389,1424
856.224,39,779.9,11698,1462
856.274,38,757.1,11356,1420
856.324,39,779.7,11696,1462
856.374,39,777.4,11661,1458
856.424,38,759.4,11391,1424
856.474,39,778.0,11670,1459
856.525,38,758.8,11382,1423
856.575,39,778.1,11671,1459
856.625,38,758.2,11373,1422
856.675,39,777.0,11655,1457
856.725,39,778.2,11674,1459
856.775,38,759.8,11397,1425
856.825,39,777.3,11659,1457
856.875,38,759.9,11399,1425
856.925,39,780.0,11700,1462
856.975,38,758.5,11378,1422
857.025,39,778.6,11679,1460
857.076,39,776.9,11654,1457
857.126,38,759.4,11391,1424
857.176,39,778.9,11683,1460
857.226,39,778.0,11670,1459
857.276,39,779.5,11692,1461
857.326,38,759.8,11396,1425
857.376,39,778.0,11670,1459
857.426,39,780.0,11700,1462
857.476,38,759.0,11385,1423
857.526,39,777.9,11669,1459
857.576,39,776.6,11649,1456
857.626,39,779.9,11698,1462
857.677,39,778.7,11680,1460
857.727,39,775.9,11639,1455
857.777,39,778.5,11677,1460
857.827,38,759.4,11391,1424
857.877,40,796.2,11943,1493
857.927,39,777.4,11661,1458
857.978,38,757.8,11367,1421
858.028,39,778.2,11673,1459
858.078,39,777.3,11660,1457
858.128,39,777.0,11655,1457
858.178,39,779.3,11690,1461
858.228,39,779.9,11699,1462
858.278,38,760.0,11400,1425
858.328,39,779.7,11696,1462
858.378,39,777.1,11657,1457
858.428,38,759.8,11397,1425
858.478,39,779.3,11689,1461
858.528,39,778.1,11672,1459
858.578,38,759.0,11384,1423
858.629,39,778.1,11671,1459
858.679,39,779.9,11699,1462
858.729,38,759.5,11393,1424
858.779,39,779.4,11691,1461
858.829,38,758.0,11370,1421
858.879,39,779.2,11688,1461
858.929,39,778.1,11672,1459
858.979,38,760.0,11399,1425
859.029,39,779.1,11686,1461
859.079,38,758.4,11376,1422
859.129,39,779.5,11693,1462
859.179,38,756.3,11345,1418
859.229,39,779.0,11685,1461
859.280,38,758.8,11381,1423
859.330,39,779.8,11696,1462
859.380,38,758.4,11376,1422
859.430,39,779.3,11689,1461
859.480,38,757.6,11365,1421
859.530,39,777.1,11657,1457
859.580,38,758.2,11374,1422
859.630,39,779.7,11696,1462
859.680,38,759.7,11395,1424
859.730,39,776.4,11647,1456
859.781,38,757.9,11369,1421
859.831,39,778.0,11670,1459
859.881,38,757.6,11364,1420
859.931,39,779.3,11689,1461
859.981,38,759.3,11390,1424
860.031,39,779.9,11699,1462
860.081,38,757.7,11365,1421
860.131,39,779.1,11686,1461
860.181,38,758.7,11380,1422
860.231,39,779.9,11699,1462
860.281,38,760.0,11400,1425
860.331,39,779.0,11685,1461
860.381,38,758.8,11381,1423
860.432,39,778.5,11677,1460
860.482,38,759.7,11396,1424
860.532,38,758.0,11370,1421
860.582,39,778.1,11671,1459
860.632,38,758.4,11376,1422
860.682,39,778.0,11670,1459
860.732,38,758.0,11370,1421
860.782,39,777.3,11659,1457
860.832,38,759.8,11398,1425
860.882,39,778.2,11673,1459
860.933,38,757.1,11356,1420
860.983,38,757.1,11357,1420
861.033,39,777.0,11655,1457
861.083,38,759.1,11387,1423
861.133,39,779.9,11698,1462
861.183,38,757.3,11360,1420
861.234,39,776.0,11640,1455
861.284,38,757.4,11361,1420
861.334,39,777.9,11669,1459
861.384,38,759.9,11398,1425
861.434,39,778.7,11680,1460
861.484,38,758.5,11378,1422
861.534,39,777.1,11656,1457
861.584,38,759.1,11386,1423
861.634,39,777.3,11660,1458
861.684,39,780.0,11700,1462
861.735,39,778.9,11683,1460
861.785,39,777.0,11655,1457
861.835,38,759.3,11390,1424
861.885,39,778.9,11683,1460
861.935,40,797.4,11961,1495
861.985,39,778.0,11670,1459
862.035,39,777.4,11661,1458
862.085,39,779.4,11691,1461
862.135,39,779.9,11699,1462
862.185,40,798.7,11980,1498
862.236,39,778.3,11674,1459
862.286,40,798.1,11972,1497
862.336,39,779.8,11697,1462
862.386,40,797.5,11963,1495
862.436,39,777.5,11662,1458
862.486,40,797.3,11960,1495
862.536,40,799.8,11997,1500
862.586,39,777.2,11659,1457
862.636,40,798.9,11984,1498
862.686,40,799.0,11985,1498
862.737,39,779.2,11689,1461
862.787,40,798.3,11974,1497
862.837,40,797.7,11965,1496
862.887,40,798.9,11984,1498
862.937,39,779.4,11691,1461
862.987,40,798.1,11972,1496
863.037,40,798.5,11977,1497
863.087,40,800.0,12000,1500
863.137,39,778.2,11674,1459
863.187,40,797.9,11968,1496
863.237,40,799.2,11988,1498
863.288,40,797.6,11963,1495
863.338,39,778.8,11681,1460
863.388,40,799.4,11991,1499
863.438,40,799.1,11987,1498
863.488,40,798.6,11979,1497
863.538,39,779.4,11691,1461
863.588,40,799.3,11989,1499
863.638,40,798.6,11979,1497
863.688,39,779.1,11686,1461
863.738,40,799.0,11985,1498
863.788,40,798.1,11971,1496
863.838,40,799.2,11987,1498
863.888,40,799.0,11985,1498
863.938,40,799.0,11985,1498
863.989,40,798.0,11970,1496
864.039,40,799.8,11996,1500
864.089,40,799.3,11990,1499
864.139,40,799.0,11985,1498
864.189,40,797.5,11963,1495
864.239,41,818.4,12277,1535
864.289,40,798.9,11984,1498
864.339,41,816.4,12246,1531
864.389,40,798.8,11982,1498
864.439,41,817.9,12268,1533
864.490,40,795.8,11937,1492
864.540,41,817.2,12259,1532
864.590,41,818.1,12271,1534
864.640,40,798.4,11976,1497
864.690,41,818.8,12282,1535
864.740,41,818.4,12277,1535
864.790,41,817.8,12268,1533
864.840,40,799.4,11991,1499
864.890,41,819.5,12293,1537
864.941,41,818.6,12279,1535
864.991,41,817.8,12267,1533
865.041,41,818.0,12270,1534
865.091,41,819.7,12296,1537
865.141,41,819.8,12297,1537
865.191,41,817.8,12267,1533
865.241,41,817.1,12256,1532
865.291,41,818.1,12272,1534
865.341,41,817.7,12266,1533
865.391,41,817.9,12268,1533
865.442,41,818.8,12282,1535
865.492,41,819.1,12287,1536
865.542,42,837.6,12564,1571
865.592,41,817.4,12260,1533
865.642,41,818.4,12275,1534
865.692,41,817.9,12268,1533
865.742,42,839.9,12598,1575
865.792,41,817.9,12269,1534
865.842,41,817.8,12267,1533
865.892,42,839.1,12586,1573
865.943,41,819.2,12289,1536
865.993,41,818.8,12282,1535
866.043,42,837.9,12568,1571
866.093,41,818.0,12270,1534
866.143,41,817.8,12267,1533
866.193,42,839.6,12594,1574
866.243,41,818.0,12270,1534
866.293,41,817.7,12265,1533
866.343,41,819.1,12287,1536
866.393,42,837.4,12561,1570
866.444,41,816.7,12251,1531
866.494,42,837.1,12557,1570
866.544,41,819.9,12299,1537
866.594,41,818.1,12271,1534
866.644,41,818.9,12283,1535
866.694,42,836.8,12552,1569
866.744,41,819.2,12288,1536
866.794,41,818.6,12279,1535
866.844,42,838.3,12575,1572
866.894,41,819.9,12298,1537
866.945,41,818.8,12281,1535
866.995,41,815.8,12237,1530
867.045,42,839.2,12588,1573
867.095,41,818.1,12272,1534
867.145,41,817.5,12262,1533
867.195,42,837.5,12562,1570
867.245,41,819.8,12297,1537
867.295,41,817.1,12257,1532
867.346,41,819.1,12286,1536
867.396,42,837.9,12569,1571
867.446,41,818.8,12282,1535
867.496,41,818.0,12269,1534
867.546,41,817.8,12266,1533
867.596,41,820.0,12300,1537
867.646,41,820.0,12300,1537
867.696,41,820.0,12299,1537
867.746,41,817.9,12269,1534
867.796,41,818.2,12273,1534
867.846,41,818.2,12272,1534
867.896,41,819.8,12297,1537
867.946,41,819.0,12285,1536
867.996,41,819.8,12296,1537
868.046,40,798.6,11979,1497
868.097,41,818.1,12271,1534
868.147,41,818.3,12275,1534
868.197,41,817.9,12268,1533
868.247,40,797.8,11968,1496
868.297,41,818.3,12274,1534
868.347,41,818.7,12281,1535
868.397,41,819.8,12297,1537
868.447,41,818.8,12282,1535
868.497,40,798.7,11981,1498
868.547,41,819.0,12285,1536
868.598,41,818.0,12270,1534
868.648,41,818.7,12281,1535
868.698,41,818.9,12284,1536
868.748,41,817.9,12268,1534
868.798,41,819.0,12285,1536
868.848,41,817.5,12262,1533
868.898,41,819.6,12293,1537
868.948,40,799.7,11996,1500
868.998,41,819.4,12290,1536
869.048,41,818.0,12270,1534
869.098,41,817.9,12269,1534
869.148,41,819.1,12287,1536
869.198,41,818.9,12284,1535
869.249,41,817.7,12266,1533
869.299,40,799.7,11996,1499
869.349,41,819.3,12289,1536
869.399,41,818.4,12275,1534
869.449,41,817.7,12266,1533
869.499,41,818.9,12283,1535
869.549,40,798.1,11971,1496
869.599,41,817.2,12258,1532
869.649,41,816.8,12253,1532
869.700,41,817.6,12264,1533
869.750,41,818.1,12272,1534
869.800,40,799.5,11993,1499
869.850,41,818.5,12277,1535
869.900,41,816.9,12254,1532
869.950,41,817.3,12259,1532
870.000,41,819.6,12293,1537
870.050,41,817.8,12267,1533
870.100,40,799.9,11999,1500
870.150,41,818.4,12276,1535
870.201,41,818.6,12278,1535
870.251,41,817.1,12256,1532
870.301,41,817.0,12255,1532
870.351,41,818.0,12270,1534
870.401,41,815.6,12234,1529
870.451,41,817.4,12261,1533
870.502,41,817.9,12268,1534
870.552,41,817.8,12267,1533
870.602,40,798.3,11974,1497
870.652,41,818.0,12270,1534
870.702,41,817.8,12267,1533
870.752,41,817.2,12257,1532
870.802,41,819.6,12294,1537
870.852,41,817.1,12257,1532
870.903,41,818.7,12280,1535
870.953,41,819.2,12288,1536
871.003,41,817.9,12269,1534
871.053,41,819.4,12291,1536
871.103,40,798.8,11982,1498
871.153,41,818.7,12280,1535
871.203,41,818.6,12279,1535
871.253,41,817.2,12259,1532
871.303,41,817.3,12259,1532
871.353,41,819.8,12297,1537
871.403,41,818.7,12281,1535
871.453,41,819.3,12290,1536
871.504,41,816.9,12254,1532
871.554,41,819.1,12286,1536
871.604,41,819.2,12288,1536
871.654,41,818.9,12284,1535
871.704,41,818.2,12273,1534
871.754,42,836.2,12543,1568
871.804,41,817.3,12259,1532
871.854,41,819.3,12290,1536
871.904,41,819.6,12294,1537
871.955,42,836.9,12553,1569
872.005,41,819.9,12299,1537
872.055,41,820.0,12299,1537
872.105,42,838.2,12572,1572
872.155,41,818.6,12279,1535
872.205,41,817.2,12258,1532
872.255,42,838.4,12576,1572
872.305,41,818.0,12270,1534
872.355,41,819.3,12289,1536
872.405,42,838.0,12571,1571
872.455,41,817.9,12269,1534
872.505,41,819.8,12298,1537
872.556,42,838.8,12583,1573
872.606,41,818.5,12277,1535
872.656,41,818.2,12274,1534
872.706,41,819.4,12291,1536
872.756,42,839.7,12596,1575
872.806,41,817.3,12259,1532
872.856,41,818.9,12284,1536
872.906,41,818.1,12271,1534
872.956,41,818.0,12270,1534
873.006,41,817.5,12263,1533
873.056,41,818.8,12282,1535
873.107,41,817.1,12257,1532
873.157,41,817.4,12260,1533
873.207,41,819.9,12298,1537
873.257,41,817.8,12267,1533
873.307,41,818.0,12270,1534
873.357,41,818.8,12282,1535
873.407,41,818.1,12271,1534
873.457,40,798.1,11972,1496
873.507,41,819.9,12298,1537
873.557,41,818.3,12274,1534
873.608,40,798.9,11984,1498
873.658,41,817.8,12267,1533
873.708,40,799.3,11989,1499
873.758,41,817.9,12269,1534
873.808,40,798.8,11982,1498
873.858,41,818.0,12269,1534
873.908,40,797.1,11956,1495
873.958,41,818.2,12273,1534
874.008,40,799.0,11985,1498
874.058,41,818.9,12284,1535
874.109,41,818.9,12283,1535
874.159,40,799.0,11985,1498
874.209,41,819.9,12299,1537
874.259,41,818.5,12277,1535
874.309,41,818.6,12278,1535
874.359,40,798.1,11971,1496
874.409,41,817.8,12267,1533
874.459,41,819.5,12293,1537
874.509,41,818.6,12279,1535
874.559,41,816.1,12242,1530
874.610,41,817.1,12256,1532
874.660,41,818.4,12276,1535
874.710,40,796.8,11952,1494
874.760,41,818.6,12279,1535
874.810,41,818.7,12280,1535
874.860,41,819.1,12287,1536
874.910,41,818.8,12282,1535
874.960,41,819.5,12293,1537
875.010,40,798.5,11978,1497
875.060,41,817.9,12268,1534
875.110,41,819.3,12290,1536
875.161,41,819.3,12290,1536
875.211,41,818.2,12273,1534
875.261,40,799.2,11988,1499
875.311,41,819.8,12298,1537
875.361,41,818.9,12284,1535
875.411,41,819.5,12292,1537
875.461,41,817.6,12263,1533
875.511,41,819.9,12298,1537
875.561,41,819.8,12297,1537
875.611,41,818.4,12275,1534
875.661,40,798.0,11970,1496
875.711,41,819.2,12288,1536
875.761,41,817.5,12263,1533
875.812,42,837.1,12557,1570
875.862,41,818.6,12280,1535
875.912,41,817.2,12257,1532
875.962,41,818.0,12270,1534
876.012,41,817.2,12258,1532
876.062,40,798.9,11983,1498
876.112,41,819.9,12298,1537
876.162,41,817.3,12260,1532
876.212,41,818.5,12277,1535
876.263,41,819.0,12285,1536
876.313,40,799.7,11995,1499
876.363,41,819.3,12289,1536
876.413,41,817.3,12259,1532
876.463,41,815.4,12230,1529
876.513,41,817.9,12268,1534
876.563,40,798.7,11980,1498
876.613,41,819.7,12296,1537
876.663,41,818.4,12275,1534
876.713,41,817.7,12265,1533
876.764,41,817.6,12264,1533
876.814,41,820.0,12300,1537
876.864,41,818.5,12278,1535
876.914,41,817.8,12266,1533
876.964,41,817.7,12266,1533
877.014,41,818.4,12277,1535
877.064,41,817.1,12256,1532
877.114,41,818.4,12276,1535
877.164,41,819.1,12286,1536
877.214,41,818.9,12284,1535
877.265,41,819.1,12287,1536
877.315,41,816.5,12248,1531
877.365,41,817.8,12267,1533
877.415,40,799.5,11993,1499
877.465,41,817.5,12263,1533
877.515,41,817.1,12257,1532
877.565,41,817.1,12257,1532
877.616,41,817.2,12258,1532
877.666,41,819.0,12285,1536
877.716,41,817.8,12266,1533
877.766,40,798.8,11982,1498
877.816,41,817.9,12269,1534
877.866,41,815.9,12239,1530
877.916,41,815.9,12239,1530
877.967,41,816.8,12251,1531
878.017,41,816.9,12253,1532
878.067,41,817.3,12260,1532
878.117,41,816.6,12249,1531
878.167,41,818.4,12276,1535
878.217,41,819.1,12286,1536
878.267,41,819.8,12297,1537
878.318,41,817.8,12267,1533
878.368,41,816.5,12247,1531
878.418,41,817.3,12260,1532
878.468,41,818.1,12272,1534
878.518,41,816.8,12252,1532
878.568,41,818.2,12273,1534
878.618,41,819.0,12284,1536
878.669,41,817.1,12256,1532
878.719,41,819.6,12293,1537
878.769,41,819.2,12288,1536
878.819,41,820.0,12300,1537
878.869,41,817.5,12263,1533
878.919,41,817.1,12256,1532
878.969,41,817.3,12259,1532
879.019,41,820.0,12300,1537
879.069,41,820.0,12299,1537
879.119,40,799.9,11999,1500
879.169,41,819.0,12284,1536
879.219,41,819.4,12291,1536
879.269,41,817.5,12262,1533
879.320,41,817.1,12257,1532
879.370,41,819.1,12286,1536
879.420,41,818.8,12283,1535
879.470,41,817.1,12256,1532
879.520,41,818.7,12281,1535
879.570,41,817.9,12269,1534
879.620,41,817.1,12257,1532
879.670,41,819.2,12288,1536
879.720,41,817.9,12269,1534
879.771,41,818.6,12280,1535
879.821,41,818.8,12282,1535
879.871,41,817.6,12263,1533
879.921,41,816.4,12246,1531
879.971,42,838.3,12574,1572
880.021,41,819.9,12298,1537
880.071,41,819.2,12289,1536
880.121,41,819.5,12292,1537
880.171,41,817.5,12263,1533
880.221,42,838.6,12579,1572
880.271,41,819.9,12298,1537
880.321,41,819.0,12285,1536
880.372,42,838.5,12578,1572
880.422,41,818.8,12282,1535
880.472,41,818.6,12279,1535
880.522,42,838.1,12572,1571
880.572,41,817.7,12266,1533
880.622,41,818.1,12272,1534
880.672,42,838.0,12570,1571
880.722,41,819.9,12299,1537
880.772,41,817.8,12267,1533
880.822,41,817.9,12269,1534
880.873,42,837.4,12561,1570
880.923,41,818.2,12274,1534
880.973,41,819.4,12292,1536
881.023,41,818.0,12270,1534
881.073,42,839.9,12598,1575
881.123,41,818.0,12271,1534
881.173,41,817.9,12268,1534
881.223,41,819.9,12299,1537
881.273,41,820.0,12299,1537
881.323,42,839.3,12590,1574
881.373,41,817.6,12264,1533
881.424,41,817.7,12265,1533
881.474,41,817.6,12264,1533
881.524,41,818.8,12281,1535
881.574,42,837.8,12567,1571
881.624,41,818.2,12272,1534
881.674,41,818.9,12283,1535
881.724,41,818.2,12273,1534
881.774,41,817.9,12268,1533
881.824,41,818.8,12283,1535
881.874,41,818.3,12275,1534
881.925,41,817.4,12262,1533
881.975,41,819.0,12286,1536
882.025,41,819.4,12291,1536
882.075,41,818.6,12278,1535
882.125,41,817.4,12262,1533
882.175,41,818.8,12282,1535
882.225,41,818.8,12282,1535
882.275,41,817.7,12266,1533
882.325,41,818.4,12277,1535
882.375,41,817.4,12262,1533
882.426,41,817.2,12258,1532
882.476,41,818.9,12283,1535
882.526,41,818.1,12272,1534
882.576,41,818.7,12280,1535
882.626,42,839.8,12596,1575
882.676,41,817.7,12265,1533
882.726,41,819.0,12285,1536
882.776,41,819.0,12285,1536
882.826,41,818.9,12284,1535
882.876,41,819.7,12296,1537
882.926,41,818.9,12283,1535
882.977,41,817.2,12258,1532
883.027,41,819.4,12292,1536
883.077,41,819.3,12290,1536
883.127,41,817.1,12257,1532
883.177,41,820.0,12300,1537
883.227,41,818.9,12284,1535
883.277,41,819.4,12291,1536
883.327,41,816.7,12251,1531
883.377,41,819.4,12291,1536
883.427,41,818.7,12281,1535
883.477,41,818.7,12280,1535
883.527,41,817.6,12264,1533
883.578,40,798.5,11977,1497
883.628,41,818.8,12282,1535
883.678,41,817.9,12269,1534
883.728,40,797.2,11958,1495
883.778,41,816.6,12249,1531
883.828,41,819.3,12289,1536
883.878,40,798.8,11982,1498
883.928,41,816.0,12241,1530
883.979,40,796.6,11949,1494
884.029,41,819.6,12294,1537
884.079,40,799.8,11997,1500
884.129,41,815.7,12236,1529
884.179,40,796.1,11942,1493
884.229,41,817.8,12267,1533
884.279,40,799.6,11993,1499
884.330,41,817.5,12263,1533
884.380,40,797.1,11956,1494
884.430,41,818.4,12276,1535
884.480,41,818.4,12276,1534
884.530,41,818.2,12273,1534
884.580,41,817.5,12263,1533
884.630,40,798.5,11978,1497
884.680,41,819.1,12286,1536
884.730,41,818.0,12270,1534
884.781,41,817.1,12256,1532
884.831,41,818.9,12284,1535
884.881,41,819.6,12293,1537
884.931,40,799.9,11999,1500
884.981,41,818.2,12273,1534
885.031,41,818.4,12277,1535
885.081,41,818.3,12274,1534
885.131,41,817.5,12262,1533
885.181,41,817.5,12262,1533
885.232,42,835.8,12538,1567
885.282,41,819.1,12287,1536
885.332,41,819.2,12288,1536
885.382,41,816.9,12253,1532
885.432,41,819.9,12298,1537
885.482,42,836.8,12553,1569
885.532,41,819.1,12287,1536
885.582,41,818.0,12270,1534
885.632,41,819.4,12292,1536
885.682,42,838.5,12577,1572
885.733,41,817.8,12267,1533
885.783,41,818.1,12272,1534
885.833,41,819.4,12291,1536
885.883,42,838.3,12575,1572
885.933,41,819.2,12287,1536
885.983,41,818.0,12270,1534
886.033,41,816.2,12243,1530
886.083,42,839.7,12596,1575
886.133,41,818.9,12283,1535
886.183,41,818.6,12278,1535
886.234,41,817.4,12260,1533
886.284,41,819.8,12297,1537
886.334,41,819.5,12292,1537
886.384,41,820.0,12300,1537
886.434,41,819.9,12298,1537
886.484,21,418.8,6282,785
886.534,0,0.0,0,0
886.584,0,0.0,0,0
886.634,0,0.0,0,0
886.684,0,0.0,0,0
886.734,0,0.0,0,0
886.784,0,0.0,0,0
886.835,0,0.0,0,0
886.885,0,0.0,0,0
886.935,0,0.0,0,0
886.985,0,0.0,0,0
887.035,0,0.0,0,0
887.085,0,0.0,0,0
887.135,0,0.0,0,0
887.185,0,0.0,0,0
887.235,0,0.0,0,0
887.285,0,0.0,0,0
887.335,0,0.0,0,0
887.385,0,0.0,0,0
887.435,0,0.0,0,0
887.486,0,0.0,0,0
887.536,0,0.0,0,0
887.586,0,0.0,0,0
887.636,0,0.0,0,0
887.686,0,0.0,0,0
887.736,0,0.0,0,0
887.786,0,0.0,0,0
887.836,0,0.0,0,0
887.886,0,0.0,0,0
887.936,0,0.0,0,0
887.987,0,0.0,0,0
888.037,0,0.0,0,0
888.087,0,0.0,0,0
888.137,0,0.0,0,0
888.187,0,0.0,0,0
888.237,0,0.0,0,0
888.287,0,0.0,0,0
888.337,0,0.0,0,0
888.387,0,0.0,0,0
888.437,0,0.0,0,0
888.487,0,0.0,0,0
888.537,0,0.0,0,0
888.587,0,0.0,0,0
888.637,0,0.0,0,0
888.688,0,0.0,0,0
888.738,0,0.0,0,0
888.788,0,0.0,0,0
888.838,0,0.0,0,0
888.888,0,0.0,0,0
888.938,0,0.0,0,0
888.988,0,0.0,0,0
889.038,0,0.0,0,0
889.088,0,0.0,0,0
889.138,0,0.0,0,0
889.188,0,0.0,0,0
889.239,0,0.0,0,0
889.289,0,0.0,0,0
889.339,0,0.0,0,0
889.389,0,0.0,0,0
889.439,0,0.0,0,0
889.489,0,0.0,0,0
889.539,0,0.0,0,0
889.589,0,0.0,0,0
889.639,0,0.0,0,0
889.689,0,0.0,0,0
889.740,0,0.0,0,0
889.790,0,0.0,0,0
889.840,0,0.0,0,0
889.890,0,0.0,0,0
889.940,0,0.0,0,0
889.990,0,0.0,0,0
890.040,0,0.0,0,0
890.090,0,0.0,0,0
890.140,0,0.0,0,0
890.191,0,0.0,0,0
890.241,0,0.0,0,0
890.291,0,0.0,0,0
890.341,0,0.0,0,0
890.391,0,0.0,0,0
890.441,0,0.0,0,0
890.491,0,0.0,0,0
890.541,0,0.0,0,0
890.592,0,0.0,0,0
890.642,0,0.0,0,0
890.692,0,0.0,0,0
890.742,0,0.0,0,0
890.792,0,0.0,0,0
890.842,0,0.0,0,0
890.892,0,0.0,0,0
890.942,0,0.0,0,0
890.992,0,0.0,0,0
891.042,0,0.0,0,0
891.092,0,0.0,0,0
891.142,0,0.0,0,0
891.193,0,0.0,0,0
891.243,0,0.0,0,0
891.293,0,0.0,0,0
891.343,0,0.0,0,0
891.393,0,0.0,0,0
891.443,0,0.0,0,0
891.493,0,0.0,0,0
891.543,0,0.0,0,0
891.593,0,0.0,0,0
891.643,0,0.0,0,0
891.693,0,0.0,0,0
891.743,0,0.0,0,0
891.793,0,0.0,0,0
891.843,0,0.0,0,0
891.894,0,0.0,0,0
891.944,0,0.0,0,0
891.994,0,0.0,0,0
892.044,0,0.0,0,0
892.094,0,0.0,0,0
892.144,0,0.0,0,0
892.194,0,0.0,0,0
892.244,0,0.0,0,0
892.294,0,0.0,0,0
892.344,0,0.0,0,0
892.394,0,0.0,0,0
892.444,0,0.0,0,0
892.494,0,0.0,0,0
892.544,0,0.0,0,0
892.595,0,0.0,0,0
892.645,0,0.0,0,0
892.695,0,0.0,0,0
892.745,0,0.0,0,0
892.795,0,0.0,0,0
892.845,0,0.0,0,0
892.895,0,0.0,0,0
892.945,0,0.0,0,0
892.995,0,0.0,0,0
893.045,0,0.0,0,0
893.095,0,0.0,0,0
893.145,0,0.0,0,0
893.195,0,0.0,0,0
893.246,0,0.0,0,0
893.296,0,0.0,0,0
893.346,0,0.0,0,0
893.396,0,0.0,0,0
893.446,0,0.0,0,0
893.496,0,0.0,0,0
893.546,0,0.0,0,0
893.596,0,0.0,0,0
893.647,0,0.0,0,0
893.697,0,0.0,0,0
893.747,0,0.0,0,0
893.797,0,0.0,0,0
893.847,0,0.0,0,0
893.897,0,0.0,0,0
893.947,0,0.0,0,0
893.997,0,0.0,0,0
894.047,0,0.0,0,0
894.097,0,0.0,0,0
894.148,0,0.0,0,0
894.198,0,0.0,0,0
894.248,0,0.0,0,0
894.298,0,0.0,0,0
894.348,0,0.0,0,0
894.398,0,0.0,0,0
894.448,0,0.0,0,0
894.498,0,0.0,0,0
894.548,0,0.0,0,0
894.598,0,0.0,0,0
894.648,0,0.0,0,0
894.698,0,0.0,0,0
894.749,0,0.0,0,0
894.799,0,0.0,0,0
894.849,0,0.0,0,0
894.899,0,0.0,0,0
894.949,0,0.0,0,0
894.999,0,0.0,0,0
895.049,0,0.0,0,0
895.099,0,0.0,0,0
895.150,0,0.0,0,0
895.200,0,0.0,0,0
895.250,0,0.0,0,0
895.300,0,0.0,0,0
895.350,0,0.0,0,0
895.400,0,0.0,0,0
895.450,0,0.0,0,0
895.500,0,0.0,0,0
895.550,0,0.0,0,0
895.600,0,0.0,0,0
895.650,0,0.0,0,0
895.701,0,0.0,0,0
895.751,0,0.0,0,0
895.801,0,0.0,0,0
895.851,0,0.0,0,0
895.901,0,0.0,0,0
895.951,0,0.0,0,0
896.001,0,0.0,0,0
896.051,0,0.0,0,0
896.101,0,0.0,0,0
896.151,0,0.0,0,0
896.201,0,0.0,0,0
896.251,0,0.0,0,0
896.301,0,0.0,0,0
896.351,0,0.0,0,0
896.402,0,0.0,0,0
896.452,0,0.0,0,0
896.502,0,0.0,0,0
896.552,0,0.0,0,0
896.602,0,0.0,0,0
896.652,0,0.0,0,0
896.702,0,0.0,0,0
896.752,0,0.0,0,0
896.802,0,0.0,0,0
896.852,0,0.0,0,0
896.902,0,0.0,0,0
896.953,0,0.0,0,0
897.003,0,0.0,0,0
897.053,0,0.0,0,0
897.103,0,0.0,0,0
897.153,0,0.0,0,0
897.203,0,0.0,0,0
897.253,0,0.0,0,0
897.303,0,0.0,0,0
897.354,0,0.0,0,0
897.404,0,0.0,0,0
897.454,0,0.0,0,0
897.504,0,0.0,0,0
897.554,0,0.0,0,0
897.604,0,0.0,0,0
897.654,0,0.0,0,0
897.704,0,0.0,0,0
897.754,0,0.0,0,0
897.804,0,0.0,0,0
897.854,0,0.0,0,0
897.905,0,0.0,0,0
897.955,0,0.0,0,0
898.005,0,0.0,0,0
898.055,0,0.0,0,0
898.105,0,0.0,0,0
898.155,0,0.0,0,0
898.205,0,0.0,0,0
898.255,0,0.0,0,0
898.305,0,0.0,0,0
898.356,0,0.0,0,0
898.406,0,0.0,0,0
898.456,0,0.0,0,0
898.506,0,0.0,0,0
898.556,0,0.0,0,0
898.606,0,0.0,0,0
898.656,0,0.0,0,0
898.706,0,0.0,0,0
898.756,0,0.0,0,0
898.806,0,0.0,0,0
898.857,0,0.0,0,0
898.907,0,0.0,0,0
898.957,0,0.0,0,0
899.007,0,0.0,0,0
899.057,0,0.0,0,0
899.107,0,0.0,0,0
899.157,0,0.0,0,0
899.207,0,0.0,0,0
899.257,0,0.0,0,0
899.308,0,0.0,0,0
899.358,0,0.0,0,0
899.408,0,0.0,0,0
899.458,0,0.0,0,0
899.508,0,0.0,0,0
899.558,0,0.0,0,0
899.608,0,0.0,0,0
899.658,0,0.0,0,0
899.708,0,0.0,0,0
899.758,0,0.0,0,0
899.809,0,0.0,0,0
899.859,0,0.0,0,0
899.909,0,0.0,0,0
899.959,0,0.0,0,0
900.009,0,0.0,0,0
900.059,0,0.0,0,0
900.109,0,0.0,0,0
900.159,0,0.0,0,0
900.209,0,0.0,0,0
900.259,0,0.0,0,0
900.309,0,0.0,0,0
900.360,0,0.0,0,0
900.410,0,0.0,0,0
900.460,0,0.0,0,0
900.510,0,0.0,0,0
900.560,0,0.0,0,0
900.610,0,0.0,0,0
900.660,0,0.0,0,0
900.710,0,0.0,0,0
900.760,0,0.0,0,0
900.810,0,0.0,0,0
900.860,0,0.0,0,0
900.910,0,0.0,0,0
900.961,0,0.0,0,0
901.011,0,0.0,0,0
901.061,0,0.0,0,0
901.111,0,0.0,0,0
901.161,0,0.0,0,0
901.211,0,0.0,0,0
901.261,0,0.0,0,0
901.311,0,0.0,0,0
901.361,0,0.0,0,0
901.411,0,0.0,0,0
901.462,0,0.0,0,0
901.512,0,0.0,0,0
901.562,0,0.0,0,0
901.612,0,0.0,0,0
901.662,0,0.0,0,0
901.712,0,0.0,0,0
901.762,0,0.0,0,0
901.812,0,0.0,0,0
901.862,0,0.0,0,0
901.912,0,0.0,0,0
901.962,0,0.0,0,0
902.013,0,0.0,0,0
902.063,0,0.0,0,0
902.113,0,0.0,0,0
902.163,0,0.0,0,0
902.213,0,0.0,0,0
902.263,0,0.0,0,0
902.313,0,0.0,0,0
902.363,0,0.0,0,0
902.413,0,0.0,0,0
902.464,0,0.0,0,0
902.514,0,0.0,0,0
902.564,0,0.0,0,0
902.614,0,0.0,0,0
902.664,0,0.0,0,0
902.714,0,0.0,0,0
902.764,0,0.0,0,0
902.814,0,0.0,0,0
902.864,0,0.0,0,0
902.914,0,0.0,0,0
902.964,0,0.0,0,0
903.015,0,0.0,0,0
903.065,0,0.0,0,0
903.115,0,0.0,0,0
903.165,0,0.0,0,0
903.215,0,0.0,0,0
903.265,0,0.0,0,0
903.315,0,0.0,0,0
903.366,0,0.0,0,0
903.416,0,0.0,0,0
903.466,0,0.0,0,0
903.516,0,0.0,0,0
903.566,0,0.0,0,0
903.616,0,0.0,0,0
903.666,0,0.0,0,0
903.716,0,0.0,0,0
903.766,0,0.0,0,0
903.816,0,0.0,0,0
903.867,0,0.0,0,0
903.917,0,0.0,0,0
903.967,0,0.0,0,0
904.017,0,0.0,0,0
904.067,0,0.0,0,0
904.117,0,0.0,0,0
904.167,0,0.0,0,0
904.217,0,0.0,0,0
904.267,0,0.0,0,0
904.317,0,0.0,0,0
904.368,0,0.0,0,0
904.418,0,0.0,0,0
904.468,0,0.0,0,0
904.518,0,0.0,0,0
904.568,0,0.0,0,0
904.618,0,0.0,0,0
904.668,0,0.0,0,0
904.718,0,0.0,0,0
904.768,0,0.0,0,0
904.818,0,0.0,0,0
904.868,0,0.0,0,0
904.918,0,0.0,0,0
904.969,0,0.0,0,0
905.019,0,0.0,0,0
905.069,0,0.0,0,0
905.119,0,0.0,0,0
905.169,0,0.0,0,0
905.219,0,0.0,0,0
905.269,0,0.0,0,0
905.319,0,0.0,0,0
905.369,0,0.0,0,0
905.419,0,0.0,0,0
905.469,0,0.0,0,0
905.519,0,0.0,0,0
905.569,0,0.0,0,0
905.620,0,0.0,0,0
905.670,0,0.0,0,0
905.720,0,0.0,0,0
905.770,0,0.0,0,0
905.820,0,0.0,0,0
905.870,0,0.0,0,0
905.920,0,0.0,0,0
905.970,0,0.0,0,0
906.020,0,0.0,0,0
906.070,0,0.0,0,0
906.120,0,0.0,0,0
906.171,0,0.0,0,0
906.221,0,0.0,0,0
906.271,0,0.0,0,0
906.321,0,0.0,0,0
906.371,0,0.0,0,0
906.421,0,0.0,0,0
906.471,0,0.0,0,0
906.521,0,0.0,0,0
906.571,0,0.0,0,0
906.621,0,0.0,0,0
906.671,0,0.0,0,0
906.722,0,0.0,0,0
906.772,0,0.0,0,0
906.822,0,0.0,0,0
906.872,0,0.0,0,0
906.922,0,0.0,0,0
906.972,0,0.0,0,0
907.022,0,0.0,0,0
907.072,0,0.0,0,0
907.122,0,0.0,0,0
907.172,0,0.0,0,0
907.222,0,0.0,0,0
907.273,0,0.0,0,0
907.323,0,0.0,0,0
907.373,0,0.0,0,0
907.423,0,0.0,0,0
907.473,0,0.0,0,0
907.523,0,0.0,0,0
907.573,0,0.0,0,0
907.623,0,0.0,0,0
907.673,0,0.0,0,0
907.723,0,0.0,0,0
907.773,0,0.0,0,0
907.823,0,0.0,0,0
907.873,0,0.0,0,0
907.923,0,0.0,0,0
907.974,0,0.0,0,0
908.024,0,0.0,0,0
908.074,0,0.0,0,0
908.124,0,0.0,0,0
908.174,0,0.0,0,0
908.224,0,0.0,0,0
908.274,0,0.0,0,0
908.324,0,0.0,0,0
908.375,0,0.0,0,0
908.425,0,0.0,0,0
908.475,0,0.0,0,0
908.525,0,0.0,0,0
908.575,0,0.0,0,0
908.625,0,0.0,0,0
908.675,0,0.0,0,0
908.725,0,0.0,0,0
908.775,0,0.0,0,0
908.826,0,0.0,0,0
908.876,0,0.0,0,0
908.926,0,0.0,0,0
908.976,0,0.0,0,0
909.026,0,0.0,0,0
909.076,0,0.0,0,0
909.126,0,0.0,0,0
909.176,0,0.0,0,0
909.226,0,0.0,0,0
909.276,0,0.0,0,0
909.326,0,0.0,0,0
909.376,0,0.0,0,0
909.427,0,0.0,0,0
909.477,0,0.0,0,0
909.527,0,0.0,0,0
909.577,0,0.0,0,0
909.627,0,0.0,0,0
909.677,0,0.0,0,0
909.727,0,0.0,0,0
909.777,0,0.0,0,0
909.827,0,0.0,0,0
909.877,0,0.0,0,0
909.928,0,0.0,0,0
909.978,0,0.0,0,0
910.028,0,0.0,0,0
910.078,0,0.0,0,0
910.128,0,0.0,0,0
910.178,0,0.0,0,0
910.228,0,0.0,0,0
910.278,0,0.0,0,0
910.328,0,0.0,0,0
910.379,0,0.0,0,0
910.429,0,0.0,0,0
910.479,0,0.0,0,0
910.529,0,0.0,0,0
910.579,0,0.0,0,0
910.629,0,0.0,0,0
910.679,0,0.0,0,0
910.729,0,0.0,0,0
910.779,0,0.0,0,0
910.829,0,0.0,0,0
910.880,0,0.0,0,0
910.930,0,0.0,0,0
910.980,0,0.0,0,0
911.030,0,0.0,0,0
911.080,0,0.0,0,0
911.130,0,0.0,0,0
911.180,0,0.0,0,0
911.231,0,0.0,0,0
911.281,0,0.0,0,0
911.331,0,0.0,0,0
911.381,0,0.0,0,0
911.431,0,0.0,0,0
911.481,0,0.0,0,0
911.531,0,0.0,0,0
911.581,0,0.0,0,0
911.631,0,0.0,0,0
911.681,0,0.0,0,0
911.732,0,0.0,0,0
911.782,0,0.0,0,0
911.832,0,0.0,0,0
911.882,0,0.0,0,0
911.932,0,0.0,0,0
911.982,0,0.0,0,0
912.032,0,0.0,0,0
912.082,0,0.0,0,0
912.132,0,0.0,0,0
912.183,0,0.0,0,0
912.233,0,0.0,0,0
912.283,0,0.0,0,0
912.333,0,0.0,0,0
912.383,0,0.0,0,0
912.433,0,0.0,0,0
912.483,0,0.0,0,0
912.533,0,0.0,0,0
912.584,0,0.0,0,0
912.634,0,0.0,0,0
912.684,0,0.0,0,0
912.734,0,0.0,0,0
912.784,0,0.0,0,0
912.834,0,0.0,0,0
912.884,0,0.0,0,0
912.934,0,0.0,0,0
912.985,0,0.0,0,0
913.035,0,0.0,0,0
913.085,0,0.0,0,0
913.135,0,0.0,0,0
913.185,0,0.0,0,0
913.235,0,0.0,0,0
913.285,0,0.0,0,0
913.335,0,0.0,0,0
913.385,0,0.0,0,0
913.435,0,0.0,0,0
913.485,0,0.0,0,0
913.535,0,0.0,0,0
913.586,0,0.0,0,0
913.636,0,0.0,0,0
913.686,0,0.0,0,0
913.736,0,0.0,0,0
913.786,0,0.0,0,0
913.836,0,0.0,0,0
913.886,0,0.0,0,0
913.936,0,0.0,0,0
913.986,0,0.0,0,0
914.036,0,0.0,0,0
914.087,0,0.0,0,0
914.137,0,0.0,0,0
914.187,0,0.0,0,0
914.237,0,0.0,0,0
914.287,0,0.0,0,0
914.337,0,0.0,0,0
914.387,0,0.0,0,0
914.437,0,0.0,0,0
914.487,0,0.0,0,0
914.537,0,0.0,0,0
914.588,0,0.0,0,0
914.638,0,0.0,0,0
914.688,0,0.0,0,0
914.738,0,0.0,0,0
914.788,0,0.0,0,0
914.838,0,0.0,0,0
914.888,0,0.0,0,0
914.938,0,0.0,0,0
914.988,0,0.0,0,0
915.038,0,0.0,0,0
915.088,0,0.0,0,0
915.139,0,0.0,0,0
915.189,0,0.0,0,0
915.239,0,0.0,0,0
915.289,0,0.0,0,0
915.339,0,0.0,0,0
915.389,0,0.0,0,0
915.439,0,0.0,0,0
915.489,0,0.0,0,0
915.540,0,0.0,0,0
915.590,0,0.0,0,0
915.640,0,0.0,0,0
915.690,0,0.0,0,0
915.740,0,0.0,0,0
915.790,0,0.0,0,0
915.840,0,0.0,0,0
915.890,0,0.0,0,0
915.940,0,0.0,0,0
915.990,0,0.0,0,0
916.040,0,0.0,0,0
916.091,0,0.0,0,0
916.141,0,0.0,0,0
916.191,0,0.0,0,0
916.241,0,0.0,0,0
916.291,0,0.0,0,0
916.341,0,0.0,0,0
916.391,0,0.0,0,0
916.441,0,0.0,0,0
916.491,0,0.0,0,0
916.541,0,0.0,0,0
916.591,0,0.0,0,0
916.641,0,0.0,0,0
916.692,0,0.0,0,0
916.742,0,0.0,0,0
916.792,0,0.0,0,0
916.842,0,0.0,0,0
916.892,0,0.0,0,0
916.942,0,0.0,0,0
916.992,0,0.0,0,0
917.042,0,0.0,0,0
917.092,0,0.0,0,0
917.142,0,0.0,0,0
917.192,0,0.0,0,0
917.242,0,0.0,0,0
917.292,0,0.0,0,0
917.342,0,0.0,0,0
917.393,0,0.0,0,0
917.443,0,0.0,0,0
917.493,0,0.0,0,0
917.543,0,0.0,0,0
917.593,0,0.0,0,0
917.643,0,0.0,0,0
917.693,0,0.0,0,0
917.743,0,0.0,0,0
917.793,0,0.0,0,0
917.844,0,0.0,0,0
917.894,0,0.0,0,0
917.944,0,0.0,0,0
917.994,0,0.0,0,0
918.044,0,0.0,0,0
918.094,0,0.0,0,0
918.144,0,0.0,0,0
918.194,0,0.0,0,0
918.244,0,0.0,0,0
918.295,0,0.0,0,0
918.345,0,0.0,0,0
918.395,0,0.0,0,0
918.445,0,0.0,0,0
918.495,0,0.0,0,0
918.545,0,0.0,0,0
918.595,0,0.0,0,0
918.645,0,0.0,0,0
918.695,0,0.0,0,0
918.746,0,0.0,0,0
918.796,0,0.0,0,0
918.846,0,0.0,0,0
918.896,0,0.0,0,0
918.946,0,0.0,0,0
918.996,0,0.0,0,0
919.046,0,0.0,0,0
919.096,0,0.0,0,0
919.146,0,0.0,0,0
919.196,0,0.0,0,0
919.247,0,0.0,0,0
919.297,0,0.0,0,0
919.347,0,0.0,0,0
919.397,0,0.0,0,0
919.447,0,0.0,0,0
919.497,0,0.0,0,0
919.547,0,0.0,0,0
919.597,0,0.0,0,0
919.648,0,0.0,0,0
919.698,0,0.0,0,0
919.748,0,0.0,0,0
919.798,0,0.0,0,0
919.848,0,0.0,0,0
919.898,0,0.0,0,0
919.949,0,0.0,0,0
919.999,0,0.0,0,0
920.049,0,0.0,0,0
920.099,0,0.0,0,0
920.149,0,0.0,0,0
920.199,0,0.0,0,0
920.249,0,0.0,0,0
920.299,0,0.0,0,0
920.349,0,0.0,0,0
920.399,0,0.0,0,0
920.450,0,0.0,0,0
920.500,0,0.0,0,0
920.550,0,0.0,0,0
920.600,0,0.0,0,0
920.650,0,0.0,0,0
920.700,0,0.0,0,0
920.750,0,0.0,0,0
920.800,0,0.0,0,0
920.850,0,0.0,0,0
920.900,0,0.0,0,0
920.951,0,0.0,0,0
921.001,0,0.0,0,0
921.051,0,0.0,0,0
921.101,0,0.0,0,0
921.151,0,0.0,0,0
921.201,0,0.0,0,0
921.251,0,0.0,0,0
921.301,0,0.0,0,0
921.351,0,0.0,0,0
921.401,0,0.0,0,0
921.452,0,0.0,0,0
921.502,0,0.0,0,0
921.552,0,0.0,0,0
921.602,0,0.0,0,0
921.652,0,0.0,0,0
921.702,0,0.0,0,0
921.752,0,0.0,0,0
921.802,0,0.0,0,0
921.852,0,0.0,0,0
921.902,0,0.0,0,0
921.952,0,0.0,0,0
922.002,0,0.0,0,0
922.052,0,0.0,0,0
922.102,0,0.0,0,0
922.153,0,0.0,0,0
922.203,0,0.0,0,0
922.253,0,0.0,0,0
922.303,0,0.0,0,0
922.353,0,0.0,0,0
922.403,0,0.0,0,0
922.453,0,0.0,0,0
922.503,0,0.0,0,0
922.553,0,0.0,0,0
922.604,0,0.0,0,0
922.654,0,0.0,0,0
922.704,0,0.0,0,0
922.754,0,0.0,0,0
922.804,0,0.0,0,0
922.854,0,0.0,0,0
922.904,0,0.0,0,0
922.954,0,0.0,0,0
923.005,0,0.0,0,0
923.055,0,0.0,0,0
923.105,0,0.0,0,0
923.155,0,0.0,0,0
923.205,0,0.0,0,0
923.255,0,0.0,0,0
923.305,0,0.0,0,0
923.355,0,0.0,0,0
923.405,0,0.0,0,0
923.455,0,0.0,0,0
923.505,0,0.0,0,0
923.556,0,0.0,0,0
923.606,0,0.0,0,0
923.656,0,0.0,0,0
923.706,0,0.0,0,0
923.756,0,0.0,0,0
923.806,0,0.0,0,0
923.856,0,0.0,0,0
923.906,0,0.0,0,0
923.956,0,0.0,0,0
924.006,0,0.0,0,0
924.057,0,0.0,0,0
924.107,0,0.0,0,0
924.157,0,0.0,0,0
924.207,0,0.0,0,0
924.257,0,0.0,0,0
924.307,0,0.0,0,0
924.357,0,0.0,0,0
924.407,0,0.0,0,0
924.457,0,0.0,0,0
924.508,0,0.0,0,0
924.558,0,0.0,0,0
924.608,0,0.0,0,0
924.658,0,0.0,0,0
924.708,0,0.0,0,0
924.758,0,0.0,0,0
924.808,0,0.0,0,0
924.858,0,0.0,0,0
924.908,0,0.0,0,0
924.958,0,0.0,0,0
925.008,0,0.0,0,0
925.058,0,0.0,0,0
925.109,0,0.0,0,0
925.159,0,0.0,0,0
925.209,0,0.0,0,0
925.259,0,0.0,0,0
925.309,0,0.0,0,0
925.359,0,0.0,0,0
925.409,0,0.0,0,0
925.459,0,0.0,0,0
925.509,0,0.0,0,0
925.559,0,0.0,0,0
925.610,0,0.0,0,0
925.660,0,0.0,0,0
925.710,0,0.0,0,0
925.760,0,0.0,0,0
925.810,0,0.0,0,0
925.860,0,0.0,0,0
925.910,0,0.0,0,0
925.960,0,0.0,0,0
926.010,0,0.0,0,0
926.060,0,0.0,0,0
926.110,0,0.0,0,0
926.161,0,0.0,0,0
926.211,0,0.0,0,0
926.261,0,0.0,0,0
926.311,0,0.0,0,0
926.361,0,0.0,0,0
926.411,0,0.0,0,0
926.461,0,0.0,0,0
926.512,0,0.0,0,0
926.562,0,0.0,0,0
926.612,0,0.0,0,0
926.662,0,0.0,0,0
926.712,0,0.0,0,0
926.762,0,0.0,0,0
926.812,0,0.0,0,0
926.862,0,0.0,0,0
926.912,0,0.0,0,0
926.963,0,0.0,0,0
927.013,0,0.0,0,0
927.063,0,0.0,0,0
927.113,0,0.0,0,0
927.163,0,0.0,0,0
927.213,0,0.0,0,0
927.263,0,0.0,0,0
927.313,0,0.0,0,0
927.363,0,0.0,0,0
927.413,0,0.0,0,0
927.464,0,0.0,0,0
927.514,0,0.0,0,0
927.564,0,0.0,0,0
927.614,0,0.0,0,0
927.664,0,0.0,0,0
927.714,0,0.0,0,0
927.764,0,0.0,0,0
927.814,0,0.0,0,0
927.864,0,0.0,0,0
927.915,0,0.0,0,0
927.965,0,0.0,0,0
928.015,0,0.0,0,0
928.065,0,0.0,0,0
928.115,0,0.0,0,0
928.165,0,0.0,0,0
928.215,0,0.0,0,0
928.265,0,0.0,0,0
928.315,0,0.0,0,0
928.365,0,0.0,0,0
928.415,0,0.0,0,0
928.465,0,0.0,0,0
928.516,0,0.0,0,0
928.566,0,0.0,0,0
928.616,0,0.0,0,0
928.666,0,0.0,0,0
928.716,0,0.0,0,0
928.766,0,0.0,0,0
928.816,0,0.0,0,0
928.866,0,0.0,0,0
928.916,0,0.0,0,0
928.967,0,0.0,0,0
929.017,0,0.0,0,0
929.067,0,0.0,0,0
929.117,0,0.0,0,0
929.167,0,0.0,0,0
929.217,0,0.0,0,0
929.267,0,0.0,0,0
929.317,0,0.0,0,0
929.368,0,0.0,0,0
929.418,0,0.0,0,0
929.468,0,0.0,0,0
929.518,0,0.0,0,0
929.568,0,0.0,0,0
929.618,0,0.0,0,0
929.668,0,0.0,0,0
929.719,0,0.0,0,0
929.769,0,0.0,0,0
929.819,0,0.0,0,0
929.869,0,0.0,0,0
929.919,0,0.0,0,0
929.969,0,0.0,0,0
930.019,0,0.0,0,0
930.069,0,0.0,0,0
930.119,0,0.0,0,0
930.169,0,0.0,0,0
930.219,0,0.0,0,0
930.270,0,0.0,0,0
930.320,0,0.0,0,0
930.370,0,0.0,0,0
930.420,0,0.0,0,0
930.470,0,0.0,0,0
930.520,0,0.0,0,0
930.570,0,0.0,0,0
930.620,0,0.0,0,0
930.670,0,0.0,0,0
930.720,0,0.0,0,0
930.770,0,0.0,0,0
930.820,0,0.0,0,0
930.871,0,0.0,0,0
930.921,0,0.0,0,0
930.971,0,0.0,0,0
931.021,0,0.0,0,0
931.071,0,0.0,0,0
931.121,0,0.0,0,0
931.171,0,0.0,0,0
931.221,0,0.0,0,0
931.271,0,0.0,0,0
931.322,0,0.0,0,0
931.372,0,0.0,0,0
931.422,0,0.0,0,0
931.472,0,0.0,0,0
931.522,0,0.0,0,0
931.572,0,0.0,0,0
931.622,0,0.0,0,0
931.672,0,0.0,0,0
931.722,0,0.0,0,0
931.773,0,0.0,0,0
931.823,0,0.0,0,0
931.873,0,0.0,0,0
931.923,0,0.0,0,0
931.973,0,0.0,0,0
932.023,0,0.0,0,0
932.073,0,0.0,0,0
932.123,0,0.0,0,0
932.173,0,0.0,0,0
932.223,0,0.0,0,0
932.274,0,0.0,0,0
932.324,0,0.0,0,0
932.374,0,0.0,0,0
932.424,0,0.0,0,0
932.474,0,0.0,0,0
932.524,0,0.0,0,0
932.574,0,0.0,0,0
932.624,0,0.0,0,0
932.674,0,0.0,0,0
932.724,0,0.0,0,0
932.775,0,0.0,0,0
932.825,0,0.0,0,0
932.875,0,0.0,0,0
932.925,0,0.0,0,0
932.975,0,0.0,0,0
933.025,0,0.0,0,0
933.075,0,0.0,0,0
933.125,0,0.0,0,0
933.175,0,0.0,0,0
933.225,0,0.0,0,0
933.275,0,0.0,0,0
933.325,0,0.0,0,0
933.375,0,0.0,0,0
933.425,0,0.0,0,0
933.475,0,0.0,0,0
933.526,0,0.0,0,0
933.576,0,0.0,0,0
933.626,0,0.0,0,0
933.676,0,0.0,0,0
933.726,0,0.0,0,0
933.776,0,0.0,0,0
933.826,0,0.0,0,0
933.876,0,0.0,0,0
933.926,0,0.0,0,0
933.976,0,0.0,0,0
934.026,0,0.0,0,0
934.076,0,0.0,0,0
934.127,0,0.0,0,0
934.177,0,0.0,0,0
934.227,0,0.0,0,0
934.277,0,0.0,0,0
934.327,0,0.0,0,0
934.377,0,0.0,0,0
934.427,0,0.0,0,0
934.477,0,0.0,0,0
934.527,0,0.0,0,0
934.577,0,0.0,0,0
934.628,0,0.0,0,0
934.678,0,0.0,0,0
934.728,0,0.0,0,0
934.778,0,0.0,0,0
934.828,0,0.0,0,0
934.878,0,0.0,0,0
934.928,0,0.0,0,0
934.978,0,0.0,0,0
935.028,0,0.0,0,0
935.078,0,0.0,0,0
935.129,0,0.0,0,0
935.179,0,0.0,0,0
935.229,0,0.0,0,0
935.279,0,0.0,0,0
935.329,0,0.0,0,0
935.379,0,0.0,0,0
935.429,0,0.0,0,0
935.479,0,0.0,0,0
935.529,0,0.0,0,0
935.580,0,0.0,0,0
935.630,0,0.0,0,0
935.680,0,0.0,0,0
935.730,0,0.0,0,0
935.780,0,0.0,0,0
935.830,0,0.0,0,0
935.880,0,0.0,0,0
935.930,0,0.0,0,0
935.980,0,0.0,0,0
936.030,0,0.0,0,0
936.080,0,0.0,0,0
936.130,0,0.0,0,0
936.180,0,0.0,0,0
936.231,0,0.0,0,0
936.281,0,0.0,0,0
936.331,0,0.0,0,0
936.381,0,0.0,0,0
936.431,0,0.0,0,0
936.481,0,0.0,0,0
936.531,0,0.0,0,0
936.581,0,0.0,0,0
936.631,0,0.0,0,0
936.682,0,0.0,0,0
936.732,0,0.0,0,0
936.782,0,0.0,0,0
936.832,0,0.0,0,0
936.882,0,0.0,0,0
936.932,0,0.0,0,0
936.982,0,0.0,0,0
937.032,0,0.0,0,0
937.082,0,0.0,0,0
937.133,0,0.0,0,0
937.183,0,0.0,0,0
937.233,0,0.0,0,0
937.283,0,0.0,0,0
937.333,0,0.0,0,0
937.383,0,0.0,0,0
937.433,0,0.0,0,0
937.483,0,0.0,0,0
937.534,0,0.0,0,0
937.584,0,0.0,0,0
937.634,0,0.0,0,0
937.684,0,0.0,0,0
937.734,0,0.0,0,0
937.784,0,0.0,0,0
937.834,0,0.0,0,0
937.884,0,0.0,0,0
937.934,0,0.0,0,0
937.984,0,0.0,0,0
938.035,0,0.0,0,0
938.085,0,0.0,0,0
938.135,0,0.0,0,0
938.185,0,0.0,0,0
938.235,0,0.0,0,0
938.285,0,0.0,0,0
938.335,0,0.0,0,0
938.385,0,0.0,0,0
938.435,0,0.0,0,0
938.485,0,0.0,0,0
938.536,0,0.0,0,0
938.586,0,0.0,0,0
938.636,0,0.0,0,0
938.686,0,0.0,0,0
938.736,0,0.0,0,0
938.786,0,0.0,0,0
938.836,0,0.0,0,0
938.886,0,0.0,0,0
938.936,0,0.0,0,0
938.986,0,0.0,0,0
939.036,0,0.0,0,0
939.087,0,0.0,0,0
939.137,0,0.0,0,0
939.187,0,0.0,0,0
939.237,0,0.0,0,0
939.287,0,0.0,0,0
939.337,0,0.0,0,0
939.387,0,0.0,0,0
939.437,0,0.0,0,0
939.488,0,0.0,0,0
939.538,0,0.0,0,0
939.588,0,0.0,0,0
939.638,0,0.0,0,0
939.688,0,0.0,0,0
939.738,0,0.0,0,0
939.788,0,0.0,0,0
939.838,0,0.0,0,0
939.888,0,0.0,0,0
939.938,0,0.0,0,0
939.989,0,0.0,0,0
940.039,0,0.0,0,0
940.089,0,0.0,0,0
940.139,0,0.0,0,0
940.189,0,0.0,0,0
940.239,0,0.0,0,0
940.289,0,0.0,0,0
940.339,0,0.0,0,0
940.389,0,0.0,0,0
940.439,0,0.0,0,0
940.490,0,0.0,0,0
940.540,0,0.0,0,0
940.590,0,0.0,0,0
940.640,0,0.0,0,0
940.690,0,0.0,0,0
940.740,0,0.0,0,0
940.790,0,0.0,0,0
940.840,0,0.0,0,0
940.890,0,0.0,0,0
940.940,0,0.0,0,0
940.991,0,0.0,0,0
941.041,0,0.0,0,0
941.091,0,0.0,0,0
941.141,0,0.0,0,0
941.191,0,0.0,0,0
941.241,0,0.0,0,0
941.291,0,0.0,0,0
941.341,0,0.0,0,0
941.391,0,0.0,0,0
941.441,0,0.0,0,0
941.492,0,0.0,0,0
941.542,0,0.0,0,0
941.592,0,0.0,0,0
941.642,0,0.0,0,0
941.692,0,0.0,0,0
941.742,0,0.0,0,0
941.792,0,0.0,0,0
941.842,0,0.0,0,0
941.892,0,0.0,0,0
941.942,0,0.0,0,0
941.993,0,0.0,0,0
942.043,0,0.0,0,0
942.093,0,0.0,0,0
942.143,0,0.0,0,0
942.193,0,0.0,0,0
942.243,0,0.0,0,0
942.293,0,0.0,0,0
942.343,0,0.0,0,0
942.393,0,0.0,0,0
942.443,0,0.0,0,0
942.494,0,0.0,0,0
942.544,0,0.0,0,0
942.594,0,0.0,0,0
942.644,0,0.0,0,0
942.694,0,0.0,0,0
942.744,0,0.0,0,0
942.794,0,0.0,0,0
942.844,0,0.0,0,0
942.894,0,0.0,0,0
942.944,0,0.0,0,0
942.995,0,0.0,0,0
943.045,0,0.0,0,0
943.095,0,0.0,0,0
943.145,0,0.0,0,0
943.195,0,0.0,0,0
943.245,0,0.0,0,0
943.295,0,0.0,0,0
943.345,0,0.0,0,0
943.395,0,0.0,0,0
943.446,0,0.0,0,0
943.496,0,0.0,0,0
943.546,0,0.0,0,0
943.596,0,0.0,0,0
943.646,0,0.0,0,0
943.696,0,0.0,0,0
943.746,0,0.0,0,0
943.796,0,0.0,0,0
943.846,0,0.0,0,0
943.896,0,0.0,0,0
943.947,0,0.0,0,0
943.997,0,0.0,0,0
944.047,0,0.0,0,0
944.097,0,0.0,0,0
944.147,0,0.0,0,0
944.197,0,0.0,0,0
944.247,0,0.0,0,0
944.297,0,0.0,0,0
944.347,0,0.0,0,0
944.398,0,0.0,0,0
944.448,0,0.0,0,0
944.498,0,0.0,0,0
944.548,0,0.0,0,0
944.598,0,0.0,0,0
944.648,0,0.0,0,0
944.698,0,0.0,0,0
944.748,0,0.0,0,0
944.798,0,0.0,0,0
944.848,0,0.0,0,0
944.898,0,0.0,0,0
944.949,0,0.0,0,0
944.999,0,0.0,0,0
945.049,0,0.0,0,0
945.099,0,0.0,0,0
945.149,0,0.0,0,0
945.199,0,0.0,0,0
945.249,0,0.0,0,0
945.299,0,0.0,0,0
945.349,0,0.0,0,0
945.399,0,0.0,0,0
945.450,0,0.0,0,0
945.500,0,0.0,0,0
945.550,0,0.0,0,0
945.600,0,0.0,0,0
945.650,0,0.0,0,0
945.700,0,0.0,0,0
945.750,0,0.0,0,0
945.800,0,0.0,0,0
945.850,0,0.0,0,0
945.900,0,0.0,0,0
945.950,0,0.0,0,0
946.000,0,0.0,0,0
946.051,0,0.0,0,0
946.101,0,0.0,0,0
946.151,0,0.0,0,0
946.201,0,0.0,0,0
946.251,0,0.0,0,0
946.301,0,0.0,0,0
946.351,0,0.0,0,0
946.401,0,0.0,0,0
946.451,0,0.0,0,0
946.502,0,0.0,0,0
946.552,0,0.0,0,0
946.602,0,0.0,0,0
946.652,0,0.0,0,0
946.702,0,0.0,0,0
946.752,0,0.0,0,0
946.802,0,0.0,0,0
946.852,0,0.0,0,0
946.903,0,0.0,0,0
946.953,0,0.0,0,0
947.003,0,0.0,0,0
947.053,0,0.0,0,0
947.103,0,0.0,0,0
947.153,0,0.0,0,0
947.203,0,0.0,0,0
947.253,0,0.0,0,0
947.303,0,0.0,0,0
947.354,0,0.0,0,0
947.404,0,0.0,0,0
947.454,0,0.0,0,0
947.504,0,0.0,0,0
947.554,0,0.0,0,0
947.604,0,0.0,0,0
947.654,0,0.0,0,0
947.704,0,0.0,0,0
947.754,0,0.0,0,0
947.804,0,0.0,0,0
947.855,0,0.0,0,0
947.905,0,0.0,0,0
947.955,0,0.0,0,0
948.005,0,0.0,0,0
948.055,0,0.0,0,0
948.105,0,0.0,0,0
948.155,0,0.0,0,0
948.205,0,0.0,0,0
948.255,0,0.0,0,0
948.305,0,0.0,0,0
948.355,0,0.0,0,0
948.405,0,0.0,0,0
948.455,0,0.0,0,0
948.506,0,0.0,0,0
948.556,0,0.0,0,0
948.606,0,0.0,0,0
948.656,0,0.0,0,0
948.706,0,0.0,0,0
948.756,0,0.0,0,0
948.806,0,0.0,0,0
948.856,0,0.0,0,0
948.906,0,0.0,0,0
948.957,0,0.0,0,0
949.007,0,0.0,0,0
949.057,0,0.0,0,0
949.107,0,0.0,0,0
949.157,0,0.0,0,0
949.207,0,0.0,0,0
949.257,0,0.0,0,0
949.307,0,0.0,0,0
949.357,0,0.0,0,0
949.408,0,0.0,0,0
949.458,0,0.0,0,0
949.508,0,0.0,0,0
949.558,0,0.0,0,0
949.608,0,0.0,0,0
949.658,0,0.0,0,0
949.708,0,0.0,0,0
949.759,0,0.0,0,0
949.809,0,0.0,0,0
949.859,0,0.0,0,0
949.909,0,0.0,0,0
949.959,0,0.0,0,0
950.009,0,0.0,0,0
950.059,0,0.0,0,0
950.109,0,0.0,0,0
950.159,0,0.0,0,0
950.210,0,0.0,0,0
950.260,0,0.0,0,0
950.310,0,0.0,0,0
950.360,0,0.0,0,0
950.410,0,0.0,0,0
950.460,0,0.0,0,0
950.510,0,0.0,0,0
950.560,0,0.0,0,0
950.610,0,0.0,0,0
950.661,0,0.0,0,0
950.711,0,0.0,0,0
950.761,0,0.0,0,0
950.811,0,0.0,0,0
950.861,0,0.0,0,0
950.911,0,0.0,0,0
950.961,0,0.0,0,0
951.011,0,0.0,0,0
951.061,0,0.0,0,0
951.111,0,0.0,0,0
951.161,0,0.0,0,0
951.211,0,0.0,0,0
951.262,0,0.0,0,0
951.312,0,0.0,0,0
951.362,0,0.0,0,0
951.412,0,0.0,0,0
951.462,0,0.0,0,0
951.512,0,0.0,0,0
951.562,0,0.0,0,0
951.612,0,0.0,0,0
951.662,0,0.0,0,0
951.713,0,0.0,0,0
951.763,0,0.0,0,0
951.813,0,0.0,0,0
951.863,0,0.0,0,0
951.913,0,0.0,0,0
951.963,0,0.0,0,0
952.013,0,0.0,0,0
952.063,0,0.0,0,0
952.114,0,0.0,0,0
952.164,0,0.0,0,0
952.214,0,0.0,0,0
952.264,0,0.0,0,0
952.314,0,0.0,0,0
952.364,0,0.0,0,0
952.414,0,0.0,0,0
952.464,0,0.0,0,0
952.515,0,0.0,0,0
952.565,0,0.0,0,0
952.615,0,0.0,0,0
952.665,0,0.0,0,0
952.715,0,0.0,0,0
952.765,0,0.0,0,0
952.815,0,0.0,0,0
952.865,0,0.0,0,0
952.915,0,0.0,0,0
952.965,0,0.0,0,0
953.015,0,0.0,0,0
953.066,0,0.0,0,0
953.116,0,0.0,0,0
953.166,0,0.0,0,0
953.216,0,0.0,0,0
953.266,0,0.0,0,0
953.316,0,0.0,0,0
953.366,0,0.0,0,0
953.416,0,0.0,0,0
953.466,0,0.0,0,0
953.516,0,0.0,0,0
953.567,0,0.0,0,0
953.617,0,0.0,0,0
953.667,0,0.0,0,0
953.717,0,0.0,0,0
953.767,0,0.0,0,0
953.817,0,0.0,0,0
953.867,0,0.0,0,0
953.917,0,0.0,0,0
953.967,0,0.0,0,0
954.017,0,0.0,0,0
954.068,0,0.0,0,0
954.118,0,0.0,0,0
954.168,0,0.0,0,0
954.218,0,0.0,0,0
954.268,0,0.0,0,0
954.318,0,0.0,0,0
954.368,0,0.0,0,0
954.418,0,0.0,0,0
954.468,0,0.0,0,0
954.518,0,0.0,0,0
954.569,0,0.0,0,0
954.619,0,0.0,0,0
954.669,0,0.0,0,0
954.719,0,0.0,0,0
954.769,0,0.0,0,0
954.819,0,0.0,0,0
954.869,0,0.0,0,0
954.919,0,0.0,0,0
954.969,0,0.0,0,0
955.019,0,0.0,0,0
955.069,0,0.0,0,0
955.120,0,0.0,0,0
955.170,0,0.0,0,0
955.220,0,0.0,0,0
955.270,0,0.0,0,0
955.320,0,0.0,0,0
955.370,0,0.0,0,0
955.420,0,0.0,0,0
955.470,0,0.0,0,0
955.520,0,0.0,0,0
955.570,0,0.0,0,0
955.620,0,0.0,0,0
955.671,0,0.0,0,0
955.721,0,0.0,0,0
955.771,0,0.0,0,0
955.821,0,0.0,0,0
955.871,0,0.0,0,0
955.921,0,0.0,0,0
955.971,0,0.0,0,0
956.021,0,0.0,0,0
956.071,0,0.0,0,0
956.121,0,0.0,0,0
956.172,0,0.0,0,0
956.222,0,0.0,0,0
956.272,0,0.0,0,0
956.322,0,0.0,0,0
956.372,0,0.0,0,0
956.422,0,0.0,0,0
956.472,0,0.0,0,0
956.522,0,0.0,0,0
956.573,0,0.0,0,0
956.623,0,0.0,0,0
956.673,0,0.0,0,0
956.723,0,0.0,0,0
956.773,0,0.0,0,0
956.823,0,0.0,0,0
956.873,0,0.0,0,0
956.923,0,0.0,0,0
956.973,0,0.0,0,0
957.024,0,0.0,0,0
957.074,0,0.0,0,0
957.124,0,0.0,0,0
957.174,0,0.0,0,0
957.224,0,0.0,0,0
957.274,0,0.0,0,0
957.324,0,0.0,0,0
957.374,0,0.0,0,0
957.424,0,0.0,0,0
957.474,0,0.0,0,0
957.525,0,0.0,0,0
957.575,0,0.0,0,0
957.625,0,0.0,0,0
957.675,0,0.0,0,0
957.725,0,0.0,0,0
957.775,0,0.0,0,0
957.825,0,0.0,0,0
957.875,0,0.0,0,0
957.925,0,0.0,0,0
957.975,0,0.0,0,0
958.025,0,0.0,0,0
958.075,0,0.0,0,0
958.125,0,0.0,0,0
958.176,0,0.0,0,0
958.226,0,0.0,0,0
958.276,0,0.0,0,0
958.326,0,0.0,0,0
958.376,0,0.0,0,0
958.426,0,0.0,0,0
958.476,0,0.0,0,0
958.526,0,0.0,0,0
958.576,0,0.0,0,0
958.627,0,0.0,0,0
958.677,0,0.0,0,0
958.727,0,0.0,0,0
958.777,0,0.0,0,0
958.827,0,0.0,0,0
958.877,0,0.0,0,0
958.927,0,0.0,0,0
958.977,0,0.0,0,0
959.027,0,0.0,0,0
959.077,0,0.0,0,0
959.127,0,0.0,0,0
959.177,0,0.0,0,0
959.227,0,0.0,0,0
959.278,0,0.0,0,0
959.328,0,0.0,0,0
959.378,0,0.0,0,0
959.428,0,0.0,0,0
959.478,0,0.0,0,0
959.528,0,0.0,0,0
959.578,0,0.0,0,0
959.628,0,0.0,0,0
959.678,0,0.0,0,0
959.728,0,0.0,0,0
959.779,0,0.0,0,0
959.829,0,0.0,0,0
959.879,0,0.0,0,0
959.929,0,0.0,0,0
959.979,0,0.0,0,0
960.029,0,0.0,0,0
960.079,0,0.0,0,0
960.129,0,0.0,0,0
960.179,0,0.0,0,0
960.229,0,0.0,0,0
960.279,0,0.0,0,0
960.329,0,0.0,0,0
960.379,0,0.0,0,0
960.430,0,0.0,0,0
960.480,0,0.0,0,0
960.530,0,0.0,0,0
960.580,0,0.0,0,0
960.630,0,0.0,0,0
960.680,0,0.0,0,0
960.730,0,0.0,0,0
960.780,0,0.0,0,0
960.830,0,0.0,0,0
960.880,0,0.0,0,0
960.930,0,0.0,0,0
960.980,0,0.0,0,0
961.031,0,0.0,0,0
961.081,0,0.0,0,0
961.131,0,0.0,0,0
961.181,0,0.0,0,0
961.231,0,0.0,0,0
961.281,0,0.0,0,0
961.331,0,0.0,0,0
961.381,0,0.0,0,0
961.431,0,0.0,0,0
961.481,0,0.0,0,0
961.531,0,0.0,0,0
961.582,0,0.0,0,0
961.632,0,0.0,0,0
961.682,0,0.0,0,0
961.732,0,0.0,0,0
961.782,0,0.0,0,0
961.832,0,0.0,0,0
961.882,0,0.0,0,0
961.932,0,0.0,0,0
961.982,0,0.0,0,0
962.032,0,0.0,0,0
962.082,0,0.0,0,0
962.132,0,0.0,0,0
962.183,0,0.0,0,0
962.233,0,0.0,0,0
962.283,0,0.0,0,0
962.333,0,0.0,0,0
962.383,0,0.0,0,0
962.433,0,0.0,0,0
962.483,0,0.0,0,0
962.533,0,0.0,0,0
962.583,0,0.0,0,0
962.633,0,0.0,0,0
962.683,0,0.0,0,0
962.734,0,0.0,0,0
962.784,0,0.0,0,0
962.834,0,0.0,0,0
962.884,0,0.0,0,0
962.934,0,0.0,0,0
962.984,0,0.0,0,0
963.034,0,0.0,0,0
963.084,0,0.0,0,0
963.134,0,0.0,0,0
963.184,0,0.0,0,0
963.235,0,0.0,0,0
963.285,0,0.0,0,0
963.335,0,0.0,0,0
963.385,0,0.0,0,0
963.435,0,0.0,0,0
963.485,0,0.0,0,0
963.535,0,0.0,0,0
963.585,0,0.0,0,0
963.635,0,0.0,0,0
963.686,0,0.0,0,0
963.736,0,0.0,0,0
963.786,0,0.0,0,0
963.836,0,0.0,0,0
963.886,0,0.0,0,0
963.936,0,0.0,0,0
963.986,0,0.0,0,0
964.036,0,0.0,0,0
964.086,0,0.0,0,0
964.136,0,0.0,0,0
964.186,0,0.0,0,0
964.237,0,0.0,0,0
964.287,0,0.0,0,0
964.337,0,0.0,0,0
964.387,0,0.0,0,0
964.437,0,0.0,0,0
964.487,0,0.0,0,0
964.537,0,0.0,0,0
964.587,0,0.0,0,0
964.638,0,0.0,0,0
964.688,0,0.0,0,0
964.738,0,0.0,0,0
964.788,0,0.0,0,0
964.838,0,0.0,0,0
964.888,0,0.0,0,0
964.938,0,0.0,0,0
964.988,0,0.0,0,0
965.038,0,0.0,0,0
965.088,0,0.0,0,0
965.139,0,0.0,0,0
965.189,0,0.0,0,0
965.239,0,0.0,0,0
965.289,0,0.0,0,0
965.339,0,0.0,0,0
965.389,0,0.0,0,0
965.439,0,0.0,0,0
965.489,0,0.0,0,0
965.539,0,0.0,0,0
965.589,0,0.0,0,0
965.640,0,0.0,0,0
965.690,0,0.0,0,0
965.740,0,0.0,0,0
965.790,0,0.0,0,0
965.840,0,0.0,0,0
965.890,0,0.0,0,0
965.940,0,0.0,0,0
965.990,0,0.0,0,0
966.040,0,0.0,0,0
966.091,0,0.0,0,0
966.141,0,0.0,0,0
966.191,0,0.0,0,0
966.241,0,0.0,0,0
966.291,0,0.0,0,0
966.341,0,0.0,0,0
966.391,0,0.0,0,0
966.441,0,0.0,0,0
966.491,0,0.0,0,0
966.541,0,0.0,0,0
966.592,0,0.0,0,0
966.642,0,0.0,0,0
966.692,0,0.0,0,0
966.742,0,0.0,0,0
966.792,0,0.0,0,0
966.842,0,0.0,0,0
966.892,0,0.0,0,0
966.942,0,0.0,0,0
966.992,0,0.0,0,0
967.042,0,0.0,0,0
967.092,0,0.0,0,0
967.142,0,0.0,0,0
967.192,0,0.0,0,0
967.243,0,0.0,0,0
967.293,0,0.0,0,0
967.343,0,0.0,0,0
967.393,0,0.0,0,0
967.443,0,0.0,0,0
967.493,0,0.0,0,0
967.543,0,0.0,0,0
967.593,0,0.0,0,0
967.643,0,0.0,0,0
967.694,0,0.0,0,0
967.744,0,0.0,0,0
967.794,0,0.0,0,0
967.844,0,0.0,0,0
967.894,0,0.0,0,0
967.944,0,0.0,0,0
967.994,0,0.0,0,0
968.044,0,0.0,0,0
968.094,0,0.0,0,0
968.144,0,0.0,0,0
968.194,0,0.0,0,0
968.244,0,0.0,0,0
968.295,0,0.0,0,0
968.345,0,0.0,0,0
968.395,0,0.0,0,0
968.445,0,0.0,0,0
968.495,0,0.0,0,0
968.545,0,0.0,0,0
968.595,0,0.0,0,0
968.645,0,0.0,0,0
968.695,0,0.0,0,0
968.745,0,0.0,0,0
968.796,0,0.0,0,0
968.846,0,0.0,0,0
968.896,0,0.0,0,0
968.946,0,0.0,0,0
968.996,0,0.0,0,0
969.046,0,0.0,0,0
969.096,0,0.0,0,0
969.146,0,0.0,0,0
969.196,0,0.0,0,0
969.246,0,0.0,0,0
969.296,0,0.0,0,0
969.346,0,0.0,0,0
969.397,0,0.0,0,0
969.447,0,0.0,0,0
969.497,0,0.0,0,0
969.547,0,0.0,0,0
969.597,0,0.0,0,0
969.647,0,0.0,0,0
969.697,0,0.0,0,0
969.747,0,0.0,0,0
969.797,0,0.0,0,0
969.847,0,0.0,0,0
969.897,0,0.0,0,0
969.948,0,0.0,0,0
969.998,0,0.0,0,0
970.048,0,0.0,0,0
970.098,0,0.0,0,0
970.148,0,0.0,0,0
970.198,0,0.0,0,0
970.248,0,0.0,0,0
970.298,0,0.0,0,0
970.349,0,0.0,0,0
970.399,0,0.0,0,0
970.449,0,0.0,0,0
970.499,0,0.0,0,0
970.549,0,0.0,0,0
970.599,0,0.0,0,0
970.649,0,0.0,0,0
970.699,0,0.0,0,0
970.749,0,0.0,0,0
970.799,0,0.0,0,0
970.850,0,0.0,0,0
970.900,0,0.0,0,0
970.950,0,0.0,0,0
971.000,0,0.0,0,0
971.050,0,0.0,0,0
971.100,0,0.0,0,0
971.150,0,0.0,0,0
971.200,0,0.0,0,0
971.250,0,0.0,0,0
971.301,0,0.0,0,0
971.351,0,0.0,0,0
971.401,0,0.0,0,0
971.451,0,0.0,0,0
971.501,0,0.0,0,0
971.551,0,0.0,0,0
971.601,0,0.0,0,0
971.651,0,0.0,0,0
971.701,0,0.0,0,0
971.752,0,0.0,0,0
971.802,0,0.0,0,0
971.852,0,0.0,0,0
971.902,0,0.0,0,0
971.952,0,0.0,0,0
972.002,0,0.0,0,0
972.052,0,0.0,0,0
972.102,0,0.0,0,0
972.152,0,0.0,0,0
972.202,0,0.0,0,0
972.253,0,0.0,0,0
972.303,0,0.0,0,0
972.353,0,0.0,0,0
972.403,0,0.0,0,0
972.453,0,0.0,0,0
972.503,0,0.0,0,0
972.553,0,0.0,0,0
972.603,0,0.0,0,0
972.653,0,0.0,0,0
972.703,0,0.0,0,0
972.753,0,0.0,0,0
972.804,0,0.0,0,0
972.854,0,0.0,0,0
972.904,0,0.0,0,0
972.954,0,0.0,0,0
973.004,0,0.0,0,0
973.054,0,0.0,0,0
973.104,0,0.0,0,0
973.154,0,0.0,0,0
973.204,0,0.0,0,0
973.254,0,0.0,0,0
973.305,0,0.0,0,0
973.355,0,0.0,0,0
973.405,0,0.0,0,0
973.455,0,0.0,0,0
973.505,0,0.0,0,0
973.555,0,0.0,0,0
973.605,0,0.0,0,0
973.655,0,0.0,0,0
973.706,0,0.0,0,0
973.756,0,0.0,0,0
973.806,0,0.0,0,0
973.856,0,0.0,0,0
973.906,0,0.0,0,0
973.956,0,0.0,0,0
974.006,0,0.0,0,0
974.056,0,0.0,0,0
974.106,0,0.0,0,0
974.156,0,0.0,0,0
974.206,0,0.0,0,0
974.256,0,0.0,0,0
974.307,0,0.0,0,0
974.357,0,0.0,0,0
974.407,0,0.0,0,0
974.457,0,0.0,0,0
974.507,0,0.0,0,0
974.557,0,0.0,0,0
974.607,0,0.0,0,0
974.657,0,0.0,0,0
974.707,0,0.0,0,0
974.758,0,0.0,0,0
974.808,0,0.0,0,0
974.858,0,0.0,0,0
974.908,0,0.0,0,0
974.958,0,0.0,0,0
975.008,0,0.0,0,0
975.059,0,0.0,0,0
975.109,0,0.0,0,0
975.159,0,0.0,0,0
975.209,0,0.0,0,0
975.259,0,0.0,0,0
975.309,0,0.0,0,0
975.359,0,0.0,0,0
975.409,0,0.0,0,0
975.459,0,0.0,0,0
975.509,0,0.0,0,0
975.560,0,0.0,0,0
975.610,0,0.0,0,0
975.660,0,0.0,0,0
975.710,0,0.0,0,0
975.760,0,0.0,0,0
975.810,0,0.0,0,0
975.860,0,0.0,0,0
975.910,0,0.0,0,0
975.960,0,0.0,0,0
976.010,0,0.0,0,0
976.060,0,0.0,0,0
976.110,0,0.0,0,0
976.160,0,0.0,0,0
976.211,0,0.0,0,0
976.261,0,0.0,0,0
976.311,0,0.0,0,0
976.361,0,0.0,0,0
976.411,0,0.0,0,0
976.461,0,0.0,0,0
976.511,0,0.0,0,0
976.561,0,0.0,0,0
976.611,0,0.0,0,0
976.661,0,0.0,0,0
976.711,0,0.0,0,0
976.761,0,0.0,0,0
976.812,0,0.0,0,0
976.862,0,0.0,0,0
976.912,0,0.0,0,0
976.962,0,0.0,0,0
977.012,0,0.0,0,0
977.062,0,0.0,0,0
977.112,0,0.0,0,0
977.162,0,0.0,0,0
977.212,0,0.0,0,0
977.262,0,0.0,0,0
977.312,0,0.0,0,0
977.363,0,0.0,0,0
977.413,0,0.0,0,0
977.463,0,0.0,0,0
977.513,0,0.0,0,0
977.563,0,0.0,0,0
977.613,0,0.0,0,0
977.663,0,0.0,0,0
977.713,0,0.0,0,0
977.764,0,0.0,0,0
977.814,0,0.0,0,0
977.864,0,0.0,0,0
977.914,0,0.0,0,0
977.964,0,0.0,0,0
978.014,0,0.0,0,0
978.064,0,0.0,0,0
978.115,0,0.0,0,0
978.165,0,0.0,0,0
978.215,0,0.0,0,0
978.265,0,0.0,0,0
978.315,0,0.0,0,0
978.365,0,0.0,0,0
978.415,0,0.0,0,0
978.465,0,0.0,0,0
978.515,0,0.0,0,0
978.565,0,0.0,0,0
978.615,0,0.0,0,0
978.665,0,0.0,0,0
978.715,0,0.0,0,0
978.765,0,0.0,0,0
978.816,0,0.0,0,0
978.866,0,0.0,0,0
978.916,0,0.0,0,0
978.966,0,0.0,0,0
979.016,0,0.0,0,0
979.066,0,0.0,0,0
979.116,0,0.0,0,0
979.166,0,0.0,0,0
979.217,0,0.0,0,0
979.267,0,0.0,0,0
979.317,0,0.0,0,0
979.367,0,0.0,0,0
979.417,0,0.0,0,0
979.467,0,0.0,0,0
979.517,0,0.0,0,0
979.567,0,0.0,0,0
979.617,0,0.0,0,0
979.667,0,0.0,0,0
979.718,0,0.0,0,0
979.768,0,0.0,0,0
979.818,0,0.0,0,0
979.868,0,0.0,0,0
979.918,0,0.0,0,0
979.968,0,0.0,0,0
980.018,0,0.0,0,0
980.068,0,0.0,0,0
980.119,0,0.0,0,0
980.169,0,0.0,0,0
980.219,0,0.0,0,0
980.269,0,0.0,0,0
980.319,0,0.0,0,0
980.369,0,0.0,0,0
980.419,0,0.0,0,0
980.469,0,0.0,0,0
980.519,0,0.0,0,0
980.569,0,0.0,0,0
980.619,0,0.0,0,0
980.669,0,0.0,0,0
980.719,0,0.0,0,0
980.769,0,0.0,0,0
980.820,0,0.0,0,0
980.870,0,0.0,0,0
980.920,0,0.0,0,0
980.970,0,0.0,0,0
981.020,0,0.0,0,0
981.070,0,0.0,0,0
981.120,0,0.0,0,0
981.171,0,0.0,0,0
981.221,0,0.0,0,0
981.271,0,0.0,0,0
981.321,0,0.0,0,0
981.371,0,0.0,0,0
981.421,0,0.0,0,0
981.471,0,0.0,0,0
981.521,0,0.0,0,0
981.571,0,0.0,0,0
981.621,0,0.0,0,0
981.671,0,0.0,0,0
981.722,0,0.0,0,0
981.772,0,0.0,0,0
981.822,0,0.0,0,0
981.872,0,0.0,0,0
981.922,0,0.0,0,0
981.972,0,0.0,0,0
982.022,0,0.0,0,0
982.072,0,0.0,0,0
982.122,0,0.0,0,0
982.172,0,0.0,0,0
982.222,0,0.0,0,0
982.273,0,0.0,0,0
982.323,0,0.0,0,0
982.373,0,0.0,0,0
982.423,0,0.0,0,0
982.473,0,0.0,0,0
982.523,0,0.0,0,0
982.573,0,0.0,0,0
982.623,0,0.0,0,0
982.673,0,0.0,0,0
982.723,0,0.0,0,0
982.773,0,0.0,0,0
982.823,0,0.0,0,0
982.873,0,0.0,0,0
982.923,0,0.0,0,0
982.974,0,0.0,0,0
983.024,0,0.0,0,0
983.074,0,0.0,0,0
983.124,0,0.0,0,0
983.174,0,0.0,0,0
983.224,0,0.0,0,0
983.274,0,0.0,0,0
983.324,0,0.0,0,0
983.374,0,0.0,0,0
983.424,0,0.0,0,0
983.474,0,0.0,0,0
983.524,0,0.0,0,0
983.575,0,0.0,0,0
983.625,0,0.0,0,0
983.675,0,0.0,0,0
983.725,0,0.0,0,0
983.775,0,0.0,0,0
983.825,0,0.0,0,0
983.875,0,0.0,0,0
983.925,0,0.0,0,0
983.975,0,0.0,0,0
984.025,0,0.0,0,0
984.076,0,0.0,0,0
984.126,0,0.0,0,0
984.176,0,0.0,0,0
984.226,0,0.0,0,0
984.276,0,0.0,0,0
984.326,0,0.0,0,0
984.376,0,0.0,0,0
984.426,0,0.0,0,0
984.476,0,0.0,0,0
984.527,0,0.0,0,0
984.577,0,0.0,0,0
984.627,0,0.0,0,0
984.677,0,0.0,0,0
984.727,0,0.0,0,0
984.777,0,0.0,0,0
984.827,0,0.0,0,0
984.877,0,0.0,0,0
984.927,0,0.0,0,0
984.977,0,0.0,0,0
985.027,0,0.0,0,0
985.077,0,0.0,0,0
985.128,0,0.0,0,0
985.178,0,0.0,0,0
985.228,0,0.0,0,0
985.278,0,0.0,0,0
985.328,0,0.0,0,0
985.378,0,0.0,0,0
985.428,0,0.0,0,0
985.478,0,0.0,0,0
985.528,0,0.0,0,0
985.579,0,0.0,0,0
985.629,0,0.0,0,0
985.679,0,0.0,0,0
985.729,0,0.0,0,0
985.779,0,0.0,0,0
985.829,0,0.0,0,0
985.879,0,0.0,0,0
985.929,0,0.0,0,0
985.979,0,0.0,0,0
986.029,0,0.0,0,0
986.079,0,0.0,0,0
986.130,0,0.0,0,0
986.180,0,0.0,0,0
986.230,0,0.0,0,0
986.280,0,0.0,0,0
986.330,0,0.0,0,0
986.380,0,0.0,0,0
986.430,0,0.0,0,0
986.480,0,0.0,0,0
986.530,0,0.0,0,0
986.580,0,0.0,0,0
986.630,0,0.0,0,0
986.680,0,0.0,0,0
986.730,0,0.0,0,0
986.780,0,0.0,0,0
986.831,0,0.0,0,0
986.881,0,0.0,0,0
986.931,0,0.0,0,0
986.981,0,0.0,0,0
987.031,0,0.0,0,0
987.081,0,0.0,0,0
987.131,0,0.0,0,0
987.182,0,0.0,0,0
987.232,0,0.0,0,0
987.282,0,0.0,0,0
987.332,0,0.0,0,0
987.382,0,0.0,0,0
987.432,0,0.0,0,0
987.482,0,0.0,0,0
987.532,0,0.0,0,0
987.582,0,0.0,0,0
987.632,0,0.0,0,0
987.683,0,0.0,0,0
987.733,0,0.0,0,0
987.783,0,0.0,0,0
987.833,0,0.0,0,0
987.883,0,0.0,0,0
987.933,0,0.0,0,0
987.983,0,0.0,0,0
988.033,0,0.0,0,0
988.083,0,0.0,0,0
988.133,0,0.0,0,0
988.184,0,0.0,0,0
988.234,0,0.0,0,0
988.284,0,0.0,0,0
988.334,0,0.0,0,0
988.384,0,0.0,0,0
988.434,0,0.0,0,0
988.484,0,0.0,0,0
988.534,0,0.0,0,0
988.584,0,0.0,0,0
988.634,0,0.0,0,0
988.684,0,0.0,0,0
988.734,0,0.0,0,0
988.785,0,0.0,0,0
988.835,0,0.0,0,0
988.885,0,0.0,0,0
988.935,0,0.0,0,0
988.985,0,0.0,0,0
989.035,0,0.0,0,0
989.085,0,0.0,0,0
989.135,0,0.0,0,0
989.185,0,0.0,0,0
989.235,0,0.0,0,0
989.285,0,0.0,0,0
989.335,0,0.0,0,0
989.386,0,0.0,0,0
989.436,0,0.0,0,0
989.486,0,0.0,0,0
989.536,0,0.0,0,0
989.586,0,0.0,0,0
989.636,0,0.0,0,0
989.686,0,0.0,0,0
989.736,0,0.0,0,0
989.786,0,0.0,0,0
989.836,0,0.0,0,0
989.886,0,0.0,0,0
989.936,0,0.0,0,0
989.987,0,0.0,0,0
990.037,0,0.0,0,0
990.087,0,0.0,0,0
990.137,0,0.0,0,0
990.187,0,0.0,0,0
990.237,0,0.0,0,0
990.287,0,0.0,0,0
990.337,0,0.0,0,0
990.387,0,0.0,0,0
990.437,0,0.0,0,0
990.488,0,0.0,0,0
990.538,0,0.0,0,0
990.588,0,0.0,0,0
990.638,0,0.0,0,0
990.688,0,0.0,0,0
990.738,0,0.0,0,0
990.788,0,0.0,0,0
990.838,0,0.0,0,0
990.888,0,0.0,0,0
990.938,0,0.0,0,0
990.988,0,0.0,0,0
991.039,0,0.0,0,0
991.089,0,0.0,0,0
991.139,0,0.0,0,0
991.189,0,0.0,0,0
991.239,0,0.0,0,0
991.289,0,0.0,0,0
991.339,0,0.0,0,0
991.389,0,0.0,0,0
991.439,0,0.0,0,0
991.489,0,0.0,0,0
991.539,0,0.0,0,0
991.590,0,0.0,0,0
991.640,0,0.0,0,0
991.690,0,0.0,0,0
991.740,0,0.0,0,0
991.790,0,0.0,0,0
991.840,0,0.0,0,0
991.890,0,0.0,0,0
991.940,0,0.0,0,0
991.990,0,0.0,0,0
992.040,0,0.0,0,0
992.091,0,0.0,0,0
992.141,0,0.0,0,0
992.191,0,0.0,0,0
992.241,0,0.0,0,0
992.291,0,0.0,0,0
992.341,0,0.0,0,0
992.391,0,0.0,0,0
992.441,0,0.0,0,0
992.491,0,0.0,0,0
992.541,0,0.0,0,0
992.591,0,0.0,0,0
992.641,0,0.0,0,0
992.691,0,0.0,0,0
992.742,0,0.0,0,0
992.792,0,0.0,0,0
992.842,0,0.0,0,0
992.892,0,0.0,0,0
992.942,0,0.0,0,0
992.992,0,0.0,0,0
993.042,0,0.0,0,0
993.092,0,0.0,0,0
993.142,0,0.0,0,0
993.192,0,0.0,0,0
993.242,0,0.0,0,0
993.293,0,0.0,0,0
993.343,0,0.0,0,0
993.393,0,0.0,0,0
993.443,0,0.0,0,0
993.493,0,0.0,0,0
993.543,0,0.0,0,0
993.593,0,0.0,0,0
993.643,0,0.0,0,0
993.693,0,0.0,0,0
993.743,0,0.0,0,0
993.794,0,0.0,0,0
993.844,0,0.0,0,0
993.894,0,0.0,0,0
993.944,0,0.0,0,0
993.994,0,0.0,0,0
994.044,0,0.0,0,0
994.094,0,0.0,0,0
994.144,0,0.0,0,0
994.194,0,0.0,0,0
994.244,0,0.0,0,0
994.294,0,0.0,0,0
994.345,0,0.0,0,0
994.395,0,0.0,0,0
994.445,0,0.0,0,0
994.495,0,0.0,0,0
994.545,0,0.0,0,0
994.595,0,0.0,0,0
994.646,0,0.0,0,0
994.696,0,0.0,0,0
994.746,0,0.0,0,0
994.796,0,0.0,0,0
994.846,0,0.0,0,0
994.896,0,0.0,0,0
994.946,0,0.0,0,0
994.996,0,0.0,0,0
995.046,0,0.0,0,0
995.096,0,0.0,0,0
995.146,0,0.0,0,0
995.197,0,0.0,0,0
995.247,0,0.0,0,0
995.297,0,0.0,0,0
995.347,0,0.0,0,0
995.397,0,0.0,0,0
995.447,0,0.0,0,0
995.497,0,0.0,0,0
995.547,0,0.0,0,0
995.597,0,0.0,0,0
995.648,0,0.0,0,0
995.698,0,0.0,0,0
995.748,0,0.0,0,0
995.798,0,0.0,0,0
995.848,0,0.0,0,0
995.898,0,0.0,0,0
995.948,0,0.0,0,0
995.998,0,0.0,0,0
996.048,0,0.0,0,0
996.098,0,0.0,0,0
996.149,0,0.0,0,0
996.199,0,0.0,0,0
996.249,0,0.0,0,0
996.299,0,0.0,0,0
996.349,0,0.0,0,0
996.399,0,0.0,0,0
996.449,0,0.0,0,0
996.499,0,0.0,0,0
996.549,0,0.0,0,0
996.599,0,0.0,0,0
996.649,0,0.0,0,0
996.699,0,0.0,0,0
996.750,0,0.0,0,0
996.800,0,0.0,0,0
996.850,0,0.0,0,0
996.900,0,0.0,0,0
996.950,0,0.0,0,0
997.000,0,0.0,0,0
997.050,0,0.0,0,0
997.100,0,0.0,0,0
997.150,0,0.0,0,0
997.200,0,0.0,0,0
997.250,0,0.0,0,0
997.300,0,0.0,0,0
997.351,0,0.0,0,0
997.401,0,0.0,0,0
997.451,0,0.0,0,0
997.501,0,0.0,0,0
997.551,0,0.0,0,0
997.601,0,0.0,0,0
997.651,0,0.0,0,0
997.701,0,0.0,0,0
997.751,0,0.0,0,0
997.801,0,0.0,0,0
997.851,0,0.0,0,0
997.901,0,0.0,0,0
997.951,0,0.0,0,0
998.002,0,0.0,0,0
998.052,0,0.0,0,0
998.102,0,0.0,0,0
998.152,0,0.0,0,0
998.202,0,0.0,0,0
998.252,0,0.0,0,0
998.302,0,0.0,0,0
998.352,0,0.0,0,0
998.402,0,0.0,0,0
998.453,0,0.0,0,0
998.503,0,0.0,0,0
998.553,0,0.0,0,0
998.603,0,0.0,0,0
998.653,0,0.0,0,0
998.703,0,0.0,0,0
998.753,0,0.0,0,0
998.804,0,0.0,0,0
998.854,0,0.0,0,0
998.904,0,0.0,0,0
998.954,0,0.0,0,0
999.004,0,0.0,0,0
999.054,0,0.0,0,0
999.104,0,0.0,0,0
999.154,0,0.0,0,0
999.204,0,0.0,0,0
999.254,0,0.0,0,0
999.305,0,0.0,0,0
999.355,0,0.0,0,0
999.405,0,0.0,0,0
999.455,0,0.0,0,0
999.505,0,0.0,0,0
999.555,0,0.0,0,0
999.605,0,0.0,0,0
999.655,0,0.0,0,0
999.705,0,0.0,0,0
999.755,0,0.0,0,0
999.806,0,0.0,0,0
999.856,0,0.0,0,0
999.906,0,0.0,0,0
999.956,0,0.0,0,0
1000.006,0,0.0,0,0
1000.056,0,0.0,0,0
1000.106,0,0.0,0,0
1000.156,0,0.0,0,0
1000.206,0,0.0,0,0
1000.256,0,0.0,0,0
1000.306,0,0.0,0,0
1000.356,0,0.0,0,0
1000.407,0,0.0,0,0
1000.457,0,0.0,0,0
1000.507,0,0.0,0,0
1000.557,0,0.0,0,0
1000.607,0,0.0,0,0
1000.657,0,0.0,0,0
1000.707,0,0.0,0,0
1000.757,0,0.0,0,0
1000.807,0,0.0,0,0
1000.857,0,0.0,0,0
1000.907,0,0.0,0,0
1000.958,0,0.0,0,0
1001.008,0,0.0,0,0
1001.058,0,0.0,0,0
1001.108,0,0.0,0,0
1001.158,0,0.0,0,0
1001.208,0,0.0,0,0
1001.258,0,0.0,0,0
1001.308,0,0.0,0,0
1001.358,0,0.0,0,0
1001.408,0,0.0,0,0
1001.458,0,0.0,0,0
1001.509,0,0.0,0,0
1001.559,0,0.0,0,0
1001.609,0,0.0,0,0
1001.659,0,0.0,0,0
1001.709,0,0.0,0,0
1001.759,0,0.0,0,0
1001.809,0,0.0,0,0
1001.859,0,0.0,0,0
1001.910,0,0.0,0,0
1001.960,0,0.0,0,0
1002.010,0,0.0,0,0
1002.060,0,0.0,0,0
1002.110,0,0.0,0,0
1002.160,0,0.0,0,0
1002.210,0,0.0,0,0
1002.260,0,0.0,0,0
1002.310,0,0.0,0,0
1002.360,0,0.0,0,0
1002.410,0,0.0,0,0
1002.461,0,0.0,0,0
1002.511,0,0.0,0,0
1002.561,0,0.0,0,0
1002.611,0,0.0,0,0
1002.661,0,0.0,0,0
1002.711,0,0.0,0,0
1002.761,0,0.0,0,0
1002.811,0,0.0,0,0
1002.861,0,0.0,0,0
1002.911,0,0.0,0,0
1002.962,0,0.0,0,0
1003.012,0,0.0,0,0
1003.062,0,0.0,0,0
1003.112,0,0.0,0,0
1003.162,0,0.0,0,0
1003.212,0,0.0,0,0
1003.262,0,0.0,0,0
1003.312,0,0.0,0,0
1003.362,0,0.0,0,0
1003.412,0,0.0,0,0
1003.462,0,0.0,0,0
1003.512,0,0.0,0,0
1003.563,0,0.0,0,0
1003.613,0,0.0,0,0
1003.663,0,0.0,0,0
1003.713,0,0.0,0,0
1003.763,0,0.0,0,0
1003.813,0,0.0,0,0
1003.863,0,0.0,0,0
1003.913,0,0.0,0,0
1003.963,0,0.0,0,0
1004.014,0,0.0,0,0
1004.064,0,0.0,0,0
1004.114,0,0.0,0,0
1004.164,0,0.0,0,0
1004.214,0,0.0,0,0
1004.264,0,0.0,0,0
1004.314,0,0.0,0,0
1004.364,0,0.0,0,0
1004.414,0,0.0,0,0
1004.464,0,0.0,0,0
1004.514,0,0.0,0,0
1004.564,0,0.0,0,0
1004.615,0,0.0,0,0
1004.665,0,0.0,0,0
1004.715,0,0.0,0,0
1004.765,0,0.0,0,0
1004.815,0,0.0,0,0
1004.865,0,0.0,0,0
1004.915,0,0.0,0,0
1004.966,0,0.0,0,0
1005.016,0,0.0,0,0
1005.066,0,0.0,0,0
1005.116,0,0.0,0,0
1005.166,0,0.0,0,0
1005.216,0,0.0,0,0
1005.266,0,0.0,0,0
1005.316,0,0.0,0,0
1005.367,0,0.0,0,0
1005.417,0,0.0,0,0
1005.467,0,0.0,0,0
1005.517,0,0.0,0,0
1005.567,0,0.0,0,0
1005.617,0,0.0,0,0
1005.667,0,0.0,0,0
1005.718,0,0.0,0,0
1005.768,0,0.0,0,0
1005.818,0,0.0,0,0
1005.868,0,0.0,0,0
1005.918,0,0.0,0,0
1005.968,0,0.0,0,0
1006.018,0,0.0,0,0
1006.068,0,0.0,0,0
1006.118,0,0.0,0,0
1006.169,0,0.0,0,0
1006.219,0,0.0,0,0
1006.269,0,0.0,0,0
1006.319,0,0.0,0,0
1006.369,0,0.0,0,0
1006.419,0,0.0,0,0
1006.469,0,0.0,0,0
1006.519,0,0.0,0,0
1006.569,0,0.0,0,0
1006.619,0,0.0,0,0
1006.669,0,0.0,0,0
1006.719,0,0.0,0,0
1006.770,0,0.0,0,0
1006.820,0,0.0,0,0
1006.870,0,0.0,0,0
1006.920,0,0.0,0,0
1006.970,0,0.0,0,0
1007.020,0,0.0,0,0
1007.070,0,0.0,0,0
1007.120,0,0.0,0,0
1007.170,0,0.0,0,0
1007.220,0,0.0,0,0
1007.270,0,0.0,0,0
1007.320,0,0.0,0,0
1007.370,0,0.0,0,0
1007.421,0,0.0,0,0
1007.471,0,0.0,0,0
1007.521,0,0.0,0,0
1007.571,0,0.0,0,0
1007.621,0,0.0,0,0
1007.671,0,0.0,0,0
1007.721,0,0.0,0,0
1007.771,0,0.0,0,0
1007.821,0,0.0,0,0
1007.871,0,0.0,0,0
1007.921,0,0.0,0,0
1007.971,0,0.0,0,0
1008.021,0,0.0,0,0
1008.072,0,0.0,0,0
1008.122,0,0.0,0,0
1008.172,0,0.0,0,0
1008.222,0,0.0,0,0
1008.272,0,0.0,0,0
1008.322,0,0.0,0,0
1008.372,0,0.0,0,0
1008.422,0,0.0,0,0
1008.472,0,0.0,0,0
1008.522,0,0.0,0,0
1008.572,0,0.0,0,0
1008.622,0,0.0,0,0
1008.673,0,0.0,0,0
1008.723,0,0.0,0,0
1008.773,0,0.0,0,0
1008.823,0,0.0,0,0
1008.873,0,0.0,0,0
1008.923,0,0.0,0,0
1008.973,0,0.0,0,0
1009.023,0,0.0,0,0
1009.074,0,0.0,0,0
1009.124,0,0.0,0,0
1009.174,0,0.0,0,0
1009.224,0,0.0,0,0
1009.274,0,0.0,0,0
1009.324,0,0.0,0,0
1009.374,0,0.0,0,0
1009.424,0,0.0,0,0
1009.474,0,0.0,0,0
1009.524,0,0.0,0,0
1009.574,0,0.0,0,0
1009.624,0,0.0,0,0
1009.675,0,0.0,0,0
1009.725,0,0.0,0,0
1009.775,0,0.0,0,0
1009.825,0,0.0,0,0
1009.875,0,0.0,0,0
1009.925,0,0.0,0,0
1009.975,0,0.0,0,0
1010.026,0,0.0,0,0
1010.076,0,0.0,0,0
1010.126,0,0.0,0,0
1010.176,0,0.0,0,0
1010.226,0,0.0,0,0
1010.276,0,0.0,0,0
1010.326,0,0.0,0,0
1010.376,0,0.0,0,0
1010.426,0,0.0,0,0
1010.476,0,0.0,0,0
1010.526,0,0.0,0,0
1010.576,0,0.0,0,0
1010.627,0,0.0,0,0
1010.677,0,0.0,0,0
1010.727,0,0.0,0,0
1010.777,0,0.0,0,0
1010.827,0,0.0,0,0
1010.877,0,0.0,0,0
1010.927,0,0.0,0,0
1010.977,0,0.0,0,0
1011.027,0,0.0,0,0
1011.077,0,0.0,0,0
1011.127,0,0.0,0,0
1011.177,0,0.0,0,0
1011.227,0,0.0,0,0
1011.277,0,0.0,0,0
1011.327,0,0.0,0,0
1011.377,0,0.0,0,0
1011.427,0,0.0,0,0
1011.478,0,0.0,0,0
1011.528,0,0.0,0,0
1011.578,0,0.0,0,0
1011.628,0,0.0,0,0
1011.678,0,0.0,0,0
1011.728,0,0.0,0,0
1011.778,0,0.0,0,0
1011.828,0,0.0,0,0
1011.878,0,0.0,0,0
1011.928,0,0.0,0,0
1011.978,0,0.0,0,0
1012.028,0,0.0,0,0
1012.079,0,0.0,0,0
1012.129,0,0.0,0,0
1012.179,0,0.0,0,0
1012.229,0,0.0,0,0
1012.279,0,0.0,0,0
1012.329,0,0.0,0,0
1012.379,0,0.0,0,0
1012.429,0,0.0,0,0
1012.479,0,0.0,0,0
1012.530,0,0.0,0,0
1012.580,0,0.0,0,0
1012.630,0,0.0,0,0
1012.680,0,0.0,0,0
1012.730,0,0.0,0,0
1012.780,0,0.0,0,0
1012.830,0,0.0,0,0
1012.881,0,0.0,0,0
1012.931,0,0.0,0,0
1012.981,0,0.0,0,0
1013.031,0,0.0,0,0
1013.081,0,0.0,0,0
1013.131,0,0.0,0,0
1013.181,0,0.0,0,0
1013.231,0,0.0,0,0
1013.281,0,0.0,0,0
1013.331,0,0.0,0,0
1013.382,0,0.0,0,0
1013.432,0,0.0,0,0
1013.482,0,0.0,0,0
1013.532,0,0.0,0,0
1013.582,0,0.0,0,0
1013.632,0,0.0,0,0
1013.682,0,0.0,0,0
1013.732,0,0.0,0,0
1013.782,0,0.0,0,0
1013.832,0,0.0,0,0
1013.882,0,0.0,0,0
1013.932,0,0.0,0,0
1013.982,0,0.0,0,0
1014.033,0,0.0,0,0
1014.083,0,0.0,0,0
1014.133,0,0.0,0,0
1014.183,0,0.0,0,0
1014.233,0,0.0,0,0
1014.283,0,0.0,0,0
1014.333,0,0.0,0,0
1014.383,0,0.0,0,0
1014.434,0,0.0,0,0
1014.484,0,0.0,0,0
1014.534,0,0.0,0,0
1014.584,0,0.0,0,0
1014.634,0,0.0,0,0
1014.684,0,0.0,0,0
1014.734,0,0.0,0,0
1014.784,0,0.0,0,0
1014.834,0,0.0,0,0
1014.884,0,0.0,0,0
1014.934,0,0.0,0,0
1014.985,0,0.0,0,0
1015.035,0,0.0,0,0
1015.085,0,0.0,0,0
1015.135,0,0.0,0,0
1015.185,0,0.0,0,0
1015.235,0,0.0,0,0
1015.285,0,0.0,0,0
1015.335,0,0.0,0,0
1015.385,0,0.0,0,0
1015.435,0,0.0,0,0
1015.485,0,0.0,0,0
1015.536,0,0.0,0,0
1015.586,0,0.0,0,0
1015.636,0,0.0,0,0
1015.686,0,0.0,0,0
1015.736,0,0.0,0,0
1015.786,0,0.0,0,0
1015.836,0,0.0,0,0
1015.887,0,0.0,0,0
1015.937,0,0.0,0,0
1015.987,0,0.0,0,0
1016.037,0,0.0,0,0
1016.087,0,0.0,0,0
1016.137,0,0.0,0,0
1016.187,0,0.0,0,0
1016.237,0,0.0,0,0
1016.287,0,0.0,0,0
1016.337,0,0.0,0,0
1016.388,0,0.0,0,0
1016.438,0,0.0,0,0
1016.488,0,0.0,0,0
1016.538,0,0.0,0,0
1016.588,0,0.0,0,0
1016.638,0,0.0,0,0
1016.688,0,0.0,0,0
1016.738,0,0.0,0,0
1016.788,0,0.0,0,0
1016.839,0,0.0,0,0
1016.889,0,0.0,0,0
1016.939,0,0.0,0,0
1016.989,0,0.0,0,0
1017.039,0,0.0,0,0
1017.089,0,0.0,0,0
1017.139,0,0.0,0,0
1017.189,0,0.0,0,0
1017.239,0,0.0,0,0
1017.289,0,0.0,0,0
1017.339,0,0.0,0,0
1017.390,0,0.0,0,0
1017.440,0,0.0,0,0
1017.490,0,0.0,0,0
1017.540,0,0.0,0,0
1017.590,0,0.0,0,0
1017.640,0,0.0,0,0
1017.690,0,0.0,0,0
1017.740,0,0.0,0,0
1017.791,0,0.0,0,0
1017.841,0,0.0,0,0
1017.891,0,0.0,0,0
1017.941,0,0.0,0,0
1017.991,0,0.0,0,0
1018.041,0,0.0,0,0
1018.091,0,0.0,0,0
1018.141,0,0.0,0,0
1018.191,0,0.0,0,0
1018.241,0,0.0,0,0
1018.291,0,0.0,0,0
1018.342,0,0.0,0,0
1018.392,0,0.0,0,0
1018.442,0,0.0,0,0
1018.492,0,0.0,0,0
1018.542,0,0.0,0,0
1018.592,0,0.0,0,0
1018.642,0,0.0,0,0
1018.692,0,0.0,0,0
1018.743,0,0.0,0,0
1018.793,0,0.0,0,0
1018.843,0,0.0,0,0
1018.893,0,0.0,0,0
1018.943,0,0.0,0,0
1018.993,0,0.0,0,0
1019.043,0,0.0,0,0
1019.093,0,0.0,0,0
1019.143,0,0.0,0,0
1019.194,0,0.0,0,0
1019.244,0,0.0,0,0
1019.294,0,0.0,0,0
1019.344,0,0.0,0,0
1019.394,0,0.0,0,0
1019.444,0,0.0,0,0
1019.494,0,0.0,0,0
1019.544,0,0.0,0,0
1019.594,0,0.0,0,0
1019.644,0,0.0,0,0
1019.694,0,0.0,0,0
1019.744,0,0.0,0,0
1019.794,0,0.0,0,0
1019.845,0,0.0,0,0
1019.895,0,0.0,0,0
1019.945,0,0.0,0,0
1019.995,0,0.0,0,0
1020.045,0,0.0,0,0
1020.095,0,0.0,0,0
1020.145,0,0.0,0,0
1020.195,0,0.0,0,0
1020.245,0,0.0,0,0
1020.295,0,0.0,0,0
1020.346,0,0.0,0,0
1020.396,0,0.0,0,0
1020.446,0,0.0,0,0
1020.496,0,0.0,0,0
1020.546,0,0.0,0,0
1020.596,0,0.0,0,0
1020.646,0,0.0,0,0
1020.696,0,0.0,0,0
1020.746,0,0.0,0,0
1020.796,0,0.0,0,0
1020.847,0,0.0,0,0
1020.897,0,0.0,0,0
1020.947,0,0.0,0,0
1020.997,0,0.0,0,0
1021.047,0,0.0,0,0
1021.097,0,0.0,0,0
1021.147,0,0.0,0,0
1021.197,0,0.0,0,0
1021.247,0,0.0,0,0
1021.297,0,0.0,0,0
1021.348,0,0.0,0,0
1021.398,0,0.0,0,0
1021.448,0,0.0,0,0
1021.498,0,0.0,0,0
1021.548,0,0.0,0,0
1021.598,0,0.0,0,0
1021.648,0,0.0,0,0
1021.698,0,0.0,0,0
1021.749,0,0.0,0,0
1021.799,0,0.0,0,0
1021.849,0,0.0,0,0
1021.899,0,0.0,0,0
1021.949,0,0.0,0,0
1021.999,0,0.0,0,0
1022.049,0,0.0,0,0
1022.099,0,0.0,0,0
1022.149,0,0.0,0,0
1022.199,0,0.0,0,0
1022.250,0,0.0,0,0
1022.300,0,0.0,0,0
1022.350,0,0.0,0,0
1022.400,0,0.0,0,0
1022.450,0,0.0,0,0
1022.500,0,0.0,0,0
1022.550,0,0.0,0,0
1022.600,0,0.0,0,0
1022.650,0,0.0,0,0
1022.700,0,0.0,0,0
1022.751,0,0.0,0,0
1022.801,0,0.0,0,0
1022.851,0,0.0,0,0
1022.901,0,0.0,0,0
1022.951,0,0.0,0,0
1023.001,0,0.0,0,0
1023.051,0,0.0,0,0
1023.101,0,0.0,0,0
1023.151,0,0.0,0,0
1023.201,0,0.0,0,0
1023.251,0,0.0,0,0
1023.301,0,0.0,0,0
1023.352,0,0.0,0,0
1023.402,0,0.0,0,0
1023.452,0,0.0,0,0
1023.502,0,0.0,0,0
1023.552,0,0.0,0,0
1023.602,0,0.0,0,0
1023.652,0,0.0,0,0
1023.702,0,0.0,0,0
1023.752,0,0.0,0,0
1023.803,0,0.0,0,0
1023.853,0,0.0,0,0
1023.903,0,0.0,0,0
1023.953,0,0.0,0,0
1024.003,0,0.0,0,0
1024.053,0,0.0,0,0
1024.103,0,0.0,0,0
1024.153,0,0.0,0,0
1024.203,0,0.0,0,0
1024.253,0,0.0,0,0
1024.304,0,0.0,0,0
1024.354,0,0.0,0,0
1024.404,0,0.0,0,0
1024.454,0,0.0,0,0
1024.504,0,0.0,0,0
1024.554,0,0.0,0,0
1024.604,0,0.0,0,0
1024.654,0,0.0,0,0
1024.704,0,0.0,0,0
1024.754,0,0.0,0,0
1024.804,0,0.0,0,0
1024.854,0,0.0,0,0
1024.904,0,0.0,0,0
1024.954,0,0.0,0,0
1025.005,0,0.0,0,0
1025.055,0,0.0,0,0
1025.105,0,0.0,0,0
1025.155,0,0.0,0,0
1025.205,0,0.0,0,0
1025.255,0,0.0,0,0
1025.305,0,0.0,0,0
1025.355,0,0.0,0,0
1025.406,0,0.0,0,0
1025.456,0,0.0,0,0
1025.506,0,0.0,0,0
1025.556,0,0.0,0,0
1025.606,0,0.0,0,0
1025.656,0,0.0,0,0
1025.706,0,0.0,0,0
1025.757,0,0.0,0,0
1025.807,0,0.0,0,0
1025.857,0,0.0,0,0
1025.907,0,0.0,0,0
1025.957,0,0.0,0,0
1026.007,0,0.0,0,0
1026.057,0,0.0,0,0
1026.107,0,0.0,0,0
1026.157,0,0.0,0,0
1026.207,0,0.0,0,0
1026.258,0,0.0,0,0
1026.308,0,0.0,0,0
1026.358,0,0.0,0,0
1026.408,0,0.0,0,0
1026.458,0,0.0,0,0
1026.508,0,0.0,0,0
1026.558,0,0.0,0,0
1026.608,0,0.0,0,0
1026.658,0,0.0,0,0
1026.708,0,0.0,0,0
1026.758,0,0.0,0,0
1026.809,0,0.0,0,0
1026.859,0,0.0,0,0
1026.909,0,0.0,0,0
1026.959,0,0.0,0,0
1027.009,0,0.0,0,0
1027.059,0,0.0,0,0
1027.109,0,0.0,0,0
1027.159,0,0.0,0,0
1027.209,0,0.0,0,0
1027.259,0,0.0,0,0
1027.309,0,0.0,0,0
1027.360,0,0.0,0,0
1027.410,0,0.0,0,0
1027.460,0,0.0,0,0
1027.510,0,0.0,0,0
1027.560,0,0.0,0,0
1027.610,0,0.0,0,0
1027.660,0,0.0,0,0
1027.710,0,0.0,0,0
1027.760,0,0.0,0,0
1027.810,0,0.0,0,0
1027.861,0,0.0,0,0
1027.911,0,0.0,0,0
1027.961,0,0.0,0,0
1028.011,0,0.0,0,0
1028.061,0,0.0,0,0
1028.111,0,0.0,0,0
1028.161,0,0.0,0,0
1028.211,0,0.0,0,0
1028.261,0,0.0,0,0
1028.311,0,0.0,0,0
1028.361,0,0.0,0,0
1028.411,0,0.0,0,0
1028.461,0,0.0,0,0
1028.511,0,0.0,0,0
1028.561,0,0.0,0,0
1028.612,0,0.0,0,0
1028.662,0,0.0,0,0
1028.712,0,0.0,0,0
1028.762,0,0.0,0,0
1028.812,0,0.0,0,0
1028.862,0,0.0,0,0
1028.912,0,0.0,0,0
1028.962,0,0.0,0,0
1029.012,0,0.0,0,0
1029.062,0,0.0,0,0
1029.112,0,0.0,0,0
1029.163,0,0.0,0,0
1029.213,0,0.0,0,0
1029.263,0,0.0,0,0
1029.313,0,0.0,0,0
1029.363,0,0.0,0,0
1029.413,0,0.0,0,0
1029.463,0,0.0,0,0
1029.514,0,0.0,0,0
1029.564,0,0.0,0,0
1029.614,0,0.0,0,0
1029.664,0,0.0,0,0
1029.714,0,0.0,0,0
1029.764,0,0.0,0,0
1029.814,0,0.0,0,0
1029.864,0,0.0,0,0
1029.914,0,0.0,0,0
1029.965,0,0.0,0,0
1030.015,0,0.0,0,0
1030.065,0,0.0,0,0
1030.115,0,0.0,0,0
1030.165,0,0.0,0,0
1030.215,0,0.0,0,0
1030.265,0,0.0,0,0
1030.315,0,0.0,0,0
1030.365,0,0.0,0,0
1030.416,0,0.0,0,0
1030.466,0,0.0,0,0
1030.516,0,0.0,0,0
1030.566,0,0.0,0,0
1030.616,0,0.0,0,0
1030.666,0,0.0,0,0
1030.716,0,0.0,0,0
1030.766,0,0.0,0,0
1030.816,0,0.0,0,0
1030.867,0,0.0,0,0
1030.917,0,0.0,0,0
1030.967,0,0.0,0,0
1031.017,0,0.0,0,0
1031.067,0,0.0,0,0
1031.117,0,0.0,0,0
1031.167,0,0.0,0,0
1031.217,0,0.0,0,0
1031.267,0,0.0,0,0
1031.317,0,0.0,0,0
1031.367,0,0.0,0,0
1031.417,0,0.0,0,0
1031.468,0,0.0,0,0
1031.518,0,0.0,0,0
1031.568,0,0.0,0,0
1031.618,0,0.0,0,0
1031.668,0,0.0,0,0
1031.718,0,0.0,0,0
1031.768,0,0.0,0,0
1031.818,0,0.0,0,0
1031.868,0,0.0,0,0
1031.918,0,0.0,0,0
1031.968,0,0.0,0,0
1032.018,0,0.0,0,0
1032.068,0,0.0,0,0
1032.118,0,0.0,0,0
1032.168,0,0.0,0,0
1032.218,0,0.0,0,0
1032.269,0,0.0,0,0
1032.319,0,0.0,0,0
1032.369,0,0.0,0,0
1032.419,0,0.0,0,0
1032.469,0,0.0,0,0
1032.519,0,0.0,0,0
1032.569,0,0.0,0,0
1032.619,0,0.0,0,0
1032.669,0,0.0,0,0
1032.720,0,0.0,0,0
1032.770,0,0.0,0,0
1032.820,0,0.0,0,0
1032.870,0,0.0,0,0
1032.920,0,0.0,0,0
1032.970,0,0.0,0,0
1033.020,0,0.0,0,0
1033.070,0,0.0,0,0
1033.120,0,0.0,0,0
1033.171,0,0.0,0,0
1033.221,0,0.0,0,0
1033.271,0,0.0,0,0
1033.321,0,0.0,0,0
1033.371,0,0.0,0,0
1033.421,0,0.0,0,0
1033.471,0,0.0,0,0
1033.521,0,0.0,0,0
1033.571,0,0.0,0,0
1033.621,0,0.0,0,0
1033.671,0,0.0,0,0
1033.721,0,0.0,0,0
1033.772,0,0.0,0,0
1033.822,0,0.0,0,0
1033.872,0,0.0,0,0
1033.922,0,0.0,0,0
1033.972,0,0.0,0,0
1034.022,0,0.0,0,0
1034.072,0,0.0,0,0
1034.122,0,0.0,0,0
1034.172,0,0.0,0,0
1034.222,0,0.0,0,0
1034.272,0,0.0,0,0
1034.322,0,0.0,0,0
1034.372,0,0.0,0,0
1034.423,0,0.0,0,0
1034.473,0,0.0,0,0
1034.523,0,0.0,0,0
1034.573,0,0.0,0,0
1034.623,0,0.0,0,0
1034.673,0,0.0,0,0
1034.723,0,0.0,0,0
1034.773,0,0.0,0,0
1034.823,0,0.0,0,0
1034.874,0,0.0,0,0
1034.924,0,0.0,0,0
1034.974,0,0.0,0,0
1035.024,0,0.0,0,0
1035.074,0,0.0,0,0
1035.124,0,0.0,0,0
1035.174,0,0.0,0,0
1035.224,0,0.0,0,0
1035.275,0,0.0,0,0
1035.325,0,0.0,0,0
1035.375,0,0.0,0,0
1035.425,0,0.0,0,0
1035.475,0,0.0,0,0
1035.525,0,0.0,0,0
1035.575,0,0.0,0,0
1035.625,0,0.0,0,0
1035.675,0,0.0,0,0
1035.725,0,0.0,0,0
1035.775,0,0.0,0,0
1035.826,0,0.0,0,0
1035.876,0,0.0,0,0
1035.926,0,0.0,0,0
1035.976,0,0.0,0,0
1036.026,0,0.0,0,0
1036.076,0,0.0,0,0
1036.126,0,0.0,0,0
1036.177,0,0.0,0,0
1036.227,0,0.0,0,0
1036.277,0,0.0,0,0
1036.327,0,0.0,0,0
1036.377,0,0.0,0,0
1036.427,0,0.0,0,0
1036.477,0,0.0,0,0
1036.527,0,0.0,0,0
1036.577,0,0.0,0,0
1036.627,0,0.0,0,0
1036.677,0,0.0,0,0
1036.727,0,0.0,0,0
1036.778,0,0.0,0,0
1036.828,0,0.0,0,0
1036.878,0,0.0,0,0
1036.928,0,0.0,0,0
1036.978,0,0.0,0,0
1037.028,0,0.0,0,0
1037.078,0,0.0,0,0
1037.128,0,0.0,0,0
1037.178,0,0.0,0,0
1037.228,0,0.0,0,0
1037.278,0,0.0,0,0
1037.328,0,0.0,0,0
1037.378,0,0.0,0,0
1037.428,0,0.0,0,0
1037.479,0,0.0,0,0
1037.529,0,0.0,0,0
1037.579,0,0.0,0,0
1037.629,0,0.0,0,0
1037.679,0,0.0,0,0
1037.729,0,0.0,0,0
1037.779,0,0.0,0,0
1037.829,0,0.0,0,0
1037.879,0,0.0,0,0
1037.929,0,0.0,0,0
1037.980,0,0.0,0,0
1038.030,0,0.0,0,0
1038.080,0,0.0,0,0
1038.130,0,0.0,0,0
1038.180,0,0.0,0,0
1038.230,0,0.0,0,0
1038.280,0,0.0,0,0
1038.330,0,0.0,0,0
1038.380,0,0.0,0,0
1038.430,0,0.0,0,0
1038.480,0,0.0,0,0
1038.530,0,0.0,0,0
1038.581,0,0.0,0,0
1038.631,0,0.0,0,0
1038.681,0,0.0,0,0
1038.731,0,0.0,0,0
1038.781,0,0.0,0,0
1038.831,0,0.0,0,0
1038.881,0,0.0,0,0
1038.931,0,0.0,0,0
1038.981,0,0.0,0,0
1039.031,0,0.0,0,0
1039.082,0,0.0,0,0
1039.132,0,0.0,0,0
1039.182,0,0.0,0,0
1039.232,0,0.0,0,0
1039.282,0,0.0,0,0
1039.332,0,0.0,0,0
1039.382,0,0.0,0,0
1039.432,0,0.0,0,0
1039.482,0,0.0,0,0
1039.532,0,0.0,0,0
1039.583,0,0.0,0,0
1039.633,0,0.0,0,0
1039.683,0,0.0,0,0
1039.733,0,0.0,0,0
1039.783,0,0.0,0,0
1039.833,0,0.0,0,0
1039.883,0,0.0,0,0
1039.933,0,0.0,0,0
1039.983,0,0.0,0,0
1040.033,0,0.0,0,0
1040.083,0,0.0,0,0
1040.133,0,0.0,0,0
1040.183,0,0.0,0,0
1040.233,0,0.0,0,0
1040.284,0,0.0,0,0
1040.334,0,0.0,0,0
1040.384,0,0.0,0,0
1040.434,0,0.0,0,0
1040.484,0,0.0,0,0
1040.534,0,0.0,0,0
1040.584,0,0.0,0,0
1040.635,0,0.0,0,0
1040.685,0,0.0,0,0
1040.735,0,0.0,0,0
1040.785,0,0.0,0,0
1040.835,0,0.0,0,0
1040.885,0,0.0,0,0
1040.935,0,0.0,0,0
1040.985,0,0.0,0,0
1041.035,0,0.0,0,0
1041.085,0,0.0,0,0
1041.136,0,0.0,0,0
1041.186,0,0.0,0,0
1041.236,0,0.0,0,0
1041.286,0,0.0,0,0
1041.336,0,0.0,0,0
1041.386,0,0.0,0,0
1041.436,0,0.0,0,0
1041.486,0,0.0,0,0
1041.536,0,0.0,0,0
1041.587,0,0.0,0,0
1041.637,0,0.0,0,0
1041.687,0,0.0,0,0
1041.737,0,0.0,0,0
1041.787,0,0.0,0,0
1041.837,0,0.0,0,0
1041.887,0,0.0,0,0
1041.937,0,0.0,0,0
1041.987,0,0.0,0,0
1042.037,0,0.0,0,0
1042.087,0,0.0,0,0
1042.138,0,0.0,0,0
1042.188,0,0.0,0,0
1042.238,0,0.0,0,0
1042.288,0,0.0,0,0
1042.338,0,0.0,0,0
1042.388,0,0.0,0,0
1042.438,0,0.0,0,0
1042.488,0,0.0,0,0
1042.538,0,0.0,0,0
1042.588,0,0.0,0,0
1042.639,0,0.0,0,0
1042.689,0,0.0,0,0
1042.739,0,0.0,0,0
1042.789,0,0.0,0,0
1042.839,0,0.0,0,0
1042.889,0,0.0,0,0
1042.939,0,0.0,0,0
1042.989,0,0.0,0,0
1043.039,0,0.0,0,0
1043.090,0,0.0,0,0
1043.140,0,0.0,0,0
1043.190,0,0.0,0,0
1043.240,0,0.0,0,0
1043.290,0,0.0,0,0
1043.340,0,0.0,0,0
1043.390,0,0.0,0,0
1043.440,0,0.0,0,0
1043.490,0,0.0,0,0
1043.541,0,0.0,0,0
1043.591,0,0.0,0,0
1043.641,0,0.0,0,0
1043.691,0,0.0,0,0
1043.741,0,0.0,0,0
1043.791,0,0.0,0,0
1043.841,0,0.0,0,0
1043.891,0,0.0,0,0
1043.941,0,0.0,0,0
1043.991,0,0.0,0,0
1044.041,0,0.0,0,0
1044.091,0,0.0,0,0
1044.142,0,0.0,0,0
1044.192,0,0.0,0,0
1044.242,0,0.0,0,0
1044.292,0,0.0,0,0
1044.342,0,0.0,0,0
1044.392,0,0.0,0,0
1044.442,0,0.0,0,0
1044.492,0,0.0,0,0
1044.542,0,0.0,0,0
1044.592,0,0.0,0,0
1044.643,0,0.0,0,0
1044.693,0,0.0,0,0
1044.743,0,0.0,0,0
1044.793,0,0.0,0,0
1044.843,0,0.0,0,0
1044.893,0,0.0,0,0
1044.943,0,0.0,0,0
1044.993,0,0.0,0,0
1045.043,0,0.0,0,0
1045.093,0,0.0,0,0
1045.143,0,0.0,0,0
1045.193,0,0.0,0,0
1045.243,0,0.0,0,0
1045.294,0,0.0,0,0
1045.344,0,0.0,0,0
1045.394,0,0.0,0,0
1045.444,0,0.0,0,0
1045.494,0,0.0,0,0
1045.544,0,0.0,0,0
1045.594,0,0.0,0,0
1045.644,0,0.0,0,0
1045.694,0,0.0,0,0
1045.744,0,0.0,0,0
1045.795,0,0.0,0,0
1045.845,0,0.0,0,0
1045.895,0,0.0,0,0
1045.945,0,0.0,0,0
1045.995,0,0.0,0,0
1046.045,0,0.0,0,0
1046.095,0,0.0,0,0
1046.145,0,0.0,0,0
1046.196,0,0.0,0,0
1046.246,0,0.0,0,0
1046.296,0,0.0,0,0
1046.346,0,0.0,0,0
1046.396,0,0.0,0,0
1046.446,0,0.0,0,0
1046.496,0,0.0,0,0
1046.546,0,0.0,0,0
1046.597,0,0.0,0,0
1046.647,0,0.0,0,0
1046.697,0,0.0,0,0
1046.747,0,0.0,0,0
1046.797,0,0.0,0,0
1046.847,0,0.0,0,0
1046.897,0,0.0,0,0
1046.947,0,0.0,0,0
1046.997,0,0.0,0,0
1047.048,0,0.0,0,0
1047.098,0,0.0,0,0
1047.148,0,0.0,0,0
1047.198,0,0.0,0,0
1047.248,0,0.0,0,0
1047.298,0,0.0,0,0
1047.348,0,0.0,0,0
1047.398,0,0.0,0,0
1047.448,0,0.0,0,0
1047.499,0,0.0,0,0
1047.549,0,0.0,0,0
1047.599,0,0.0,0,0
1047.649,0,0.0,0,0
1047.699,0,0.0,0,0
1047.749,0,0.0,0,0
1047.799,0,0.0,0,0
1047.849,0,0.0,0,0
1047.899,0,0.0,0,0
1047.949,0,0.0,0,0
1048.000,0,0.0,0,0
1048.050,0,0.0,0,0
1048.100,0,0.0,0,0
1048.150,0,0.0,0,0
1048.200,0,0.0,0,0
1048.250,0,0.0,0,0
1048.300,0,0.0,0,0
1048.350,0,0.0,0,0
1048.401,0,0.0,0,0
1048.451,0,0.0,0,0
1048.501,0,0.0,0,0
1048.551,0,0.0,0,0
1048.601,0,0.0,0,0
1048.651,0,0.0,0,0
1048.701,0,0.0,0,0
1048.751,0,0.0,0,0
1048.801,0,0.0,0,0
1048.851,0,0.0,0,0
1048.902,0,0.0,0,0
1048.952,0,0.0,0,0
1049.002,0,0.0,0,0
1049.052,0,0.0,0,0
1049.102,0,0.0,0,0
1049.152,0,0.0,0,0
1049.202,0,0.0,0,0
1049.253,0,0.0,0,0
1049.303,0,0.0,0,0
1049.353,0,0.0,0,0
1049.403,0,0.0,0,0
1049.453,0,0.0,0,0
1049.503,0,0.0,0,0
1049.553,0,0.0,0,0
1049.603,0,0.0,0,0
1049.653,0,0.0,0,0
1049.703,0,0.0,0,0
1049.754,0,0.0,0,0
1049.804,0,0.0,0,0
1049.854,0,0.0,0,0
1049.904,0,0.0,0,0
1049.954,0,0.0,0,0
1050.004,0,0.0,0,0
1050.054,0,0.0,0,0
1050.104,0,0.0,0,0
1050.154,0,0.0,0,0
1050.205,0,0.0,0,0
1050.255,0,0.0,0,0
1050.305,0,0.0,0,0
1050.355,0,0.0,0,0
1050.405,0,0.0,0,0
1050.455,0,0.0,0,0
1050.505,0,0.0,0,0
1050.555,0,0.0,0,0
1050.605,0,0.0,0,0
1050.656,0,0.0,0,0
1050.706,0,0.0,0,0
1050.756,0,0.0,0,0
1050.806,0,0.0,0,0
1050.856,0,0.0,0,0
1050.906,0,0.0,0,0
1050.956,0,0.0,0,0
1051.006,0,0.0,0,0
1051.056,0,0.0,0,0
1051.106,0,0.0,0,0
1051.156,0,0.0,0,0
1051.207,0,0.0,0,0
1051.257,0,0.0,0,0
1051.307,0,0.0,0,0
1051.357,0,0.0,0,0
1051.407,0,0.0,0,0
1051.457,0,0.0,0,0
1051.507,0,0.0,0,0
1051.557,0,0.0,0,0
1051.607,0,0.0,0,0
1051.657,0,0.0,0,0
1051.708,0,0.0,0,0
1051.758,0,0.0,0,0
1051.808,0,0.0,0,0
1051.858,0,0.0,0,0
1051.908,0,0.0,0,0
1051.958,0,0.0,0,0
1052.008,0,0.0,0,0
1052.058,0,0.0,0,0
1052.108,0,0.0,0,0
1052.158,0,0.0,0,0
1052.208,0,0.0,0,0
1052.259,0,0.0,0,0
1052.309,0,0.0,0,0
1052.359,0,0.0,0,0
1052.409,0,0.0,0,0
1052.459,0,0.0,0,0
1052.509,0,0.0,0,0
1052.559,0,0.0,0,0
1052.609,0,0.0,0,0
1052.659,0,0.0,0,0
1052.709,0,0.0,0,0
1052.759,0,0.0,0,0
1052.810,0,0.0,0,0
1052.860,0,0.0,0,0
1052.910,0,0.0,0,0
1052.960,0,0.0,0,0
1053.010,0,0.0,0,0
1053.060,0,0.0,0,0
1053.110,0,0.0,0,0
1053.160,0,0.0,0,0
1053.210,0,0.0,0,0
1053.260,0,0.0,0,0
1053.311,0,0.0,0,0
1053.361,0,0.0,0,0
1053.411,0,0.0,0,0
1053.461,0,0.0,0,0
1053.511,0,0.0,0,0
1053.561,0,0.0,0,0
1053.611,0,0.0,0,0
1053.661,0,0.0,0,0
1053.711,0,0.0,0,0
1053.762,0,0.0,0,0
1053.812,0,0.0,0,0
1053.862,0,0.0,0,0
1053.912,0,0.0,0,0
1053.962,0,0.0,0,0
1054.012,0,0.0,0,0
1054.062,0,0.0,0,0
1054.112,0,0.0,0,0
1054.162,0,0.0,0,0
1054.212,0,0.0,0,0
1054.262,0,0.0,0,0
1054.313,0,0.0,0,0
1054.363,0,0.0,0,0
1054.413,0,0.0,0,0
1054.463,0,0.0,0,0
1054.513,0,0.0,0,0
1054.563,0,0.0,0,0
1054.613,0,0.0,0,0
1054.664,0,0.0,0,0
1054.714,0,0.0,0,0
1054.764,0,0.0,0,0
1054.814,0,0.0,0,0
1054.864,0,0.0,0,0
1054.914,0,0.0,0,0
1054.964,0,0.0,0,0
1055.014,0,0.0,0,0
1055.064,0,0.0,0,0
1055.114,0,0.0,0,0
1055.164,0,0.0,0,0
1055.215,0,0.0,0,0
1055.265,0,0.0,0,0
1055.315,0,0.0,0,0
1055.365,0,0.0,0,0
1055.415,0,0.0,0,0
1055.465,0,0.0,0,0
1055.515,0,0.0,0,0
1055.565,0,0.0,0,0
1055.615,0,0.0,0,0
1055.665,0,0.0,0,0
1055.715,0,0.0,0,0
1055.765,0,0.0,0,0
1055.815,0,0.0,0,0
1055.866,0,0.0,0,0
1055.916,0,0.0,0,0
1055.966,0,0.0,0,0
1056.016,0,0.0,0,0
1056.066,0,0.0,0,0
1056.116,0,0.0,0,0
1056.166,0,0.0,0,0
1056.216,0,0.0,0,0
1056.266,0,0.0,0,0
1056.317,0,0.0,0,0
1056.367,0,0.0,0,0
1056.417,0,0.0,0,0
1056.467,0,0.0,0,0
1056.517,0,0.0,0,0
1056.567,0,0.0,0,0
1056.617,0,0.0,0,0
1056.667,0,0.0,0,0
1056.717,0,0.0,0,0
1056.768,0,0.0,0,0
1056.818,0,0.0,0,0
1056.868,0,0.0,0,0
1056.918,0,0.0,0,0
1056.968,0,0.0,0,0
1057.018,0,0.0,0,0
1057.068,0,0.0,0,0
1057.118,0,0.0,0,0
1057.169,0,0.0,0,0
1057.219,0,0.0,0,0
1057.269,0,0.0,0,0
1057.319,0,0.0,0,0
1057.369,0,0.0,0,0
1057.419,0,0.0,0,0
1057.469,0,0.0,0,0
1057.519,0,0.0,0,0
1057.569,0,0.0,0,0
1057.620,0,0.0,0,0
1057.670,0,0.0,0,0
1057.720,0,0.0,0,0
1057.770,0,0.0,0,0
1057.820,0,0.0,0,0
1057.870,0,0.0,0,0
1057.920,0,0.0,0,0
1057.970,0,0.0,0,0
1058.020,0,0.0,0,0
1058.070,0,0.0,0,0
1058.120,0,0.0,0,0
1058.170,0,0.0,0,0
1058.221,0,0.0,0,0
1058.271,0,0.0,0,0
1058.321,0,0.0,0,0
1058.371,0,0.0,0,0
1058.421,0,0.0,0,0
1058.471,0,0.0,0,0
1058.521,0,0.0,0,0
1058.571,0,0.0,0,0
1058.621,0,0.0,0,0
1058.672,0,0.0,0,0
1058.722,0,0.0,0,0
1058.772,0,0.0,0,0
1058.822,0,0.0,0,0
1058.872,0,0.0,0,0
1058.922,0,0.0,0,0
1058.972,0,0.0,0,0
1059.022,0,0.0,0,0
1059.073,0,0.0,0,0
1059.123,0,0.0,0,0
1059.173,0,0.0,0,0
1059.223,0,0.0,0,0
1059.273,0,0.0,0,0
1059.323,0,0.0,0,0
1059.373,0,0.0,0,0
1059.423,0,0.0,0,0
1059.473,0,0.0,0,0
1059.523,0,0.0,0,0
1059.573,0,0.0,0,0
1059.624,0,0.0,0,0
1059.674,0,0.0,0,0
1059.724,0,0.0,0,0
1059.774,0,0.0,0,0
1059.824,0,0.0,0,0
1059.874,0,0.0,0,0
1059.924,0,0.0,0,0
1059.974,0,0.0,0,0
1060.024,0,0.0,0,0
1060.074,0,0.0,0,0
1060.124,0,0.0,0,0
1060.174,0,0.0,0,0
1060.225,0,0.0,0,0
1060.275,0,0.0,0,0
1060.325,0,0.0,0,0
1060.375,0,0.0,0,0
1060.425,0,0.0,0,0
1060.475,0,0.0,0,0
1060.525,0,0.0,0,0
1060.575,0,0.0,0,0
1060.625,0,0.0,0,0
1060.675,0,0.0,0,0
1060.726,0,0.0,0,0
1060.776,0,0.0,0,0
1060.826,0,0.0,0,0
1060.876,0,0.0,0,0
1060.926,0,0.0,0,0
1060.976,0,0.0,0,0
1061.026,0,0.0,0,0
1061.076,0,0.0,0,0
1061.126,0,0.0,0,0
1061.176,0,0.0,0,0
1061.226,0,0.0,0,0
1061.276,0,0.0,0,0
1061.327,0,0.0,0,0
1061.377,0,0.0,0,0
1061.427,0,0.0,0,0
1061.477,0,0.0,0,0
1061.527,0,0.0,0,0
1061.577,0,0.0,0,0
1061.627,0,0.0,0,0
1061.677,0,0.0,0,0
1061.728,0,0.0,0,0
1061.778,0,0.0,0,0
1061.828,0,0.0,0,0
1061.878,0,0.0,0,0
1061.928,0,0.0,0,0
1061.978,0,0.0,0,0
1062.028,0,0.0,0,0
1062.078,0,0.0,0,0
1062.128,0,0.0,0,0
1062.178,0,0.0,0,0
1062.229,0,0.0,0,0
1062.279,0,0.0,0,0
1062.329,0,0.0,0,0
1062.379,0,0.0,0,0
1062.429,0,0.0,0,0
1062.479,0,0.0,0,0
1062.529,0,0.0,0,0
1062.579,0,0.0,0,0
1062.629,0,0.0,0,0
1062.679,0,0.0,0,0
1062.730,0,0.0,0,0
1062.780,0,0.0,0,0
1062.830,0,0.0,0,0
1062.880,0,0.0,0,0
1062.930,0,0.0,0,0
1062.980,0,0.0,0,0
1063.030,0,0.0,0,0
1063.081,0,0.0,0,0
1063.131,0,0.0,0,0
1063.181,0,0.0,0,0
1063.231,0,0.0,0,0
1063.281,0,0.0,0,0
1063.331,0,0.0,0,0
1063.381,0,0.0,0,0
1063.432,0,0.0,0,0
1063.482,0,0.0,0,0
1063.532,0,0.0,0,0
1063.582,0,0.0,0,0
1063.632,0,0.0,0,0
1063.682,0,0.0,0,0
1063.732,0,0.0,0,0
1063.782,0,0.0,0,0
1063.833,0,0.0,0,0
1063.883,0,0.0,0,0
1063.933,0,0.0,0,0
1063.983,0,0.0,0,0
1064.033,0,0.0,0,0
1064.083,0,0.0,0,0
1064.133,0,0.0,0,0
1064.183,0,0.0,0,0
1064.233,0,0.0,0,0
1064.283,0,0.0,0,0
1064.334,0,0.0,0,0
1064.384,0,0.0,0,0
1064.434,0,0.0,0,0
1064.484,0,0.0,0,0
1064.534,0,0.0,0,0
1064.584,0,0.0,0,0
1064.634,0,0.0,0,0
1064.684,0,0.0,0,0
1064.734,0,0.0,0,0
1064.784,0,0.0,0,0
1064.834,0,0.0,0,0
1064.885,0,0.0,0,0
1064.935,0,0.0,0,0
1064.985,0,0.0,0,0
1065.035,0,0.0,0,0
1065.085,0,0.0,0,0
1065.135,0,0.0,0,0
1065.185,0,0.0,0,0
1065.235,0,0.0,0,0
1065.286,0,0.0,0,0
1065.336,0,0.0,0,0
1065.386,0,0.0,0,0
1065.436,0,0.0,0,0
1065.486,0,0.0,0,0
1065.536,0,0.0,0,0
1065.586,0,0.0,0,0
1065.637,0,0.0,0,0
1065.687,0,0.0,0,0
1065.737,0,0.0,0,0
1065.787,0,0.0,0,0
1065.837,0,0.0,0,0
1065.887,0,0.0,0,0
1065.937,0,0.0,0,0
1065.987,0,0.0,0,0
1066.037,0,0.0,0,0
1066.087,0,0.0,0,0
1066.137,0,0.0,0,0
1066.188,0,0.0,0,0
1066.238,0,0.0,0,0
1066.288,0,0.0,0,0
1066.338,0,0.0,0,0
1066.388,0,0.0,0,0
1066.438,0,0.0,0,0
1066.488,0,0.0,0,0
1066.538,0,0.0,0,0
1066.588,0,0.0,0,0
1066.638,0,0.0,0,0
1066.688,0,0.0,0,0
1066.738,0,0.0,0,0
1066.788,0,0.0,0,0
1066.839,0,0.0,0,0
1066.889,0,0.0,0,0
1066.939,0,0.0,0,0
1066.989,0,0.0,0,0
1067.039,0,0.0,0,0
1067.089,0,0.0,0,0
1067.139,0,0.0,0,0
1067.189,0,0.0,0,0
1067.239,0,0.0,0,0
1067.289,0,0.0,0,0
1067.339,0,0.0,0,0
1067.389,0,0.0,0,0
1067.440,0,0.0,0,0
1067.490,0,0.0,0,0
1067.540,0,0.0,0,0
1067.590,0,0.0,0,0
1067.640,0,0.0,0,0
1067.690,0,0.0,0,0
1067.740,0,0.0,0,0
1067.790,0,0.0,0,0
1067.840,0,0.0,0,0
1067.890,0,0.0,0,0
1067.940,0,0.0,0,0
1067.990,0,0.0,0,0
1068.040,0,0.0,0,0
1068.091,0,0.0,0,0
1068.141,0,0.0,0,0
1068.191,0,0.0,0,0
1068.241,0,0.0,0,0
1068.291,0,0.0,0,0
1068.341,0,0.0,0,0
1068.391,0,0.0,0,0
1068.441,0,0.0,0,0
1068.491,0,0.0,0,0
1068.542,0,0.0,0,0
1068.592,0,0.0,0,0
1068.642,0,0.0,0,0
1068.692,0,0.0,0,0
1068.742,0,0.0,0,0
1068.792,0,0.0,0,0
1068.842,0,0.0,0,0
1068.892,0,0.0,0,0
1068.942,0,0.0,0,0
1068.993,0,0.0,0,0
1069.043,0,0.0,0,0
1069.093,0,0.0,0,0
1069.143,0,0.0,0,0
1069.193,0,0.0,0,0
1069.243,0,0.0,0,0
1069.293,0,0.0,0,0
1069.344,0,0.0,0,0
1069.394,0,0.0,0,0
1069.444,0,0.0,0,0
1069.494,0,0.0,0,0
1069.544,0,0.0,0,0
1069.594,0,0.0,0,0
1069.644,0,0.0,0,0
1069.694,0,0.0,0,0
1069.744,0,0.0,0,0
1069.794,0,0.0,0,0
1069.844,0,0.0,0,0
1069.894,0,0.0,0,0
1069.944,0,0.0,0,0
1069.994,0,0.0,0,0
1070.044,0,0.0,0,0
1070.095,0,0.0,0,0
1070.145,0,0.0,0,0
1070.195,0,0.0,0,0
1070.245,0,0.0,0,0
1070.295,0,0.0,0,0
1070.345,0,0.0,0,0
1070.395,0,0.0,0,0
1070.445,0,0.0,0,0
1070.495,0,0.0,0,0
1070.545,0,0.0,0,0
1070.595,0,0.0,0,0
1070.645,0,0.0,0,0
1070.695,0,0.0,0,0
1070.746,0,0.0,0,0
1070.796,0,0.0,0,0
1070.846,0,0.0,0,0
1070.896,0,0.0,0,0
1070.946,0,0.0,0,0
1070.996,0,0.0,0,0
1071.046,0,0.0,0,0
1071.096,0,0.0,0,0
1071.146,0,0.0,0,0
1071.196,0,0.0,0,0
1071.246,0,0.0,0,0
1071.296,0,0.0,0,0
1071.346,0,0.0,0,0
1071.396,0,0.0,0,0
1071.447,0,0.0,0,0
1071.497,0,0.0,0,0
1071.547,0,0.0,0,0
1071.597,0,0.0,0,0
1071.647,0,0.0,0,0
1071.697,0,0.0,0,0
1071.747,0,0.0,0,0
1071.797,0,0.0,0,0
1071.848,0,0.0,0,0
1071.898,0,0.0,0,0
1071.948,0,0.0,0,0
1071.998,0,0.0,0,0
1072.048,0,0.0,0,0
1072.098,0,0.0,0,0
1072.148,0,0.0,0,0
1072.198,0,0.0,0,0
1072.248,0,0.0,0,0
1072.298,0,0.0,0,0
1072.348,0,0.0,0,0
1072.398,0,0.0,0,0
1072.448,0,0.0,0,0
1072.499,0,0.0,0,0
1072.549,0,0.0,0,0
1072.599,0,0.0,0,0
1072.649,0,0.0,0,0
1072.699,0,0.0,0,0
1072.749,0,0.0,0,0
1072.799,0,0.0,0,0
1072.849,0,0.0,0,0
1072.900,0,0.0,0,0
1072.950,0,0.0,0,0
1073.000,0,0.0,0,0
1073.050,0,0.0,0,0
1073.100,0,0.0,0,0
1073.150,0,0.0,0,0
1073.200,0,0.0,0,0
1073.250,0,0.0,0,0
1073.300,0,0.0,0,0
1073.350,0,0.0,0,0
1073.400,0,0.0,0,0
1073.451,0,0.0,0,0
1073.501,0,0.0,0,0
1073.551,0,0.0,0,0
1073.601,0,0.0,0,0
1073.651,0,0.0,0,0
1073.701,0,0.0,0,0
1073.751,0,0.0,0,0
1073.801,0,0.0,0,0
1073.851,0,0.0,0,0
1073.901,0,0.0,0,0
1073.951,0,0.0,0,0
1074.001,0,0.0,0,0
1074.052,0,0.0,0,0
1074.102,0,0.0,0,0
1074.152,0,0.0,0,0
1074.202,0,0.0,0,0
1074.252,0,0.0,0,0
1074.302,0,0.0,0,0
1074.352,0,0.0,0,0
1074.402,0,0.0,0,0
1074.452,0,0.0,0,0
1074.502,0,0.0,0,0
1074.552,0,0.0,0,0
1074.602,0,0.0,0,0
1074.653,0,0.0,0,0
1074.703,0,0.0,0,0
1074.753,0,0.0,0,0
1074.803,0,0.0,0,0
1074.853,0,0.0,0,0
1074.903,0,0.0,0,0
1074.953,0,0.0,0,0
1075.003,0,0.0,0,0
1075.053,0,0.0,0,0
1075.103,0,0.0,0,0
1075.154,0,0.0,0,0
1075.204,0,0.0,0,0
1075.254,0,0.0,0,0
1075.304,0,0.0,0,0
1075.354,0,0.0,0,0
1075.404,0,0.0,0,0
1075.454,0,0.0,0,0
1075.504,0,0.0,0,0
1075.554,0,0.0,0,0
1075.604,0,0.0,0,0
1075.654,0,0.0,0,0
1075.704,0,0.0,0,0
1075.754,0,0.0,0,0
1075.805,0,0.0,0,0
1075.855,0,0.0,0,0
1075.905,0,0.0,0,0
1075.955,0,0.0,0,0
1076.005,0,0.0,0,0
1076.055,0,0.0,0,0
1076.105,0,0.0,0,0
1076.155,0,0.0,0,0
1076.205,0,0.0,0,0
1076.256,0,0.0,0,0
1076.306,0,0.0,0,0
1076.356,0,0.0,0,0
1076.406,0,0.0,0,0
1076.456,0,0.0,0,0
1076.506,0,0.0,0,0
1076.556,0,0.0,0,0
1076.606,0,0.0,0,0
1076.656,0,0.0,0,0
1076.706,0,0.0,0,0
1076.756,0,0.0,0,0
1076.806,0,0.0,0,0
1076.857,0,0.0,0,0
1076.907,0,0.0,0,0
1076.957,0,0.0,0,0
1077.007,0,0.0,0,0
1077.057,0,0.0,0,0
1077.107,0,0.0,0,0
1077.157,0,0.0,0,0
1077.207,0,0.0,0,0
1077.258,0,0.0,0,0
1077.308,0,0.0,0,0
1077.358,0,0.0,0,0
1077.408,0,0.0,0,0
1077.458,0,0.0,0,0
1077.508,0,0.0,0,0
1077.558,0,0.0,0,0
1077.608,0,0.0,0,0
1077.658,0,0.0,0,0
1077.708,0,0.0,0,0
1077.758,0,0.0,0,0
1077.808,0,0.0,0,0
1077.858,0,0.0,0,0
1077.909,0,0.0,0,0
1077.959,0,0.0,0,0
1078.009,0,0.0,0,0
1078.059,0,0.0,0,0
1078.109,0,0.0,0,0
1078.159,0,0.0,0,0
1078.209,0,0.0,0,0
1078.259,0,0.0,0,0
1078.309,0,0.0,0,0
1078.360,0,0.0,0,0
1078.410,0,0.0,0,0
1078.460,0,0.0,0,0
1078.510,0,0.0,0,0
1078.560,0,0.0,0,0
1078.610,0,0.0,0,0
1078.660,0,0.0,0,0
1078.710,0,0.0,0,0
1078.760,0,0.0,0,0
1078.810,0,0.0,0,0
1078.861,0,0.0,0,0
1078.911,0,0.0,0,0
1078.961,0,0.0,0,0
1079.011,0,0.0,0,0
1079.061,0,0.0,0,0
1079.111,0,0.0,0,0
1079.161,0,0.0,0,0
1079.211,0,0.0,0,0
1079.261,0,0.0,0,0
1079.311,0,0.0,0,0
1079.361,0,0.0,0,0
1079.412,0,0.0,0,0
1079.462,0,0.0,0,0
1079.512,0,0.0,0,0
1079.562,0,0.0,0,0
1079.612,0,0.0,0,0
1079.662,0,0.0,0,0
1079.712,0,0.0,0,0
1079.762,0,0.0,0,0
1079.812,0,0.0,0,0
1079.862,0,0.0,0,0
1079.912,0,0.0,0,0
1079.962,0,0.0,0,0
1080.012,0,0.0,0,0
1080.062,0,0.0,0,0
1080.112,0,0.0,0,0
1080.163,0,0.0,0,0
1080.213,0,0.0,0,0
1080.263,0,0.0,0,0
1080.313,0,0.0,0,0
1080.363,0,0.0,0,0
1080.413,0,0.0,0,0
1080.463,0,0.0,0,0
1080.513,0,0.0,0,0
1080.563,0,0.0,0,0
1080.614,0,0.0,0,0
1080.664,0,0.0,0,0
1080.714,0,0.0,0,0
1080.764,0,0.0,0,0
1080.814,0,0.0,0,0
1080.864,0,0.0,0,0
1080.914,0,0.0,0,0
1080.964,0,0.0,0,0
1081.014,0,0.0,0,0
1081.064,0,0.0,0,0
1081.114,0,0.0,0,0
1081.164,0,0.0,0,0
1081.215,0,0.0,0,0
1081.265,0,0.0,0,0
1081.315,0,0.0,0,0
1081.365,0,0.0,0,0
1081.415,0,0.0,0,0
1081.465,0,0.0,0,0
1081.516,0,0.0,0,0
1081.566,0,0.0,0,0
1081.616,0,0.0,0,0
1081.666,0,0.0,0,0
1081.716,0,0.0,0,0
1081.766,0,0.0,0,0
1081.816,0,0.0,0,0
1081.866,0,0.0,0,0
1081.916,0,0.0,0,0
1081.967,0,0.0,0,0
1082.017,0,0.0,0,0
1082.067,0,0.0,0,0
1082.117,0,0.0,0,0
1082.167,0,0.0,0,0
1082.217,0,0.0,0,0
1082.267,0,0.0,0,0
1082.317,0,0.0,0,0
1082.367,0,0.0,0,0
1082.417,0,0.0,0,0
1082.467,0,0.0,0,0
1082.517,0,0.0,0,0
1082.567,0,0.0,0,0
1082.618,0,0.0,0,0
1082.668,0,0.0,0,0
1082.718,0,0.0,0,0
1082.768,0,0.0,0,0
1082.818,0,0.0,0,0
1082.868,0,0.0,0,0
1082.918,0,0.0,0,0
1082.968,0,0.0,0,0
1083.019,0,0.0,0,0
1083.069,0,0.0,0,0
1083.119,0,0.0,0,0
1083.169,0,0.0,0,0
1083.219,0,0.0,0,0
1083.269,0,0.0,0,0
1083.319,0,0.0,0,0
1083.369,0,0.0,0,0
1083.419,0,0.0,0,0
1083.469,0,0.0,0,0
1083.519,0,0.0,0,0
1083.569,0,0.0,0,0
1083.619,0,0.0,0,0
1083.670,0,0.0,0,0
1083.720,0,0.0,0,0
1083.770,0,0.0,0,0
1083.820,0,0.0,0,0
1083.870,0,0.0,0,0
1083.920,0,0.0,0,0
1083.970,0,0.0,0,0
1084.020,0,0.0,0,0
1084.070,0,0.0,0,0
1084.120,0,0.0,0,0
1084.170,0,0.0,0,0
1084.220,0,0.0,0,0
1084.271,0,0.0,0,0
1084.321,0,0.0,0,0
1084.371,0,0.0,0,0
1084.421,0,0.0,0,0
1084.471,0,0.0,0,0
1084.521,0,0.0,0,0
1084.571,0,0.0,0,0
1084.621,0,0.0,0,0
1084.671,0,0.0,0,0
1084.721,0,0.0,0,0
1084.771,0,0.0,0,0
1084.822,0,0.0,0,0
1084.872,0,0.0,0,0
1084.922,0,0.0,0,0
1084.972,0,0.0,0,0
1085.022,0,0.0,0,0
1085.072,0,0.0,0,0
1085.122,0,0.0,0,0
1085.172,0,0.0,0,0
1085.222,0,0.0,0,0
1085.272,0,0.0,0,0
1085.322,0,0.0,0,0
1085.372,0,0.0,0,0
1085.422,0,0.0,0,0
1085.472,0,0.0,0,0
1085.523,0,0.0,0,0
1085.573,0,0.0,0,0
1085.623,0,0.0,0,0
1085.673,0,0.0,0,0
1085.723,0,0.0,0,0
1085.773,0,0.0,0,0
1085.823,0,0.0,0,0
1085.873,0,0.0,0,0
1085.924,0,0.0,0,0
1085.974,0,0.0,0,0
1086.024,0,0.0,0,0
1086.074,0,0.0,0,0
1086.124,0,0.0,0,0
1086.174,0,0.0,0,0
1086.224,0,0.0,0,0
1086.274,0,0.0,0,0
1086.324,0,0.0,0,0
1086.374,0,0.0,0,0
1086.424,0,0.0,0,0
1086.474,0,0.0,0,0
1086.525,0,0.0,0,0
1086.575,0,0.0,0,0
1086.625,0,0.0,0,0
1086.675,0,0.0,0,0
1086.725,0,0.0,0,0
1086.775,0,0.0,0,0
1086.825,0,0.0,0,0
1086.875,0,0.0,0,0
1086.925,0,0.0,0,0
1086.975,0,0.0,0,0
1087.025,0,0.0,0,0
1087.076,0,0.0,0,0
1087.126,0,0.0,0,0
1087.176,0,0.0,0,0
1087.226,0,0.0,0,0
1087.276,0,0.0,0,0
1087.326,0,0.0,0,0
1087.376,0,0.0,0,0
1087.426,0,0.0,0,0
1087.476,0,0.0,0,0
1087.526,0,0.0,0,0
1087.577,0,0.0,0,0
1087.627,0,0.0,0,0
1087.677,0,0.0,0,0
1087.727,0,0.0,0,0
1087.777,0,0.0,0,0
1087.827,0,0.0,0,0
1087.877,0,0.0,0,0
1087.927,0,0.0,0,0
1087.977,0,0.0,0,0
1088.028,0,0.0,0,0
1088.078,0,0.0,0,0
1088.128,0,0.0,0,0
1088.178,0,0.0,0,0
1088.228,0,0.0,0,0
1088.278,0,0.0,0,0
1088.328,0,0.0,0,0
1088.378,0,0.0,0,0
1088.428,0,0.0,0,0
1088.478,0,0.0,0,0
1088.528,0,0.0,0,0
1088.579,0,0.0,0,0
1088.629,0,0.0,0,0
1088.679,0,0.0,0,0
1088.729,0,0.0,0,0
1088.779,0,0.0,0,0
1088.829,0,0.0,0,0
1088.879,0,0.0,0,0
1088.929,0,0.0,0,0
1088.979,0,0.0,0,0
1089.029,0,0.0,0,0
1089.079,0,0.0,0,0
1089.129,0,0.0,0,0
1089.180,0,0.0,0,0
1089.230,0,0.0,0,0
1089.280,0,0.0,0,0
1089.330,0,0.0,0,0
1089.380,0,0.0,0,0
1089.430,0,0.0,0,0
1089.480,0,0.0,0,0
1089.530,0,0.0,0,0
1089.580,0,0.0,0,0
1089.630,0,0.0,0,0
1089.680,0,0.0,0,0
1089.730,0,0.0,0,0
1089.780,0,0.0,0,0
1089.830,0,0.0,0,0
1089.881,0,0.0,0,0
1089.931,0,0.0,0,0
1089.981,0,0.0,0,0
1090.031,0,0.0,0,0
1090.081,0,0.0,0,0
1090.131,0,0.0,0,0
1090.181,0,0.0,0,0
1090.231,0,0.0,0,0
1090.282,0,0.0,0,0
1090.332,0,0.0,0,0
1090.382,0,0.0,0,0
1090.432,0,0.0,0,0
1090.482,0,0.0,0,0
1090.532,0,0.0,0,0
1090.582,0,0.0,0,0
1090.632,0,0.0,0,0
1090.682,0,0.0,0,0
1090.732,0,0.0,0,0
1090.782,0,0.0,0,0
1090.832,0,0.0,0,0
1090.882,0,0.0,0,0
1090.932,0,0.0,0,0
1090.983,0,0.0,0,0
1091.033,0,0.0,0,0
1091.083,0,0.0,0,0
1091.133,0,0.0,0,0
1091.183,0,0.0,0,0
1091.233,0,0.0,0,0
1091.283,0,0.0,0,0
1091.333,0,0.0,0,0
1091.383,0,0.0,0,0
1091.434,0,0.0,0,0
1091.484,0,0.0,0,0
1091.534,0,0.0,0,0
1091.584,0,0.0,0,0
1091.634,0,0.0,0,0
1091.684,0,0.0,0,0
1091.734,0,0.0,0,0
1091.784,0,0.0,0,0
1091.834,0,0.0,0,0
1091.884,0,0.0,0,0
1091.934,0,0.0,0,0
1091.984,0,0.0,0,0
1092.035,0,0.0,0,0
1092.085,0,0.0,0,0
1092.135,0,0.0,0,0
1092.185,0,0.0,0,0
1092.235,0,0.0,0,0
1092.285,0,0.0,0,0
1092.335,0,0.0,0,0
1092.385,0,0.0,0,0
1092.435,0,0.0,0,0
1092.486,0,0.0,0,0
1092.536,0,0.0,0,0
1092.586,0,0.0,0,0
1092.636,0,0.0,0,0
1092.686,0,0.0,0,0
1092.736,0,0.0,0,0
1092.786,0,0.0,0,0
1092.836,0,0.0,0,0
1092.886,0,0.0,0,0
1092.937,0,0.0,0,0
1092.987,0,0.0,0,0
1093.037,0,0.0,0,0
1093.087,0,0.0,0,0
1093.137,0,0.0,0,0
1093.187,0,0.0,0,0
1093.238,0,0.0,0,0
1093.288,0,0.0,0,0
1093.338,0,0.0,0,0
1093.388,0,0.0,0,0
1093.438,0,0.0,0,0
1093.488,0,0.0,0,0
1093.538,0,0.0,0,0
1093.588,0,0.0,0,0
1093.638,0,0.0,0,0
1093.688,0,0.0,0,0
1093.739,0,0.0,0,0
1093.789,0,0.0,0,0
1093.839,0,0.0,0,0
1093.889,0,0.0,0,0
1093.939,0,0.0,0,0
1093.989,0,0.0,0,0
1094.039,0,0.0,0,0
1094.089,0,0.0,0,0
1094.139,0,0.0,0,0
1094.189,0,0.0,0,0
1094.239,0,0.0,0,0
1094.289,0,0.0,0,0
1094.340,0,0.0,0,0
1094.390,0,0.0,0,0
1094.440,0,0.0,0,0
1094.490,0,0.0,0,0
1094.540,0,0.0,0,0
1094.590,0,0.0,0,0
1094.640,0,0.0,0,0
1094.690,0,0.0,0,0
1094.740,0,0.0,0,0
1094.790,0,0.0,0,0
1094.841,0,0.0,0,0
1094.891,0,0.0,0,0
1094.941,0,0.0,0,0
1094.991,0,0.0,0,0
1095.041,0,0.0,0,0
1095.091,0,0.0,0,0
1095.141,0,0.0,0,0
1095.191,0,0.0,0,0
1095.241,0,0.0,0,0
1095.291,0,0.0,0,0
1095.341,0,0.0,0,0
1095.391,0,0.0,0,0
1095.441,0,0.0,0,0
1095.492,0,0.0,0,0
1095.542,0,0.0,0,0
1095.592,0,0.0,0,0
1095.642,0,0.0,0,0
1095.692,0,0.0,0,0
1095.742,0,0.0,0,0
1095.792,0,0.0,0,0
1095.843,0,0.0,0,0
1095.893,0,0.0,0,0
1095.943,0,0.0,0,0
1095.993,0,0.0,0,0
1096.043,0,0.0,0,0
1096.093,0,0.0,0,0
1096.143,0,0.0,0,0
1096.193,0,0.0,0,0
1096.243,0,0.0,0,0
1096.293,0,0.0,0,0
1096.343,0,0.0,0,0
1096.393,0,0.0,0,0
1096.443,0,0.0,0,0
1096.493,0,0.0,0,0
1096.543,0,0.0,0,0
1096.594,0,0.0,0,0
1096.644,0,0.0,0,0
1096.694,0,0.0,0,0
1096.744,0,0.0,0,0
1096.794,0,0.0,0,0
1096.844,0,0.0,0,0
1096.894,0,0.0,0,0
1096.944,0,0.0,0,0
1096.995,0,0.0,0,0
1097.045,0,0.0,0,0
1097.095,0,0.0,0,0
1097.145,0,0.0,0,0
1097.195,0,0.0,0,0
1097.245,0,0.0,0,0
1097.295,0,0.0,0,0
1097.345,0,0.0,0,0
1097.395,0,0.0,0,0
1097.445,0,0.0,0,0
1097.496,0,0.0,0,0
1097.546,0,0.0,0,0
1097.596,0,0.0,0,0
1097.646,0,0.0,0,0
1097.696,0,0.0,0,0
1097.746,0,0.0,0,0
1097.796,0,0.0,0,0
1097.846,0,0.0,0,0
1097.896,0,0.0,0,0
1097.946,0,0.0,0,0
1097.996,0,0.0,0,0
1098.047,0,0.0,0,0
1098.097,0,0.0,0,0
1098.147,0,0.0,0,0
1098.197,0,0.0,0,0
1098.247,0,0.0,0,0
1098.297,0,0.0,0,0
1098.347,0,0.0,0,0
1098.397,0,0.0,0,0
1098.447,0,0.0,0,0
1098.497,0,0.0,0,0
1098.547,0,0.0,0,0
1098.597,0,0.0,0,0
1098.648,0,0.0,0,0
1098.698,0,0.0,0,0
1098.748,0,0.0,0,0
1098.798,0,0.0,0,0
1098.848,0,0.0,0,0
1098.898,0,0.0,0,0
1098.948,0,0.0,0,0
1098.998,0,0.0,0,0
1099.048,0,0.0,0,0
1099.098,0,0.0,0,0
1099.148,0,0.0,0,0
1099.198,0,0.0,0,0
1099.249,0,0.0,0,0
1099.299,0,0.0,0,0
1099.349,0,0.0,0,0
1099.399,0,0.0,0,0
1099.449,0,0.0,0,0
1099.499,0,0.0,0,0
1099.549,0,0.0,0,0
1099.599,0,0.0,0,0
1099.649,0,0.0,0,0
1099.699,0,0.0,0,0
1099.749,0,0.0,0,0
1099.799,0,0.0,0,0
1099.849,0,0.0,0,0
1099.900,0,0.0,0,0
1099.950,0,0.0,0,0
1100.000,0,0.0,0,0
1100.050,0,0.0,0,0
1100.100,0,0.0,0,0
1100.150,0,0.0,0,0
1100.200,0,0.0,0,0
1100.250,0,0.0,0,0
1100.300,0,0.0,0,0
1100.350,0,0.0,0,0
1100.401,0,0.0,0,0
1100.451,0,0.0,0,0
1100.501,0,0.0,0,0
1100.551,0,0.0,0,0
1100.601,0,0.0,0,0
1100.651,0,0.0,0,0
1100.701,0,0.0,0,0
1100.751,0,0.0,0,0
1100.801,0,0.0,0,0
1100.851,0,0.0,0,0
1100.902,0,0.0,0,0
1100.952,0,0.0,0,0
1101.002,0,0.0,0,0
1101.052,0,0.0,0,0
1101.102,0,0.0,0,0
1101.152,0,0.0,0,0
1101.202,0,0.0,0,0
1101.252,0,0.0,0,0
1101.302,0,0.0,0,0
1101.352,0,0.0,0,0
1101.402,0,0.0,0,0
1101.452,0,0.0,0,0
1101.503,0,0.0,0,0
1101.553,0,0.0,0,0
1101.603,0,0.0,0,0
1101.653,0,0.0,0,0
1101.703,0,0.0,0,0
1101.753,0,0.0,0,0
1101.803,0,0.0,0,0
1101.853,0,0.0,0,0
1101.903,0,0.0,0,0
1101.953,0,0.0,0,0
1102.003,0,0.0,0,0
1102.054,0,0.0,0,0
1102.104,0,0.0,0,0
1102.154,0,0.0,0,0
1102.204,0,0.0,0,0
1102.254,0,0.0,0,0
1102.304,0,0.0,0,0
1102.354,0,0.0,0,0
1102.404,0,0.0,0,0
1102.454,0,0.0,0,0
1102.505,0,0.0,0,0
1102.555,0,0.0,0,0
1102.605,0,0.0,0,0
1102.655,0,0.0,0,0
1102.705,0,0.0,0,0
1102.755,0,0.0,0,0
1102.805,0,0.0,0,0
1102.855,0,0.0,0,0
1102.905,0,0.0,0,0
1102.956,0,0.0,0,0
1103.006,0,0.0,0,0
1103.056,0,0.0,0,0
1103.106,0,0.0,0,0
1103.156,0,0.0,0,0
1103.206,0,0.0,0,0
1103.256,0,0.0,0,0
1103.306,0,0.0,0,0
1103.356,0,0.0,0,0
1103.406,0,0.0,0,0
1103.457,0,0.0,0,0
1103.507,0,0.0,0,0
1103.557,0,0.0,0,0
1103.607,0,0.0,0,0
1103.657,0,0.0,0,0
1103.707,0,0.0,0,0
1103.757,0,0.0,0,0
1103.807,0,0.0,0,0
1103.857,0,0.0,0,0
1103.907,0,0.0,0,0
1103.957,0,0.0,0,0
1104.007,0,0.0,0,0
1104.057,0,0.0,0,0
1104.107,0,0.0,0,0
1104.158,0,0.0,0,0
1104.208,0,0.0,0,0
1104.258,0,0.0,0,0
1104.308,0,0.0,0,0
1104.358,0,0.0,0,0
1104.408,0,0.0,0,0
1104.458,0,0.0,0,0
1104.508,0,0.0,0,0
1104.558,0,0.0,0,0
1104.608,0,0.0,0,0
1104.659,0,0.0,0,0
1104.709,0,0.0,0,0
1104.759,0,0.0,0,0
1104.809,0,0.0,0,0
1104.859,0,0.0,0,0
1104.909,0,0.0,0,0
1104.959,0,0.0,0,0
1105.009,0,0.0,0,0
1105.059,0,0.0,0,0
1105.109,0,0.0,0,0
1105.159,0,0.0,0,0
1105.209,0,0.0,0,0
1105.260,0,0.0,0,0
1105.310,0,0.0,0,0
1105.360,0,0.0,0,0
1105.410,0,0.0,0,0
1105.460,0,0.0,0,0
1105.510,0,0.0,0,0
1105.560,0,0.0,0,0
1105.610,0,0.0,0,0
1105.660,0,0.0,0,0
1105.710,0,0.0,0,0
1105.760,0,0.0,0,0
1105.810,0,0.0,0,0
1105.860,0,0.0,0,0
1105.911,0,0.0,0,0
1105.961,0,0.0,0,0
1106.011,0,0.0,0,0
1106.061,0,0.0,0,0
1106.111,0,0.0,0,0
1106.161,0,0.0,0,0
1106.211,0,0.0,0,0
1106.261,0,0.0,0,0
1106.311,0,0.0,0,0
1106.361,0,0.0,0,0
1106.411,0,0.0,0,0
1106.461,0,0.0,0,0
1106.512,0,0.0,0,0
1106.562,0,0.0,0,0
1106.612,0,0.0,0,0
1106.662,0,0.0,0,0
1106.712,0,0.0,0,0
1106.762,0,0.0,0,0
1106.812,0,0.0,0,0
1106.862,0,0.0,0,0
1106.912,0,0.0,0,0
1106.962,0,0.0,0,0
1107.012,0,0.0,0,0
1107.062,0,0.0,0,0
1107.112,0,0.0,0,0
1107.162,0,0.0,0,0
1107.213,0,0.0,0,0
1107.263,0,0.0,0,0
1107.313,0,0.0,0,0
1107.363,0,0.0,0,0
1107.413,0,0.0,0,0
1107.463,0,0.0,0,0
1107.513,0,0.0,0,0
1107.563,0,0.0,0,0
1107.613,0,0.0,0,0
1107.664,0,0.0,0,0
1107.714,0,0.0,0,0
1107.764,0,0.0,0,0
1107.814,0,0.0,0,0
1107.864,0,0.0,0,0
1107.914,0,0.0,0,0
1107.964,0,0.0,0,0
1108.014,0,0.0,0,0
1108.064,0,0.0,0,0
1108.114,0,0.0,0,0
1108.164,0,0.0,0,0
1108.215,0,0.0,0,0
1108.265,0,0.0,0,0
1108.315,0,0.0,0,0
1108.365,0,0.0,0,0
1108.415,0,0.0,0,0
1108.465,0,0.0,0,0
1108.515,0,0.0,0,0
1108.565,0,0.0,0,0
1108.615,0,0.0,0,0
1108.666,0,0.0,0,0
1108.716,0,0.0,0,0
1108.766,0,0.0,0,0
1108.816,0,0.0,0,0
1108.866,0,0.0,0,0
1108.916,0,0.0,0,0
1108.966,0,0.0,0,0
1109.016,0,0.0,0,0
1109.066,0,0.0,0,0
1109.116,0,0.0,0,0
1109.166,0,0.0,0,0
1109.216,0,0.0,0,0
1109.267,0,0.0,0,0
1109.317,0,0.0,0,0
1109.367,0,0.0,0,0
1109.417,0,0.0,0,0
1109.467,0,0.0,0,0
1109.517,0,0.0,0,0
1109.567,0,0.0,0,0
1109.618,0,0.0,0,0
1109.668,0,0.0,0,0
1109.718,0,0.0,0,0
1109.768,0,0.0,0,0
1109.818,0,0.0,0,0
1109.868,0,0.0,0,0
1109.918,0,0.0,0,0
1109.968,0,0.0,0,0
1110.018,0,0.0,0,0
1110.068,0,0.0,0,0
1110.119,0,0.0,0,0
1110.169,0,0.0,0,0
1110.219,0,0.0,0,0
1110.269,0,0.0,0,0
1110.319,0,0.0,0,0
1110.369,0,0.0,0,0
1110.419,0,0.0,0,0
1110.469,0,0.0,0,0
1110.519,0,0.0,0,0
1110.569,0,0.0,0,0
1110.619,0,0.0,0,0
1110.670,0,0.0,0,0
1110.720,0,0.0,0,0
1110.770,0,0.0,0,0
1110.820,0,0.0,0,0
1110.870,0,0.0,0,0
1110.920,0,0.0,0,0
1110.970,0,0.0,0,0
1111.020,0,0.0,0,0
1111.070,0,0.0,0,0
1111.121,0,0.0,0,0
1111.171,0,0.0,0,0
1111.221,0,0.0,0,0
1111.271,0,0.0,0,0
1111.321,0,0.0,0,0
1111.371,0,0.0,0,0
1111.421,0,0.0,0,0
1111.471,0,0.0,0,0
1111.521,0,0.0,0,0
1111.571,0,0.0,0,0
1111.621,0,0.0,0,0
1111.671,0,0.0,0,0
1111.721,0,0.0,0,0
1111.772,0,0.0,0,0
1111.822,0,0.0,0,0
1111.872,0,0.0,0,0
1111.922,0,0.0,0,0
1111.972,0,0.0,0,0
1112.022,0,0.0,0,0
1112.072,0,0.0,0,0
1112.122,0,0.0,0,0
1112.172,0,0.0,0,0
1112.222,0,0.0,0,0
1112.272,0,0.0,0,0
1112.323,0,0.0,0,0
1112.373,0,0.0,0,0
1112.423,0,0.0,0,0
1112.473,0,0.0,0,0
1112.523,0,0.0,0,0
1112.573,0,0.0,0,0
1112.623,0,0.0,0,0
1112.673,0,0.0,0,0
1112.723,0,0.0,0,0
1112.773,0,0.0,0,0
1112.823,0,0.0,0,0
1112.873,0,0.0,0,0
1112.924,0,0.0,0,0
1112.974,0,0.0,0,0
1113.024,0,0.0,0,0
1113.074,0,0.0,0,0
1113.124,0,0.0,0,0
1113.174,0,0.0,0,0
1113.224,0,0.0,0,0
1113.274,0,0.0,0,0
1113.324,0,0.0,0,0
1113.375,0,0.0,0,0
1113.425,0,0.0,0,0
1113.475,0,0.0,0,0
1113.525,0,0.0,0,0
1113.575,0,0.0,0,0
1113.625,0,0.0,0,0
1113.675,0,0.0,0,0
1113.725,0,0.0,0,0
1113.775,0,0.0,0,0
1113.825,0,0.0,0,0
1113.875,0,0.0,0,0
1113.926,0,0.0,0,0
1113.976,0,0.0,0,0
1114.026,0,0.0,0,0
1114.076,0,0.0,0,0
1114.126,0,0.0,0,0
1114.176,0,0.0,0,0
1114.226,0,0.0,0,0
1114.276,0,0.0,0,0
1114.326,0,0.0,0,0
1114.376,0,0.0,0,0
1114.427,0,0.0,0,0
1114.477,0,0.0,0,0
1114.527,0,0.0,0,0
1114.577,0,0.0,0,0
1114.627,0,0.0,0,0
1114.677,0,0.0,0,0
1114.727,0,0.0,0,0
1114.777,0,0.0,0,0
1114.827,0,0.0,0,0
1114.877,0,0.0,0,0
1114.927,0,0.0,0,0
1114.978,0,0.0,0,0
1115.028,0,0.0,0,0
1115.078,0,0.0,0,0
1115.128,0,0.0,0,0
1115.178,0,0.0,0,0
1115.228,0,0.0,0,0
1115.278,0,0.0,0,0
1115.329,0,0.0,0,0
1115.379,0,0.0,0,0
1115.429,0,0.0,0,0
1115.479,0,0.0,0,0
1115.529,0,0.0,0,0
1115.579,0,0.0,0,0
1115.629,0,0.0,0,0
1115.679,0,0.0,0,0
1115.730,0,0.0,0,0
1115.780,0,0.0,0,0
1115.830,0,0.0,0,0
1115.880,0,0.0,0,0
1115.930,0,0.0,0,0
1115.980,0,0.0,0,0
1116.030,0,0.0,0,0
1116.080,0,0.0,0,0
1116.130,0,0.0,0,0
1116.181,0,0.0,0,0
1116.231,0,0.0,0,0
1116.281,0,0.0,0,0
1116.331,0,0.0,0,0
1116.381,0,0.0,0,0
1116.431,0,0.0,0,0
1116.481,0,0.0,0,0
1116.531,0,0.0,0,0
1116.581,0,0.0,0,0
1116.631,0,0.0,0,0
1116.681,0,0.0,0,0
1116.731,0,0.0,0,0
1116.781,0,0.0,0,0
1116.831,0,0.0,0,0
1116.882,0,0.0,0,0
1116.932,0,0.0,0,0
1116.982,0,0.0,0,0
1117.032,0,0.0,0,0
1117.082,0,0.0,0,0
1117.132,0,0.0,0,0
1117.182,0,0.0,0,0
1117.232,0,0.0,0,0
1117.282,0,0.0,0,0
1117.333,0,0.0,0,0
1117.383,0,0.0,0,0
1117.433,0,0.0,0,0
1117.483,0,0.0,0,0
1117.533,0,0.0,0,0
1117.583,0,0.0,0,0
1117.633,0,0.0,0,0
1117.683,0,0.0,0,0
1117.733,0,0.0,0,0
1117.783,0,0.0,0,0
1117.833,0,0.0,0,0
1117.884,0,0.0,0,0
1117.934,0,0.0,0,0
1117.984,0,0.0,0,0
1118.034,0,0.0,0,0
1118.084,0,0.0,0,0
1118.134,0,0.0,0,0
1118.184,0,0.0,0,0
1118.234,0,0.0,0,0
1118.284,0,0.0,0,0
1118.334,0,0.0,0,0
1118.384,0,0.0,0,0
1118.434,0,0.0,0,0
1118.485,0,0.0,0,0
1118.535,0,0.0,0,0
1118.585,0,0.0,0,0
1118.635,0,0.0,0,0
1118.685,0,0.0,0,0
1118.735,0,0.0,0,0
1118.785,0,0.0,0,0
1118.835,0,0.0,0,0
1118.886,0,0.0,0,0
1118.936,0,0.0,0,0
1118.986,0,0.0,0,0
1119.036,0,0.0,0,0
1119.086,0,0.0,0,0
1119.136,0,0.0,0,0
1119.186,0,0.0,0,0
1119.236,0,0.0,0,0
1119.286,0,0.0,0,0
1119.336,0,0.0,0,0
1119.386,0,0.0,0,0
1119.436,0,0.0,0,0
1119.487,0,0.0,0,0
1119.537,0,0.0,0,0
1119.587,0,0.0,0,0
1119.637,0,0.0,0,0
1119.687,0,0.0,0,0
1119.737,0,0.0,0,0
1119.787,0,0.0,0,0
1119.837,0,0.0,0,0
1119.887,0,0.0,0,0
1119.937,0,0.0,0,0
1119.988,0,0.0,0,0
1120.038,0,0.0,0,0
1120.088,0,0.0,0,0
1120.138,0,0.0,0,0
1120.188,0,0.0,0,0
1120.238,0,0.0,0,0
1120.288,0,0.0,0,0
1120.338,0,0.0,0,0
1120.388,0,0.0,0,0
1120.438,0,0.0,0,0
1120.488,0,0.0,0,0
1120.538,0,0.0,0,0
1120.588,0,0.0,0,0
1120.639,0,0.0,0,0
1120.689,0,0.0,0,0
1120.739,0,0.0,0,0
1120.789,0,0.0,0,0
1120.839,0,0.0,0,0
1120.889,0,0.0,0,0
1120.939,0,0.0,0,0
1120.989,0,0.0,0,0
1121.039,0,0.0,0,0
1121.089,0,0.0,0,0
1121.140,0,0.0,0,0
1121.190,0,0.0,0,0
1121.240,0,0.0,0,0
1121.290,0,0.0,0,0
1121.340,0,0.0,0,0
1121.390,0,0.0,0,0
1121.440,0,0.0,0,0
1121.490,0,0.0,0,0
1121.540,0,0.0,0,0
1121.590,0,0.0,0,0
1121.641,0,0.0,0,0
1121.691,0,0.0,0,0
1121.741,0,0.0,0,0
1121.791,0,0.0,0,0
1121.841,0,0.0,0,0
1121.891,0,0.0,0,0
1121.941,0,0.0,0,0
1121.991,0,0.0,0,0
1122.042,0,0.0,0,0
1122.092,0,0.0,0,0
1122.142,0,0.0,0,0
1122.192,0,0.0,0,0
1122.242,0,0.0,0,0
1122.292,0,0.0,0,0
1122.342,0,0.0,0,0
1122.392,0,0.0,0,0
1122.442,0,0.0,0,0
1122.492,0,0.0,0,0
1122.542,0,0.0,0,0
1122.592,0,0.0,0,0
1122.642,0,0.0,0,0
1122.693,0,0.0,0,0
1122.743,0,0.0,0,0
1122.793,0,0.0,0,0
1122.843,0,0.0,0,0
1122.893,0,0.0,0,0
1122.943,0,0.0,0,0
1122.993,0,0.0,0,0
1123.043,0,0.0,0,0
1123.093,0,0.0,0,0
1123.143,0,0.0,0,0
1123.193,0,0.0,0,0
1123.243,0,0.0,0,0
1123.294,0,0.0,0,0
1123.344,0,0.0,0,0
1123.394,0,0.0,0,0
1123.444,0,0.0,0,0
1123.494,0,0.0,0,0
1123.544,0,0.0,0,0
1123.594,0,0.0,0,0
1123.644,0,0.0,0,0
1123.694,0,0.0,0,0
1123.744,0,0.0,0,0
1123.795,0,0.0,0,0
1123.845,0,0.0,0,0
1123.895,0,0.0,0,0
1123.945,0,0.0,0,0
1123.995,0,0.0,0,0
1124.045,0,0.0,0,0
1124.095,0,0.0,0,0
1124.145,0,0.0,0,0
1124.195,0,0.0,0,0
1124.245,0,0.0,0,0
1124.296,0,0.0,0,0
1124.346,0,0.0,0,0
1124.396,0,0.0,0,0
1124.446,0,0.0,0,0
1124.496,0,0.0,0,0
1124.546,0,0.0,0,0
1124.596,0,0.0,0,0
1124.646,0,0.0,0,0
1124.696,0,0.0,0,0
1124.747,0,0.0,0,0
1124.797,0,0.0,0,0
1124.847,0,0.0,0,0
1124.897,0,0.0,0,0
1124.947,0,0.0,0,0
1124.997,0,0.0,0,0
1125.047,0,0.0,0,0
1125.097,0,0.0,0,0
1125.147,0,0.0,0,0
1125.198,0,0.0,0,0
1125.248,0,0.0,0,0
1125.298,0,0.0,0,0
1125.348,0,0.0,0,0
1125.398,0,0.0,0,0
1125.448,0,0.0,0,0
1125.498,0,0.0,0,0
1125.548,0,0.0,0,0
1125.598,0,0.0,0,0
1125.648,0,0.0,0,0
1125.699,0,0.0,0,0
1125.749,0,0.0,0,0
1125.799,0,0.0,0,0
1125.849,0,0.0,0,0
1125.899,0,0.0,0,0
1125.949,0,0.0,0,0
1125.999,0,0.0,0,0
1126.049,0,0.0,0,0
1126.099,0,0.0,0,0
1126.150,0,0.0,0,0
1126.200,0,0.0,0,0
1126.250,0,0.0,0,0
1126.300,0,0.0,0,0
1126.350,0,0.0,0,0
1126.400,0,0.0,0,0
1126.450,0,0.0,0,0
1126.500,0,0.0,0,0
1126.550,0,0.0,0,0
1126.601,0,0.0,0,0
1126.651,0,0.0,0,0
1126.701,0,0.0,0,0
1126.751,0,0.0,0,0
1126.801,0,0.0,0,0
1126.851,0,0.0,0,0
1126.901,0,0.0,0,0
1126.951,0,0.0,0,0
1127.001,0,0.0,0,0
1127.052,0,0.0,0,0
1127.102,0,0.0,0,0
1127.152,0,0.0,0,0
1127.202,0,0.0,0,0
1127.252,0,0.0,0,0
1127.302,0,0.0,0,0
1127.352,0,0.0,0,0
1127.403,0,0.0,0,0
1127.453,0,0.0,0,0
1127.503,0,0.0,0,0
1127.553,0,0.0,0,0
1127.603,0,0.0,0,0
1127.653,0,0.0,0,0
1127.703,0,0.0,0,0
1127.753,0,0.0,0,0
1127.803,0,0.0,0,0
1127.853,0,0.0,0,0
1127.904,0,0.0,0,0
1127.954,0,0.0,0,0
1128.004,0,0.0,0,0
1128.054,0,0.0,0,0
1128.104,0,0.0,0,0
1128.154,0,0.0,0,0
1128.204,0,0.0,0,0
1128.254,0,0.0,0,0
1128.304,0,0.0,0,0
1128.354,0,0.0,0,0
1128.404,0,0.0,0,0
1128.455,0,0.0,0,0
1128.505,0,0.0,0,0
1128.555,0,0.0,0,0
1128.605,0,0.0,0,0
1128.655,0,0.0,0,0
1128.705,0,0.0,0,0
1128.755,0,0.0,0,0
1128.806,0,0.0,0,0
1128.856,0,0.0,0,0
1128.906,0,0.0,0,0
1128.956,0,0.0,0,0
1129.006,0,0.0,0,0
1129.056,0,0.0,0,0
1129.106,0,0.0,0,0
1129.156,0,0.0,0,0
1129.206,0,0.0,0,0
1129.257,0,0.0,0,0
1129.307,0,0.0,0,0
1129.357,0,0.0,0,0
1129.407,0,0.0,0,0
1129.457,0,0.0,0,0
1129.507,0,0.0,0,0
1129.557,0,0.0,0,0
1129.607,0,0.0,0,0
1129.657,0,0.0,0,0
1129.707,0,0.0,0,0
1129.758,0,0.0,0,0
1129.808,0,0.0,0,0
1129.858,0,0.0,0,0
1129.908,0,0.0,0,0
1129.958,0,0.0,0,0
1130.008,0,0.0,0,0
1130.058,0,0.0,0,0
1130.108,0,0.0,0,0
1130.158,0,0.0,0,0
1130.209,0,0.0,0,0
1130.259,0,0.0,0,0
1130.309,0,0.0,0,0
1130.359,0,0.0,0,0
1130.409,0,0.0,0,0
1130.459,0,0.0,0,0
1130.509,0,0.0,0,0
1130.559,0,0.0,0,0
1130.610,0,0.0,0,0
1130.660,0,0.0,0,0
1130.710,0,0.0,0,0
1130.760,0,0.0,0,0
1130.810,0,0.0,0,0
1130.860,0,0.0,0,0
1130.910,0,0.0,0,0
1130.960,0,0.0,0,0
1131.010,0,0.0,0,0
1131.060,0,0.0,0,0
1131.110,0,0.0,0,0
1131.161,0,0.0,0,0
1131.211,0,0.0,0,0
1131.261,0,0.0,0,0
1131.311,0,0.0,0,0
1131.361,0,0.0,0,0
1131.411,0,0.0,0,0
1131.461,0,0.0,0,0
1131.511,0,0.0,0,0
1131.562,0,0.0,0,0
1131.612,0,0.0,0,0
1131.662,0,0.0,0,0
1131.712,0,0.0,0,0
1131.762,0,0.0,0,0
1131.812,0,0.0,0,0
1131.862,0,0.0,0,0
1131.912,0,0.0,0,0
1131.962,0,0.0,0,0
1132.012,0,0.0,0,0
1132.062,0,0.0,0,0
1132.113,0,0.0,0,0
1132.163,0,0.0,0,0
1132.213,0,0.0,0,0
1132.263,0,0.0,0,0
1132.313,0,0.0,0,0
1132.363,0,0.0,0,0
1132.413,0,0.0,0,0
1132.463,0,0.0,0,0
1132.513,0,0.0,0,0
1132.563,0,0.0,0,0
1132.614,0,0.0,0,0
1132.664,0,0.0,0,0
1132.714,0,0.0,0,0
1132.764,0,0.0,0,0
1132.814,0,0.0,0,0
1132.864,0,0.0,0,0
1132.914,0,0.0,0,0
1132.964,0,0.0,0,0
1133.014,0,0.0,0,0
1133.064,0,0.0,0,0
1133.114,0,0.0,0,0
1133.165,0,0.0,0,0
1133.215,0,0.0,0,0
1133.265,0,0.0,0,0
1133.315,0,0.0,0,0
1133.365,0,0.0,0,0
1133.415,0,0.0,0,0
1133.465,0,0.0,0,0
1133.515,0,0.0,0,0
1133.565,0,0.0,0,0
1133.615,0,0.0,0,0
1133.665,0,0.0,0,0
1133.716,0,0.0,0,0
1133.766,0,0.0,0,0
1133.816,0,0.0,0,0
1133.866,0,0.0,0,0
1133.916,0,0.0,0,0
1133.966,0,0.0,0,0
1134.016,0,0.0,0,0
1134.066,0,0.0,0,0
1134.116,0,0.0,0,0
1134.166,0,0.0,0,0
1134.216,0,0.0,0,0
1134.266,0,0.0,0,0
1134.317,0,0.0,0,0
1134.367,0,0.0,0,0
1134.417,0,0.0,0,0
1134.467,0,0.0,0,0
1134.517,0,0.0,0,0
1134.567,0,0.0,0,0
1134.617,0,0.0,0,0
1134.667,0,0.0,0,0
1134.717,0,0.0,0,0
1134.768,0,0.0,0,0
1134.818,0,0.0,0,0
1134.868,0,0.0,0,0
1134.918,0,0.0,0,0
1134.968,0,0.0,0,0
1135.018,0,0.0,0,0
1135.068,0,0.0,0,0
1135.118,0,0.0,0,0
1135.168,0,0.0,0,0
1135.218,0,0.0,0,0
1135.269,0,0.0,0,0
1135.319,0,0.0,0,0
1135.369,0,0.0,0,0
1135.419,0,0.0,0,0
1135.469,0,0.0,0,0
1135.519,0,0.0,0,0
1135.569,0,0.0,0,0
1135.619,0,0.0,0,0
1135.669,0,0.0,0,0
1135.719,0,0.0,0,0
1135.769,0,0.0,0,0
1135.820,0,0.0,0,0
1135.870,0,0.0,0,0
1135.920,0,0.0,0,0
1135.970,0,0.0,0,0
1136.020,0,0.0,0,0
1136.070,0,0.0,0,0
1136.120,0,0.0,0,0
1136.170,0,0.0,0,0
1136.220,0,0.0,0,0
1136.270,0,0.0,0,0
1136.320,0,0.0,0,0
1136.371,0,0.0,0,0
1136.421,0,0.0,0,0
1136.471,0,0.0,0,0
1136.521,0,0.0,0,0
1136.571,0,0.0,0,0
1136.621,0,0.0,0,0
1136.671,0,0.0,0,0
1136.721,0,0.0,0,0
1136.771,0,0.0,0,0
1136.821,0,0.0,0,0
1136.871,0,0.0,0,0
1136.921,0,0.0,0,0
1136.972,0,0.0,0,0
1137.022,0,0.0,0,0
1137.072,0,0.0,0,0
1137.122,0,0.0,0,0
1137.172,0,0.0,0,0
1137.222,0,0.0,0,0
1137.272,0,0.0,0,0
1137.322,0,0.0,0,0
1137.372,0,0.0,0,0
1137.422,0,0.0,0,0
1137.472,0,0.0,0,0
1137.522,0,0.0,0,0
1137.572,0,0.0,0,0
1137.623,0,0.0,0,0
1137.673,0,0.0,0,0
1137.723,0,0.0,0,0
1137.773,0,0.0,0,0
1137.823,0,0.0,0,0
1137.873,0,0.0,0,0
1137.923,0,0.0,0,0
1137.973,0,0.0,0,0
1138.024,0,0.0,0,0
1138.074,0,0.0,0,0
1138.124,0,0.0,0,0
1138.174,0,0.0,0,0
1138.224,0,0.0,0,0
1138.274,0,0.0,0,0
1138.324,0,0.0,0,0
1138.374,0,0.0,0,0
1138.425,0,0.0,0,0
1138.475,0,0.0,0,0
1138.525,0,0.0,0,0
1138.575,0,0.0,0,0
1138.625,0,0.0,0,0
1138.675,0,0.0,0,0
1138.725,0,0.0,0,0
1138.775,0,0.0,0,0
1138.825,0,0.0,0,0
1138.875,0,0.0,0,0
1138.925,0,0.0,0,0
1138.975,0,0.0,0,0
1139.026,0,0.0,0,0
1139.076,0,0.0,0,0
1139.126,0,0.0,0,0
1139.176,0,0.0,0,0
1139.226,0,0.0,0,0
1139.276,0,0.0,0,0
1139.326,0,0.0,0,0
1139.377,0,0.0,0,0
1139.427,0,0.0,0,0
1139.477,0,0.0,0,0
1139.527,0,0.0,0,0
1139.577,0,0.0,0,0
1139.627,0,0.0,0,0
1139.677,0,0.0,0,0
1139.727,0,0.0,0,0
1139.777,0,0.0,0,0
1139.827,0,0.0,0,0
1139.878,0,0.0,0,0
1139.928,0,0.0,0,0
1139.978,0,0.0,0,0
1140.028,0,0.0,0,0
1140.078,0,0.0,0,0
1140.128,0,0.0,0,0
1140.178,0,0.0,0,0
1140.229,0,0.0,0,0
1140.279,0,0.0,0,0
1140.329,0,0.0,0,0
1140.379,0,0.0,0,0
1140.429,0,0.0,0,0
1140.479,0,0.0,0,0
1140.529,0,0.0,0,0
1140.580,0,0.0,0,0
1140.630,0,0.0,0,0
1140.680,0,0.0,0,0
1140.730,0,0.0,0,0
1140.780,0,0.0,0,0
1140.830,0,0.0,0,0
1140.880,0,0.0,0,0
1140.930,0,0.0,0,0
1140.980,0,0.0,0,0
1141.030,0,0.0,0,0
1141.080,0,0.0,0,0
1141.130,0,0.0,0,0
1141.181,0,0.0,0,0
1141.231,0,0.0,0,0
1141.281,0,0.0,0,0
1141.331,0,0.0,0,0
1141.381,0,0.0,0,0
1141.431,0,0.0,0,0
1141.481,0,0.0,0,0
1141.531,0,0.0,0,0
1141.581,0,0.0,0,0
1141.631,0,0.0,0,0
1141.681,0,0.0,0,0
1141.731,0,0.0,0,0
1141.781,0,0.0,0,0
1141.831,0,0.0,0,0
1141.882,0,0.0,0,0
1141.932,0,0.0,0,0
1141.982,0,0.0,0,0
1142.032,0,0.0,0,0
1142.082,0,0.0,0,0
1142.132,0,0.0,0,0
1142.182,0,0.0,0,0
1142.232,0,0.0,0,0
1142.282,0,0.0,0,0
1142.333,0,0.0,0,0
1142.383,0,0.0,0,0
1142.433,0,0.0,0,0
1142.483,0,0.0,0,0
1142.533,0,0.0,0,0
1142.583,0,0.0,0,0
1142.633,0,0.0,0,0
1142.684,0,0.0,0,0
1142.734,0,0.0,0,0
1142.784,0,0.0,0,0
1142.834,0,0.0,0,0
1142.884,0,0.0,0,0
1142.934,0,0.0,0,0
1142.984,0,0.0,0,0
1143.034,0,0.0,0,0
1143.084,0,0.0,0,0
1143.135,0,0.0,0,0
1143.185,0,0.0,0,0
1143.235,0,0.0,0,0
1143.285,0,0.0,0,0
1143.335,0,0.0,0,0
1143.385,0,0.0,0,0
1143.435,0,0.0,0,0
1143.485,0,0.0,0,0
1143.535,0,0.0,0,0
1143.585,0,0.0,0,0
1143.635,0,0.0,0,0
1143.685,0,0.0,0,0
1143.736,0,0.0,0,0
1143.786,0,0.0,0,0
1143.836,0,0.0,0,0
1143.886,0,0.0,0,0
1143.936,0,0.0,0,0
1143.986,0,0.0,0,0
1144.036,0,0.0,0,0
1144.086,0,0.0,0,0
1144.136,0,0.0,0,0
1144.186,0,0.0,0,0
1144.236,0,0.0,0,0
1144.287,0,0.0,0,0
1144.337,0,0.0,0,0
1144.387,0,0.0,0,0
1144.437,0,0.0,0,0
1144.487,0,0.0,0,0
1144.537,0,0.0,0,0
1144.587,0,0.0,0,0
1144.637,0,0.0,0,0
1144.687,0,0.0,0,0
1144.737,0,0.0,0,0
1144.788,0,0.0,0,0
1144.838,0,0.0,0,0
1144.888,0,0.0,0,0
1144.938,0,0.0,0,0
1144.988,0,0.0,0,0
1145.038,0,0.0,0,0
1145.088,0,0.0,0,0
1145.138,0,0.0,0,0
1145.188,0,0.0,0,0
1145.238,0,0.0,0,0
1145.288,0,0.0,0,0
1145.338,0,0.0,0,0
1145.388,0,0.0,0,0
1145.438,0,0.0,0,0
1145.489,0,0.0,0,0
1145.539,0,0.0,0,0
1145.589,0,0.0,0,0
1145.639,0,0.0,0,0
1145.689,0,0.0,0,0
1145.739,0,0.0,0,0
1145.789,0,0.0,0,0
1145.839,0,0.0,0,0
1145.889,0,0.0,0,0
1145.939,0,0.0,0,0
1145.989,0,0.0,0,0
1146.040,0,0.0,0,0
1146.090,0,0.0,0,0
1146.140,0,0.0,0,0
1146.190,0,0.0,0,0
1146.240,0,0.0,0,0
1146.290,0,0.0,0,0
1146.340,0,0.0,0,0
1146.390,0,0.0,0,0
1146.440,0,0.0,0,0
1146.491,0,0.0,0,0
1146.541,0,0.0,0,0
1146.591,0,0.0,0,0
1146.641,0,0.0,0,0
1146.691,0,0.0,0,0
1146.741,0,0.0,0,0
1146.791,0,0.0,0,0
1146.841,0,0.0,0,0
1146.891,0,0.0,0,0
1146.942,0,0.0,0,0
1146.992,0,0.0,0,0
1147.042,0,0.0,0,0
1147.092,0,0.0,0,0
1147.142,0,0.0,0,0
1147.192,0,0.0,0,0
1147.242,0,0.0,0,0
1147.292,0,0.0,0,0
1147.342,0,0.0,0,0
1147.393,0,0.0,0,0
1147.443,0,0.0,0,0
1147.493,0,0.0,0,0
1147.543,0,0.0,0,0
1147.593,0,0.0,0,0
1147.643,0,0.0,0,0
1147.693,0,0.0,0,0
1147.743,0,0.0,0,0
1147.793,0,0.0,0,0
1147.843,0,0.0,0,0
1147.893,0,0.0,0,0
1147.944,0,0.0,0,0
1147.994,0,0.0,0,0
1148.044,0,0.0,0,0
1148.094,0,0.0,0,0
1148.144,0,0.0,0,0
1148.194,0,0.0,0,0
1148.244,0,0.0,0,0
1148.294,0,0.0,0,0
1148.344,0,0.0,0,0
1148.394,0,0.0,0,0
1148.444,0,0.0,0,0
1148.495,0,0.0,0,0
1148.545,0,0.0,0,0
1148.595,0,0.0,0,0
1148.645,0,0.0,0,0
1148.695,0,0.0,0,0
1148.745,0,0.0,0,0
1148.795,0,0.0,0,0
1148.845,0,0.0,0,0
1148.896,0,0.0,0,0
1148.946,0,0.0,0,0
1148.996,0,0.0,0,0
1149.046,0,0.0,0,0
1149.096,0,0.0,0,0
1149.146,0,0.0,0,0
1149.196,0,0.0,0,0
1149.246,0,0.0,0,0
1149.296,0,0.0,0,0
1149.347,0,0.0,0,0
1149.397,0,0.0,0,0
1149.447,0,0.0,0,0
1149.497,0,0.0,0,0
1149.547,0,0.0,0,0
1149.597,0,0.0,0,0
1149.647,0,0.0,0,0
1149.697,0,0.0,0,0
1149.747,0,0.0,0,0
1149.798,0,0.0,0,0
1149.848,0,0.0,0,0
1149.898,0,0.0,0,0
1149.948,0,0.0,0,0
1149.998,0,0.0,0,0
1150.048,0,0.0,0,0
1150.098,0,0.0,0,0
1150.148,0,0.0,0,0
1150.199,0,0.0,0,0
1150.249,0,0.0,0,0
1150.299,0,0.0,0,0
1150.349,0,0.0,0,0
1150.399,0,0.0,0,0
1150.449,0,0.0,0,0
1150.499,0,0.0,0,0
1150.549,0,0.0,0,0
1150.599,0,0.0,0,0
1150.649,0,0.0,0,0
1150.699,0,0.0,0,0
1150.749,0,0.0,0,0
1150.799,0,0.0,0,0
1150.849,0,0.0,0,0
1150.899,0,0.0,0,0
1150.949,0,0.0,0,0
1151.000,0,0.0,0,0
1151.050,0,0.0,0,0
1151.100,0,0.0,0,0
1151.150,0,0.0,0,0
1151.200,0,0.0,0,0
1151.250,0,0.0,0,0
1151.300,0,0.0,0,0
1151.350,0,0.0,0,0
1151.400,0,0.0,0,0
1151.450,0,0.0,0,0
1151.500,0,0.0,0,0
1151.550,0,0.0,0,0
1151.601,0,0.0,0,0
1151.651,0,0.0,0,0
1151.701,0,0.0,0,0
1151.751,0,0.0,0,0
1151.801,0,0.0,0,0
1151.851,0,0.0,0,0
1151.901,0,0.0,0,0
1151.951,0,0.0,0,0
1152.001,0,0.0,0,0
1152.051,0,0.0,0,0
1152.101,0,0.0,0,0
1152.151,0,0.0,0,0
1152.202,0,0.0,0,0
1152.252,0,0.0,0,0
1152.302,0,0.0,0,0
1152.352,0,0.0,0,0
1152.402,0,0.0,0,0
1152.452,0,0.0,0,0
1152.502,0,0.0,0,0
1152.552,0,0.0,0,0
1152.602,0,0.0,0,0
1152.652,0,0.0,0,0
1152.702,0,0.0,0,0
1152.752,0,0.0,0,0
1152.803,0,0.0,0,0
1152.853,0,0.0,0,0
1152.903,0,0.0,0,0
1152.953,0,0.0,0,0
1153.003,0,0.0,0,0
1153.053,0,0.0,0,0
1153.103,0,0.0,0,0
1153.153,0,0.0,0,0
1153.203,0,0.0,0,0
1153.253,0,0.0,0,0
1153.303,0,0.0,0,0
1153.354,0,0.0,0,0
1153.404,0,0.0,0,0
1153.454,0,0.0,0,0
1153.504,0,0.0,0,0
1153.554,0,0.0,0,0
1153.604,0,0.0,0,0
1153.654,0,0.0,0,0
1153.704,0,0.0,0,0
1153.754,0,0.0,0,0
1153.804,0,0.0,0,0
1153.854,0,0.0,0,0
1153.904,0,0.0,0,0
1153.955,0,0.0,0,0
1154.005,0,0.0,0,0
1154.055,0,0.0,0,0
1154.105,0,0.0,0,0
1154.155,0,0.0,0,0
1154.205,0,0.0,0,0
1154.255,0,0.0,0,0
1154.305,0,0.0,0,0
1154.355,0,0.0,0,0
1154.405,0,0.0,0,0
1154.455,0,0.0,0,0
1154.505,0,0.0,0,0
1154.555,0,0.0,0,0
1154.605,0,0.0,0,0
1154.655,0,0.0,0,0
1154.706,0,0.0,0,0
1154.756,0,0.0,0,0
1154.806,0,0.0,0,0
1154.856,0,0.0,0,0
1154.906,0,0.0,0,0
1154.956,0,0.0,0,0
1155.006,0,0.0,0,0
1155.056,0,0.0,0,0
1155.106,0,0.0,0,0
1155.156,0,0.0,0,0
1155.206,0,0.0,0,0
1155.256,0,0.0,0,0
1155.307,0,0.0,0,0
1155.357,0,0.0,0,0
1155.407,0,0.0,0,0
1155.457,0,0.0,0,0
1155.507,0,0.0,0,0
1155.557,0,0.0,0,0
1155.607,0,0.0,0,0
1155.657,0,0.0,0,0
1155.707,0,0.0,0,0
1155.757,0,0.0,0,0
1155.808,0,0.0,0,0
1155.858,0,0.0,0,0
1155.908,0,0.0,0,0
1155.958,0,0.0,0,0
1156.008,0,0.0,0,0
1156.058,0,0.0,0,0
1156.108,0,0.0,0,0
1156.158,0,0.0,0,0
1156.208,0,0.0,0,0
1156.259,0,0.0,0,0
1156.309,0,0.0,0,0
1156.359,0,0.0,0,0
1156.409,0,0.0,0,0
1156.459,0,0.0,0,0
1156.509,0,0.0,0,0
1156.559,0,0.0,0,0
1156.610,0,0.0,0,0
1156.660,0,0.0,0,0
1156.710,0,0.0,0,0
1156.760,0,0.0,0,0
1156.810,0,0.0,0,0
1156.860,0,0.0,0,0
1156.910,0,0.0,0,0
1156.960,0,0.0,0,0
1157.010,0,0.0,0,0
1157.061,0,0.0,0,0
1157.111,0,0.0,0,0
1157.161,0,0.0,0,0
1157.211,0,0.0,0,0
1157.261,0,0.0,0,0
1157.311,0,0.0,0,0
1157.361,0,0.0,0,0
1157.411,0,0.0,0,0
1157.461,0,0.0,0,0
1157.511,0,0.0,0,0
1157.561,0,0.0,0,0
1157.612,0,0.0,0,0
1157.662,0,0.0,0,0
1157.712,0,0.0,0,0
1157.762,0,0.0,0,0
1157.812,0,0.0,0,0
1157.862,0,0.0,0,0
1157.912,0,0.0,0,0
1157.962,0,0.0,0,0
1158.013,0,0.0,0,0
1158.063,0,0.0,0,0
1158.113,0,0.0,0,0
1158.163,0,0.0,0,0
1158.213,0,0.0,0,0
1158.263,0,0.0,0,0
1158.313,0,0.0,0,0
1158.363,0,0.0,0,0
1158.413,0,0.0,0,0
1158.463,0,0.0,0,0
1158.513,0,0.0,0,0
1158.564,0,0.0,0,0
1158.614,0,0.0,0,0
1158.664,0,0.0,0,0
1158.714,0,0.0,0,0
1158.764,0,0.0,0,0
1158.814,0,0.0,0,0
1158.864,0,0.0,0,0
1158.914,0,0.0,0,0
1158.964,0,0.0,0,0
1159.014,0,0.0,0,0
1159.064,0,0.0,0,0
1159.115,0,0.0,0,0
1159.165,0,0.0,0,0
1159.215,0,0.0,0,0
1159.265,0,0.0,0,0
1159.315,0,0.0,0,0
1159.365,0,0.0,0,0
1159.415,0,0.0,0,0
1159.465,0,0.0,0,0
1159.515,0,0.0,0,0
1159.566,0,0.0,0,0
1159.616,0,0.0,0,0
1159.666,0,0.0,0,0
1159.716,0,0.0,0,0
1159.766,0,0.0,0,0
1159.816,0,0.0,0,0
1159.866,0,0.0,0,0
1159.916,0,0.0,0,0
1159.966,0,0.0,0,0
1160.016,0,0.0,0,0
1160.066,0,0.0,0,0
1160.117,0,0.0,0,0
1160.167,0,0.0,0,0
1160.217,0,0.0,0,0
1160.267,0,0.0,0,0
1160.317,0,0.0,0,0
1160.367,0,0.0,0,0
1160.417,0,0.0,0,0
1160.467,0,0.0,0,0
1160.517,0,0.0,0,0
1160.567,0,0.0,0,0
1160.617,0,0.0,0,0
1160.668,0,0.0,0,0
1160.718,0,0.0,0,0
1160.768,0,0.0,0,0
1160.818,0,0.0,0,0
1160.868,0,0.0,0,0
1160.918,0,0.0,0,0
1160.968,0,0.0,0,0
1161.018,0,0.0,0,0
1161.068,0,0.0,0,0
1161.118,0,0.0,0,0
1161.169,0,0.0,0,0
1161.219,0,0.0,0,0
1161.269,0,0.0,0,0
1161.319,0,0.0,0,0
1161.369,0,0.0,0,0
1161.419,0,0.0,0,0
1161.469,0,0.0,0,0
1161.519,0,0.0,0,0
1161.569,0,0.0,0,0
1161.619,0,0.0,0,0
1161.669,0,0.0,0,0
1161.719,0,0.0,0,0
1161.769,0,0.0,0,0
1161.820,0,0.0,0,0
1161.870,0,0.0,0,0
1161.920,0,0.0,0,0
1161.970,0,0.0,0,0
1162.020,0,0.0,0,0
1162.070,0,0.0,0,0
1162.120,0,0.0,0,0
1162.170,0,0.0,0,0
1162.220,0,0.0,0,0
1162.270,0,0.0,0,0
1162.320,0,0.0,0,0
1162.370,0,0.0,0,0
1162.421,0,0.0,0,0
1162.471,0,0.0,0,0
1162.521,0,0.0,0,0
1162.571,0,0.0,0,0
1162.621,0,0.0,0,0
1162.671,0,0.0,0,0
1162.721,0,0.0,0,0
1162.771,0,0.0,0,0
1162.821,0,0.0,0,0
1162.871,0,0.0,0,0
1162.922,0,0.0,0,0
1162.972,0,0.0,0,0
1163.022,0,0.0,0,0
1163.072,0,0.0,0,0
1163.122,0,0.0,0,0
1163.172,0,0.0,0,0
1163.222,0,0.0,0,0
1163.272,0,0.0,0,0
1163.322,0,0.0,0,0
1163.373,0,0.0,0,0
1163.423,0,0.0,0,0
1163.473,0,0.0,0,0
1163.523,0,0.0,0,0
1163.573,0,0.0,0,0
1163.623,0,0.0,0,0
1163.673,0,0.0,0,0
1163.723,0,0.0,0,0
1163.773,0,0.0,0,0
1163.823,0,0.0,0,0
1163.874,0,0.0,0,0
1163.924,0,0.0,0,0
1163.974,0,0.0,0,0
1164.024,0,0.0,0,0
1164.074,0,0.0,0,0
1164.124,0,0.0,0,0
1164.174,0,0.0,0,0
1164.224,0,0.0,0,0
1164.275,0,0.0,0,0
1164.325,0,0.0,0,0
1164.375,0,0.0,0,0
1164.425,0,0.0,0,0
1164.475,0,0.0,0,0
1164.525,0,0.0,0,0
1164.576,0,0.0,0,0
1164.626,0,0.0,0,0
1164.676,0,0.0,0,0
1164.726,0,0.0,0,0
1164.776,0,0.0,0,0
1164.826,0,0.0,0,0
1164.876,0,0.0,0,0
1164.926,0,0.0,0,0
1164.976,0,0.0,0,0
1165.027,0,0.0,0,0
1165.077,0,0.0,0,0
1165.127,0,0.0,0,0
1165.177,0,0.0,0,0
1165.227,0,0.0,0,0
1165.277,0,0.0,0,0
1165.327,0,0.0,0,0
1165.377,0,0.0,0,0
1165.427,0,0.0,0,0
1165.477,0,0.0,0,0
1165.527,0,0.0,0,0
1165.577,0,0.0,0,0
1165.627,0,0.0,0,0
1165.678,0,0.0,0,0
1165.728,0,0.0,0,0
1165.778,0,0.0,0,0
1165.828,0,0.0,0,0
1165.878,0,0.0,0,0
1165.928,0,0.0,0,0
1165.978,0,0.0,0,0
1166.028,0,0.0,0,0
1166.078,0,0.0,0,0
1166.128,0,0.0,0,0
1166.179,0,0.0,0,0
1166.229,0,0.0,0,0
1166.279,0,0.0,0,0
1166.329,0,0.0,0,0
1166.379,0,0.0,0,0
1166.429,0,0.0,0,0
1166.479,0,0.0,0,0
1166.529,0,0.0,0,0
1166.579,0,0.0,0,0
1166.630,0,0.0,0,0
1166.680,0,0.0,0,0
1166.730,0,0.0,0,0
1166.780,0,0.0,0,0
1166.830,0,0.0,0,0
1166.880,0,0.0,0,0
1166.930,0,0.0,0,0
1166.980,0,0.0,0,0
1167.030,0,0.0,0,0
1167.080,0,0.0,0,0
1167.131,0,0.0,0,0
1167.181,0,0.0,0,0
1167.231,0,0.0,0,0
1167.281,0,0.0,0,0
1167.331,0,0.0,0,0
1167.381,0,0.0,0,0
1167.431,0,0.0,0,0
1167.481,0,0.0,0,0
1167.531,0,0.0,0,0
1167.581,0,0.0,0,0
1167.631,0,0.0,0,0
1167.681,0,0.0,0,0
1167.731,0,0.0,0,0
1167.781,0,0.0,0,0
1167.831,0,0.0,0,0
1167.881,0,0.0,0,0
1167.932,0,0.0,0,0
1167.982,0,0.0,0,0
1168.032,0,0.0,0,0
1168.082,0,0.0,0,0
1168.132,0,0.0,0,0
1168.182,0,0.0,0,0
1168.232,0,0.0,0,0
1168.282,0,0.0,0,0
1168.332,0,0.0,0,0
1168.382,0,0.0,0,0
1168.432,0,0.0,0,0
1168.483,0,0.0,0,0
1168.533,0,0.0,0,0
1168.583,0,0.0,0,0
1168.633,0,0.0,0,0
1168.683,0,0.0,0,0
1168.733,0,0.0,0,0
1168.783,0,0.0,0,0
1168.833,0,0.0,0,0
1168.883,0,0.0,0,0
1168.933,0,0.0,0,0
1168.984,0,0.0,0,0
1169.034,0,0.0,0,0
1169.084,0,0.0,0,0
1169.134,0,0.0,0,0
1169.184,0,0.0,0,0
1169.234,0,0.0,0,0
1169.284,0,0.0,0,0
1169.334,0,0.0,0,0
1169.385,0,0.0,0,0
1169.435,0,0.0,0,0
1169.485,0,0.0,0,0
1169.535,0,0.0,0,0
1169.585,0,0.0,0,0
1169.635,0,0.0,0,0
1169.685,0,0.0,0,0
1169.735,0,0.0,0,0
1169.785,0,0.0,0,0
1169.835,0,0.0,0,0
1169.886,0,0.0,0,0
1169.936,0,0.0,0,0
1169.986,0,0.0,0,0
1170.036,0,0.0,0,0
1170.086,0,0.0,0,0
1170.136,0,0.0,0,0
1170.186,0,0.0,0,0
1170.236,0,0.0,0,0
1170.286,0,0.0,0,0
1170.336,0,0.0,0,0
1170.387,0,0.0,0,0
1170.437,0,0.0,0,0
1170.487,0,0.0,0,0
1170.537,0,0.0,0,0
1170.587,0,0.0,0,0
1170.637,0,0.0,0,0
1170.687,0,0.0,0,0
1170.737,0,0.0,0,0
1170.787,0,0.0,0,0
1170.837,0,0.0,0,0
1170.887,0,0.0,0,0
1170.937,0,0.0,0,0
1170.987,0,0.0,0,0
1171.038,0,0.0,0,0
1171.088,0,0.0,0,0
1171.138,0,0.0,0,0
1171.188,0,0.0,0,0
1171.238,0,0.0,0,0
1171.288,0,0.0,0,0
1171.338,0,0.0,0,0
1171.388,0,0.0,0,0
1171.438,0,0.0,0,0
1171.488,0,0.0,0,0
1171.538,0,0.0,0,0
1171.589,0,0.0,0,0
1171.639,0,0.0,0,0
1171.689,0,0.0,0,0
1171.739,0,0.0,0,0
1171.789,0,0.0,0,0
1171.839,0,0.0,0,0
1171.889,0,0.0,0,0
1171.939,0,0.0,0,0
1171.989,0,0.0,0,0
1172.039,0,0.0,0,0
1172.089,0,0.0,0,0
1172.139,0,0.0,0,0
1172.190,0,0.0,0,0
1172.240,0,0.0,0,0
1172.290,0,0.0,0,0
1172.340,0,0.0,0,0
1172.390,0,0.0,0,0
1172.440,0,0.0,0,0
1172.490,0,0.0,0,0
1172.541,0,0.0,0,0
1172.591,0,0.0,0,0
1172.641,0,0.0,0,0
1172.691,0,0.0,0,0
1172.741,0,0.0,0,0
1172.791,0,0.0,0,0
1172.841,0,0.0,0,0
1172.891,0,0.0,0,0
1172.942,0,0.0,0,0
1172.992,0,0.0,0,0
1173.042,0,0.0,0,0
1173.092,0,0.0,0,0
1173.142,0,0.0,0,0
1173.192,0,0.0,0,0
1173.242,0,0.0,0,0
1173.292,0,0.0,0,0
1173.342,0,0.0,0,0
1173.392,0,0.0,0,0
1173.443,0,0.0,0,0
1173.493,0,0.0,0,0
1173.543,0,0.0,0,0
1173.593,0,0.0,0,0
1173.643,0,0.0,0,0
1173.693,0,0.0,0,0
1173.743,0,0.0,0,0
1173.793,0,0.0,0,0
1173.843,0,0.0,0,0
1173.893,0,0.0,0,0
1173.943,0,0.0,0,0
1173.993,0,0.0,0,0
1174.043,0,0.0,0,0
1174.093,0,0.0,0,0
1174.143,0,0.0,0,0
1174.194,0,0.0,0,0
1174.244,0,0.0,0,0
1174.294,0,0.0,0,0
1174.344,0,0.0,0,0
1174.394,0,0.0,0,0
1174.444,0,0.0,0,0
1174.494,0,0.0,0,0
1174.544,0,0.0,0,0
1174.594,0,0.0,0,0
1174.644,0,0.0,0,0
1174.695,0,0.0,0,0
1174.745,0,0.0,0,0
1174.795,0,0.0,0,0
1174.845,0,0.0,0,0
1174.895,0,0.0,0,0
1174.945,0,0.0,0,0
1174.995,0,0.0,0,0
1175.045,0,0.0,0,0
1175.095,0,0.0,0,0
1175.145,0,0.0,0,0
1175.195,0,0.0,0,0
1175.246,0,0.0,0,0
1175.296,0,0.0,0,0
1175.346,0,0.0,0,0
1175.396,0,0.0,0,0
1175.446,0,0.0,0,0
1175.496,0,0.0,0,0
1175.546,0,0.0,0,0
1175.596,0,0.0,0,0
1175.646,0,0.0,0,0
1175.696,0,0.0,0,0
1175.746,0,0.0,0,0
1175.797,0,0.0,0,0
1175.847,0,0.0,0,0
1175.897,0,0.0,0,0
1175.947,0,0.0,0,0
1175.997,0,0.0,0,0
1176.047,0,0.0,0,0
1176.097,0,0.0,0,0
1176.147,0,0.0,0,0
1176.197,0,0.0,0,0
1176.247,0,0.0,0,0
1176.297,0,0.0,0,0
1176.348,0,0.0,0,0
1176.398,0,0.0,0,0
1176.448,0,0.0,0,0
1176.498,0,0.0,0,0
1176.548,0,0.0,0,0
1176.598,0,0.0,0,0
1176.648,0,0.0,0,0
1176.698,0,0.0,0,0
1176.748,0,0.0,0,0
1176.799,0,0.0,0,0
1176.849,0,0.0,0,0
1176.899,0,0.0,0,0
1176.949,0,0.0,0,0
1176.999,0,0.0,0,0
1177.049,0,0.0,0,0
1177.099,0,0.0,0,0
1177.149,0,0.0,0,0
1177.200,0,0.0,0,0
1177.250,0,0.0,0,0
1177.300,0,0.0,0,0
1177.350,0,0.0,0,0
1177.400,0,0.0,0,0
1177.450,0,0.0,0,0
1177.500,0,0.0,0,0
1177.551,0,0.0,0,0
1177.601,0,0.0,0,0
1177.651,0,0.0,0,0
1177.701,0,0.0,0,0
1177.751,0,0.0,0,0
1177.801,0,0.0,0,0
1177.851,0,0.0,0,0
1177.901,0,0.0,0,0
1177.951,0,0.0,0,0
1178.002,0,0.0,0,0
1178.052,0,0.0,0,0
1178.102,0,0.0,0,0
1178.152,0,0.0,0,0
1178.202,0,0.0,0,0
1178.252,0,0.0,0,0
1178.302,0,0.0,0,0
1178.352,0,0.0,0,0
1178.402,0,0.0,0,0
1178.452,0,0.0,0,0
1178.503,0,0.0,0,0
1178.553,0,0.0,0,0
1178.603,0,0.0,0,0
1178.653,0,0.0,0,0
1178.703,0,0.0,0,0
1178.753,0,0.0,0,0
1178.803,0,0.0,0,0
1178.853,0,0.0,0,0
1178.903,0,0.0,0,0
1178.954,0,0.0,0,0
1179.004,0,0.0,0,0
1179.054,0,0.0,0,0
1179.104,0,0.0,0,0
1179.154,0,0.0,0,0
1179.204,0,0.0,0,0
1179.254,0,0.0,0,0
1179.304,0,0.0,0,0
1179.354,0,0.0,0,0
1179.404,0,0.0,0,0
1179.455,0,0.0,0,0
1179.505,0,0.0,0,0
1179.555,0,0.0,0,0
1179.605,0,0.0,0,0
1179.655,0,0.0,0,0
1179.705,0,0.0,0,0
1179.755,0,0.0,0,0
1179.805,0,0.0,0,0
1179.855,0,0.0,0,0
1179.906,0,0.0,0,0
1179.956,0,0.0,0,0
1180.006,0,0.0,0,0
1180.056,0,0.0,0,0
1180.106,0,0.0,0,0
1180.156,0,0.0,0,0
1180.206,0,0.0,0,0
1180.256,0,0.0,0,0
1180.306,0,0.0,0,0
1180.356,0,0.0,0,0
1180.407,0,0.0,0,0
1180.457,0,0.0,0,0
1180.507,0,0.0,0,0
1180.557,0,0.0,0,0
1180.607,0,0.0,0,0
1180.657,0,0.0,0,0
1180.707,0,0.0,0,0
1180.757,0,0.0,0,0
1180.807,0,0.0,0,0
1180.857,0,0.0,0,0
1180.907,0,0.0,0,0
1180.958,0,0.0,0,0
1181.008,0,0.0,0,0
1181.058,0,0.0,0,0
1181.108,0,0.0,0,0
1181.158,0,0.0,0,0
1181.208,0,0.0,0,0
1181.258,0,0.0,0,0
1181.308,0,0.0,0,0
1181.358,0,0.0,0,0
1181.409,0,0.0,0,0
1181.459,0,0.0,0,0
1181.509,0,0.0,0,0
1181.559,0,0.0,0,0
1181.609,0,0.0,0,0
1181.659,0,0.0,0,0
1181.709,0,0.0,0,0
1181.759,0,0.0,0,0
1181.809,0,0.0,0,0
1181.859,0,0.0,0,0
1181.910,0,0.0,0,0
1181.960,0,0.0,0,0
1182.010,0,0.0,0,0
1182.060,0,0.0,0,0
1182.110,0,0.0,0,0
1182.160,0,0.0,0,0
1182.210,0,0.0,0,0
1182.260,0,0.0,0,0
1182.310,0,0.0,0,0
1182.360,0,0.0,0,0
1182.410,0,0.0,0,0
1182.460,0,0.0,0,0
1182.510,0,0.0,0,0
1182.560,0,0.0,0,0
1182.611,0,0.0,0,0
1182.661,0,0.0,0,0
1182.711,0,0.0,0,0
1182.761,0,0.0,0,0
1182.811,0,0.0,0,0
1182.861,0,0.0,0,0
1182.911,0,0.0,0,0
1182.961,0,0.0,0,0
1183.011,0,0.0,0,0
1183.061,0,0.0,0,0
1183.111,0,0.0,0,0
1183.161,0,0.0,0,0
1183.212,0,0.0,0,0
1183.262,0,0.0,0,0
1183.312,0,0.0,0,0
1183.362,0,0.0,0,0
1183.412,0,0.0,0,0
1183.462,0,0.0,0,0
1183.512,0,0.0,0,0
1183.562,0,0.0,0,0
1183.612,0,0.0,0,0
1183.662,0,0.0,0,0
1183.713,0,0.0,0,0
1183.763,0,0.0,0,0
1183.813,0,0.0,0,0
1183.863,0,0.0,0,0
1183.913,0,0.0,0,0
1183.963,0,0.0,0,0
1184.013,0,0.0,0,0
1184.063,0,0.0,0,0
1184.113,0,0.0,0,0
1184.163,0,0.0,0,0
1184.213,0,0.0,0,0
1184.263,0,0.0,0,0
1184.314,0,0.0,0,0
1184.364,0,0.0,0,0
1184.414,0,0.0,0,0
1184.464,0,0.0,0,0
1184.514,0,0.0,0,0
1184.564,0,0.0,0,0
1184.614,0,0.0,0,0
1184.664,0,0.0,0,0
1184.714,0,0.0,0,0
1184.764,0,0.0,0,0
1184.814,0,0.0,0,0
1184.864,0,0.0,0,0
1184.914,0,0.0,0,0
1184.964,0,0.0,0,0
1185.015,0,0.0,0,0
1185.065,0,0.0,0,0
1185.115,0,0.0,0,0
1185.165,0,0.0,0,0
1185.215,0,0.0,0,0
1185.265,0,0.0,0,0
1185.315,0,0.0,0,0
1185.365,0,0.0,0,0
1185.415,0,0.0,0,0
1185.466,0,0.0,0,0
1185.516,0,0.0,0,0
1185.566,0,0.0,0,0
1185.616,0,0.0,0,0
1185.666,0,0.0,0,0
1185.716,0,0.0,0,0
1185.766,0,0.0,0,0
1185.816,0,0.0,0,0
1185.866,0,0.0,0,0
1185.917,0,0.0,0,0
1185.967,0,0.0,0,0
1186.017,0,0.0,0,0
1186.067,0,0.0,0,0
1186.117,0,0.0,0,0
1186.167,0,0.0,0,0
1186.217,0,0.0,0,0
1186.267,0,0.0,0,0
1186.317,0,0.0,0,0
1186.367,0,0.0,0,0
1186.418,0,0.0,0,0
1186.468,0,0.0,0,0
1186.518,0,0.0,0,0
1186.568,0,0.0,0,0
1186.618,0,0.0,0,0
1186.668,0,0.0,0,0
1186.718,0,0.0,0,0
1186.768,0,0.0,0,0
1186.818,0,0.0,0,0
1186.869,0,0.0,0,0
1186.919,0,0.0,0,0
1186.969,0,0.0,0,0
1187.019,0,0.0,0,0
1187.069,0,0.0,0,0
1187.119,0,0.0,0,0
1187.169,0,0.0,0,0
1187.219,0,0.0,0,0
1187.269,0,0.0,0,0
1187.320,0,0.0,0,0
1187.370,0,0.0,0,0
1187.420,0,0.0,0,0
1187.470,0,0.0,0,0
1187.520,0,0.0,0,0
1187.570,0,0.0,0,0
1187.620,0,0.0,0,0
1187.670,0,0.0,0,0
1187.720,0,0.0,0,0
1187.771,0,0.0,0,0
1187.821,0,0.0,0,0
1187.871,0,0.0,0,0
1187.921,0,0.0,0,0
1187.971,0,0.0,0,0
1188.021,0,0.0,0,0
1188.071,0,0.0,0,0
1188.121,0,0.0,0,0
1188.171,0,0.0,0,0
1188.221,0,0.0,0,0
1188.272,0,0.0,0,0
1188.322,0,0.0,0,0
1188.372,0,0.0,0,0
1188.422,0,0.0,0,0
1188.472,0,0.0,0,0
1188.522,0,0.0,0,0
1188.572,0,0.0,0,0
1188.622,0,0.0,0,0
1188.672,0,0.0,0,0
1188.722,0,0.0,0,0
1188.772,0,0.0,0,0
1188.822,0,0.0,0,0
1188.872,0,0.0,0,0
1188.923,0,0.0,0,0
1188.973,0,0.0,0,0
1189.023,0,0.0,0,0
1189.073,0,0.0,0,0
1189.123,0,0.0,0,0
1189.173,0,0.0,0,0
1189.223,0,0.0,0,0
1189.273,0,0.0,0,0
1189.323,0,0.0,0,0
1189.374,0,0.0,0,0
1189.424,0,0.0,0,0
1189.474,0,0.0,0,0
1189.524,0,0.0,0,0
1189.574,0,0.0,0,0
1189.624,0,0.0,0,0
1189.674,0,0.0,0,0
1189.724,0,0.0,0,0
1189.774,0,0.0,0,0
1189.824,0,0.0,0,0
1189.874,0,0.0,0,0
1189.925,0,0.0,0,0
1189.975,0,0.0,0,0
1190.025,0,0.0,0,0
1190.075,0,0.0,0,0
1190.125,0,0.0,0,0
1190.175,0,0.0,0,0
1190.225,0,0.0,0,0
1190.275,0,0.0,0,0
1190.325,0,0.0,0,0
1190.375,0,0.0,0,0
1190.426,0,0.0,0,0
1190.476,0,0.0,0,0
1190.526,0,0.0,0,0
1190.576,0,0.0,0,0
1190.626,0,0.0,0,0
1190.676,0,0.0,0,0
1190.726,0,0.0,0,0
1190.776,0,0.0,0,0
1190.826,0,0.0,0,0
1190.876,0,0.0,0,0
1190.926,0,0.0,0,0
1190.976,0,0.0,0,0
1191.026,0,0.0,0,0
1191.077,0,0.0,0,0
1191.127,0,0.0,0,0
1191.177,0,0.0,0,0
1191.227,0,0.0,0,0
1191.277,0,0.0,0,0
1191.327,0,0.0,0,0
1191.377,0,0.0,0,0
1191.427,0,0.0,0,0
1191.477,0,0.0,0,0
1191.527,0,0.0,0,0
1191.577,0,0.0,0,0
1191.628,0,0.0,0,0
1191.678,0,0.0,0,0
1191.728,0,0.0,0,0
1191.778,0,0.0,0,0
1191.828,0,0.0,0,0
1191.878,0,0.0,0,0
1191.928,0,0.0,0,0
1191.978,0,0.0,0,0
1192.028,0,0.0,0,0
1192.078,0,0.0,0,0
1192.128,0,0.0,0,0
1192.178,0,0.0,0,0
1192.229,0,0.0,0,0
1192.279,0,0.0,0,0
1192.329,0,0.0,0,0
1192.379,0,0.0,0,0
1192.429,0,0.0,0,0
1192.479,0,0.0,0,0
1192.529,0,0.0,0,0
1192.579,0,0.0,0,0
1192.629,0,0.0,0,0
1192.679,0,0.0,0,0
1192.729,0,0.0,0,0
1192.780,0,0.0,0,0
1192.830,0,0.0,0,0
1192.880,0,0.0,0,0
1192.930,0,0.0,0,0
1192.980,0,0.0,0,0
1193.030,0,0.0,0,0
1193.080,0,0.0,0,0
1193.130,0,0.0,0,0
1193.180,0,0.0,0,0
1193.230,0,0.0,0,0
1193.280,0,0.0,0,0
1193.331,0,0.0,0,0
1193.381,0,0.0,0,0
1193.431,0,0.0,0,0
1193.481,0,0.0,0,0
1193.531,0,0.0,0,0
1193.581,0,0.0,0,0
1193.631,0,0.0,0,0
1193.681,0,0.0,0,0
1193.731,0,0.0,0,0
1193.782,0,0.0,0,0
1193.832,0,0.0,0,0
1193.882,0,0.0,0,0
1193.932,0,0.0,0,0
1193.982,0,0.0,0,0
1194.032,0,0.0,0,0
1194.082,0,0.0,0,0
1194.132,0,0.0,0,0
1194.182,0,0.0,0,0
1194.232,0,0.0,0,0
1194.283,0,0.0,0,0
1194.333,0,0.0,0,0
1194.383,0,0.0,0,0
1194.433,0,0.0,0,0
1194.483,0,0.0,0,0
1194.533,0,0.0,0,0
1194.583,0,0.0,0,0
1194.633,0,0.0,0,0
1194.683,0,0.0,0,0
1194.733,0,0.0,0,0
1194.783,0,0.0,0,0
1194.833,0,0.0,0,0
1194.883,0,0.0,0,0
1194.934,0,0.0,0,0
1194.984,0,0.0,0,0
1195.034,0,0.0,0,0
1195.084,0,0.0,0,0
1195.134,0,0.0,0,0
1195.184,0,0.0,0,0
1195.234,0,0.0,0,0
1195.284,0,0.0,0,0
1195.335,0,0.0,0,0
1195.385,0,0.0,0,0
1195.435,0,0.0,0,0
1195.485,0,0.0,0,0
1195.535,0,0.0,0,0
1195.585,0,0.0,0,0
1195.635,0,0.0,0,0
1195.685,0,0.0,0,0
1195.735,0,0.0,0,0
1195.785,0,0.0,0,0
1195.835,0,0.0,0,0
1195.885,0,0.0,0,0
1195.935,0,0.0,0,0
1195.986,0,0.0,0,0
1196.036,0,0.0,0,0
1196.086,0,0.0,0,0
1196.136,0,0.0,0,0
1196.186,0,0.0,0,0
1196.236,0,0.0,0,0
1196.286,0,0.0,0,0
1196.336,0,0.0,0,0
1196.386,0,0.0,0,0
1196.436,0,0.0,0,0
1196.486,0,0.0,0,0
1196.537,0,0.0,0,0
1196.587,0,0.0,0,0
1196.637,0,0.0,0,0
1196.687,0,0.0,0,0
1196.737,0,0.0,0,0
1196.787,0,0.0,0,0
1196.837,0,0.0,0,0
1196.887,0,0.0,0,0
1196.937,0,0.0,0,0
1196.987,0,0.0,0,0
1197.037,0,0.0,0,0
1197.087,0,0.0,0,0
1197.137,0,0.0,0,0
1197.188,0,0.0,0,0
1197.238,0,0.0,0,0
1197.288,0,0.0,0,0
1197.338,0,0.0,0,0
1197.388,0,0.0,0,0
1197.438,0,0.0,0,0
1197.488,0,0.0,0,0
1197.538,0,0.0,0,0
1197.588,0,0.0,0,0
1197.638,0,0.0,0,0
1197.688,0,0.0,0,0
1197.739,0,0.0,0,0
1197.789,0,0.0,0,0
1197.839,0,0.0,0,0
1197.889,0,0.0,0,0
1197.939,0,0.0,0,0
1197.989,0,0.0,0,0
1198.039,0,0.0,0,0
1198.089,0,0.0,0,0
1198.139,0,0.0,0,0
1198.190,0,0.0,0,0
1198.240,0,0.0,0,0
1198.290,0,0.0,0,0
1198.340,0,0.0,0,0
1198.390,0,0.0,0,0
1198.440,0,0.0,0,0
1198.490,0,0.0,0,0
1198.540,0,0.0,0,0
1198.590,0,0.0,0,0
1198.640,0,0.0,0,0
1198.690,0,0.0,0,0
1198.741,0,0.0,0,0
1198.791,0,0.0,0,0
1198.841,0,0.0,0,0
1198.891,0,0.0,0,0
1198.941,0,0.0,0,0
1198.991,0,0.0,0,0
1199.041,0,0.0,0,0
1199.091,0,0.0,0,0
1199.142,0,0.0,0,0
1199.192,0,0.0,0,0
1199.242,0,0.0,0,0
1199.292,0,0.0,0,0
1199.342,0,0.0,0,0
1199.392,0,0.0,0,0
1199.442,0,0.0,0,0
1199.492,0,0.0,0,0
1199.542,0,0.0,0,0
1199.592,0,0.0,0,0
1199.642,0,0.0,0,0
1199.693,0,0.0,0,0
1199.743,0,0.0,0,0
1199.793,0,0.0,0,0
1199.843,0,0.0,0,0
1199.893,0,0.0,0,0
1199.943,0,0.0,0,0
1199.993,0,0.0,0,0
1200.043,0,0.0,0,0
1200.093,0,0.0,0,0
1200.143,0,0.0,0,0
1200.193,0,0.0,0,0
1200.244,0,0.0,0,0
1200.294,0,0.0,0,0
1200.344,0,0.0,0,0
1200.394,0,0.0,0,0
1200.444,0,0.0,0,0
1200.494,0,0.0,0,0
1200.544,0,0.0,0,0
1200.594,0,0.0,0,0
1200.644,0,0.0,0,0
1200.694,0,0.0,0,0
1200.744,0,0.0,0,0
1200.794,0,0.0,0,0
1200.844,0,0.0,0,0
1200.895,0,0.0,0,0
1200.945,0,0.0,0,0
1200.995,0,0.0,0,0
1201.045,0,0.0,0,0
1201.095,0,0.0,0,0
1201.145,0,0.0,0,0
1201.195,0,0.0,0,0
1201.245,0,0.0,0,0
1201.296,0,0.0,0,0
1201.346,0,0.0,0,0
1201.396,0,0.0,0,0
1201.446,0,0.0,0,0
1201.496,0,0.0,0,0
1201.546,0,0.0,0,0
1201.596,0,0.0,0,0
1201.646,0,0.0,0,0
1201.696,0,0.0,0,0
1201.747,0,0.0,0,0
1201.797,0,0.0,0,0
1201.847,0,0.0,0,0
1201.897,0,0.0,0,0
1201.947,0,0.0,0,0
1201.997,0,0.0,0,0
1202.047,0,0.0,0,0
1202.097,0,0.0,0,0
1202.147,0,0.0,0,0
1202.197,0,0.0,0,0
1202.248,0,0.0,0,0
1202.298,0,0.0,0,0
1202.348,0,0.0,0,0
1202.398,0,0.0,0,0
1202.448,0,0.0,0,0
1202.498,0,0.0,0,0
1202.548,0,0.0,0,0
1202.598,0,0.0,0,0
1202.648,0,0.0,0,0
1202.698,0,0.0,0,0
1202.748,0,0.0,0,0
1202.799,0,0.0,0,0
1202.849,0,0.0,0,0
1202.899,0,0.0,0,0
1202.949,0,0.0,0,0
1202.999,0,0.0,0,0
1203.049,0,0.0,0,0
1203.099,0,0.0,0,0
1203.150,0,0.0,0,0
1203.200,0,0.0,0,0
1203.250,0,0.0,0,0
1203.300,0,0.0,0,0
1203.350,0,0.0,0,0
1203.400,0,0.0,0,0
1203.450,0,0.0,0,0
1203.500,0,0.0,0,0
1203.551,0,0.0,0,0
1203.601,0,0.0,0,0
1203.651,0,0.0,0,0
1203.701,0,0.0,0,0
1203.751,0,0.0,0,0
1203.801,0,0.0,0,0
1203.851,0,0.0,0,0
1203.901,0,0.0,0,0
1203.951,0,0.0,0,0
1204.001,0,0.0,0,0
1204.052,0,0.0,0,0
1204.102,0,0.0,0,0
1204.152,0,0.0,0,0
1204.202,0,0.0,0,0
1204.252,0,0.0,0,0
1204.302,0,0.0,0,0
1204.352,0,0.0,0,0
1204.402,0,0.0,0,0
1204.452,0,0.0,0,0
1204.502,0,0.0,0,0
1204.552,0,0.0,0,0
1204.602,0,0.0,0,0
1204.652,0,0.0,0,0
1204.702,0,0.0,0,0
1204.753,0,0.0,0,0
1204.803,0,0.0,0,0
1204.853,0,0.0,0,0
1204.903,0,0.0,0,0
1204.953,0,0.0,0,0
1205.003,0,0.0,0,0
1205.053,0,0.0,0,0
1205.103,0,0.0,0,0
1205.153,0,0.0,0,0
1205.203,0,0.0,0,0
1205.253,0,0.0,0,0
1205.304,0,0.0,0,0
1205.354,0,0.0,0,0
1205.404,0,0.0,0,0
1205.454,0,0.0,0,0
1205.504,0,0.0,0,0
1205.554,0,0.0,0,0
1205.604,0,0.0,0,0
1205.654,0,0.0,0,0
1205.704,0,0.0,0,0
1205.754,0,0.0,0,0
1205.804,0,0.0,0,0
1205.854,0,0.0,0,0
1205.905,0,0.0,0,0
1205.955,0,0.0,0,0
1206.005,0,0.0,0,0
1206.055,0,0.0,0,0
1206.105,0,0.0,0,0
1206.155,0,0.0,0,0
1206.205,0,0.0,0,0
1206.255,0,0.0,0,0
1206.305,0,0.0,0,0
1206.355,0,0.0,0,0
1206.405,0,0.0,0,0
1206.455,0,0.0,0,0
1206.505,0,0.0,0,0
1206.556,0,0.0,0,0
1206.606,0,0.0,0,0
1206.656,0,0.0,0,0
1206.706,0,0.0,0,0
1206.756,0,0.0,0,0
1206.806,0,0.0,0,0
1206.856,0,0.0,0,0
1206.906,0,0.0,0,0
1206.957,0,0.0,0,0
1207.007,0,0.0,0,0
1207.057,0,0.0,0,0
1207.107,0,0.0,0,0
1207.157,0,0.0,0,0
1207.207,0,0.0,0,0
1207.257,0,0.0,0,0
1207.307,0,0.0,0,0
1207.357,0,0.0,0,0
1207.407,0,0.0,0,0
1207.457,0,0.0,0,0
1207.508,0,0.0,0,0
1207.558,0,0.0,0,0
1207.608,0,0.0,0,0
1207.658,0,0.0,0,0
1207.708,0,0.0,0,0
1207.758,0,0.0,0,0
1207.808,0,0.0,0,0
1207.858,0,0.0,0,0
1207.908,0,0.0,0,0
1207.959,0,0.0,0,0
1208.009,0,0.0,0,0
1208.059,0,0.0,0,0
1208.109,0,0.0,0,0
1208.159,0,0.0,0,0
1208.209,0,0.0,0,0
1208.259,0,0.0,0,0
1208.309,0,0.0,0,0
1208.359,0,0.0,0,0
1208.410,0,0.0,0,0
1208.460,0,0.0,0,0
1208.510,0,0.0,0,0
1208.560,0,0.0,0,0
1208.610,0,0.0,0,0
1208.660,0,0.0,0,0
1208.710,0,0.0,0,0
1208.760,0,0.0,0,0
1208.811,0,0.0,0,0
1208.861,0,0.0,0,0
1208.911,0,0.0,0,0
1208.961,0,0.0,0,0
1209.011,0,0.0,0,0
1209.061,0,0.0,0,0
1209.111,0,0.0,0,0
1209.161,0,0.0,0,0
1209.211,0,0.0,0,0
1209.261,0,0.0,0,0
1209.311,0,0.0,0,0
1209.361,0,0.0,0,0
1209.412,0,0.0,0,0
1209.462,0,0.0,0,0
1209.512,0,0.0,0,0
1209.562,0,0.0,0,0
1209.612,0,0.0,0,0
1209.662,0,0.0,0,0
1209.712,0,0.0,0,0
1209.762,0,0.0,0,0
1209.813,0,0.0,0,0
1209.863,0,0.0,0,0
1209.913,0,0.0,0,0
1209.963,0,0.0,0,0
1210.013,0,0.0,0,0
1210.063,0,0.0,0,0
1210.113,0,0.0,0,0
1210.163,0,0.0,0,0
1210.214,0,0.0,0,0
1210.264,0,0.0,0,0
1210.314,0,0.0,0,0
1210.364,0,0.0,0,0
1210.414,0,0.0,0,0
1210.464,0,0.0,0,0
1210.514,0,0.0,0,0
1210.564,0,0.0,0,0
1210.614,0,0.0,0,0
1210.664,0,0.0,0,0
1210.715,0,0.0,0,0
1210.765,0,0.0,0,0
1210.815,0,0.0,0,0
1210.865,0,0.0,0,0
1210.915,0,0.0,0,0
1210.965,0,0.0,0,0
1211.015,0,0.0,0,0
1211.065,0,0.0,0,0
1211.116,0,0.0,0,0
1211.166,0,0.0,0,0
1211.216,0,0.0,0,0
1211.266,0,0.0,0,0
1211.316,0,0.0,0,0
1211.366,0,0.0,0,0
1211.416,0,0.0,0,0
1211.466,0,0.0,0,0
1211.516,0,0.0,0,0
1211.567,0,0.0,0,0
1211.617,0,0.0,0,0
1211.667,0,0.0,0,0
1211.717,0,0.0,0,0
1211.767,0,0.0,0,0
1211.817,0,0.0,0,0
1211.867,0,0.0,0,0
1211.917,0,0.0,0,0
1211.967,0,0.0,0,0
1212.017,0,0.0,0,0
1212.067,0,0.0,0,0
1212.117,0,0.0,0,0
1212.167,0,0.0,0,0
1212.218,0,0.0,0,0
1212.268,0,0.0,0,0
1212.318,0,0.0,0,0
1212.368,0,0.0,0,0
1212.418,0,0.0,0,0
1212.468,0,0.0,0,0
1212.518,0,0.0,0,0
1212.568,0,0.0,0,0
1212.618,0,0.0,0,0
1212.668,0,0.0,0,0
1212.719,0,0.0,0,0
1212.769,0,0.0,0,0
1212.819,0,0.0,0,0
1212.869,0,0.0,0,0
1212.919,0,0.0,0,0
1212.969,0,0.0,0,0
1213.019,0,0.0,0,0
1213.069,0,0.0,0,0
1213.119,0,0.0,0,0
1213.169,0,0.0,0,0
1213.219,0,0.0,0,0
1213.269,0,0.0,0,0
1213.319,0,0.0,0,0
1213.369,0,0.0,0,0
1213.419,0,0.0,0,0
1213.470,0,0.0,0,0
1213.520,0,0.0,0,0
1213.570,0,0.0,0,0
1213.620,0,0.0,0,0
1213.670,0,0.0,0,0
1213.720,0,0.0,0,0
1213.770,0,0.0,0,0
1213.820,0,0.0,0,0
1213.870,0,0.0,0,0
1213.920,0,0.0,0,0
1213.970,0,0.0,0,0
1214.020,0,0.0,0,0
1214.070,0,0.0,0,0
1214.121,0,0.0,0,0
1214.171,0,0.0,0,0
1214.221,0,0.0,0,0
1214.271,0,0.0,0,0
1214.321,0,0.0,0,0
1214.371,0,0.0,0,0
1214.421,0,0.0,0,0
1214.471,0,0.0,0,0
1214.521,0,0.0,0,0
1214.572,0,0.0,0,0
1214.622,0,0.0,0,0
1214.672,0,0.0,0,0
1214.722,0,0.0,0,0
1214.772,0,0.0,0,0
1214.822,0,0.0,0,0
1214.872,0,0.0,0,0
1214.922,0,0.0,0,0
1214.972,0,0.0,0,0
1215.022,0,0.0,0,0
1215.073,0,0.0,0,0
1215.123,0,0.0,0,0
1215.173,0,0.0,0,0
1215.223,0,0.0,0,0
1215.273,0,0.0,0,0
1215.323,0,0.0,0,0
1215.373,0,0.0,0,0
1215.423,0,0.0,0,0
1215.473,0,0.0,0,0
1215.523,0,0.0,0,0
1215.573,0,0.0,0,0
1215.624,0,0.0,0,0
1215.674,0,0.0,0,0
1215.724,0,0.0,0,0
1215.774,0,0.0,0,0
1215.824,0,0.0,0,0
1215.874,0,0.0,0,0
1215.924,0,0.0,0,0
1215.974,0,0.0,0,0
1216.024,0,0.0,0,0
1216.074,0,0.0,0,0
1216.124,0,0.0,0,0
1216.175,0,0.0,0,0
1216.225,0,0.0,0,0
1216.275,0,0.0,0,0
1216.325,0,0.0,0,0
1216.375,0,0.0,0,0
1216.425,0,0.0,0,0
1216.475,0,0.0,0,0
1216.525,0,0.0,0,0
1216.575,0,0.0,0,0
1216.625,0,0.0,0,0
1216.675,0,0.0,0,0
1216.726,0,0.0,0,0
1216.776,0,0.0,0,0
1216.826,0,0.0,0,0
1216.876,0,0.0,0,0
1216.926,0,0.0,0,0
1216.976,0,0.0,0,0
1217.026,0,0.0,0,0
1217.076,0,0.0,0,0
1217.126,0,0.0,0,0
1217.176,0,0.0,0,0
1217.226,0,0.0,0,0
1217.277,0,0.0,0,0
1217.327,0,0.0,0,0
1217.377,0,0.0,0,0
1217.427,0,0.0,0,0
1217.477,0,0.0,0,0
1217.527,0,0.0,0,0
1217.577,0,0.0,0,0
1217.627,0,0.0,0,0
1217.677,0,0.0,0,0
1217.728,0,0.0,0,0
1217.778,0,0.0,0,0
1217.828,0,0.0,0,0
1217.878,0,0.0,0,0
1217.928,0,0.0,0,0
1217.978,0,0.0,0,0
1218.028,0,0.0,0,0
1218.078,0,0.0,0,0
1218.128,0,0.0,0,0
1218.178,0,0.0,0,0
1218.228,0,0.0,0,0
1218.278,0,0.0,0,0
1218.328,0,0.0,0,0
1218.379,0,0.0,0,0
1218.429,0,0.0,0,0
1218.479,0,0.0,0,0
1218.529,0,0.0,0,0
1218.579,0,0.0,0,0
1218.629,0,0.0,0,0
1218.679,0,0.0,0,0
1218.729,0,0.0,0,0
1218.779,0,0.0,0,0
1218.830,0,0.0,0,0
1218.880,0,0.0,0,0
1218.930,0,0.0,0,0
1218.980,0,0.0,0,0
1219.030,0,0.0,0,0
1219.080,0,0.0,0,0
1219.130,0,0.0,0,0
1219.180,0,0.0,0,0
1219.230,0,0.0,0,0
1219.281,0,0.0,0,0
1219.331,0,0.0,0,0
1219.381,0,0.0,0,0
1219.431,0,0.0,0,0
1219.481,0,0.0,0,0
1219.531,0,0.0,0,0
1219.581,0,0.0,0,0
1219.631,0,0.0,0,0
1219.681,0,0.0,0,0
1219.731,0,0.0,0,0
1219.781,0,0.0,0,0
1219.831,0,0.0,0,0
1219.881,0,0.0,0,0
1219.932,0,0.0,0,0
1219.982,0,0.0,0,0
1220.032,0,0.0,0,0
1220.082,0,0.0,0,0
1220.132,0,0.0,0,0
1220.182,0,0.0,0,0
1220.232,0,0.0,0,0
1220.282,0,0.0,0,0
1220.333,0,0.0,0,0
1220.383,0,0.0,0,0
1220.433,0,0.0,0,0
1220.483,0,0.0,0,0
1220.533,0,0.0,0,0
1220.583,0,0.0,0,0
1220.633,0,0.0,0,0
1220.683,0,0.0,0,0
1220.733,0,0.0,0,0
1220.783,0,0.0,0,0
1220.833,0,0.0,0,0
1220.884,0,0.0,0,0
1220.934,0,0.0,0,0
1220.984,0,0.0,0,0
1221.034,0,0.0,0,0
1221.084,0,0.0,0,0
1221.134,0,0.0,0,0
1221.184,0,0.0,0,0
1221.234,0,0.0,0,0
1221.284,0,0.0,0,0
1221.334,0,0.0,0,0
1221.384,0,0.0,0,0
1221.435,0,0.0,0,0
1221.485,0,0.0,0,0
1221.535,0,0.0,0,0
1221.585,0,0.0,0,0
1221.635,0,0.0,0,0
1221.685,0,0.0,0,0
1221.735,0,0.0,0,0
1221.785,0,0.0,0,0
1221.836,0,0.0,0,0
1221.886,0,0.0,0,0
1221.936,0,0.0,0,0
1221.986,0,0.0,0,0
1222.036,0,0.0,0,0
1222.086,0,0.0,0,0
1222.136,0,0.0,0,0
1222.186,0,0.0,0,0
1222.236,0,0.0,0,0
1222.286,0,0.0,0,0
1222.336,0,0.0,0,0
1222.386,0,0.0,0,0
1222.436,0,0.0,0,0
1222.487,0,0.0,0,0
1222.537,0,0.0,0,0
1222.587,0,0.0,0,0
1222.637,0,0.0,0,0
1222.687,0,0.0,0,0
1222.737,0,0.0,0,0
1222.787,0,0.0,0,0
1222.837,0,0.0,0,0
1222.887,0,0.0,0,0
1222.937,0,0.0,0,0
1222.987,0,0.0,0,0
1223.037,0,0.0,0,0
1223.087,0,0.0,0,0
1223.138,0,0.0,0,0
1223.188,0,0.0,0,0
1223.238,0,0.0,0,0
1223.288,0,0.0,0,0
1223.338,0,0.0,0,0
1223.388,0,0.0,0,0
1223.438,0,0.0,0,0
1223.488,0,0.0,0,0
1223.538,0,0.0,0,0
1223.588,0,0.0,0,0
1223.638,0,0.0,0,0
1223.688,0,0.0,0,0
1223.738,0,0.0,0,0
1223.789,0,0.0,0,0
1223.839,0,0.0,0,0
1223.889,0,0.0,0,0
1223.939,0,0.0,0,0
1223.989,0,0.0,0,0
1224.039,0,0.0,0,0
1224.089,0,0.0,0,0
1224.139,0,0.0,0,0
1224.189,0,0.0,0,0
1224.239,0,0.0,0,0
1224.289,0,0.0,0,0
1224.339,0,0.0,0,0
1224.390,0,0.0,0,0
1224.440,0,0.0,0,0
1224.490,0,0.0,0,0
1224.540,0,0.0,0,0
1224.590,0,0.0,0,0
1224.640,0,0.0,0,0
1224.690,0,0.0,0,0
1224.740,0,0.0,0,0
1224.791,0,0.0,0,0
1224.841,0,0.0,0,0
1224.891,0,0.0,0,0
1224.941,0,0.0,0,0
1224.991,0,0.0,0,0
1225.041,0,0.0,0,0
1225.091,0,0.0,0,0
1225.141,0,0.0,0,0
1225.191,0,0.0,0,0
1225.241,0,0.0,0,0
1225.291,0,0.0,0,0
1225.341,0,0.0,0,0
1225.391,0,0.0,0,0
1225.441,0,0.0,0,0
1225.491,0,0.0,0,0
1225.542,0,0.0,0,0
1225.592,0,0.0,0,0
1225.642,0,0.0,0,0
1225.692,0,0.0,0,0
1225.742,0,0.0,0,0
1225.792,0,0.0,0,0
1225.842,0,0.0,0,0
1225.892,0,0.0,0,0
1225.942,0,0.0,0,0
1225.992,0,0.0,0,0
1226.042,0,0.0,0,0
1226.092,0,0.0,0,0
1226.143,0,0.0,0,0
1226.193,0,0.0,0,0
1226.243,0,0.0,0,0
1226.293,0,0.0,0,0
1226.343,0,0.0,0,0
1226.393,0,0.0,0,0
1226.443,0,0.0,0,0
1226.493,0,0.0,0,0
1226.543,0,0.0,0,0
1226.593,0,0.0,0,0
1226.644,0,0.0,0,0
1226.694,0,0.0,0,0
1226.744,0,0.0,0,0
1226.794,0,0.0,0,0
1226.844,0,0.0,0,0
1226.894,0,0.0,0,0
1226.944,0,0.0,0,0
1226.994,0,0.0,0,0
1227.044,0,0.0,0,0
1227.094,0,0.0,0,0
1227.144,0,0.0,0,0
1227.194,0,0.0,0,0
1227.245,0,0.0,0,0
1227.295,0,0.0,0,0
1227.345,0,0.0,0,0
1227.395,0,0.0,0,0
1227.445,0,0.0,0,0
1227.495,0,0.0,0,0
1227.545,0,0.0,0,0
1227.595,0,0.0,0,0
1227.645,0,0.0,0,0
1227.695,0,0.0,0,0
1227.746,0,0.0,0,0
1227.796,0,0.0,0,0
1227.846,0,0.0,0,0
1227.896,0,0.0,0,0
1227.946,0,0.0,0,0
1227.996,0,0.0,0,0
1228.046,0,0.0,0,0
1228.096,0,0.0,0,0
1228.146,0,0.0,0,0
1228.197,0,0.0,0,0
1228.247,0,0.0,0,0
1228.297,0,0.0,0,0
1228.347,0,0.0,0,0
1228.397,0,0.0,0,0
1228.447,0,0.0,0,0
1228.497,0,0.0,0,0
1228.547,0,0.0,0,0
1228.597,0,0.0,0,0
1228.647,0,0.0,0,0
1228.697,0,0.0,0,0
1228.748,0,0.0,0,0
1228.798,0,0.0,0,0
1228.848,0,0.0,0,0
1228.898,0,0.0,0,0
1228.948,0,0.0,0,0
1228.998,0,0.0,0,0
1229.048,0,0.0,0,0
1229.098,0,0.0,0,0
1229.148,0,0.0,0,0
1229.198,0,0.0,0,0
1229.248,0,0.0,0,0
1229.299,0,0.0,0,0
1229.349,0,0.0,0,0
1229.399,0,0.0,0,0
1229.449,0,0.0,0,0
1229.499,0,0.0,0,0
1229.549,0,0.0,0,0
1229.599,0,0.0,0,0
1229.649,0,0.0,0,0
1229.699,0,0.0,0,0
1229.749,0,0.0,0,0
1229.799,0,0.0,0,0
1229.850,0,0.0,0,0
1229.900,0,0.0,0,0
1229.950,0,0.0,0,0
1230.000,0,0.0,0,0
1230.050,0,0.0,0,0
1230.100,0,0.0,0,0
1230.150,0,0.0,0,0
1230.200,0,0.0,0,0
1230.250,0,0.0,0,0
1230.300,0,0.0,0,0
1230.350,0,0.0,0,0
1230.400,0,0.0,0,0
1230.450,0,0.0,0,0
1230.500,0,0.0,0,0
1230.551,0,0.0,0,0
1230.601,0,0.0,0,0
1230.651,0,0.0,0,0
1230.701,0,0.0,0,0
1230.751,0,0.0,0,0
1230.801,0,0.0,0,0
1230.851,0,0.0,0,0
1230.901,0,0.0,0,0
1230.951,0,0.0,0,0
1231.001,0,0.0,0,0
1231.051,0,0.0,0,0
1231.101,0,0.0,0,0
1231.151,0,0.0,0,0
1231.202,0,0.0,0,0
1231.252,0,0.0,0,0
1231.302,0,0.0,0,0
1231.352,0,0.0,0,0
1231.402,0,0.0,0,0
1231.452,0,0.0,0,0
1231.502,0,0.0,0,0
1231.552,0,0.0,0,0
1231.602,0,0.0,0,0
1231.653,0,0.0,0,0
1231.703,0,0.0,0,0
1231.753,0,0.0,0,0
1231.803,0,0.0,0,0
1231.853,0,0.0,0,0
1231.903,0,0.0,0,0
1231.953,0,0.0,0,0
1232.003,0,0.0,0,0
1232.053,0,0.0,0,0
1232.103,0,0.0,0,0
1232.154,0,0.0,0,0
1232.204,0,0.0,0,0
1232.254,0,0.0,0,0
1232.304,0,0.0,0,0
1232.354,0,0.0,0,0
1232.404,0,0.0,0,0
1232.454,0,0.0,0,0
1232.504,0,0.0,0,0
1232.554,0,0.0,0,0
1232.604,0,0.0,0,0
1232.654,0,0.0,0,0
1232.704,0,0.0,0,0
1232.754,0,0.0,0,0
1232.805,0,0.0,0,0
1232.855,0,0.0,0,0
1232.905,0,0.0,0,0
1232.955,0,0.0,0,0
1233.005,0,0.0,0,0
1233.055,0,0.0,0,0
1233.105,0,0.0,0,0
1233.155,0,0.0,0,0
1233.205,0,0.0,0,0
1233.255,0,0.0,0,0
1233.305,0,0.0,0,0
1233.356,0,0.0,0,0
1233.406,0,0.0,0,0
1233.456,0,0.0,0,0
1233.506,0,0.0,0,0
1233.556,0,0.0,0,0
1233.606,0,0.0,0,0
1233.656,0,0.0,0,0
1233.706,0,0.0,0,0
1233.756,0,0.0,0,0
1233.806,0,0.0,0,0
1233.857,0,0.0,0,0
1233.907,0,0.0,0,0
1233.957,0,0.0,0,0
1234.007,0,0.0,0,0
1234.057,0,0.0,0,0
1234.107,0,0.0,0,0
1234.157,0,0.0,0,0
1234.207,0,0.0,0,0
1234.257,0,0.0,0,0
1234.308,0,0.0,0,0
1234.358,0,0.0,0,0
1234.408,0,0.0,0,0
1234.458,0,0.0,0,0
1234.508,0,0.0,0,0
1234.558,0,0.0,0,0
1234.608,0,0.0,0,0
1234.658,0,0.0,0,0
1234.709,0,0.0,0,0
1234.759,0,0.0,0,0
1234.809,0,0.0,0,0
1234.859,0,0.0,0,0
1234.909,0,0.0,0,0
1234.959,0,0.0,0,0
1235.009,0,0.0,0,0
1235.059,0,0.0,0,0
1235.109,0,0.0,0,0
1235.159,0,0.0,0,0
1235.209,0,0.0,0,0
1235.260,0,0.0,0,0
1235.310,0,0.0,0,0
1235.360,0,0.0,0,0
1235.410,0,0.0,0,0
1235.460,0,0.0,0,0
1235.510,0,0.0,0,0
1235.560,0,0.0,0,0
1235.610,0,0.0,0,0
1235.661,0,0.0,0,0
1235.711,0,0.0,0,0
1235.761,0,0.0,0,0
1235.811,0,0.0,0,0
1235.861,0,0.0,0,0
1235.911,0,0.0,0,0
1235.961,0,0.0,0,0
1236.011,0,0.0,0,0
1236.061,0,0.0,0,0
1236.111,0,0.0,0,0
1236.161,0,0.0,0,0
1236.211,0,0.0,0,0
1236.261,0,0.0,0,0
1236.311,0,0.0,0,0
1236.362,0,0.0,0,0
1236.412,0,0.0,0,0
1236.462,0,0.0,0,0
1236.512,0,0.0,0,0
1236.562,0,0.0,0,0
1236.612,0,0.0,0,0
1236.662,0,0.0,0,0
1236.713,0,0.0,0,0
1236.763,0,0.0,0,0
1236.813,0,0.0,0,0
1236.863,0,0.0,0,0
1236.913,0,0.0,0,0
1236.963,0,0.0,0,0
1237.013,0,0.0,0,0
1237.063,0,0.0,0,0
1237.113,0,0.0,0,0
1237.163,0,0.0,0,0
1237.214,0,0.0,0,0
1237.264,0,0.0,0,0
1237.314,0,0.0,0,0
1237.364,0,0.0,0,0
1237.414,0,0.0,0,0
1237.464,0,0.0,0,0
1237.514,0,0.0,0,0
1237.564,0,0.0,0,0
1237.614,0,0.0,0,0
1237.664,0,0.0,0,0
1237.714,0,0.0,0,0
1237.765,0,0.0,0,0
1237.815,0,0.0,0,0
1237.865,0,0.0,0,0
1237.915,0,0.0,0,0
1237.965,0,0.0,0,0
1238.015,0,0.0,0,0
1238.065,0,0.0,0,0
1238.115,0,0.0,0,0
1238.165,0,0.0,0,0
1238.215,0,0.0,0,0
1238.266,0,0.0,0,0
1238.316,0,0.0,0,0
1238.366,0,0.0,0,0
1238.416,0,0.0,0,0
1238.466,0,0.0,0,0
1238.516,0,0.0,0,0
1238.566,0,0.0,0,0
1238.616,0,0.0,0,0
1238.666,0,0.0,0,0
1238.716,0,0.0,0,0
1238.766,0,0.0,0,0
1238.817,0,0.0,0,0
1238.867,0,0.0,0,0
1238.917,0,0.0,0,0
1238.967,0,0.0,0,0
1239.017,0,0.0,0,0
1239.067,0,0.0,0,0
1239.117,0,0.0,0,0
1239.167,0,0.0,0,0
1239.217,0,0.0,0,0
1239.267,0,0.0,0,0
1239.317,0,0.0,0,0
1239.367,0,0.0,0,0
1239.418,0,0.0,0,0
1239.468,0,0.0,0,0
1239.518,0,0.0,0,0
1239.568,0,0.0,0,0
1239.618,0,0.0,0,0
1239.668,0,0.0,0,0
1239.718,0,0.0,0,0
1239.768,0,0.0,0,0
1239.818,0,0.0,0,0
1239.868,0,0.0,0,0
1239.918,0,0.0,0,0
1239.968,0,0.0,0,0
1240.018,0,0.0,0,0
1240.069,0,0.0,0,0
1240.119,0,0.0,0,0
1240.169,0,0.0,0,0
1240.219,0,0.0,0,0
1240.269,0,0.0,0,0
1240.319,0,0.0,0,0
1240.369,0,0.0,0,0
1240.419,0,0.0,0,0
1240.469,0,0.0,0,0
1240.519,0,0.0,0,0
1240.569,0,0.0,0,0
1240.619,0,0.0,0,0
1240.670,0,0.0,0,0
1240.720,0,0.0,0,0
1240.770,0,0.0,0,0
1240.820,0,0.0,0,0
1240.870,0,0.0,0,0
1240.920,0,0.0,0,0
1240.970,0,0.0,0,0
1241.020,0,0.0,0,0
1241.070,0,0.0,0,0
1241.121,0,0.0,0,0
1241.171,0,0.0,0,0
1241.221,0,0.0,0,0
1241.271,0,0.0,0,0
1241.321,0,0.0,0,0
1241.371,0,0.0,0,0
1241.421,0,0.0,0,0
1241.471,0,0.0,0,0
1241.521,0,0.0,0,0
1241.571,0,0.0,0,0
1241.621,0,0.0,0,0
1241.671,0,0.0,0,0
1241.722,0,0.0,0,0
1241.772,0,0.0,0,0
1241.822,0,0.0,0,0
1241.872,0,0.0,0,0
1241.922,0,0.0,0,0
1241.972,0,0.0,0,0
1242.022,0,0.0,0,0
1242.072,0,0.0,0,0
1242.123,0,0.0,0,0
1242.173,0,0.0,0,0
1242.223,0,0.0,0,0
1242.273,0,0.0,0,0
1242.323,0,0.0,0,0
1242.373,0,0.0,0,0
1242.423,0,0.0,0,0
1242.473,0,0.0,0,0
1242.523,0,0.0,0,0
1242.573,0,0.0,0,0
1242.623,0,0.0,0,0
1242.674,0,0.0,0,0
1242.724,0,0.0,0,0
1242.774,0,0.0,0,0
1242.824,0,0.0,0,0
1242.874,0,0.0,0,0
1242.924,0,0.0,0,0
1242.974,0,0.0,0,0
1243.025,0,0.0,0,0
1243.075,0,0.0,0,0
1243.125,0,0.0,0,0
1243.175,0,0.0,0,0
1243.225,0,0.0,0,0
1243.275,0,0.0,0,0
1243.325,0,0.0,0,0
1243.375,0,0.0,0,0
1243.425,0,0.0,0,0
1243.475,0,0.0,0,0
1243.526,0,0.0,0,0
1243.576,0,0.0,0,0
1243.626,0,0.0,0,0
1243.676,0,0.0,0,0
1243.726,0,0.0,0,0
1243.776,0,0.0,0,0
1243.826,0,0.0,0,0
1243.876,0,0.0,0,0
1243.927,0,0.0,0,0
1243.977,0,0.0,0,0
1244.027,0,0.0,0,0
1244.077,0,0.0,0,0
1244.127,0,0.0,0,0
1244.177,0,0.0,0,0
1244.227,0,0.0,0,0
1244.277,0,0.0,0,0
1244.327,0,0.0,0,0
1244.377,0,0.0,0,0
1244.427,0,0.0,0,0
1244.477,0,0.0,0,0
1244.528,0,0.0,0,0
1244.578,0,0.0,0,0
1244.628,0,0.0,0,0
1244.678,0,0.0,0,0
1244.728,0,0.0,0,0
1244.778,0,0.0,0,0
1244.828,0,0.0,0,0
1244.878,0,0.0,0,0
1244.928,0,0.0,0,0
1244.978,0,0.0,0,0
1245.028,0,0.0,0,0
1245.079,0,0.0,0,0
1245.129,0,0.0,0,0
1245.179,0,0.0,0,0
1245.229,0,0.0,0,0
1245.279,0,0.0,0,0
1245.329,0,0.0,0,0
1245.379,0,0.0,0,0
1245.429,0,0.0,0,0
1245.480,0,0.0,0,0
1245.530,0,0.0,0,0
1245.580,0,0.0,0,0
1245.630,0,0.0,0,0
1245.680,0,0.0,0,0
1245.730,0,0.0,0,0
1245.780,0,0.0,0,0
1245.830,0,0.0,0,0
1245.880,0,0.0,0,0
1245.930,0,0.0,0,0
1245.981,0,0.0,0,0
1246.031,0,0.0,0,0
1246.081,0,0.0,0,0
1246.131,0,0.0,0,0
1246.181,0,0.0,0,0
1246.231,0,0.0,0,0
1246.281,0,0.0,0,0
1246.331,0,0.0,0,0
1246.381,0,0.0,0,0
1246.431,0,0.0,0,0
1246.482,0,0.0,0,0
1246.532,0,0.0,0,0
1246.582,0,0.0,0,0
1246.632,0,0.0,0,0
1246.682,0,0.0,0,0
1246.732,0,0.0,0,0
1246.782,0,0.0,0,0
1246.832,0,0.0,0,0
1246.882,0,0.0,0,0
1246.933,0,0.0,0,0
1246.983,0,0.0,0,0
1247.033,0,0.0,0,0
1247.083,0,0.0,0,0
1247.133,0,0.0,0,0
1247.183,0,0.0,0,0
1247.233,0,0.0,0,0
1247.283,0,0.0,0,0
1247.333,0,0.0,0,0
1247.383,0,0.0,0,0
1247.434,0,0.0,0,0
1247.484,0,0.0,0,0
1247.534,0,0.0,0,0
1247.584,0,0.0,0,0
1247.634,0,0.0,0,0
1247.684,0,0.0,0,0
1247.734,0,0.0,0,0
1247.784,0,0.0,0,0
1247.834,0,0.0,0,0
1247.884,0,0.0,0,0
1247.935,0,0.0,0,0
1247.985,0,0.0,0,0
1248.035,0,0.0,0,0
1248.085,0,0.0,0,0
1248.135,0,0.0,0,0
1248.185,0,0.0,0,0
1248.235,0,0.0,0,0
1248.285,0,0.0,0,0
1248.335,0,0.0,0,0
1248.385,0,0.0,0,0
1248.435,0,0.0,0,0
1248.485,0,0.0,0,0
1248.535,0,0.0,0,0
1248.585,0,0.0,0,0
1248.635,0,0.0,0,0
1248.686,0,0.0,0,0
1248.736,0,0.0,0,0
1248.786,0,0.0,0,0
1248.836,0,0.0,0,0
1248.886,0,0.0,0,0
1248.936,0,0.0,0,0
1248.986,0,0.0,0,0
1249.036,0,0.0,0,0
1249.086,0,0.0,0,0
1249.137,0,0.0,0,0
1249.187,0,0.0,0,0
1249.237,0,0.0,0,0
1249.287,0,0.0,0,0
1249.337,0,0.0,0,0
1249.387,0,0.0,0,0
1249.437,0,0.0,0,0
1249.487,0,0.0,0,0
1249.537,0,0.0,0,0
1249.587,0,0.0,0,0
1249.638,0,0.0,0,0
1249.688,0,0.0,0,0
1249.738,0,0.0,0,0
1249.788,0,0.0,0,0
1249.838,0,0.0,0,0
1249.888,0,0.0,0,0
1249.938,0,0.0,0,0
1249.988,0,0.0,0,0
1250.038,0,0.0,0,0
1250.089,0,0.0,0,0
1250.139,0,0.0,0,0
1250.189,0,0.0,0,0
1250.239,0,0.0,0,0
1250.289,0,0.0,0,0
1250.339,0,0.0,0,0
1250.389,0,0.0,0,0
1250.439,0,0.0,0,0
1250.489,0,0.0,0,0
1250.539,0,0.0,0,0
1250.589,0,0.0,0,0
1250.640,0,0.0,0,0
1250.690,0,0.0,0,0
1250.740,0,0.0,0,0
1250.790,0,0.0,0,0
1250.840,0,0.0,0,0
1250.890,0,0.0,0,0
1250.940,0,0.0,0,0
1250.990,0,0.0,0,0
1251.040,0,0.0,0,0
1251.091,0,0.0,0,0
1251.141,0,0.0,0,0
1251.191,0,0.0,0,0
1251.241,0,0.0,0,0
1251.291,0,0.0,0,0
1251.341,0,0.0,0,0
1251.391,0,0.0,0,0
1251.441,0,0.0,0,0
1251.491,0,0.0,0,0
1251.542,0,0.0,0,0
1251.592,0,0.0,0,0
1251.642,0,0.0,0,0
1251.692,0,0.0,0,0
1251.742,0,0.0,0,0
1251.792,0,0.0,0,0
1251.842,0,0.0,0,0
1251.892,0,0.0,0,0
1251.943,0,0.0,0,0
1251.993,0,0.0,0,0
1252.043,0,0.0,0,0
1252.093,0,0.0,0,0
1252.143,0,0.0,0,0
1252.193,0,0.0,0,0
1252.243,0,0.0,0,0
1252.293,0,0.0,0,0
1252.343,0,0.0,0,0
1252.394,0,0.0,0,0
1252.444,0,0.0,0,0
1252.494,0,0.0,0,0
1252.544,0,0.0,0,0
1252.594,0,0.0,0,0
1252.644,0,0.0,0,0
1252.694,0,0.0,0,0
1252.744,0,0.0,0,0
1252.794,0,0.0,0,0
1252.844,0,0.0,0,0
1252.894,0,0.0,0,0
1252.945,0,0.0,0,0
1252.995,0,0.0,0,0
1253.045,0,0.0,0,0
1253.095,0,0.0,0,0
1253.145,0,0.0,0,0
1253.195,0,0.0,0,0
1253.245,0,0.0,0,0
1253.295,0,0.0,0,0
1253.345,0,0.0,0,0
1253.395,0,0.0,0,0
1253.446,0,0.0,0,0
1253.496,0,0.0,0,0
1253.546,0,0.0,0,0
1253.596,0,0.0,0,0
1253.646,0,0.0,0,0
1253.696,0,0.0,0,0
1253.746,0,0.0,0,0
1253.796,0,0.0,0,0
1253.846,0,0.0,0,0
1253.896,0,0.0,0,0
1253.947,0,0.0,0,0
1253.997,0,0.0,0,0
1254.047,0,0.0,0,0
1254.097,0,0.0,0,0
1254.147,0,0.0,0,0
1254.197,0,0.0,0,0
1254.247,0,0.0,0,0
1254.297,0,0.0,0,0
1254.347,0,0.0,0,0
1254.398,0,0.0,0,0
1254.448,0,0.0,0,0
1254.498,0,0.0,0,0
1254.548,0,0.0,0,0
1254.598,0,0.0,0,0
1254.648,0,0.0,0,0
1254.698,0,0.0,0,0
1254.748,0,0.0,0,0
1254.799,0,0.0,0,0
1254.849,0,0.0,0,0
1254.899,0,0.0,0,0
1254.949,0,0.0,0,0
1254.999,0,0.0,0,0
1255.049,0,0.0,0,0
1255.099,0,0.0,0,0
1255.149,0,0.0,0,0
1255.199,0,0.0,0,0
1255.249,0,0.0,0,0
1255.300,0,0.0,0,0
1255.350,0,0.0,0,0
1255.400,0,0.0,0,0
1255.450,0,0.0,0,0
1255.500,0,0.0,0,0
1255.550,0,0.0,0,0
1255.600,0,0.0,0,0
1255.650,0,0.0,0,0
1255.701,0,0.0,0,0
1255.751,0,0.0,0,0
1255.801,0,0.0,0,0
1255.851,0,0.0,0,0
1255.901,0,0.0,0,0
1255.951,0,0.0,0,0
1256.001,0,0.0,0,0
1256.051,0,0.0,0,0
1256.101,0,0.0,0,0
1256.151,0,0.0,0,0
1256.202,0,0.0,0,0
1256.252,0,0.0,0,0
1256.302,0,0.0,0,0
1256.352,0,0.0,0,0
1256.402,0,0.0,0,0
1256.452,0,0.0,0,0
1256.502,0,0.0,0,0
1256.552,0,0.0,0,0
1256.602,0,0.0,0,0
1256.652,0,0.0,0,0
1256.703,0,0.0,0,0
1256.753,0,0.0,0,0
1256.803,0,0.0,0,0
1256.853,0,0.0,0,0
1256.903,0,0.0,0,0
1256.953,0,0.0,0,0
1257.003,0,0.0,0,0
1257.054,0,0.0,0,0
1257.104,0,0.0,0,0
1257.154,0,0.0,0,0
1257.204,0,0.0,0,0
1257.254,0,0.0,0,0
1257.304,0,0.0,0,0
1257.354,0,0.0,0,0
1257.404,0,0.0,0,0
1257.454,0,0.0,0,0
1257.504,0,0.0,0,0
1257.555,0,0.0,0,0
1257.605,0,0.0,0,0
1257.655,0,0.0,0,0
1257.705,0,0.0,0,0
1257.755,0,0.0,0,0
1257.805,0,0.0,0,0
1257.855,0,0.0,0,0
1257.905,0,0.0,0,0
1257.955,0,0.0,0,0
1258.005,0,0.0,0,0
1258.055,0,0.0,0,0
1258.105,0,0.0,0,0
1258.156,0,0.0,0,0
1258.206,0,0.0,0,0
1258.256,0,0.0,0,0
1258.306,0,0.0,0,0
1258.356,0,0.0,0,0
1258.406,0,0.0,0,0
1258.456,0,0.0,0,0
1258.506,0,0.0,0,0
1258.556,0,0.0,0,0
1258.606,0,0.0,0,0
1258.657,0,0.0,0,0
1258.707,0,0.0,0,0
1258.757,0,0.0,0,0
1258.807,0,0.0,0,0
1258.857,0,0.0,0,0
1258.907,0,0.0,0,0
1258.957,0,0.0,0,0
1259.007,0,0.0,0,0
1259.057,0,0.0,0,0
1259.108,0,0.0,0,0
1259.158,0,0.0,0,0
1259.208,0,0.0,0,0
1259.258,0,0.0,0,0
1259.308,0,0.0,0,0
1259.358,0,0.0,0,0
1259.408,0,0.0,0,0
1259.458,0,0.0,0,0
1259.508,0,0.0,0,0
1259.559,0,0.0,0,0
1259.609,0,0.0,0,0
1259.659,0,0.0,0,0
1259.709,0,0.0,0,0
1259.759,0,0.0,0,0
1259.809,0,0.0,0,0
1259.859,0,0.0,0,0
1259.909,0,0.0,0,0
1259.959,0,0.0,0,0
1260.009,0,0.0,0,0
1260.060,0,0.0,0,0
1260.110,0,0.0,0,0
1260.160,0,0.0,0,0
1260.210,0,0.0,0,0
1260.260,0,0.0,0,0
1260.310,0,0.0,0,0
1260.360,0,0.0,0,0
1260.410,0,0.0,0,0
1260.460,0,0.0,0,0
1260.510,0,0.0,0,0
1260.560,0,0.0,0,0
1260.610,0,0.0,0,0
1260.661,0,0.0,0,0
1260.711,0,0.0,0,0
1260.761,0,0.0,0,0
1260.811,0,0.0,0,0
1260.861,0,0.0,0,0
1260.911,0,0.0,0,0
1260.961,0,0.0,0,0
1261.011,0,0.0,0,0
1261.062,0,0.0,0,0
1261.112,0,0.0,0,0
1261.162,0,0.0,0,0
1261.212,0,0.0,0,0
1261.262,0,0.0,0,0
1261.312,0,0.0,0,0
1261.362,0,0.0,0,0
1261.412,0,0.0,0,0
1261.463,0,0.0,0,0
1261.513,0,0.0,0,0
1261.563,0,0.0,0,0
1261.613,0,0.0,0,0
1261.663,0,0.0,0,0
1261.713,0,0.0,0,0
1261.763,0,0.0,0,0
1261.813,0,0.0,0,0
1261.863,0,0.0,0,0
1261.913,0,0.0,0,0
1261.963,0,0.0,0,0
1262.013,0,0.0,0,0
1262.063,0,0.0,0,0
1262.113,0,0.0,0,0
1262.164,0,0.0,0,0
1262.214,0,0.0,0,0
1262.264,0,0.0,0,0
1262.314,0,0.0,0,0
1262.364,0,0.0,0,0
1262.414,0,0.0,0,0
1262.464,0,0.0,0,0
1262.515,0,0.0,0,0
1262.565,0,0.0,0,0
1262.615,0,0.0,0,0
1262.665,0,0.0,0,0
1262.715,0,0.0,0,0
1262.765,0,0.0,0,0
1262.815,0,0.0,0,0
1262.865,0,0.0,0,0
1262.915,0,0.0,0,0
1262.965,0,0.0,0,0
1263.015,0,0.0,0,0
1263.065,0,0.0,0,0
1263.116,0,0.0,0,0
1263.166,0,0.0,0,0
1263.216,0,0.0,0,0
1263.266,0,0.0,0,0
1263.316,0,0.0,0,0
1263.366,0,0.0,0,0
1263.416,0,0.0,0,0
1263.466,0,0.0,0,0
1263.516,0,0.0,0,0
1263.566,0,0.0,0,0
1263.617,0,0.0,0,0
1263.667,0,0.0,0,0
1263.717,0,0.0,0,0
1263.767,0,0.0,0,0
1263.817,0,0.0,0,0
1263.867,0,0.0,0,0
1263.917,0,0.0,0,0
1263.967,0,0.0,0,0
1264.017,0,0.0,0,0
1264.068,0,0.0,0,0
1264.118,0,0.0,0,0
1264.168,0,0.0,0,0
1264.218,0,0.0,0,0
1264.268,0,0.0,0,0
1264.318,0,0.0,0,0
1264.368,0,0.0,0,0
1264.418,0,0.0,0,0
1264.468,0,0.0,0,0
1264.518,0,0.0,0,0
1264.568,0,0.0,0,0
1264.619,0,0.0,0,0
1264.669,0,0.0,0,0
1264.719,0,0.0,0,0
1264.769,0,0.0,0,0
1264.819,0,0.0,0,0
1264.869,0,0.0,0,0
1264.919,0,0.0,0,0
1264.969,0,0.0,0,0
1265.019,0,0.0,0,0
1265.069,0,0.0,0,0
1265.119,0,0.0,0,0
1265.170,0,0.0,0,0
1265.220,0,0.0,0,0
1265.270,0,0.0,0,0
1265.320,0,0.0,0,0
1265.370,0,0.0,0,0
1265.420,0,0.0,0,0
1265.470,0,0.0,0,0
1265.521,0,0.0,0,0
1265.571,0,0.0,0,0
1265.621,0,0.0,0,0
1265.671,0,0.0,0,0
1265.721,0,0.0,0,0
1265.771,0,0.0,0,0
1265.821,0,0.0,0,0
1265.871,0,0.0,0,0
1265.922,0,0.0,0,0
1265.972,0,0.0,0,0
1266.022,0,0.0,0,0
1266.072,0,0.0,0,0
1266.122,0,0.0,0,0
1266.172,0,0.0,0,0
1266.222,0,0.0,0,0
1266.272,0,0.0,0,0
1266.322,0,0.0,0,0
1266.373,0,0.0,0,0
1266.423,0,0.0,0,0
1266.473,0,0.0,0,0
1266.523,0,0.0,0,0
1266.573,0,0.0,0,0
1266.623,0,0.0,0,0
1266.673,0,0.0,0,0
1266.723,0,0.0,0,0
1266.773,0,0.0,0,0
1266.823,0,0.0,0,0
1266.873,0,0.0,0,0
1266.923,0,0.0,0,0
1266.973,0,0.0,0,0
1267.024,0,0.0,0,0
1267.074,0,0.0,0,0
1267.124,0,0.0,0,0
1267.174,0,0.0,0,0
1267.224,0,0.0,0,0
1267.274,0,0.0,0,0
1267.324,0,0.0,0,0
1267.374,0,0.0,0,0
1267.425,0,0.0,0,0
1267.475,0,0.0,0,0
1267.525,0,0.0,0,0
1267.575,0,0.0,0,0
1267.625,0,0.0,0,0
1267.675,0,0.0,0,0
1267.725,0,0.0,0,0
1267.775,0,0.0,0,0
1267.825,0,0.0,0,0
1267.875,0,0.0,0,0
1267.926,0,0.0,0,0
1267.976,0,0.0,0,0
1268.026,0,0.0,0,0
1268.076,0,0.0,0,0
1268.126,0,0.0,0,0
1268.176,0,0.0,0,0
1268.226,0,0.0,0,0
1268.276,0,0.0,0,0
1268.326,0,0.0,0,0
1268.376,0,0.0,0,0
1268.426,0,0.0,0,0
1268.476,0,0.0,0,0
1268.526,0,0.0,0,0
1268.576,0,0.0,0,0
1268.626,0,0.0,0,0
1268.677,0,0.0,0,0
1268.727,0,0.0,0,0
1268.777,0,0.0,0,0
1268.827,0,0.0,0,0
1268.877,0,0.0,0,0
1268.927,0,0.0,0,0
1268.977,0,0.0,0,0
1269.027,0,0.0,0,0
1269.077,0,0.0,0,0
1269.127,0,0.0,0,0
1269.177,0,0.0,0,0
1269.228,0,0.0,0,0
1269.278,0,0.0,0,0
1269.328,0,0.0,0,0
1269.378,0,0.0,0,0
1269.428,0,0.0,0,0
1269.478,0,0.0,0,0
1269.528,0,0.0,0,0
1269.578,0,0.0,0,0
1269.628,0,0.0,0,0
1269.679,0,0.0,0,0
1269.729,0,0.0,0,0
1269.779,0,0.0,0,0
1269.829,0,0.0,0,0
1269.879,0,0.0,0,0
1269.929,0,0.0,0,0
1269.979,0,0.0,0,0
1270.029,0,0.0,0,0
1270.079,0,0.0,0,0
1270.129,0,0.0,0,0
1270.180,0,0.0,0,0
1270.230,0,0.0,0,0
1270.280,0,0.0,0,0
1270.330,0,0.0,0,0
1270.380,0,0.0,0,0
1270.430,0,0.0,0,0
1270.480,0,0.0,0,0
1270.530,0,0.0,0,0
1270.580,0,0.0,0,0
1270.631,0,0.0,0,0
1270.681,0,0.0,0,0
1270.731,0,0.0,0,0
1270.781,0,0.0,0,0
1270.831,0,0.0,0,0
1270.881,0,0.0,0,0
1270.931,0,0.0,0,0
1270.981,0,0.0,0,0
1271.031,0,0.0,0,0
1271.081,0,0.0,0,0
1271.131,0,0.0,0,0
1271.181,0,0.0,0,0
1271.232,0,0.0,0,0
1271.282,0,0.0,0,0
1271.332,0,0.0,0,0
1271.382,0,0.0,0,0
1271.432,0,0.0,0,0
1271.482,0,0.0,0,0
1271.532,0,0.0,0,0
1271.582,0,0.0,0,0
1271.632,0,0.0,0,0
1271.683,0,0.0,0,0
1271.733,0,0.0,0,0
1271.783,0,0.0,0,0
1271.833,0,0.0,0,0
1271.883,0,0.0,0,0
1271.933,0,0.0,0,0
1271.983,0,0.0,0,0
1272.033,0,0.0,0,0
1272.084,0,0.0,0,0
1272.134,0,0.0,0,0
1272.184,0,0.0,0,0
1272.234,0,0.0,0,0
1272.284,0,0.0,0,0
1272.334,0,0.0,0,0
1272.384,0,0.0,0,0
1272.434,0,0.0,0,0
1272.484,0,0.0,0,0
1272.534,0,0.0,0,0
1272.584,0,0.0,0,0
1272.634,0,0.0,0,0
1272.685,0,0.0,0,0
1272.735,0,0.0,0,0
1272.785,0,0.0,0,0
1272.835,0,0.0,0,0
1272.885,0,0.0,0,0
1272.935,0,0.0,0,0
1272.985,0,0.0,0,0
1273.035,0,0.0,0,0
1273.085,0,0.0,0,0
1273.136,0,0.0,0,0
1273.186,0,0.0,0,0
1273.236,0,0.0,0,0
1273.286,0,0.0,0,0
1273.336,0,0.0,0,0
1273.386,0,0.0,0,0
1273.436,0,0.0,0,0
1273.486,0,0.0,0,0
1273.536,0,0.0,0,0
1273.586,0,0.0,0,0
1273.637,0,0.0,0,0
1273.687,0,0.0,0,0
1273.737,0,0.0,0,0
1273.787,0,0.0,0,0
1273.837,0,0.0,0,0
1273.887,0,0.0,0,0
1273.937,0,0.0,0,0
1273.987,0,0.0,0,0
1274.038,0,0.0,0,0
1274.088,0,0.0,0,0
1274.138,0,0.0,0,0
1274.188,0,0.0,0,0
1274.238,0,0.0,0,0
1274.288,0,0.0,0,0
1274.338,0,0.0,0,0
1274.388,0,0.0,0,0
1274.438,0,0.0,0,0
1274.488,0,0.0,0,0
1274.538,0,0.0,0,0
1274.589,0,0.0,0,0
1274.639,0,0.0,0,0
1274.689,0,0.0,0,0
1274.739,0,0.0,0,0
1274.789,0,0.0,0,0
1274.839,0,0.0,0,0
1274.889,0,0.0,0,0
1274.939,0,0.0,0,0
1274.989,0,0.0,0,0
1275.039,0,0.0,0,0
1275.089,0,0.0,0,0
1275.140,0,0.0,0,0
1275.190,0,0.0,0,0
1275.240,0,0.0,0,0
1275.290,0,0.0,0,0
1275.340,0,0.0,0,0
1275.390,0,0.0,0,0
1275.440,0,0.0,0,0
1275.490,0,0.0,0,0
1275.540,0,0.0,0,0
1275.590,0,0.0,0,0
1275.641,0,0.0,0,0
1275.691,0,0.0,0,0
1275.741,0,0.0,0,0
1275.791,0,0.0,0,0
1275.841,0,0.0,0,0
1275.891,0,0.0,0,0
1275.941,0,0.0,0,0
1275.991,0,0.0,0,0
1276.041,0,0.0,0,0
1276.091,0,0.0,0,0
1276.142,0,0.0,0,0
1276.192,0,0.0,0,0
1276.242,0,0.0,0,0
1276.292,0,0.0,0,0
1276.342,0,0.0,0,0
1276.392,0,0.0,0,0
1276.442,0,0.0,0,0
1276.492,0,0.0,0,0
1276.542,0,0.0,0,0
1276.592,0,0.0,0,0
1276.643,0,0.0,0,0
1276.693,0,0.0,0,0
1276.743,0,0.0,0,0
1276.793,0,0.0,0,0
1276.843,0,0.0,0,0
1276.893,0,0.0,0,0
1276.943,0,0.0,0,0
1276.993,0,0.0,0,0
1277.043,0,0.0,0,0
1277.093,0,0.0,0,0
1277.144,0,0.0,0,0
1277.194,0,0.0,0,0
1277.244,0,0.0,0,0
1277.294,0,0.0,0,0
1277.344,0,0.0,0,0
1277.394,0,0.0,0,0
1277.444,0,0.0,0,0
1277.494,0,0.0,0,0
1277.545,0,0.0,0,0
1277.595,0,0.0,0,0
1277.645,0,0.0,0,0
1277.695,0,0.0,0,0
1277.745,0,0.0,0,0
1277.795,0,0.0,0,0
1277.845,0,0.0,0,0
1277.895,0,0.0,0,0
1277.945,0,0.0,0,0
1277.995,0,0.0,0,0
1278.045,0,0.0,0,0
1278.096,0,0.0,0,0
1278.146,0,0.0,0,0
1278.196,0,0.0,0,0
1278.246,0,0.0,0,0
1278.296,0,0.0,0,0
1278.346,0,0.0,0,0
1278.396,0,0.0,0,0
1278.446,0,0.0,0,0
1278.496,0,0.0,0,0
1278.546,0,0.0,0,0
1278.596,0,0.0,0,0
1278.646,0,0.0,0,0
1278.696,0,0.0,0,0
1278.746,0,0.0,0,0
1278.796,0,0.0,0,0
1278.846,0,0.0,0,0
1278.897,0,0.0,0,0
1278.947,0,0.0,0,0
1278.997,0,0.0,0,0
1279.047,0,0.0,0,0
1279.097,0,0.0,0,0
1279.147,0,0.0,0,0
1279.197,0,0.0,0,0
1279.247,0,0.0,0,0
1279.297,0,0.0,0,0
1279.347,0,0.0,0,0
1279.397,0,0.0,0,0
1279.447,0,0.0,0,0
1279.498,0,0.0,0,0
1279.548,0,0.0,0,0
1279.598,0,0.0,0,0
1279.648,0,0.0,0,0
1279.698,0,0.0,0,0
1279.748,0,0.0,0,0
1279.798,0,0.0,0,0
1279.848,0,0.0,0,0
1279.898,0,0.0,0,0
1279.949,0,0.0,0,0
1279.999,0,0.0,0,0
1280.049,0,0.0,0,0
1280.099,0,0.0,0,0
1280.149,0,0.0,0,0
1280.199,0,0.0,0,0
1280.249,0,0.0,0,0
1280.299,0,0.0,0,0
1280.349,0,0.0,0,0
1280.399,0,0.0,0,0
1280.449,0,0.0,0,0
1280.499,0,0.0,0,0
1280.549,0,0.0,0,0
1280.600,0,0.0,0,0
1280.650,0,0.0,0,0
1280.700,0,0.0,0,0
1280.750,0,0.0,0,0
1280.800,0,0.0,0,0
1280.850,0,0.0,0,0
1280.900,0,0.0,0,0
1280.950,0,0.0,0,0
1281.000,0,0.0,0,0
1281.050,0,0.0,0,0
1281.101,0,0.0,0,0
1281.151,0,0.0,0,0
1281.201,0,0.0,0,0
1281.251,0,0.0,0,0
1281.301,0,0.0,0,0
1281.351,0,0.0,0,0
1281.401,0,0.0,0,0
1281.451,0,0.0,0,0
1281.501,0,0.0,0,0
1281.551,0,0.0,0,0
1281.602,0,0.0,0,0
1281.652,0,0.0,0,0
1281.702,0,0.0,0,0
1281.752,0,0.0,0,0
1281.802,0,0.0,0,0
1281.852,0,0.0,0,0
1281.902,0,0.0,0,0
1281.952,0,0.0,0,0
1282.002,0,0.0,0,0
1282.052,0,0.0,0,0
1282.103,0,0.0,0,0
1282.153,0,0.0,0,0
1282.203,0,0.0,0,0
1282.253,0,0.0,0,0
1282.303,0,0.0,0,0
1282.353,0,0.0,0,0
1282.403,0,0.0,0,0
1282.453,0,0.0,0,0
1282.503,0,0.0,0,0
1282.553,0,0.0,0,0
1282.603,0,0.0,0,0
1282.654,0,0.0,0,0
1282.704,0,0.0,0,0
1282.754,0,0.0,0,0
1282.804,0,0.0,0,0
1282.854,0,0.0,0,0
1282.904,0,0.0,0,0
1282.954,0,0.0,0,0
1283.004,0,0.0,0,0
1283.054,0,0.0,0,0
1283.104,0,0.0,0,0
1283.154,0,0.0,0,0
1283.205,0,0.0,0,0
1283.255,0,0.0,0,0
1283.305,0,0.0,0,0
1283.355,0,0.0,0,0
1283.405,0,0.0,0,0
1283.455,0,0.0,0,0
1283.505,0,0.0,0,0
1283.555,0,0.0,0,0
1283.606,0,0.0,0,0
1283.656,0,0.0,0,0
1283.706,0,0.0,0,0
1283.756,0,0.0,0,0
1283.806,0,0.0,0,0
1283.856,0,0.0,0,0
1283.906,0,0.0,0,0
1283.956,0,0.0,0,0
1284.006,0,0.0,0,0
1284.057,0,0.0,0,0
1284.107,0,0.0,0,0
1284.157,0,0.0,0,0
1284.207,0,0.0,0,0
1284.257,0,0.0,0,0
1284.307,0,0.0,0,0
1284.357,0,0.0,0,0
1284.407,0,0.0,0,0
1284.457,0,0.0,0,0
1284.507,0,0.0,0,0
1284.558,0,0.0,0,0
1284.608,0,0.0,0,0
1284.658,0,0.0,0,0
1284.708,0,0.0,0,0
1284.758,0,0.0,0,0
1284.808,0,0.0,0,0
1284.858,0,0.0,0,0
1284.908,0,0.0,0,0
1284.958,0,0.0,0,0
1285.008,0,0.0,0,0
1285.058,0,0.0,0,0
1285.108,0,0.0,0,0
1285.159,0,0.0,0,0
1285.209,0,0.0,0,0
1285.259,0,0.0,0,0
1285.309,0,0.0,0,0
1285.359,0,0.0,0,0
1285.409,0,0.0,0,0
1285.459,0,0.0,0,0
1285.509,0,0.0,0,0
1285.559,0,0.0,0,0
1285.609,0,0.0,0,0
1285.659,0,0.0,0,0
1285.709,0,0.0,0,0
1285.760,0,0.0,0,0
1285.810,0,0.0,0,0
1285.860,0,0.0,0,0
1285.910,0,0.0,0,0
1285.960,0,0.0,0,0
1286.010,0,0.0,0,0
1286.060,0,0.0,0,0
1286.110,0,0.0,0,0
1286.160,0,0.0,0,0
1286.210,0,0.0,0,0
1286.260,0,0.0,0,0
1286.310,0,0.0,0,0
1286.360,0,0.0,0,0
1286.410,0,0.0,0,0
1286.461,0,0.0,0,0
1286.511,0,0.0,0,0
1286.561,0,0.0,0,0
1286.611,0,0.0,0,0
1286.661,0,0.0,0,0
1286.711,0,0.0,0,0
1286.761,0,0.0,0,0
1286.811,0,0.0,0,0
1286.861,0,0.0,0,0
1286.911,0,0.0,0,0
1286.961,0,0.0,0,0
1287.011,0,0.0,0,0
1287.061,0,0.0,0,0
1287.112,0,0.0,0,0
1287.162,0,0.0,0,0
1287.212,0,0.0,0,0
1287.262,0,0.0,0,0
1287.312,0,0.0,0,0
1287.362,0,0.0,0,0
1287.412,0,0.0,0,0
1287.462,0,0.0,0,0
1287.512,0,0.0,0,0
1287.562,0,0.0,0,0
1287.612,0,0.0,0,0
1287.663,0,0.0,0,0
1287.713,0,0.0,0,0
1287.763,0,0.0,0,0
1287.813,0,0.0,0,0
1287.863,0,0.0,0,0
1287.913,0,0.0,0,0
1287.963,0,0.0,0,0
1288.013,0,0.0,0,0
1288.063,0,0.0,0,0
1288.113,0,0.0,0,0
1288.163,0,0.0,0,0
1288.213,0,0.0,0,0
1288.263,0,0.0,0,0
1288.314,0,0.0,0,0
1288.364,0,0.0,0,0
1288.414,0,0.0,0,0
1288.464,0,0.0,0,0
1288.514,0,0.0,0,0
1288.564,0,0.0,0,0
1288.614,0,0.0,0,0
1288.664,0,0.0,0,0
1288.714,0,0.0,0,0
1288.764,0,0.0,0,0
1288.814,0,0.0,0,0
1288.864,0,0.0,0,0
1288.915,0,0.0,0,0
1288.965,0,0.0,0,0
1289.015,0,0.0,0,0
1289.065,0,0.0,0,0
1289.115,0,0.0,0,0
1289.165,0,0.0,0,0
1289.215,0,0.0,0,0
1289.265,0,0.0,0,0
1289.315,0,0.0,0,0
1289.365,0,0.0,0,0
1289.415,0,0.0,0,0
1289.465,0,0.0,0,0
1289.516,0,0.0,0,0
1289.566,0,0.0,0,0
1289.616,0,0.0,0,0
1289.666,0,0.0,0,0
1289.716,0,0.0,0,0
1289.766,0,0.0,0,0
1289.816,0,0.0,0,0
1289.866,0,0.0,0,0
1289.916,0,0.0,0,0
1289.966,0,0.0,0,0
1290.016,0,0.0,0,0
1290.067,0,0.0,0,0
1290.117,0,0.0,0,0
1290.167,0,0.0,0,0
1290.217,0,0.0,0,0
1290.267,0,0.0,0,0
1290.317,0,0.0,0,0
1290.367,0,0.0,0,0
1290.417,0,0.0,0,0
1290.467,0,0.0,0,0
1290.517,0,0.0,0,0
1290.568,0,0.0,0,0
1290.618,0,0.0,0,0
1290.668,0,0.0,0,0
1290.718,0,0.0,0,0
1290.768,0,0.0,0,0
1290.818,0,0.0,0,0
1290.868,0,0.0,0,0
1290.918,0,0.0,0,0
1290.969,0,0.0,0,0
1291.019,0,0.0,0,0
1291.069,0,0.0,0,0
1291.119,0,0.0,0,0
1291.169,0,0.0,0,0
1291.219,0,0.0,0,0
1291.269,0,0.0,0,0
1291.320,0,0.0,0,0
1291.370,0,0.0,0,0
1291.420,0,0.0,0,0
1291.470,0,0.0,0,0
1291.520,0,0.0,0,0
1291.570,0,0.0,0,0
1291.620,0,0.0,0,0
1291.670,0,0.0,0,0
1291.720,0,0.0,0,0
1291.770,0,0.0,0,0
1291.820,0,0.0,0,0
1291.870,0,0.0,0,0
1291.920,0,0.0,0,0
1291.971,0,0.0,0,0
1292.021,0,0.0,0,0
1292.071,0,0.0,0,0
1292.121,0,0.0,0,0
1292.171,0,0.0,0,0
1292.221,0,0.0,0,0
1292.271,0,0.0,0,0
1292.321,0,0.0,0,0
1292.372,0,0.0,0,0
1292.422,0,0.0,0,0
1292.472,0,0.0,0,0
1292.522,0,0.0,0,0
1292.572,0,0.0,0,0
1292.622,0,0.0,0,0
1292.672,0,0.0,0,0
1292.722,0,0.0,0,0
1292.772,0,0.0,0,0
1292.823,0,0.0,0,0
1292.873,0,0.0,0,0
1292.923,0,0.0,0,0
1292.973,0,0.0,0,0
1293.023,0,0.0,0,0
1293.073,0,0.0,0,0
1293.123,0,0.0,0,0
1293.173,0,0.0,0,0
1293.223,0,0.0,0,0
1293.273,0,0.0,0,0
1293.324,0,0.0,0,0
1293.374,0,0.0,0,0
1293.424,0,0.0,0,0
1293.474,0,0.0,0,0
1293.524,0,0.0,0,0
1293.574,0,0.0,0,0
1293.624,0,0.0,0,0
1293.674,0,0.0,0,0
1293.725,0,0.0,0,0
1293.775,0,0.0,0,0
1293.825,0,0.0,0,0
1293.875,0,0.0,0,0
1293.925,0,0.0,0,0
1293.975,0,0.0,0,0
1294.025,0,0.0,0,0
1294.075,0,0.0,0,0
1294.125,0,0.0,0,0
1294.175,0,0.0,0,0
1294.226,0,0.0,0,0
1294.276,0,0.0,0,0
1294.326,0,0.0,0,0
1294.376,0,0.0,0,0
1294.426,0,0.0,0,0
1294.476,0,0.0,0,0
1294.526,0,0.0,0,0
1294.576,0,0.0,0,0
1294.626,0,0.0,0,0
1294.676,0,0.0,0,0
1294.727,0,0.0,0,0
1294.777,0,0.0,0,0
1294.827,0,0.0,0,0
1294.877,0,0.0,0,0
1294.927,0,0.0,0,0
1294.977,0,0.0,0,0
1295.027,0,0.0,0,0
1295.077,0,0.0,0,0
1295.127,0,0.0,0,0
1295.177,0,0.0,0,0
1295.227,0,0.0,0,0
1295.277,0,0.0,0,0
1295.328,0,0.0,0,0
1295.378,0,0.0,0,0
1295.428,0,0.0,0,0
1295.478,0,0.0,0,0
1295.528,0,0.0,0,0
1295.578,0,0.0,0,0
1295.628,0,0.0,0,0
1295.678,0,0.0,0,0
1295.728,0,0.0,0,0
1295.778,0,0.0,0,0
1295.828,0,0.0,0,0
1295.878,0,0.0,0,0
1295.928,0,0.0,0,0
1295.979,0,0.0,0,0
1296.029,0,0.0,0,0
1296.079,0,0.0,0,0
1296.129,0,0.0,0,0
1296.179,0,0.0,0,0
1296.229,0,0.0,0,0
1296.279,0,0.0,0,0
1296.329,0,0.0,0,0
1296.380,0,0.0,0,0
1296.430,0,0.0,0,0
1296.480,0,0.0,0,0
1296.530,0,0.0,0,0
1296.580,0,0.0,0,0
1296.630,0,0.0,0,0
1296.680,0,0.0,0,0
1296.730,0,0.0,0,0
1296.781,0,0.0,0,0
1296.831,0,0.0,0,0
1296.881,0,0.0,0,0
1296.931,0,0.0,0,0
1296.981,0,0.0,0,0
1297.031,0,0.0,0,0
1297.081,0,0.0,0,0
1297.131,0,0.0,0,0
1297.181,0,0.0,0,0
1297.231,0,0.0,0,0
1297.281,0,0.0,0,0
1297.331,0,0.0,0,0
1297.382,0,0.0,0,0
1297.432,0,0.0,0,0
1297.482,0,0.0,0,0
1297.532,0,0.0,0,0
1297.582,0,0.0,0,0
1297.632,0,0.0,0,0
1297.682,0,0.0,0,0
1297.732,0,0.0,0,0
1297.782,0,0.0,0,0
1297.832,0,0.0,0,0
1297.882,0,0.0,0,0
1297.933,0,0.0,0,0
1297.983,0,0.0,0,0
1298.033,0,0.0,0,0
1298.083,0,0.0,0,0
1298.133,0,0.0,0,0
1298.183,0,0.0,0,0
1298.233,0,0.0,0,0
1298.283,0,0.0,0,0
1298.333,0,0.0,0,0
1298.384,0,0.0,0,0
1298.434,0,0.0,0,0
1298.484,0,0.0,0,0
1298.534,0,0.0,0,0
1298.584,0,0.0,0,0
1298.634,0,0.0,0,0
1298.684,0,0.0,0,0
1298.734,0,0.0,0,0
1298.784,0,0.0,0,0
1298.834,0,0.0,0,0
1298.884,0,0.0,0,0
1298.934,0,0.0,0,0
1298.985,0,0.0,0,0
1299.035,0,0.0,0,0
1299.085,0,0.0,0,0
1299.135,0,0.0,0,0
1299.185,0,0.0,0,0
1299.235,0,0.0,0,0
1299.285,0,0.0,0,0
1299.335,0,0.0,0,0
1299.385,0,0.0,0,0
1299.435,0,0.0,0,0
1299.485,0,0.0,0,0
1299.536,0,0.0,0,0
1299.586,0,0.0,0,0
1299.636,0,0.0,0,0
1299.686,0,0.0,0,0
1299.736,0,0.0,0,0
1299.786,0,0.0,0,0
1299.836,0,0.0,0,0
1299.886,0,0.0,0,0
1299.937,0,0.0,0,0
1299.987,0,0.0,0,0
1300.037,0,0.0,0,0
1300.087,0,0.0,0,0
1300.137,0,0.0,0,0
1300.187,0,0.0,0,0
1300.237,0,0.0,0,0
1300.287,0,0.0,0,0
1300.337,0,0.0,0,0
1300.387,0,0.0,0,0
1300.438,0,0.0,0,0
1300.488,0,0.0,0,0
1300.538,0,0.0,0,0
1300.588,0,0.0,0,0
1300.638,0,0.0,0,0
1300.688,0,0.0,0,0
1300.738,0,0.0,0,0
1300.788,0,0.0,0,0
1300.838,0,0.0,0,0
1300.889,0,0.0,0,0
1300.939,0,0.0,0,0
1300.989,0,0.0,0,0
1301.039,0,0.0,0,0
1301.089,0,0.0,0,0
1301.139,0,0.0,0,0
1301.189,0,0.0,0,0
1301.239,0,0.0,0,0
1301.289,0,0.0,0,0
1301.339,0,0.0,0,0
1301.389,0,0.0,0,0
1301.440,0,0.0,0,0
1301.490,0,0.0,0,0
1301.540,0,0.0,0,0
1301.590,0,0.0,0,0
1301.640,0,0.0,0,0
1301.690,0,0.0,0,0
1301.740,0,0.0,0,0
1301.790,0,0.0,0,0
1301.841,0,0.0,0,0
1301.891,0,0.0,0,0
1301.941,0,0.0,0,0
1301.991,0,0.0,0,0
1302.041,0,0.0,0,0
1302.091,0,0.0,0,0
1302.141,0,0.0,0,0
1302.191,0,0.0,0,0
1302.241,0,0.0,0,0
1302.291,0,0.0,0,0
1302.342,0,0.0,0,0
1302.392,0,0.0,0,0
1302.442,0,0.0,0,0
1302.492,0,0.0,0,0
1302.542,0,0.0,0,0
1302.592,0,0.0,0,0
1302.642,0,0.0,0,0
1302.692,0,0.0,0,0
1302.742,0,0.0,0,0
1302.793,0,0.0,0,0
1302.843,0,0.0,0,0
1302.893,0,0.0,0,0
1302.943,0,0.0,0,0
1302.993,0,0.0,0,0
1303.043,0,0.0,0,0
1303.093,0,0.0,0,0
1303.143,0,0.0,0,0
1303.193,0,0.0,0,0
1303.244,0,0.0,0,0
1303.294,0,0.0,0,0
1303.344,0,0.0,0,0
1303.394,0,0.0,0,0
1303.444,0,0.0,0,0
1303.494,0,0.0,0,0
1303.544,0,0.0,0,0
1303.594,0,0.0,0,0
1303.644,0,0.0,0,0
1303.694,0,0.0,0,0
1303.745,0,0.0,0,0
1303.795,0,0.0,0,0
1303.845,0,0.0,0,0
1303.895,0,0.0,0,0
1303.945,0,0.0,0,0
1303.995,0,0.0,0,0
1304.045,0,0.0,0,0
1304.095,0,0.0,0,0
1304.146,0,0.0,0,0
1304.196,0,0.0,0,0
1304.246,0,0.0,0,0
1304.296,0,0.0,0,0
1304.346,0,0.0,0,0
1304.396,0,0.0,0,0
1304.446,0,0.0,0,0
1304.496,0,0.0,0,0
1304.546,0,0.0,0,0
1304.596,0,0.0,0,0
1304.646,0,0.0,0,0
1304.697,0,0.0,0,0
1304.747,0,0.0,0,0
1304.797,0,0.0,0,0
1304.847,0,0.0,0,0
1304.897,0,0.0,0,0
1304.947,0,0.0,0,0
1304.997,0,0.0,0,0
1305.047,0,0.0,0,0
1305.097,0,0.0,0,0
1305.147,0,0.0,0,0
1305.197,0,0.0,0,0
1305.248,0,0.0,0,0
1305.298,0,0.0,0,0
1305.348,0,0.0,0,0
1305.398,0,0.0,0,0
1305.448,0,0.0,0,0
1305.498,0,0.0,0,0
1305.548,0,0.0,0,0
1305.598,0,0.0,0,0
1305.648,0,0.0,0,0
1305.698,0,0.0,0,0
1305.748,0,0.0,0,0
1305.799,0,0.0,0,0
1305.849,0,0.0,0,0
1305.899,0,0.0,0,0
1305.949,0,0.0,0,0
1305.999,0,0.0,0,0
1306.049,0,0.0,0,0
1306.099,0,0.0,0,0
1306.149,0,0.0,0,0
1306.199,0,0.0,0,0
1306.249,0,0.0,0,0
1306.299,0,0.0,0,0
1306.349,0,0.0,0,0
1306.399,0,0.0,0,0
1306.450,0,0.0,0,0
1306.500,0,0.0,0,0
1306.550,0,0.0,0,0
1306.600,0,0.0,0,0
1306.650,0,0.0,0,0
1306.700,0,0.0,0,0
1306.750,0,0.0,0,0
1306.800,0,0.0,0,0
1306.850,0,0.0,0,0
1306.900,0,0.0,0,0
1306.950,0,0.0,0,0
1307.001,0,0.0,0,0
1307.051,0,0.0,0,0
1307.101,0,0.0,0,0
1307.151,0,0.0,0,0
1307.201,0,0.0,0,0
1307.251,0,0.0,0,0
1307.301,0,0.0,0,0
1307.351,0,0.0,0,0
1307.401,0,0.0,0,0
1307.452,0,0.0,0,0
1307.502,0,0.0,0,0
1307.552,0,0.0,0,0
1307.602,0,0.0,0,0
1307.652,0,0.0,0,0
1307.702,0,0.0,0,0
1307.752,0,0.0,0,0
1307.802,0,0.0,0,0
1307.852,0,0.0,0,0
1307.902,0,0.0,0,0
1307.952,0,0.0,0,0
1308.003,0,0.0,0,0
1308.053,0,0.0,0,0
1308.103,0,0.0,0,0
1308.153,0,0.0,0,0
1308.203,0,0.0,0,0
1308.253,0,0.0,0,0
1308.303,0,0.0,0,0
1308.353,0,0.0,0,0
1308.403,0,0.0,0,0
1308.453,0,0.0,0,0
1308.503,0,0.0,0,0
1308.554,0,0.0,0,0
1308.604,0,0.0,0,0
1308.654,0,0.0,0,0
1308.704,0,0.0,0,0
1308.754,0,0.0,0,0
1308.804,0,0.0,0,0
1308.854,0,0.0,0,0
1308.904,0,0.0,0,0
1308.955,0,0.0,0,0
1309.005,0,0.0,0,0
1309.055,0,0.0,0,0
1309.105,0,0.0,0,0
1309.155,0,0.0,0,0
1309.205,0,0.0,0,0
1309.255,0,0.0,0,0
1309.305,0,0.0,0,0
1309.355,0,0.0,0,0
1309.405,0,0.0,0,0
1309.455,0,0.0,0,0
1309.505,0,0.0,0,0
1309.555,0,0.0,0,0
1309.606,0,0.0,0,0
1309.656,0,0.0,0,0
1309.706,0,0.0,0,0
1309.756,0,0.0,0,0
1309.806,0,0.0,0,0
1309.856,0,0.0,0,0
1309.906,0,0.0,0,0
1309.956,0,0.0,0,0
1310.006,0,0.0,0,0
1310.056,0,0.0,0,0
1310.106,0,0.0,0,0
1310.156,0,0.0,0,0
1310.207,0,0.0,0,0
1310.257,0,0.0,0,0
1310.307,0,0.0,0,0
1310.357,0,0.0,0,0
1310.407,0,0.0,0,0
1310.457,0,0.0,0,0
1310.507,0,0.0,0,0
1310.557,0,0.0,0,0
1310.607,0,0.0,0,0
1310.657,0,0.0,0,0
1310.708,0,0.0,0,0
1310.758,0,0.0,0,0
1310.808,0,0.0,0,0
1310.858,0,0.0,0,0
1310.908,0,0.0,0,0
1310.958,0,0.0,0,0
1311.008,0,0.0,0,0
1311.058,0,0.0,0,0
1311.108,0,0.0,0,0
1311.159,0,0.0,0,0
1311.209,0,0.0,0,0
1311.259,0,0.0,0,0
1311.309,0,0.0,0,0
1311.359,0,0.0,0,0
1311.409,0,0.0,0,0
1311.459,0,0.0,0,0
1311.509,0,0.0,0,0
1311.559,0,0.0,0,0
1311.609,0,0.0,0,0
1311.659,0,0.0,0,0
1311.710,0,0.0,0,0
1311.760,0,0.0,0,0
1311.810,0,0.0,0,0
1311.860,0,0.0,0,0
1311.910,0,0.0,0,0
1311.960,0,0.0,0,0
1312.010,0,0.0,0,0
1312.060,0,0.0,0,0
1312.110,0,0.0,0,0
1312.161,0,0.0,0,0
1312.211,0,0.0,0,0
1312.261,0,0.0,0,0
1312.311,0,0.0,0,0
1312.361,0,0.0,0,0
1312.411,0,0.0,0,0
1312.461,0,0.0,0,0
1312.511,0,0.0,0,0
1312.561,0,0.0,0,0
1312.611,0,0.0,0,0
1312.662,0,0.0,0,0
1312.712,0,0.0,0,0
1312.762,0,0.0,0,0
1312.812,0,0.0,0,0
1312.862,0,0.0,0,0
1312.912,0,0.0,0,0
1312.962,0,0.0,0,0
1313.012,0,0.0,0,0
1313.062,0,0.0,0,0
1313.112,0,0.0,0,0
1313.162,0,0.0,0,0
1313.213,0,0.0,0,0
1313.263,0,0.0,0,0
1313.313,0,0.0,0,0
1313.363,0,0.0,0,0
1313.413,0,0.0,0,0
1313.463,0,0.0,0,0
1313.513,0,0.0,0,0
1313.563,0,0.0,0,0
1313.613,0,0.0,0,0
1313.663,0,0.0,0,0
1313.714,0,0.0,0,0
1313.764,0,0.0,0,0
1313.814,0,0.0,0,0
1313.864,0,0.0,0,0
1313.914,0,0.0,0,0
1313.964,0,0.0,0,0
1314.014,0,0.0,0,0
1314.064,0,0.0,0,0
1314.114,0,0.0,0,0
1314.164,0,0.0,0,0
1314.214,0,0.0,0,0
1314.265,0,0.0,0,0
1314.315,0,0.0,0,0
1314.365,0,0.0,0,0
1314.415,0,0.0,0,0
1314.465,0,0.0,0,0
1314.515,0,0.0,0,0
1314.565,0,0.0,0,0
1314.615,0,0.0,0,0
1314.665,0,0.0,0,0
1314.715,0,0.0,0,0
1314.765,0,0.0,0,0
1314.815,0,0.0,0,0
1314.866,0,0.0,0,0
1314.916,0,0.0,0,0
1314.966,0,0.0,0,0
1315.016,0,0.0,0,0
1315.066,0,0.0,0,0
1315.116,0,0.0,0,0
1315.166,0,0.0,0,0
1315.216,0,0.0,0,0
1315.267,0,0.0,0,0
1315.317,0,0.0,0,0
1315.367,0,0.0,0,0
1315.417,0,0.0,0,0
1315.467,0,0.0,0,0
1315.517,0,0.0,0,0
1315.567,0,0.0,0,0
1315.617,0,0.0,0,0
1315.667,0,0.0,0,0
1315.718,0,0.0,0,0
1315.768,0,0.0,0,0
1315.818,0,0.0,0,0
1315.868,0,0.0,0,0
1315.918,0,0.0,0,0
1315.968,0,0.0,0,0
1316.018,0,0.0,0,0
1316.068,0,0.0,0,0
1316.118,0,0.0,0,0
1316.168,0,0.0,0,0
1316.218,0,0.0,0,0
1316.269,0,0.0,0,0
1316.319,0,0.0,0,0
1316.369,0,0.0,0,0
1316.419,0,0.0,0,0
1316.469,0,0.0,0,0
1316.519,0,0.0,0,0
1316.569,0,0.0,0,0
1316.619,0,0.0,0,0
1316.669,0,0.0,0,0
1316.719,0,0.0,0,0
1316.769,0,0.0,0,0
1316.820,0,0.0,0,0
1316.870,0,0.0,0,0
1316.920,0,0.0,0,0
1316.970,0,0.0,0,0
1317.020,0,0.0,0,0
1317.070,0,0.0,0,0
1317.120,0,0.0,0,0
1317.170,0,0.0,0,0
1317.220,0,0.0,0,0
1317.270,0,0.0,0,0
1317.320,0,0.0,0,0
1317.371,0,0.0,0,0
1317.421,0,0.0,0,0
1317.471,0,0.0,0,0
1317.521,0,0.0,0,0
1317.571,0,0.0,0,0
1317.621,0,0.0,0,0
1317.671,0,0.0,0,0
1317.721,0,0.0,0,0
1317.771,0,0.0,0,0
1317.822,0,0.0,0,0
1317.872,0,0.0,0,0
1317.922,0,0.0,0,0
1317.972,0,0.0,0,0
1318.022,0,0.0,0,0
1318.072,0,0.0,0,0
1318.122,0,0.0,0,0
1318.172,0,0.0,0,0
1318.222,0,0.0,0,0
1318.272,0,0.0,0,0
1318.322,0,0.0,0,0
1318.373,0,0.0,0,0
1318.423,0,0.0,0,0
1318.473,0,0.0,0,0
1318.523,0,0.0,0,0
1318.573,0,0.0,0,0
1318.623,0,0.0,0,0
1318.673,0,0.0,0,0
1318.723,0,0.0,0,0
1318.774,0,0.0,0,0
1318.824,0,0.0,0,0
1318.874,0,0.0,0,0
1318.924,0,0.0,0,0
1318.974,0,0.0,0,0
1319.024,0,0.0,0,0
1319.074,0,0.0,0,0
1319.124,0,0.0,0,0
1319.174,0,0.0,0,0
1319.225,0,0.0,0,0
1319.275,0,0.0,0,0
1319.325,0,0.0,0,0
1319.375,0,0.0,0,0
1319.425,0,0.0,0,0
1319.475,0,0.0,0,0
1319.525,0,0.0,0,0
1319.575,0,0.0,0,0
1319.625,0,0.0,0,0
1319.675,0,0.0,0,0
1319.725,0,0.0,0,0
1319.775,0,0.0,0,0
1319.826,0,0.0,0,0
1319.876,0,0.0,0,0
1319.926,0,0.0,0,0
1319.976,0,0.0,0,0
1320.026,0,0.0,0,0
1320.076,0,0.0,0,0
1320.126,0,0.0,0,0
1320.176,0,0.0,0,0
1320.226,0,0.0,0,0
1320.277,0,0.0,0,0
1320.327,0,0.0,0,0
1320.377,0,0.0,0,0
1320.427,0,0.0,0,0
1320.477,0,0.0,0,0
1320.527,0,0.0,0,0
1320.577,0,0.0,0,0
1320.627,0,0.0,0,0
1320.678,0,0.0,0,0
1320.728,0,0.0,0,0
1320.778,0,0.0,0,0
1320.828,0,0.0,0,0
1320.878,0,0.0,0,0
1320.928,0,0.0,0,0
1320.978,0,0.0,0,0
1321.028,0,0.0,0,0
1321.078,0,0.0,0,0
1321.128,0,0.0,0,0
1321.178,0,0.0,0,0
1321.228,0,0.0,0,0
1321.279,0,0.0,0,0
1321.329,0,0.0,0,0
1321.379,0,0.0,0,0
1321.429,0,0.0,0,0
1321.479,0,0.0,0,0
1321.529,0,0.0,0,0
1321.579,0,0.0,0,0
1321.629,0,0.0,0,0
1321.680,0,0.0,0,0
1321.730,0,0.0,0,0
1321.780,0,0.0,0,0
1321.830,0,0.0,0,0
1321.880,0,0.0,0,0
1321.930,0,0.0,0,0
1321.980,0,0.0,0,0
1322.030,0,0.0,0,0
1322.080,0,0.0,0,0
1322.130,0,0.0,0,0
1322.180,0,0.0,0,0
1322.230,0,0.0,0,0
1322.281,0,0.0,0,0
1322.331,0,0.0,0,0
1322.381,0,0.0,0,0
1322.431,0,0.0,0,0
1322.481,0,0.0,0,0
1322.531,0,0.0,0,0
1322.581,0,0.0,0,0
1322.632,0,0.0,0,0
1322.682,0,0.0,0,0
1322.732,0,0.0,0,0
1322.782,0,0.0,0,0
1322.832,0,0.0,0,0
1322.882,0,0.0,0,0
1322.932,0,0.0,0,0
1322.982,0,0.0,0,0
1323.032,0,0.0,0,0
1323.083,0,0.0,0,0
1323.133,0,0.0,0,0
1323.183,0,0.0,0,0
1323.233,0,0.0,0,0
1323.283,0,0.0,0,0
1323.333,0,0.0,0,0
1323.383,0,0.0,0,0
1323.433,0,0.0,0,0
1323.483,0,0.0,0,0
1323.533,0,0.0,0,0
1323.583,0,0.0,0,0
1323.633,0,0.0,0,0
1323.684,0,0.0,0,0
1323.734,0,0.0,0,0
1323.784,0,0.0,0,0
1323.834,0,0.0,0,0
1323.884,0,0.0,0,0
1323.934,0,0.0,0,0
1323.984,0,0.0,0,0
1324.034,0,0.0,0,0
1324.084,0,0.0,0,0
1324.134,0,0.0,0,0
1324.184,0,0.0,0,0
1324.234,0,0.0,0,0
1324.284,0,0.0,0,0
1324.334,0,0.0,0,0
1324.384,0,0.0,0,0
1324.435,0,0.0,0,0
1324.485,0,0.0,0,0
1324.535,0,0.0,0,0
1324.585,0,0.0,0,0
1324.635,0,0.0,0,0
1324.685,0,0.0,0,0
1324.735,0,0.0,0,0
1324.785,0,0.0,0,0
1324.835,0,0.0,0,0
1324.885,0,0.0,0,0
1324.935,0,0.0,0,0
1324.986,0,0.0,0,0
1325.036,0,0.0,0,0
1325.086,0,0.0,0,0
1325.136,0,0.0,0,0
1325.186,0,0.0,0,0
1325.236,0,0.0,0,0
1325.286,0,0.0,0,0
1325.336,0,0.0,0,0
1325.386,0,0.0,0,0
1325.437,0,0.0,0,0
1325.487,0,0.0,0,0
1325.537,0,0.0,0,0
1325.587,0,0.0,0,0
1325.637,0,0.0,0,0
1325.687,0,0.0,0,0
1325.737,0,0.0,0,0
1325.787,0,0.0,0,0
1325.837,0,0.0,0,0
1325.887,0,0.0,0,0
1325.937,0,0.0,0,0
1325.988,0,0.0,0,0
1326.038,0,0.0,0,0
1326.088,0,0.0,0,0
1326.138,0,0.0,0,0
1326.188,0,0.0,0,0
1326.238,0,0.0,0,0
1326.288,0,0.0,0,0
1326.338,0,0.0,0,0
1326.388,0,0.0,0,0
1326.439,0,0.0,0,0
1326.489,0,0.0,0,0
1326.539,0,0.0,0,0
1326.589,0,0.0,0,0
1326.639,0,0.0,0,0
1326.689,0,0.0,0,0
1326.739,0,0.0,0,0
1326.789,0,0.0,0,0
1326.839,0,0.0,0,0
1326.889,0,0.0,0,0
1326.939,0,0.0,0,0
1326.989,0,0.0,0,0
1327.039,0,0.0,0,0
1327.090,0,0.0,0,0
1327.140,0,0.0,0,0
1327.190,0,0.0,0,0
1327.240,0,0.0,0,0
1327.290,0,0.0,0,0
1327.340,0,0.0,0,0
1327.390,0,0.0,0,0
1327.440,0,0.0,0,0
1327.490,0,0.0,0,0
1327.540,0,0.0,0,0
1327.591,0,0.0,0,0
1327.641,0,0.0,0,0
1327.691,0,0.0,0,0
1327.741,0,0.0,0,0
1327.791,0,0.0,0,0
1327.841,0,0.0,0,0
1327.891,0,0.0,0,0
1327.941,0,0.0,0,0
1327.991,0,0.0,0,0
1328.041,0,0.0,0,0
1328.091,0,0.0,0,0
1328.141,0,0.0,0,0
1328.192,0,0.0,0,0
1328.242,0,0.0,0,0
1328.292,0,0.0,0,0
1328.342,0,0.0,0,0
1328.392,0,0.0,0,0
1328.442,0,0.0,0,0
1328.492,0,0.0,0,0
1328.542,0,0.0,0,0
1328.592,0,0.0,0,0
1328.642,0,0.0,0,0
1328.692,0,0.0,0,0
1328.742,0,0.0,0,0
1328.793,0,0.0,0,0
1328.843,0,0.0,0,0
1328.893,0,0.0,0,0
1328.943,0,0.0,0,0
1328.993,0,0.0,0,0
1329.043,0,0.0,0,0
1329.093,0,0.0,0,0
1329.143,0,0.0,0,0
1329.193,0,0.0,0,0
1329.243,0,0.0,0,0
1329.294,0,0.0,0,0
1329.344,0,0.0,0,0
1329.394,0,0.0,0,0
1329.444,0,0.0,0,0
1329.494,0,0.0,0,0
1329.544,0,0.0,0,0
1329.594,0,0.0,0,0
1329.644,0,0.0,0,0
1329.694,0,0.0,0,0
1329.744,0,0.0,0,0
1329.794,0,0.0,0,0
1329.844,0,0.0,0,0
1329.894,0,0.0,0,0
1329.944,0,0.0,0,0
1329.994,0,0.0,0,0
1330.044,0,0.0,0,0
1330.095,0,0.0,0,0
1330.145,0,0.0,0,0
1330.195,0,0.0,0,0
1330.245,0,0.0,0,0
1330.295,0,0.0,0,0
1330.345,0,0.0,0,0
1330.395,0,0.0,0,0
1330.445,0,0.0,0,0
1330.495,0,0.0,0,0
1330.545,0,0.0,0,0
1330.595,0,0.0,0,0
1330.646,0,0.0,0,0
1330.696,0,0.0,0,0
1330.746,0,0.0,0,0
1330.796,0,0.0,0,0
1330.846,0,0.0,0,0
1330.896,0,0.0,0,0
1330.946,0,0.0,0,0
1330.996,0,0.0,0,0
1331.046,0,0.0,0,0
1331.096,0,0.0,0,0
1331.146,0,0.0,0,0
1331.196,0,0.0,0,0
1331.247,0,0.0,0,0
1331.297,0,0.0,0,0
1331.347,0,0.0,0,0
1331.397,0,0.0,0,0
1331.447,0,0.0,0,0
1331.497,0,0.0,0,0
1331.547,0,0.0,0,0
1331.597,0,0.0,0,0
1331.648,0,0.0,0,0
1331.698,0,0.0,0,0
1331.748,0,0.0,0,0
1331.798,0,0.0,0,0
1331.848,0,0.0,0,0
1331.898,0,0.0,0,0
1331.948,0,0.0,0,0
1331.998,0,0.0,0,0
1332.049,0,0.0,0,0
1332.099,0,0.0,0,0
1332.149,0,0.0,0,0
1332.199,0,0.0,0,0
1332.249,0,0.0,0,0
1332.299,0,0.0,0,0
1332.349,0,0.0,0,0
1332.399,0,0.0,0,0
1332.449,0,0.0,0,0
1332.499,0,0.0,0,0
1332.550,0,0.0,0,0
1332.600,0,0.0,0,0
1332.650,0,0.0,0,0
1332.700,0,0.0,0,0
1332.750,0,0.0,0,0
1332.800,0,0.0,0,0
1332.850,0,0.0,0,0
1332.900,0,0.0,0,0
1332.950,0,0.0,0,0
1333.001,0,0.0,0,0
1333.051,0,0.0,0,0
1333.101,0,0.0,0,0
1333.151,0,0.0,0,0
1333.201,0,0.0,0,0
1333.251,0,0.0,0,0
1333.301,0,0.0,0,0
1333.351,0,0.0,0,0
1333.401,0,0.0,0,0
1333.452,0,0.0,0,0
1333.502,0,0.0,0,0
1333.552,0,0.0,0,0
1333.602,0,0.0,0,0
1333.652,0,0.0,0,0
1333.702,0,0.0,0,0
1333.752,0,0.0,0,0
1333.802,0,0.0,0,0
1333.852,0,0.0,0,0
1333.902,0,0.0,0,0
1333.953,0,0.0,0,0
1334.003,0,0.0,0,0
1334.053,0,0.0,0,0
1334.103,0,0.0,0,0
1334.153,0,0.0,0,0
1334.203,0,0.0,0,0
1334.253,0,0.0,0,0
1334.303,0,0.0,0,0
1334.353,0,0.0,0,0
1334.403,0,0.0,0,0
1334.453,0,0.0,0,0
1334.503,0,0.0,0,0
1334.553,0,0.0,0,0
1334.603,0,0.0,0,0
1334.653,0,0.0,0,0
1334.703,0,0.0,0,0
1334.754,0,0.0,0,0
1334.804,0,0.0,0,0
1334.854,0,0.0,0,0
1334.904,0,0.0,0,0
1334.954,0,0.0,0,0
1335.004,0,0.0,0,0
1335.054,0,0.0,0,0
1335.104,0,0.0,0,0
1335.154,0,0.0,0,0
1335.205,0,0.0,0,0
1335.255,0,0.0,0,0
1335.305,0,0.0,0,0
1335.355,0,0.0,0,0
1335.405,0,0.0,0,0
1335.455,0,0.0,0,0
1335.505,0,0.0,0,0
1335.555,0,0.0,0,0
1335.605,0,0.0,0,0
1335.656,0,0.0,0,0
1335.706,0,0.0,0,0
1335.756,0,0.0,0,0
1335.806,0,0.0,0,0
1335.856,0,0.0,0,0
1335.906,0,0.0,0,0
1335.956,0,0.0,0,0
1336.006,0,0.0,0,0
1336.056,0,0.0,0,0
1336.107,0,0.0,0,0
1336.157,0,0.0,0,0
1336.207,0,0.0,0,0
1336.257,0,0.0,0,0
1336.307,0,0.0,0,0
1336.357,0,0.0,0,0
1336.407,0,0.0,0,0
1336.457,0,0.0,0,0
1336.507,0,0.0,0,0
1336.557,0,0.0,0,0
1336.607,0,0.0,0,0
1336.657,0,0.0,0,0
1336.708,0,0.0,0,0
1336.758,0,0.0,0,0
1336.808,0,0.0,0,0
1336.858,0,0.0,0,0
1336.908,0,0.0,0,0
1336.958,0,0.0,0,0
1337.008,0,0.0,0,0
1337.058,0,0.0,0,0
1337.108,0,0.0,0,0
1337.158,0,0.0,0,0
1337.209,0,0.0,0,0
1337.259,0,0.0,0,0
1337.309,0,0.0,0,0
1337.359,0,0.0,0,0
1337.409,0,0.0,0,0
1337.459,0,0.0,0,0
1337.509,0,0.0,0,0
1337.559,0,0.0,0,0
1337.609,0,0.0,0,0
1337.659,0,0.0,0,0
1337.710,0,0.0,0,0
1337.760,0,0.0,0,0
1337.810,0,0.0,0,0
1337.860,0,0.0,0,0
1337.910,0,0.0,0,0
1337.960,0,0.0,0,0
1338.010,0,0.0,0,0
1338.060,0,0.0,0,0
1338.110,0,0.0,0,0
1338.161,0,0.0,0,0
1338.211,0,0.0,0,0
1338.261,0,0.0,0,0
1338.311,0,0.0,0,0
1338.361,0,0.0,0,0
1338.411,0,0.0,0,0
1338.461,0,0.0,0,0
1338.511,0,0.0,0,0
1338.561,0,0.0,0,0
1338.611,0,0.0,0,0
1338.662,0,0.0,0,0
1338.712,0,0.0,0,0
1338.762,0,0.0,0,0
1338.812,0,0.0,0,0
1338.862,0,0.0,0,0
1338.912,0,0.0,0,0
1338.962,0,0.0,0,0
1339.013,0,0.0,0,0
1339.063,0,0.0,0,0
1339.113,0,0.0,0,0
1339.163,0,0.0,0,0
1339.213,0,0.0,0,0
1339.263,0,0.0,0,0
1339.313,0,0.0,0,0
1339.363,0,0.0,0,0
1339.413,0,0.0,0,0
1339.463,0,0.0,0,0
1339.514,0,0.0,0,0
1339.564,0,0.0,0,0
1339.614,0,0.0,0,0
1339.664,0,0.0,0,0
1339.714,0,0.0,0,0
1339.764,0,0.0,0,0
1339.814,0,0.0,0,0
1339.864,0,0.0,0,0
1339.914,0,0.0,0,0
1339.964,0,0.0,0,0
1340.014,0,0.0,0,0
1340.065,0,0.0,0,0
1340.115,0,0.0,0,0
1340.165,0,0.0,0,0
1340.215,0,0.0,0,0
1340.265,0,0.0,0,0
1340.315,0,0.0,0,0
1340.365,0,0.0,0,0
1340.415,0,0.0,0,0
1340.465,0,0.0,0,0
1340.515,0,0.0,0,0
1340.565,0,0.0,0,0
1340.616,0,0.0,0,0
1340.666,0,0.0,0,0
1340.716,0,0.0,0,0
1340.766,0,0.0,0,0
1340.816,0,0.0,0,0
1340.866,0,0.0,0,0
1340.916,0,0.0,0,0
1340.966,0,0.0,0,0
1341.016,0,0.0,0,0
1341.066,0,0.0,0,0
1341.116,0,0.0,0,0
1341.166,0,0.0,0,0
1341.216,0,0.0,0,0
1341.267,0,0.0,0,0
1341.317,0,0.0,0,0
1341.367,0,0.0,0,0
1341.417,0,0.0,0,0
1341.467,0,0.0,0,0
1341.517,0,0.0,0,0
1341.567,0,0.0,0,0
1341.617,0,0.0,0,0
1341.667,0,0.0,0,0
1341.718,0,0.0,0,0
1341.768,0,0.0,0,0
1341.818,0,0.0,0,0
1341.868,0,0.0,0,0
1341.918,0,0.0,0,0
1341.968,0,0.0,0,0
1342.018,0,0.0,0,0
1342.068,0,0.0,0,0
1342.118,0,0.0,0,0
1342.169,0,0.0,0,0
1342.219,0,0.0,0,0
1342.269,0,0.0,0,0
1342.319,0,0.0,0,0
1342.369,0,0.0,0,0
1342.419,0,0.0,0,0
1342.469,0,0.0,0,0
1342.520,0,0.0,0,0
1342.570,0,0.0,0,0
1342.620,0,0.0,0,0
1342.670,0,0.0,0,0
1342.720,0,0.0,0,0
1342.770,0,0.0,0,0
1342.820,0,0.0,0,0
1342.870,0,0.0,0,0
1342.920,0,0.0,0,0
1342.970,0,0.0,0,0
1343.020,0,0.0,0,0
1343.070,0,0.0,0,0
1343.120,0,0.0,0,0
1343.170,0,0.0,0,0
1343.221,0,0.0,0,0
1343.271,0,0.0,0,0
1343.321,0,0.0,0,0
1343.371,0,0.0,0,0
1343.421,0,0.0,0,0
1343.471,0,0.0,0,0
1343.521,0,0.0,0,0
1343.572,0,0.0,0,0
1343.622,0,0.0,0,0
1343.672,0,0.0,0,0
1343.722,0,0.0,0,0
1343.772,0,0.0,0,0
1343.822,0,0.0,0,0
1343.872,0,0.0,0,0
1343.922,0,0.0,0,0
1343.972,0,0.0,0,0
1344.023,0,0.0,0,0
1344.073,0,0.0,0,0
1344.123,0,0.0,0,0
1344.173,0,0.0,0,0
1344.223,0,0.0,0,0
1344.273,0,0.0,0,0
1344.323,0,0.0,0,0
1344.373,0,0.0,0,0
1344.423,0,0.0,0,0
1344.473,0,0.0,0,0
1344.524,0,0.0,0,0
1344.574,0,0.0,0,0
1344.624,0,0.0,0,0
1344.674,0,0.0,0,0
1344.724,0,0.0,0,0
1344.774,0,0.0,0,0
1344.824,0,0.0,0,0
1344.874,0,0.0,0,0
1344.924,0,0.0,0,0
1344.974,0,0.0,0,0
1345.024,0,0.0,0,0
1345.075,0,0.0,0,0
1345.125,0,0.0,0,0
1345.175,0,0.0,0,0
1345.225,0,0.0,0,0
1345.275,0,0.0,0,0
1345.325,0,0.0,0,0
1345.375,0,0.0,0,0
1345.425,0,0.0,0,0
1345.475,0,0.0,0,0
1345.526,0,0.0,0,0
1345.576,0,0.0,0,0
1345.626,0,0.0,0,0
1345.676,0,0.0,0,0
1345.726,0,0.0,0,0
1345.776,0,0.0,0,0
1345.826,0,0.0,0,0
1345.876,0,0.0,0,0
1345.926,0,0.0,0,0
1345.976,0,0.0,0,0
1346.026,0,0.0,0,0
1346.077,0,0.0,0,0
1346.127,0,0.0,0,0
1346.177,0,0.0,0,0
1346.227,0,0.0,0,0
1346.277,0,0.0,0,0
1346.327,0,0.0,0,0
1346.377,0,0.0,0,0
1346.427,0,0.0,0,0
1346.477,0,0.0,0,0
1346.527,0,0.0,0,0
1346.577,0,0.0,0,0
1346.628,0,0.0,0,0
1346.678,0,0.0,0,0
1346.728,0,0.0,0,0
1346.778,0,0.0,0,0
1346.828,0,0.0,0,0
1346.878,0,0.0,0,0
1346.928,0,0.0,0,0
1346.978,0,0.0,0,0
1347.028,0,0.0,0,0
1347.078,0,0.0,0,0
1347.128,0,0.0,0,0
1347.178,0,0.0,0,0
1347.228,0,0.0,0,0
1347.279,0,0.0,0,0
1347.329,0,0.0,0,0
1347.379,0,0.0,0,0
1347.429,0,0.0,0,0
1347.479,0,0.0,0,0
1347.529,0,0.0,0,0
1347.579,0,0.0,0,0
1347.629,0,0.0,0,0
1347.679,0,0.0,0,0
1347.730,0,0.0,0,0
1347.780,0,0.0,0,0
1347.830,0,0.0,0,0
1347.880,0,0.0,0,0
1347.930,0,0.0,0,0
1347.980,0,0.0,0,0
1348.030,0,0.0,0,0
1348.080,0,0.0,0,0
1348.130,0,0.0,0,0
1348.181,0,0.0,0,0
1348.231,0,0.0,0,0
1348.281,0,0.0,0,0
1348.331,0,0.0,0,0
1348.381,0,0.0,0,0
1348.431,0,0.0,0,0
1348.481,0,0.0,0,0
1348.531,0,0.0,0,0
1348.581,0,0.0,0,0
1348.631,0,0.0,0,0
1348.682,0,0.0,0,0
1348.732,0,0.0,0,0
1348.782,0,0.0,0,0
1348.832,0,0.0,0,0
1348.882,0,0.0,0,0
1348.932,0,0.0,0,0
1348.982,0,0.0,0,0
1349.032,0,0.0,0,0
1349.082,0,0.0,0,0
1349.132,0,0.0,0,0
1349.182,0,0.0,0,0
1349.232,0,0.0,0,0
1349.282,0,0.0,0,0
1349.333,0,0.0,0,0
1349.383,0,0.0,0,0
1349.433,0,0.0,0,0
1349.483,0,0.0,0,0
1349.533,0,0.0,0,0
1349.583,0,0.0,0,0
1349.633,0,0.0,0,0
1349.683,0,0.0,0,0
1349.733,0,0.0,0,0
1349.783,0,0.0,0,0
1349.833,0,0.0,0,0
1349.884,0,0.0,0,0
1349.934,0,0.0,0,0
1349.984,0,0.0,0,0
1350.034,0,0.0,0,0
1350.084,0,0.0,0,0
1350.134,0,0.0,0,0
1350.184,0,0.0,0,0
1350.234,0,0.0,0,0
1350.284,0,0.0,0,0
1350.334,0,0.0,0,0
1350.384,0,0.0,0,0
1350.434,0,0.0,0,0
1350.484,0,0.0,0,0
1350.534,0,0.0,0,0
1350.584,0,0.0,0,0
1350.634,0,0.0,0,0
1350.684,0,0.0,0,0
1350.735,0,0.0,0,0
1350.785,0,0.0,0,0
1350.835,0,0.0,0,0
1350.885,0,0.0,0,0
1350.935,0,0.0,0,0
1350.985,0,0.0,0,0
1351.035,0,0.0,0,0
1351.085,0,0.0,0,0
1351.135,0,0.0,0,0
1351.185,0,0.0,0,0
1351.235,0,0.0,0,0
1351.285,0,0.0,0,0
1351.335,0,0.0,0,0
1351.386,0,0.0,0,0
1351.436,0,0.0,0,0
1351.486,0,0.0,0,0
1351.536,0,0.0,0,0
1351.586,0,0.0,0,0
1351.636,0,0.0,0,0
1351.686,0,0.0,0,0
1351.737,0,0.0,0,0
1351.787,0,0.0,0,0
1351.837,0,0.0,0,0
1351.887,0,0.0,0,0
1351.937,0,0.0,0,0
1351.987,0,0.0,0,0
1352.037,0,0.0,0,0
1352.087,0,0.0,0,0
1352.137,0,0.0,0,0
1352.187,0,0.0,0,0
1352.237,0,0.0,0,0
1352.287,0,0.0,0,0
1352.338,0,0.0,0,0
1352.388,0,0.0,0,0
1352.438,0,0.0,0,0
1352.488,0,0.0,0,0
1352.538,0,0.0,0,0
1352.588,0,0.0,0,0
1352.638,0,0.0,0,0
1352.688,0,0.0,0,0
1352.738,0,0.0,0,0
1352.789,0,0.0,0,0
1352.839,0,0.0,0,0
1352.889,0,0.0,0,0
1352.939,0,0.0,0,0
1352.989,0,0.0,0,0
1353.039,0,0.0,0,0
1353.089,0,0.0,0,0
1353.139,0,0.0,0,0
1353.189,0,0.0,0,0
1353.239,0,0.0,0,0
1353.289,0,0.0,0,0
1353.339,0,0.0,0,0
1353.389,0,0.0,0,0
1353.439,0,0.0,0,0
1353.489,0,0.0,0,0
1353.540,0,0.0,0,0
1353.590,0,0.0,0,0
1353.640,0,0.0,0,0
1353.690,0,0.0,0,0
1353.740,0,0.0,0,0
1353.790,0,0.0,0,0
1353.840,0,0.0,0,0
1353.890,0,0.0,0,0
1353.940,0,0.0,0,0
1353.991,0,0.0,0,0
1354.041,0,0.0,0,0
1354.091,0,0.0,0,0
1354.141,0,0.0,0,0
1354.191,0,0.0,0,0
1354.241,0,0.0,0,0
1354.291,0,0.0,0,0
1354.341,0,0.0,0,0
1354.391,0,0.0,0,0
1354.441,0,0.0,0,0
1354.491,0,0.0,0,0
1354.541,0,0.0,0,0
1354.591,0,0.0,0,0
1354.642,0,0.0,0,0
1354.692,0,0.0,0,0
1354.742,0,0.0,0,0
1354.792,0,0.0,0,0
1354.842,0,0.0,0,0
1354.892,0,0.0,0,0
1354.942,0,0.0,0,0
1354.992,0,0.0,0,0
1355.042,0,0.0,0,0
1355.092,0,0.0,0,0
1355.142,0,0.0,0,0
1355.192,0,0.0,0,0
1355.243,0,0.0,0,0
1355.293,0,0.0,0,0
1355.343,0,0.0,0,0
1355.393,0,0.0,0,0
1355.443,0,0.0,0,0
1355.493,0,0.0,0,0
1355.543,0,0.0,0,0
1355.593,0,0.0,0,0
1355.643,0,0.0,0,0
1355.693,0,0.0,0,0
1355.743,0,0.0,0,0
1355.794,0,0.0,0,0
1355.844,0,0.0,0,0
1355.894,0,0.0,0,0
1355.944,0,0.0,0,0
1355.994,0,0.0,0,0
1356.044,0,0.0,0,0
1356.094,0,0.0,0,0
1356.144,0,0.0,0,0
1356.194,0,0.0,0,0
1356.245,0,0.0,0,0
1356.295,0,0.0,0,0
1356.345,0,0.0,0,0
1356.395,0,0.0,0,0
1356.445,0,0.0,0,0
1356.495,0,0.0,0,0
1356.545,0,0.0,0,0
1356.595,0,0.0,0,0
1356.645,0,0.0,0,0
1356.695,0,0.0,0,0
1356.745,0,0.0,0,0
1356.795,0,0.0,0,0
1356.846,0,0.0,0,0
1356.896,0,0.0,0,0
1356.946,0,0.0,0,0
1356.996,0,0.0,0,0
1357.046,0,0.0,0,0
1357.096,0,0.0,0,0
1357.146,0,0.0,0,0
1357.196,0,0.0,0,0
1357.246,0,0.0,0,0
1357.296,0,0.0,0,0
1357.346,0,0.0,0,0
1357.396,0,0.0,0,0
1357.446,0,0.0,0,0
1357.496,0,0.0,0,0
1357.547,0,0.0,0,0
1357.597,0,0.0,0,0
1357.647,0,0.0,0,0
1357.697,0,0.0,0,0
1357.747,0,0.0,0,0
1357.797,0,0.0,0,0
1357.847,0,0.0,0,0
1357.897,0,0.0,0,0
1357.947,0,0.0,0,0
1357.997,0,0.0,0,0
1358.048,0,0.0,0,0
1358.098,0,0.0,0,0
1358.148,0,0.0,0,0
1358.198,0,0.0,0,0
1358.248,0,0.0,0,0
1358.298,0,0.0,0,0
1358.348,0,0.0,0,0
1358.398,0,0.0,0,0
1358.448,0,0.0,0,0
1358.499,0,0.0,0,0
1358.549,0,0.0,0,0
1358.599,0,0.0,0,0
1358.649,0,0.0,0,0
1358.699,0,0.0,0,0
1358.749,0,0.0,0,0
1358.799,0,0.0,0,0
1358.850,0,0.0,0,0
1358.900,0,0.0,0,0
1358.950,0,0.0,0,0
1359.000,0,0.0,0,0
1359.050,0,0.0,0,0
1359.100,0,0.0,0,0
1359.150,0,0.0,0,0
1359.200,0,0.0,0,0
1359.250,0,0.0,0,0
1359.300,0,0.0,0,0
1359.350,0,0.0,0,0
1359.400,0,0.0,0,0
1359.450,0,0.0,0,0
1359.501,0,0.0,0,0
1359.551,0,0.0,0,0
1359.601,0,0.0,0,0
1359.651,0,0.0,0,0
1359.701,0,0.0,0,0
1359.751,0,0.0,0,0
1359.801,0,0.0,0,0
1359.851,0,0.0,0,0
1359.901,0,0.0,0,0
1359.951,0,0.0,0,0
1360.001,0,0.0,0,0
1360.052,0,0.0,0,0
1360.102,0,0.0,0,0
1360.152,0,0.0,0,0
1360.202,0,0.0,0,0
1360.252,0,0.0,0,0
1360.302,0,0.0,0,0
1360.352,0,0.0,0,0
1360.402,0,0.0,0,0
1360.452,0,0.0,0,0
1360.502,0,0.0,0,0
1360.553,0,0.0,0,0
1360.603,0,0.0,0,0
1360.653,0,0.0,0,0
1360.703,0,0.0,0,0
1360.753,0,0.0,0,0
1360.803,0,0.0,0,0
1360.853,0,0.0,0,0
1360.903,0,0.0,0,0
1360.953,0,0.0,0,0
1361.003,0,0.0,0,0
1361.054,0,0.0,0,0
1361.104,0,0.0,0,0
1361.154,0,0.0,0,0
1361.204,0,0.0,0,0
1361.254,0,0.0,0,0
1361.304,0,0.0,0,0
1361.354,0,0.0,0,0
1361.404,0,0.0,0,0
1361.454,0,0.0,0,0
1361.505,0,0.0,0,0
1361.555,0,0.0,0,0
1361.605,0,0.0,0,0
1361.655,0,0.0,0,0
1361.705,0,0.0,0,0
1361.755,0,0.0,0,0
1361.806,0,0.0,0,0
1361.856,0,0.0,0,0
1361.906,0,0.0,0,0
1361.956,0,0.0,0,0
1362.006,0,0.0,0,0
1362.056,0,0.0,0,0
1362.106,0,0.0,0,0
1362.156,0,0.0,0,0
1362.206,0,0.0,0,0
1362.257,0,0.0,0,0
1362.307,0,0.0,0,0
1362.357,0,0.0,0,0
1362.407,0,0.0,0,0
1362.457,0,0.0,0,0
1362.507,0,0.0,0,0
1362.557,0,0.0,0,0
1362.607,0,0.0,0,0
1362.657,0,0.0,0,0
1362.707,0,0.0,0,0
1362.757,0,0.0,0,0
1362.807,0,0.0,0,0
1362.857,0,0.0,0,0
1362.907,0,0.0,0,0
1362.958,0,0.0,0,0
1363.008,0,0.0,0,0
1363.058,0,0.0,0,0
1363.108,0,0.0,0,0
1363.158,0,0.0,0,0
1363.208,0,0.0,0,0
1363.258,0,0.0,0,0
1363.308,0,0.0,0,0
1363.358,0,0.0,0,0
1363.408,0,0.0,0,0
1363.458,0,0.0,0,0
1363.508,0,0.0,0,0
1363.558,0,0.0,0,0
1363.608,0,0.0,0,0
1363.659,0,0.0,0,0
1363.709,0,0.0,0,0
1363.759,0,0.0,0,0
1363.809,0,0.0,0,0
1363.859,0,0.0,0,0
1363.909,0,0.0,0,0
1363.959,0,0.0,0,0
1364.009,0,0.0,0,0
1364.059,0,0.0,0,0
1364.109,0,0.0,0,0
1364.159,0,0.0,0,0
1364.210,0,0.0,0,0
1364.260,0,0.0,0,0
1364.310,0,0.0,0,0
1364.360,0,0.0,0,0
1364.410,0,0.0,0,0
1364.460,0,0.0,0,0
1364.510,0,0.0,0,0
1364.560,0,0.0,0,0
1364.610,0,0.0,0,0
1364.660,0,0.0,0,0
1364.711,0,0.0,0,0
1364.761,0,0.0,0,0
1364.811,0,0.0,0,0
1364.861,0,0.0,0,0
1364.911,0,0.0,0,0
1364.961,0,0.0,0,0
1365.011,0,0.0,0,0
1365.061,0,0.0,0,0
1365.111,0,0.0,0,0
1365.161,0,0.0,0,0
1365.211,0,0.0,0,0
1365.261,0,0.0,0,0
1365.312,0,0.0,0,0
1365.362,0,0.0,0,0
1365.412,0,0.0,0,0
1365.462,0,0.0,0,0
1365.512,0,0.0,0,0
1365.562,0,0.0,0,0
1365.612,0,0.0,0,0
1365.662,0,0.0,0,0
1365.712,0,0.0,0,0
1365.762,0,0.0,0,0
1365.812,0,0.0,0,0
1365.863,0,0.0,0,0
1365.913,0,0.0,0,0
1365.963,0,0.0,0,0
1366.013,0,0.0,0,0
1366.063,0,0.0,0,0
1366.113,0,0.0,0,0
1366.163,0,0.0,0,0
1366.214,0,0.0,0,0
1366.264,0,0.0,0,0
1366.314,0,0.0,0,0
1366.364,0,0.0,0,0
1366.414,0,0.0,0,0
1366.464,0,0.0,0,0
1366.514,0,0.0,0,0
1366.564,0,0.0,0,0
1366.614,0,0.0,0,0
1366.665,0,0.0,0,0
1366.715,0,0.0,0,0
1366.765,0,0.0,0,0
1366.815,0,0.0,0,0
1366.865,0,0.0,0,0
1366.915,0,0.0,0,0
1366.965,0,0.0,0,0
1367.015,0,0.0,0,0
1367.065,0,0.0,0,0
1367.115,0,0.0,0,0
1367.165,0,0.0,0,0
1367.215,0,0.0,0,0
1367.265,0,0.0,0,0
1367.315,0,0.0,0,0
1367.365,0,0.0,0,0
1367.415,0,0.0,0,0
1367.465,0,0.0,0,0
1367.515,0,0.0,0,0
1367.566,0,0.0,0,0
1367.616,0,0.0,0,0
1367.666,0,0.0,0,0
1367.716,0,0.0,0,0
1367.766,0,0.0,0,0
1367.816,0,0.0,0,0
1367.866,0,0.0,0,0
1367.916,0,0.0,0,0
1367.966,0,0.0,0,0
1368.016,0,0.0,0,0
1368.067,0,0.0,0,0
1368.117,0,0.0,0,0
1368.167,0,0.0,0,0
1368.217,0,0.0,0,0
1368.267,0,0.0,0,0
1368.317,0,0.0,0,0
1368.367,0,0.0,0,0
1368.417,0,0.0,0,0
1368.467,0,0.0,0,0
1368.517,0,0.0,0,0
1368.568,0,0.0,0,0
1368.618,0,0.0,0,0
1368.668,0,0.0,0,0
1368.718,0,0.0,0,0
1368.768,0,0.0,0,0
1368.818,0,0.0,0,0
1368.868,0,0.0,0,0
1368.918,0,0.0,0,0
1368.968,0,0.0,0,0
1369.018,0,0.0,0,0
1369.068,0,0.0,0,0
1369.119,0,0.0,0,0
1369.169,0,0.0,0,0
1369.219,0,0.0,0,0
1369.269,0,0.0,0,0
1369.319,0,0.0,0,0
1369.369,0,0.0,0,0
1369.419,0,0.0,0,0
1369.469,0,0.0,0,0
1369.519,0,0.0,0,0
1369.570,0,0.0,0,0
1369.620,0,0.0,0,0
1369.670,0,0.0,0,0
1369.720,0,0.0,0,0
1369.770,0,0.0,0,0
1369.820,0,0.0,0,0
1369.870,0,0.0,0,0
1369.920,0,0.0,0,0
1369.970,0,0.0,0,0
1370.020,0,0.0,0,0
1370.070,0,0.0,0,0
1370.120,0,0.0,0,0
1370.170,0,0.0,0,0
1370.220,0,0.0,0,0
1370.270,0,0.0,0,0
1370.320,0,0.0,0,0
1370.370,0,0.0,0,0
1370.421,0,0.0,0,0
1370.471,0,0.0,0,0
1370.521,0,0.0,0,0
1370.571,0,0.0,0,0
1370.621,0,0.0,0,0
1370.671,0,0.0,0,0
1370.721,0,0.0,0,0
1370.771,0,0.0,0,0
1370.821,0,0.0,0,0
1370.872,0,0.0,0,0
1370.922,0,0.0,0,0
1370.972,0,0.0,0,0
1371.022,0,0.0,0,0
1371.072,0,0.0,0,0
1371.122,0,0.0,0,0
1371.172,0,0.0,0,0
1371.222,0,0.0,0,0
1371.272,0,0.0,0,0
1371.322,0,0.0,0,0
1371.372,0,0.0,0,0
1371.422,0,0.0,0,0
1371.472,0,0.0,0,0
1371.523,0,0.0,0,0
1371.573,0,0.0,0,0
1371.623,0,0.0,0,0
1371.673,0,0.0,0,0
1371.723,0,0.0,0,0
1371.773,0,0.0,0,0
1371.823,0,0.0,0,0
1371.873,0,0.0,0,0
1371.923,0,0.0,0,0
1371.973,0,0.0,0,0
1372.023,0,0.0,0,0
1372.073,0,0.0,0,0
1372.123,0,0.0,0,0
1372.173,0,0.0,0,0
1372.223,0,0.0,0,0
1372.274,0,0.0,0,0
1372.324,0,0.0,0,0
1372.374,0,0.0,0,0
1372.424,0,0.0,0,0
1372.474,0,0.0,0,0
1372.524,0,0.0,0,0
1372.574,0,0.0,0,0
1372.624,0,0.0,0,0
1372.674,0,0.0,0,0
1372.724,0,0.0,0,0
1372.774,0,0.0,0,0
1372.825,0,0.0,0,0
1372.875,0,0.0,0,0
1372.925,0,0.0,0,0
1372.975,0,0.0,0,0
1373.025,0,0.0,0,0
1373.075,0,0.0,0,0
1373.125,0,0.0,0,0
1373.175,0,0.0,0,0
1373.225,0,0.0,0,0
1373.276,0,0.0,0,0
1373.326,0,0.0,0,0
1373.376,0,0.0,0,0
1373.426,0,0.0,0,0
1373.476,0,0.0,0,0
1373.526,0,0.0,0,0
1373.576,0,0.0,0,0
1373.626,0,0.0,0,0
1373.676,0,0.0,0,0
1373.727,0,0.0,0,0
1373.777,0,0.0,0,0
1373.827,0,0.0,0,0
1373.877,0,0.0,0,0
1373.927,0,0.0,0,0
1373.977,0,0.0,0,0
1374.027,0,0.0,0,0
1374.077,0,0.0,0,0
1374.127,0,0.0,0,0
1374.177,0,0.0,0,0
1374.228,0,0.0,0,0
1374.278,0,0.0,0,0
1374.328,0,0.0,0,0
1374.378,0,0.0,0,0
1374.428,0,0.0,0,0
1374.478,0,0.0,0,0
1374.528,0,0.0,0,0
1374.578,0,0.0,0,0
1374.628,0,0.0,0,0
1374.678,0,0.0,0,0
1374.728,0,0.0,0,0
1374.778,0,0.0,0,0
1374.828,0,0.0,0,0
1374.878,0,0.0,0,0
1374.929,0,0.0,0,0
1374.979,0,0.0,0,0
1375.029,0,0.0,0,0
1375.079,0,0.0,0,0
1375.129,0,0.0,0,0
1375.179,0,0.0,0,0
1375.229,0,0.0,0,0
1375.279,0,0.0,0,0
1375.329,0,0.0,0,0
1375.379,0,0.0,0,0
1375.430,0,0.0,0,0
1375.480,0,0.0,0,0
1375.530,0,0.0,0,0
1375.580,0,0.0,0,0
1375.630,0,0.0,0,0
1375.680,0,0.0,0,0
1375.731,0,0.0,0,0
1375.781,0,0.0,0,0
1375.831,0,0.0,0,0
1375.881,0,0.0,0,0
1375.931,0,0.0,0,0
1375.981,0,0.0,0,0
1376.031,0,0.0,0,0
1376.081,0,0.0,0,0
1376.132,0,0.0,0,0
1376.182,0,0.0,0,0
1376.232,0,0.0,0,0
1376.282,0,0.0,0,0
1376.332,0,0.0,0,0
1376.382,0,0.0,0,0
1376.432,0,0.0,0,0
1376.482,0,0.0,0,0
1376.532,0,0.0,0,0
1376.583,0,0.0,0,0
1376.633,0,0.0,0,0
1376.683,0,0.0,0,0
1376.733,0,0.0,0,0
1376.783,0,0.0,0,0
1376.833,0,0.0,0,0
1376.883,0,0.0,0,0
1376.933,0,0.0,0,0
1376.983,0,0.0,0,0
1377.033,0,0.0,0,0
1377.083,0,0.0,0,0
1377.134,0,0.0,0,0
1377.184,0,0.0,0,0
1377.234,0,0.0,0,0
1377.284,0,0.0,0,0
1377.334,0,0.0,0,0
1377.384,0,0.0,0,0
1377.434,0,0.0,0,0
1377.484,0,0.0,0,0
1377.534,0,0.0,0,0
1377.584,0,0.0,0,0
1377.635,0,0.0,0,0
1377.685,0,0.0,0,0
1377.735,0,0.0,0,0
1377.785,0,0.0,0,0
1377.835,0,0.0,0,0
1377.885,0,0.0,0,0
1377.935,0,0.0,0,0
1377.985,0,0.0,0,0
1378.035,0,0.0,0,0
1378.086,0,0.0,0,0
1378.136,0,0.0,0,0
1378.186,0,0.0,0,0
1378.236,0,0.0,0,0
1378.286,0,0.0,0,0
1378.336,0,0.0,0,0
1378.386,0,0.0,0,0
1378.436,0,0.0,0,0
1378.486,0,0.0,0,0
1378.536,0,0.0,0,0
1378.586,0,0.0,0,0
1378.636,0,0.0,0,0
1378.686,0,0.0,0,0
1378.737,0,0.0,0,0
1378.787,0,0.0,0,0
1378.837,0,0.0,0,0
1378.887,0,0.0,0,0
1378.937,0,0.0,0,0
1378.987,0,0.0,0,0
1379.037,0,0.0,0,0
1379.087,0,0.0,0,0
1379.137,0,0.0,0,0
1379.188,0,0.0,0,0
1379.238,0,0.0,0,0
1379.288,0,0.0,0,0
1379.338,0,0.0,0,0
1379.388,0,0.0,0,0
1379.438,0,0.0,0,0
1379.488,0,0.0,0,0
1379.538,0,0.0,0,0
1379.588,0,0.0,0,0
1379.638,0,0.0,0,0
1379.689,0,0.0,0,0
1379.739,0,0.0,0,0
1379.789,0,0.0,0,0
1379.839,0,0.0,0,0
1379.889,0,0.0,0,0
1379.939,0,0.0,0,0
1379.989,0,0.0,0,0
1380.039,0,0.0,0,0
1380.089,0,0.0,0,0
1380.139,0,0.0,0,0
1380.190,0,0.0,0,0
1380.240,0,0.0,0,0
1380.290,0,0.0,0,0
1380.340,0,0.0,0,0
1380.390,0,0.0,0,0
1380.440,0,0.0,0,0
1380.490,0,0.0,0,0
1380.540,0,0.0,0,0
1380.590,0,0.0,0,0
1380.640,0,0.0,0,0
1380.691,0,0.0,0,0
1380.741,0,0.0,0,0
1380.791,0,0.0,0,0
1380.841,0,0.0,0,0
1380.891,0,0.0,0,0
1380.941,0,0.0,0,0
1380.991,0,0.0,0,0
1381.041,0,0.0,0,0
1381.091,0,0.0,0,0
1381.141,0,0.0,0,0
1381.191,0,0.0,0,0
1381.241,0,0.0,0,0
1381.291,0,0.0,0,0
1381.341,0,0.0,0,0
1381.391,0,0.0,0,0
1381.442,0,0.0,0,0
1381.492,0,0.0,0,0
1381.542,0,0.0,0,0
1381.592,0,0.0,0,0
1381.642,0,0.0,0,0
1381.692,0,0.0,0,0
1381.742,0,0.0,0,0
1381.792,0,0.0,0,0
1381.842,0,0.0,0,0
1381.892,0,0.0,0,0
1381.942,0,0.0,0,0
1381.992,0,0.0,0,0
1382.043,0,0.0,0,0
1382.093,0,0.0,0,0
1382.143,0,0.0,0,0
1382.193,0,0.0,0,0
1382.243,0,0.0,0,0
1382.293,0,0.0,0,0
1382.343,0,0.0,0,0
1382.393,0,0.0,0,0
1382.443,0,0.0,0,0
1382.494,0,0.0,0,0
1382.544,0,0.0,0,0
1382.594,0,0.0,0,0
1382.644,0,0.0,0,0
1382.694,0,0.0,0,0
1382.744,0,0.0,0,0
1382.794,0,0.0,0,0
1382.844,0,0.0,0,0
1382.894,0,0.0,0,0
1382.944,0,0.0,0,0
1382.994,0,0.0,0,0
1383.044,0,0.0,0,0
1383.094,0,0.0,0,0
1383.145,0,0.0,0,0
1383.195,0,0.0,0,0
1383.245,0,0.0,0,0
1383.295,0,0.0,0,0
1383.345,0,0.0,0,0
1383.395,0,0.0,0,0
1383.445,0,0.0,0,0
1383.495,0,0.0,0,0
1383.545,0,0.0,0,0
1383.595,0,0.0,0,0
1383.646,0,0.0,0,0
1383.696,0,0.0,0,0
1383.746,0,0.0,0,0
1383.796,0,0.0,0,0
1383.846,0,0.0,0,0
1383.896,0,0.0,0,0
1383.946,0,0.0,0,0
1383.996,0,0.0,0,0
1384.046,0,0.0,0,0
1384.097,0,0.0,0,0
1384.147,0,0.0,0,0
1384.197,0,0.0,0,0
1384.247,0,0.0,0,0
1384.297,0,0.0,0,0
1384.347,0,0.0,0,0
1384.397,0,0.0,0,0
1384.447,0,0.0,0,0
1384.497,0,0.0,0,0
1384.547,0,0.0,0,0
1384.597,0,0.0,0,0
1384.648,0,0.0,0,0
1384.698,0,0.0,0,0
1384.748,0,0.0,0,0
1384.798,0,0.0,0,0
1384.848,0,0.0,0,0
1384.898,0,0.0,0,0
1384.948,0,0.0,0,0
1384.998,0,0.0,0,0
1385.048,0,0.0,0,0
1385.099,0,0.0,0,0
1385.149,0,0.0,0,0
1385.199,0,0.0,0,0
1385.249,0,0.0,0,0
1385.299,0,0.0,0,0
1385.349,0,0.0,0,0
1385.399,0,0.0,0,0
1385.449,0,0.0,0,0
1385.499,0,0.0,0,0
1385.550,0,0.0,0,0
1385.600,0,0.0,0,0
1385.650,0,0.0,0,0
1385.700,0,0.0,0,0
1385.750,0,0.0,0,0
1385.800,0,0.0,0,0
1385.850,0,0.0,0,0
1385.900,0,0.0,0,0
1385.950,0,0.0,0,0
1386.000,0,0.0,0,0
1386.051,0,0.0,0,0
1386.101,0,0.0,0,0
1386.151,0,0.0,0,0
1386.201,0,0.0,0,0
1386.251,0,0.0,0,0
1386.301,0,0.0,0,0
1386.351,0,0.0,0,0
1386.401,0,0.0,0,0
1386.451,0,0.0,0,0
1386.501,0,0.0,0,0
1386.552,0,0.0,0,0
1386.602,0,0.0,0,0
1386.652,0,0.0,0,0
1386.702,0,0.0,0,0
1386.752,0,0.0,0,0
1386.802,0,0.0,0,0
1386.852,0,0.0,0,0
1386.902,0,0.0,0,0
1386.952,0,0.0,0,0
1387.002,0,0.0,0,0
1387.053,0,0.0,0,0
1387.103,0,0.0,0,0
1387.153,0,0.0,0,0
1387.203,0,0.0,0,0
1387.253,0,0.0,0,0
1387.303,0,0.0,0,0
1387.353,0,0.0,0,0
1387.403,0,0.0,0,0
1387.453,0,0.0,0,0
1387.503,0,0.0,0,0
1387.553,0,0.0,0,0
1387.603,0,0.0,0,0
1387.653,0,0.0,0,0
1387.703,0,0.0,0,0
1387.753,0,0.0,0,0
1387.803,0,0.0,0,0
1387.854,0,0.0,0,0
1387.904,0,0.0,0,0
1387.954,0,0.0,0,0
1388.004,0,0.0,0,0
1388.054,0,0.0,0,0
1388.104,0,0.0,0,0
1388.155,0,0.0,0,0
1388.205,0,0.0,0,0
1388.255,0,0.0,0,0
1388.305,0,0.0,0,0
1388.355,0,0.0,0,0
1388.405,0,0.0,0,0
1388.455,0,0.0,0,0
1388.505,0,0.0,0,0
1388.555,0,0.0,0,0
1388.605,0,0.0,0,0
1388.655,0,0.0,0,0
1388.705,0,0.0,0,0
1388.755,0,0.0,0,0
1388.806,0,0.0,0,0
1388.856,0,0.0,0,0
1388.906,0,0.0,0,0
1388.956,0,0.0,0,0
1389.006,0,0.0,0,0
1389.056,0,0.0,0,0
1389.106,0,0.0,0,0
1389.156,0,0.0,0,0
1389.206,0,0.0,0,0
1389.256,0,0.0,0,0
1389.306,0,0.0,0,0
1389.356,0,0.0,0,0
1389.406,0,0.0,0,0
1389.457,0,0.0,0,0
1389.507,0,0.0,0,0
1389.557,0,0.0,0,0
1389.607,0,0.0,0,0
1389.657,0,0.0,0,0
1389.707,0,0.0,0,0
1389.757,0,0.0,0,0
1389.807,0,0.0,0,0
1389.857,0,0.0,0,0
1389.907,0,0.0,0,0
1389.958,0,0.0,0,0
1390.008,0,0.0,0,0
1390.058,0,0.0,0,0
1390.108,0,0.0,0,0
1390.158,0,0.0,0,0
1390.208,0,0.0,0,0
1390.258,0,0.0,0,0
1390.308,0,0.0,0,0
1390.358,0,0.0,0,0
1390.408,0,0.0,0,0
1390.459,0,0.0,0,0
1390.509,0,0.0,0,0
1390.559,0,0.0,0,0
1390.609,0,0.0,0,0
1390.659,0,0.0,0,0
1390.709,0,0.0,0,0
1390.759,0,0.0,0,0
1390.809,0,0.0,0,0
1390.860,0,0.0,0,0
1390.910,0,0.0,0,0
1390.960,0,0.0,0,0
1391.010,0,0.0,0,0
1391.060,0,0.0,0,0
1391.110,0,0.0,0,0
1391.160,0,0.0,0,0
1391.210,0,0.0,0,0
1391.260,0,0.0,0,0
1391.310,0,0.0,0,0
1391.360,0,0.0,0,0
1391.411,0,0.0,0,0
1391.461,0,0.0,0,0
1391.511,0,0.0,0,0
1391.561,0,0.0,0,0
1391.611,0,0.0,0,0
1391.661,0,0.0,0,0
1391.711,0,0.0,0,0
1391.761,0,0.0,0,0
1391.811,0,0.0,0,0
1391.861,0,0.0,0,0
1391.912,0,0.0,0,0
1391.962,0,0.0,0,0
1392.012,0,0.0,0,0
1392.062,0,0.0,0,0
1392.112,0,0.0,0,0
1392.162,0,0.0,0,0
1392.212,0,0.0,0,0
1392.262,0,0.0,0,0
1392.312,0,0.0,0,0
1392.362,0,0.0,0,0
1392.412,0,0.0,0,0
1392.463,0,0.0,0,0
1392.513,0,0.0,0,0
1392.563,0,0.0,0,0
1392.613,0,0.0,0,0
1392.663,0,0.0,0,0
1392.713,0,0.0,0,0
1392.763,0,0.0,0,0
1392.813,0,0.0,0,0
1392.863,0,0.0,0,0
1392.914,0,0.0,0,0
1392.964,0,0.0,0,0
1393.014,0,0.0,0,0
1393.064,0,0.0,0,0
1393.114,0,0.0,0,0
1393.164,0,0.0,0,0
1393.214,0,0.0,0,0
1393.264,0,0.0,0,0
1393.314,0,0.0,0,0
1393.364,0,0.0,0,0
1393.414,0,0.0,0,0
1393.464,0,0.0,0,0
1393.515,0,0.0,0,0
1393.565,0,0.0,0,0
1393.615,0,0.0,0,0
1393.665,0,0.0,0,0
1393.715,0,0.0,0,0
1393.765,0,0.0,0,0
1393.815,0,0.0,0,0
1393.865,0,0.0,0,0
1393.915,0,0.0,0,0
1393.965,0,0.0,0,0
1394.015,0,0.0,0,0
1394.065,0,0.0,0,0
1394.115,0,0.0,0,0
1394.165,0,0.0,0,0
1394.215,0,0.0,0,0
1394.265,0,0.0,0,0
1394.316,0,0.0,0,0
1394.366,0,0.0,0,0
1394.416,0,0.0,0,0
1394.466,0,0.0,0,0
1394.516,0,0.0,0,0
1394.566,0,0.0,0,0
1394.616,0,0.0,0,0
1394.666,0,0.0,0,0
1394.716,0,0.0,0,0
1394.766,0,0.0,0,0
1394.816,0,0.0,0,0
1394.867,0,0.0,0,0
1394.917,0,0.0,0,0
1394.967,0,0.0,0,0
1395.017,0,0.0,0,0
1395.067,0,0.0,0,0
1395.117,0,0.0,0,0
1395.167,0,0.0,0,0
1395.217,0,0.0,0,0
1395.267,0,0.0,0,0
1395.318,0,0.0,0,0
1395.368,0,0.0,0,0
1395.418,0,0.0,0,0
1395.468,0,0.0,0,0
1395.518,0,0.0,0,0
1395.568,0,0.0,0,0
1395.618,0,0.0,0,0
1395.668,0,0.0,0,0
1395.718,0,0.0,0,0
1395.769,0,0.0,0,0
1395.819,0,0.0,0,0
1395.869,0,0.0,0,0
1395.919,0,0.0,0,0
1395.969,0,0.0,0,0
1396.019,0,0.0,0,0
1396.069,0,0.0,0,0
1396.119,0,0.0,0,0
1396.169,0,0.0,0,0
1396.219,0,0.0,0,0
1396.269,0,0.0,0,0
1396.320,0,0.0,0,0
1396.370,0,0.0,0,0
1396.420,0,0.0,0,0
1396.470,0,0.0,0,0
1396.520,0,0.0,0,0
1396.570,0,0.0,0,0
1396.620,0,0.0,0,0
1396.670,0,0.0,0,0
1396.720,0,0.0,0,0
1396.771,0,0.0,0,0
1396.821,0,0.0,0,0
1396.871,0,0.0,0,0
1396.921,0,0.0,0,0
1396.971,0,0.0,0,0
1397.021,0,0.0,0,0
1397.071,0,0.0,0,0
1397.121,0,0.0,0,0
1397.171,0,0.0,0,0
1397.222,0,0.0,0,0
1397.272,0,0.0,0,0
1397.322,0,0.0,0,0
1397.372,0,0.0,0,0
1397.422,0,0.0,0,0
1397.472,0,0.0,0,0
1397.522,0,0.0,0,0
1397.572,0,0.0,0,0
1397.623,0,0.0,0,0
1397.673,0,0.0,0,0
1397.723,0,0.0,0,0
1397.773,0,0.0,0,0
1397.823,0,0.0,0,0
1397.873,0,0.0,0,0
1397.923,0,0.0,0,0
1397.973,0,0.0,0,0
1398.023,0,0.0,0,0
1398.074,0,0.0,0,0
1398.124,0,0.0,0,0
1398.174,0,0.0,0,0
1398.224,0,0.0,0,0
1398.274,0,0.0,0,0
1398.324,0,0.0,0,0
1398.374,0,0.0,0,0
1398.424,0,0.0,0,0
1398.474,0,0.0,0,0
1398.524,0,0.0,0,0
1398.575,0,0.0,0,0
1398.625,0,0.0,0,0
1398.675,0,0.0,0,0
1398.725,0,0.0,0,0
1398.775,0,0.0,0,0
1398.825,0,0.0,0,0
1398.875,0,0.0,0,0
1398.925,0,0.0,0,0
1398.975,0,0.0,0,0
1399.025,0,0.0,0,0
1399.076,0,0.0,0,0
1399.126,0,0.0,0,0
1399.176,0,0.0,0,0
1399.226,0,0.0,0,0
1399.276,0,0.0,0,0
1399.326,0,0.0,0,0
1399.376,0,0.0,0,0
1399.426,0,0.0,0,0
1399.476,0,0.0,0,0
1399.526,0,0.0,0,0
1399.577,0,0.0,0,0
1399.627,0,0.0,0,0
1399.677,0,0.0,0,0
1399.727,0,0.0,0,0
1399.777,0,0.0,0,0
1399.827,0,0.0,0,0
1399.877,0,0.0,0,0
1399.927,0,0.0,0,0
1399.978,0,0.0,0,0
1400.028,0,0.0,0,0
1400.078,0,0.0,0,0
1400.128,0,0.0,0,0
1400.178,0,0.0,0,0
1400.228,0,0.0,0,0
1400.278,0,0.0,0,0
1400.328,0,0.0,0,0
1400.378,0,0.0,0,0
1400.429,0,0.0,0,0
1400.479,0,0.0,0,0
1400.529,0,0.0,0,0
1400.579,0,0.0,0,0
1400.629,0,0.0,0,0
1400.679,0,0.0,0,0
1400.729,0,0.0,0,0
1400.779,0,0.0,0,0
1400.830,0,0.0,0,0
1400.880,0,0.0,0,0
1400.930,0,0.0,0,0
1400.980,0,0.0,0,0
1401.030,0,0.0,0,0
1401.080,0,0.0,0,0
1401.130,0,0.0,0,0
1401.180,0,0.0,0,0
1401.230,0,0.0,0,0
1401.280,0,0.0,0,0
1401.330,0,0.0,0,0
1401.380,0,0.0,0,0
1401.431,0,0.0,0,0
1401.481,0,0.0,0,0
1401.531,0,0.0,0,0
1401.581,0,0.0,0,0
1401.631,0,0.0,0,0
1401.681,0,0.0,0,0
1401.731,0,0.0,0,0
1401.781,0,0.0,0,0
1401.831,0,0.0,0,0
1401.881,0,0.0,0,0
1401.931,0,0.0,0,0
1401.981,0,0.0,0,0
1402.032,0,0.0,0,0
1402.082,0,0.0,0,0
1402.132,0,0.0,0,0
1402.182,0,0.0,0,0
1402.232,0,0.0,0,0
1402.282,0,0.0,0,0
1402.332,0,0.0,0,0
1402.382,0,0.0,0,0
1402.432,0,0.0,0,0
1402.483,0,0.0,0,0
1402.533,0,0.0,0,0
1402.583,0,0.0,0,0
1402.633,0,0.0,0,0
1402.683,0,0.0,0,0
1402.733,0,0.0,0,0
1402.783,0,0.0,0,0
1402.833,0,0.0,0,0
1402.883,0,0.0,0,0
1402.933,0,0.0,0,0
1402.983,0,0.0,0,0
1403.033,0,0.0,0,0
1403.084,0,0.0,0,0
1403.134,0,0.0,0,0
1403.184,0,0.0,0,0
1403.234,0,0.0,0,0
1403.284,0,0.0,0,0
1403.334,0,0.0,0,0
1403.384,0,0.0,0,0
1403.434,0,0.0,0,0
1403.484,0,0.0,0,0
1403.534,0,0.0,0,0
1403.584,0,0.0,0,0
1403.635,0,0.0,0,0
1403.685,0,0.0,0,0
1403.735,0,0.0,0,0
1403.785,0,0.0,0,0
1403.835,0,0.0,0,0
1403.885,0,0.0,0,0
1403.935,0,0.0,0,0
1403.985,0,0.0,0,0
1404.035,0,0.0,0,0
1404.085,0,0.0,0,0
1404.135,0,0.0,0,0
1404.185,0,0.0,0,0
1404.236,0,0.0,0,0
1404.286,0,0.0,0,0
1404.336,0,0.0,0,0
1404.386,0,0.0,0,0
1404.436,0,0.0,0,0
1404.486,0,0.0,0,0
1404.536,0,0.0,0,0
1404.586,0,0.0,0,0
1404.636,0,0.0,0,0
1404.686,0,0.0,0,0
1404.736,0,0.0,0,0
1404.786,0,0.0,0,0
1404.836,0,0.0,0,0
1404.886,0,0.0,0,0
1404.937,0,0.0,0,0
1404.987,0,0.0,0,0
1405.037,0,0.0,0,0
1405.087,0,0.0,0,0
1405.137,0,0.0,0,0
1405.187,0,0.0,0,0
1405.237,0,0.0,0,0
1405.287,0,0.0,0,0
1405.337,0,0.0,0,0
1405.388,0,0.0,0,0
1405.438,0,0.0,0,0
1405.488,0,0.0,0,0
1405.538,0,0.0,0,0
1405.588,0,0.0,0,0
1405.638,0,0.0,0,0
1405.688,0,0.0,0,0
1405.739,0,0.0,0,0
1405.789,0,0.0,0,0
1405.839,0,0.0,0,0
1405.889,0,0.0,0,0
1405.939,0,0.0,0,0
1405.989,0,0.0,0,0
1406.039,0,0.0,0,0
1406.089,0,0.0,0,0
1406.139,0,0.0,0,0
1406.189,0,0.0,0,0
1406.239,0,0.0,0,0
1406.289,0,0.0,0,0
1406.339,0,0.0,0,0
1406.390,0,0.0,0,0
1406.440,0,0.0,0,0
1406.490,0,0.0,0,0
1406.540,0,0.0,0,0
1406.590,0,0.0,0,0
1406.640,0,0.0,0,0
1406.690,0,0.0,0,0
1406.741,0,0.0,0,0
1406.791,0,0.0,0,0
1406.841,0,0.0,0,0
1406.891,0,0.0,0,0
1406.941,0,0.0,0,0
1406.991,0,0.0,0,0
1407.041,0,0.0,0,0
1407.091,0,0.0,0,0
1407.141,0,0.0,0,0
1407.192,0,0.0,0,0
1407.242,0,0.0,0,0
1407.292,0,0.0,0,0
1407.342,0,0.0,0,0
1407.392,0,0.0,0,0
1407.442,0,0.0,0,0
1407.492,0,0.0,0,0
1407.542,0,0.0,0,0
1407.592,0,0.0,0,0
1407.642,0,0.0,0,0
1407.693,0,0.0,0,0
1407.743,0,0.0,0,0
1407.793,0,0.0,0,0
1407.843,0,0.0,0,0
1407.893,0,0.0,0,0
1407.943,0,0.0,0,0
1407.993,0,0.0,0,0
1408.043,0,0.0,0,0
1408.093,0,0.0,0,0
1408.143,0,0.0,0,0
1408.194,0,0.0,0,0
1408.244,0,0.0,0,0
1408.294,0,0.0,0,0
1408.344,0,0.0,0,0
1408.394,0,0.0,0,0
1408.444,0,0.0,0,0
1408.494,0,0.0,0,0
1408.544,0,0.0,0,0
1408.595,0,0.0,0,0
1408.645,0,0.0,0,0
1408.695,0,0.0,0,0
1408.745,0,0.0,0,0
1408.795,0,0.0,0,0
1408.845,0,0.0,0,0
1408.895,0,0.0,0,0
1408.945,0,0.0,0,0
1408.995,0,0.0,0,0
1409.045,0,0.0,0,0
1409.095,0,0.0,0,0
1409.146,0,0.0,0,0
1409.196,0,0.0,0,0
1409.246,0,0.0,0,0
1409.296,0,0.0,0,0
1409.346,0,0.0,0,0
1409.396,0,0.0,0,0
1409.446,0,0.0,0,0
1409.496,0,0.0,0,0
1409.546,0,0.0,0,0
1409.597,0,0.0,0,0
1409.647,0,0.0,0,0
1409.697,0,0.0,0,0
1409.747,0,0.0,0,0
1409.797,0,0.0,0,0
1409.847,0,0.0,0,0
1409.897,0,0.0,0,0
1409.947,0,0.0,0,0
1409.997,0,0.0,0,0
1410.047,0,0.0,0,0
1410.097,0,0.0,0,0
1410.147,0,0.0,0,0
1410.197,0,0.0,0,0
1410.248,0,0.0,0,0
1410.298,0,0.0,0,0
1410.348,0,0.0,0,0
1410.398,0,0.0,0,0
1410.448,0,0.0,0,0
1410.498,0,0.0,0,0
1410.548,0,0.0,0,0
1410.598,0,0.0,0,0
1410.648,0,0.0,0,0
1410.698,0,0.0,0,0
1410.748,0,0.0,0,0
1410.798,0,0.0,0,0
1410.849,0,0.0,0,0
1410.899,0,0.0,0,0
1410.949,0,0.0,0,0
1410.999,0,0.0,0,0
1411.049,0,0.0,0,0
1411.099,0,0.0,0,0
1411.149,0,0.0,0,0
1411.200,0,0.0,0,0
1411.250,0,0.0,0,0
1411.300,0,0.0,0,0
1411.350,0,0.0,0,0
1411.400,0,0.0,0,0
1411.450,0,0.0,0,0
1411.500,0,0.0,0,0
1411.550,0,0.0,0,0
1411.601,0,0.0,0,0
1411.651,0,0.0,0,0
1411.701,0,0.0,0,0
1411.751,0,0.0,0,0
1411.801,0,0.0,0,0
1411.851,0,0.0,0,0
1411.901,0,0.0,0,0
1411.951,0,0.0,0,0
1412.001,0,0.0,0,0
1412.052,0,0.0,0,0
1412.102,0,0.0,0,0
1412.152,0,0.0,0,0
1412.202,0,0.0,0,0
1412.252,0,0.0,0,0
1412.302,0,0.0,0,0
1412.352,0,0.0,0,0
1412.402,0,0.0,0,0
1412.452,0,0.0,0,0
1412.502,0,0.0,0,0
1412.552,0,0.0,0,0
1412.603,0,0.0,0,0
1412.653,0,0.0,0,0
1412.703,0,0.0,0,0
1412.753,0,0.0,0,0
1412.803,0,0.0,0,0
1412.853,0,0.0,0,0
1412.903,0,0.0,0,0
1412.953,0,0.0,0,0
1413.003,0,0.0,0,0
1413.054,0,0.0,0,0
1413.104,0,0.0,0,0
1413.154,0,0.0,0,0
1413.204,0,0.0,0,0
1413.254,0,0.0,0,0
1413.304,0,0.0,0,0
1413.354,0,0.0,0,0
1413.404,0,0.0,0,0
1413.454,0,0.0,0,0
1413.504,0,0.0,0,0
1413.554,0,0.0,0,0
1413.604,0,0.0,0,0
1413.655,0,0.0,0,0
1413.705,0,0.0,0,0
1413.755,0,0.0,0,0
1413.805,0,0.0,0,0
1413.855,0,0.0,0,0
1413.905,0,0.0,0,0
1413.955,0,0.0,0,0
1414.005,0,0.0,0,0
1414.055,0,0.0,0,0
1414.106,0,0.0,0,0
1414.156,0,0.0,0,0
1414.206,0,0.0,0,0
1414.256,0,0.0,0,0
1414.306,0,0.0,0,0
1414.356,0,0.0,0,0
1414.406,0,0.0,0,0
1414.456,0,0.0,0,0
1414.506,0,0.0,0,0
1414.556,0,0.0,0,0
1414.607,0,0.0,0,0
1414.657,0,0.0,0,0
1414.707,0,0.0,0,0
1414.757,0,0.0,0,0
1414.807,0,0.0,0,0
1414.857,0,0.0,0,0
1414.907,0,0.0,0,0
1414.957,0,0.0,0,0
1415.008,0,0.0,0,0
1415.058,0,0.0,0,0
1415.108,0,0.0,0,0
1415.158,0,0.0,0,0
1415.208,0,0.0,0,0
1415.258,0,0.0,0,0
1415.308,0,0.0,0,0
1415.358,0,0.0,0,0
1415.408,0,0.0,0,0
1415.458,0,0.0,0,0
1415.508,0,0.0,0,0
1415.558,0,0.0,0,0
1415.608,0,0.0,0,0
1415.658,0,0.0,0,0
1415.709,0,0.0,0,0
1415.759,0,0.0,0,0
1415.809,0,0.0,0,0
1415.859,0,0.0,0,0
1415.909,0,0.0,0,0
1415.959,0,0.0,0,0
1416.009,0,0.0,0,0
1416.059,0,0.0,0,0
1416.109,0,0.0,0,0
1416.159,0,0.0,0,0
1416.209,0,0.0,0,0
1416.259,0,0.0,0,0
1416.309,0,0.0,0,0
1416.360,0,0.0,0,0
1416.410,0,0.0,0,0
1416.460,0,0.0,0,0
1416.510,0,0.0,0,0
1416.560,0,0.0,0,0
1416.610,0,0.0,0,0
1416.660,0,0.0,0,0
1416.710,0,0.0,0,0
1416.760,0,0.0,0,0
1416.810,0,0.0,0,0
1416.860,0,0.0,0,0
1416.910,0,0.0,0,0
1416.961,0,0.0,0,0
1417.011,0,0.0,0,0
1417.061,0,0.0,0,0
1417.111,0,0.0,0,0
1417.161,0,0.0,0,0
1417.211,0,0.0,0,0
1417.261,0,0.0,0,0
1417.311,0,0.0,0,0
1417.361,0,0.0,0,0
1417.412,0,0.0,0,0
1417.462,0,0.0,0,0
1417.512,0,0.0,0,0
1417.562,0,0.0,0,0
1417.612,0,0.0,0,0
1417.662,0,0.0,0,0
1417.712,0,0.0,0,0
1417.762,0,0.0,0,0
1417.812,0,0.0,0,0
1417.862,0,0.0,0,0
1417.912,0,0.0,0,0
1417.962,0,0.0,0,0
1418.013,0,0.0,0,0
1418.063,0,0.0,0,0
1418.113,0,0.0,0,0
1418.163,0,0.0,0,0
1418.213,0,0.0,0,0
1418.263,0,0.0,0,0
1418.313,0,0.0,0,0
1418.363,0,0.0,0,0
1418.413,0,0.0,0,0
1418.463,0,0.0,0,0
1418.514,0,0.0,0,0
1418.564,0,0.0,0,0
1418.614,0,0.0,0,0
1418.664,0,0.0,0,0
1418.714,0,0.0,0,0
1418.764,0,0.0,0,0
1418.814,0,0.0,0,0
1418.864,0,0.0,0,0
1418.914,0,0.0,0,0
1418.964,0,0.0,0,0
1419.015,0,0.0,0,0
1419.065,0,0.0,0,0
1419.115,0,0.0,0,0
1419.165,0,0.0,0,0
1419.215,0,0.0,0,0
1419.265,0,0.0,0,0
1419.315,0,0.0,0,0
1419.365,0,0.0,0,0
1419.416,0,0.0,0,0
1419.466,0,0.0,0,0
1419.516,0,0.0,0,0
1419.566,0,0.0,0,0
1419.616,0,0.0,0,0
1419.666,0,0.0,0,0
1419.716,0,0.0,0,0
1419.766,0,0.0,0,0
1419.816,0,0.0,0,0
1419.866,0,0.0,0,0
1419.916,0,0.0,0,0
1419.966,0,0.0,0,0
1420.017,0,0.0,0,0
1420.067,0,0.0,0,0
1420.117,0,0.0,0,0
1420.167,0,0.0,0,0
1420.217,0,0.0,0,0
1420.267,0,0.0,0,0
1420.317,0,0.0,0,0
1420.367,0,0.0,0,0
1420.417,0,0.0,0,0
1420.467,0,0.0,0,0
1420.517,0,0.0,0,0
1420.567,0,0.0,0,0
1420.618,0,0.0,0,0
1420.668,0,0.0,0,0
1420.718,0,0.0,0,0
1420.768,0,0.0,0,0
1420.818,0,0.0,0,0
1420.868,0,0.0,0,0
1420.918,0,0.0,0,0
1420.968,0,0.0,0,0
1421.018,0,0.0,0,0
1421.068,0,0.0,0,0
1421.118,0,0.0,0,0
1421.168,0,0.0,0,0
1421.218,0,0.0,0,0
1421.269,0,0.0,0,0
1421.319,0,0.0,0,0
1421.369,0,0.0,0,0
1421.419,0,0.0,0,0
1421.469,0,0.0,0,0
1421.519,0,0.0,0,0
1421.569,0,0.0,0,0
1421.619,0,0.0,0,0
1421.669,0,0.0,0,0
1421.719,0,0.0,0,0
1421.769,0,0.0,0,0
1421.820,0,0.0,0,0
1421.870,0,0.0,0,0
1421.920,0,0.0,0,0
1421.970,0,0.0,0,0
1422.020,0,0.0,0,0
1422.070,0,0.0,0,0
1422.121,0,0.0,0,0
1422.171,0,0.0,0,0
1422.221,0,0.0,0,0
1422.271,0,0.0,0,0
1422.321,0,0.0,0,0
1422.371,0,0.0,0,0
1422.421,0,0.0,0,0
1422.471,0,0.0,0,0
1422.521,0,0.0,0,0
1422.571,0,0.0,0,0
1422.622,0,0.0,0,0
