ISO-10303-21;
HEADER;
/* Generated by software containing ST-Developer
 * from STEP Tools, Inc. (www.steptools.com) 
 */

FILE_DESCRIPTION(
/* description */ (''),
/* implementation_level */ '2;1');

FILE_NAME(
/* name */ 'loadcell mount b.step',
/* time_stamp */ '2026-09-01T05:06:37-07:00',
/* author */ (''),
/* organization */ (''),
/* preprocessor_version */ 'ST-DEVELOPER v20.1',
/* originating_system */ 'Autodesk Translation Framework v15.8.0.0',
/* authorisation */ '');

FILE_SCHEMA (('AUTOMOTIVE_DESIGN { 1 0 10303 214 3 1 1 }'));
ENDSEC;

DATA;
#10=MECHANICAL_DESIGN_GEOMETRIC_PRESENTATION_REPRESENTATION('',(#13),#2761);
#11=SHAPE_REPRESENTATION_RELATIONSHIP('SRR','None',#2767,#12);
#12=ADVANCED_BREP_SHAPE_REPRESENTATION('',(#14),#2760);
#13=STYLED_ITEM('',(#2783),#14);
#14=MANIFOLD_SOLID_BREP('Body4915',#1717);
#15=CYLINDRICAL_SURFACE('',#1752,8.);
#16=CYLINDRICAL_SURFACE('',#1758,8.);
#17=CYLINDRICAL_SURFACE('',#1759,8.);
#18=CYLINDRICAL_SURFACE('',#1766,8.);
#19=CYLINDRICAL_SURFACE('',#1768,8.);
#20=CYLINDRICAL_SURFACE('',#1775,8.);
#21=CYLINDRICAL_SURFACE('',#1777,8.);
#22=CYLINDRICAL_SURFACE('',#1784,8.);
#23=CYLINDRICAL_SURFACE('',#1787,2.6);
#24=CYLINDRICAL_SURFACE('',#1788,2.);
#25=CYLINDRICAL_SURFACE('',#1795,2.);
#26=CYLINDRICAL_SURFACE('',#1798,2.);
#27=CYLINDRICAL_SURFACE('',#1799,11.8217252776459);
#28=CYLINDRICAL_SURFACE('',#1800,9.81160972842306);
#29=CYLINDRICAL_SURFACE('',#1818,4.085);
#30=CYLINDRICAL_SURFACE('',#1829,2.);
#31=CIRCLE('',#1729,2.6);
#32=CIRCLE('',#1730,11.8217252776459);
#33=CIRCLE('',#1733,11.8217252776459);
#34=CIRCLE('',#1734,2.6);
#35=CIRCLE('',#1739,9.81160972842306);
#36=CIRCLE('',#1748,8.);
#37=CIRCLE('',#1749,8.);
#38=CIRCLE('',#1750,2.);
#39=CIRCLE('',#1753,8.);
#40=CIRCLE('',#1755,8.);
#41=CIRCLE('',#1756,2.);
#42=CIRCLE('',#1760,8.);
#43=CIRCLE('',#1761,8.);
#44=CIRCLE('',#1764,8.);
#45=CIRCLE('',#1765,2.);
#46=CIRCLE('',#1767,8.);
#47=CIRCLE('',#1769,8.);
#48=CIRCLE('',#1770,8.);
#49=CIRCLE('',#1773,8.);
#50=CIRCLE('',#1774,2.);
#51=CIRCLE('',#1776,8.);
#52=CIRCLE('',#1778,8.);
#53=CIRCLE('',#1779,8.);
#54=CIRCLE('',#1782,8.);
#55=CIRCLE('',#1783,2.);
#56=CIRCLE('',#1785,8.);
#57=CIRCLE('',#1789,2.);
#58=CIRCLE('',#1796,2.);
#59=CIRCLE('',#1801,9.81160972842306);
#60=CIRCLE('',#1808,4.085);
#61=CIRCLE('',#1817,4.085);
#62=CIRCLE('',#1830,2.);
#63=FACE_BOUND('',#165,.T.);
#64=FACE_BOUND('',#166,.T.);
#65=FACE_BOUND('',#177,.T.);
#66=FACE_BOUND('',#186,.T.);
#67=FACE_BOUND('',#190,.T.);
#68=FACE_BOUND('',#196,.T.);
#69=FACE_BOUND('',#201,.T.);
#70=FACE_BOUND('',#206,.T.);
#71=FACE_BOUND('',#213,.T.);
#72=FACE_BOUND('',#223,.T.);
#73=FACE_BOUND('',#228,.T.);
#74=FACE_BOUND('',#229,.T.);
#75=FACE_BOUND('',#231,.T.);
#76=FACE_BOUND('',#240,.T.);
#77=FACE_BOUND('',#254,.T.);
#78=FACE_OUTER_BOUND('',#159,.T.);
#79=FACE_OUTER_BOUND('',#160,.T.);
#80=FACE_OUTER_BOUND('',#161,.T.);
#81=FACE_OUTER_BOUND('',#162,.T.);
#82=FACE_OUTER_BOUND('',#163,.T.);
#83=FACE_OUTER_BOUND('',#164,.T.);
#84=FACE_OUTER_BOUND('',#167,.T.);
#85=FACE_OUTER_BOUND('',#168,.T.);
#86=FACE_OUTER_BOUND('',#169,.T.);
#87=FACE_OUTER_BOUND('',#170,.T.);
#88=FACE_OUTER_BOUND('',#171,.T.);
#89=FACE_OUTER_BOUND('',#172,.T.);
#90=FACE_OUTER_BOUND('',#173,.T.);
#91=FACE_OUTER_BOUND('',#174,.T.);
#92=FACE_OUTER_BOUND('',#175,.T.);
#93=FACE_OUTER_BOUND('',#176,.T.);
#94=FACE_OUTER_BOUND('',#178,.T.);
#95=FACE_OUTER_BOUND('',#179,.T.);
#96=FACE_OUTER_BOUND('',#180,.T.);
#97=FACE_OUTER_BOUND('',#181,.T.);
#98=FACE_OUTER_BOUND('',#182,.T.);
#99=FACE_OUTER_BOUND('',#183,.T.);
#100=FACE_OUTER_BOUND('',#184,.T.);
#101=FACE_OUTER_BOUND('',#185,.T.);
#102=FACE_OUTER_BOUND('',#187,.T.);
#103=FACE_OUTER_BOUND('',#188,.T.);
#104=FACE_OUTER_BOUND('',#189,.T.);
#105=FACE_OUTER_BOUND('',#191,.T.);
#106=FACE_OUTER_BOUND('',#192,.T.);
#107=FACE_OUTER_BOUND('',#193,.T.);
#108=FACE_OUTER_BOUND('',#194,.T.);
#109=FACE_OUTER_BOUND('',#195,.T.);
#110=FACE_OUTER_BOUND('',#197,.T.);
#111=FACE_OUTER_BOUND('',#198,.T.);
#112=FACE_OUTER_BOUND('',#199,.T.);
#113=FACE_OUTER_BOUND('',#200,.T.);
#114=FACE_OUTER_BOUND('',#202,.T.);
#115=FACE_OUTER_BOUND('',#203,.T.);
#116=FACE_OUTER_BOUND('',#204,.T.);
#117=FACE_OUTER_BOUND('',#205,.T.);
#118=FACE_OUTER_BOUND('',#207,.T.);
#119=FACE_OUTER_BOUND('',#208,.T.);
#120=FACE_OUTER_BOUND('',#209,.T.);
#121=FACE_OUTER_BOUND('',#210,.T.);
#122=FACE_OUTER_BOUND('',#211,.T.);
#123=FACE_OUTER_BOUND('',#212,.T.);
#124=FACE_OUTER_BOUND('',#214,.T.);
#125=FACE_OUTER_BOUND('',#215,.T.);
#126=FACE_OUTER_BOUND('',#216,.T.);
#127=FACE_OUTER_BOUND('',#217,.T.);
#128=FACE_OUTER_BOUND('',#218,.T.);
#129=FACE_OUTER_BOUND('',#219,.T.);
#130=FACE_OUTER_BOUND('',#220,.T.);
#131=FACE_OUTER_BOUND('',#221,.T.);
#132=FACE_OUTER_BOUND('',#222,.T.);
#133=FACE_OUTER_BOUND('',#224,.T.);
#134=FACE_OUTER_BOUND('',#225,.T.);
#135=FACE_OUTER_BOUND('',#226,.T.);
#136=FACE_OUTER_BOUND('',#227,.T.);
#137=FACE_OUTER_BOUND('',#230,.T.);
#138=FACE_OUTER_BOUND('',#232,.T.);
#139=FACE_OUTER_BOUND('',#233,.T.);
#140=FACE_OUTER_BOUND('',#234,.T.);
#141=FACE_OUTER_BOUND('',#235,.T.);
#142=FACE_OUTER_BOUND('',#236,.T.);
#143=FACE_OUTER_BOUND('',#237,.T.);
#144=FACE_OUTER_BOUND('',#238,.T.);
#145=FACE_OUTER_BOUND('',#239,.T.);
#146=FACE_OUTER_BOUND('',#241,.T.);
#147=FACE_OUTER_BOUND('',#242,.T.);
#148=FACE_OUTER_BOUND('',#243,.T.);
#149=FACE_OUTER_BOUND('',#244,.T.);
#150=FACE_OUTER_BOUND('',#245,.T.);
#151=FACE_OUTER_BOUND('',#246,.T.);
#152=FACE_OUTER_BOUND('',#247,.T.);
#153=FACE_OUTER_BOUND('',#248,.T.);
#154=FACE_OUTER_BOUND('',#249,.T.);
#155=FACE_OUTER_BOUND('',#250,.T.);
#156=FACE_OUTER_BOUND('',#251,.T.);
#157=FACE_OUTER_BOUND('',#252,.T.);
#158=FACE_OUTER_BOUND('',#253,.T.);
#159=EDGE_LOOP('',(#1083,#1084,#1085,#1086));
#160=EDGE_LOOP('',(#1087,#1088,#1089,#1090,#1091,#1092,#1093,#1094,#1095,
#1096,#1097,#1098,#1099,#1100,#1101));
#161=EDGE_LOOP('',(#1102,#1103,#1104,#1105));
#162=EDGE_LOOP('',(#1106,#1107,#1108,#1109));
#163=EDGE_LOOP('',(#1110,#1111,#1112,#1113,#1114,#1115,#1116,#1117,#1118,
#1119,#1120,#1121,#1122,#1123,#1124));
#164=EDGE_LOOP('',(#1125,#1126,#1127,#1128,#1129,#1130,#1131,#1132));
#165=EDGE_LOOP('',(#1133,#1134,#1135,#1136,#1137,#1138));
#166=EDGE_LOOP('',(#1139,#1140,#1141,#1142,#1143,#1144));
#167=EDGE_LOOP('',(#1145,#1146,#1147,#1148));
#168=EDGE_LOOP('',(#1149,#1150,#1151,#1152,#1153,#1154,#1155,#1156,#1157,
#1158,#1159,#1160));
#169=EDGE_LOOP('',(#1161,#1162,#1163,#1164));
#170=EDGE_LOOP('',(#1165,#1166,#1167,#1168,#1169,#1170,#1171,#1172,#1173,
#1174,#1175,#1176,#1177,#1178));
#171=EDGE_LOOP('',(#1179,#1180,#1181,#1182));
#172=EDGE_LOOP('',(#1183,#1184,#1185,#1186,#1187,#1188,#1189,#1190,#1191,
#1192,#1193,#1194,#1195,#1196));
#173=EDGE_LOOP('',(#1197,#1198,#1199,#1200));
#174=EDGE_LOOP('',(#1201,#1202,#1203,#1204));
#175=EDGE_LOOP('',(#1205,#1206,#1207,#1208));
#176=EDGE_LOOP('',(#1209,#1210,#1211,#1212,#1213,#1214,#1215,#1216,#1217,
#1218,#1219,#1220,#1221,#1222));
#177=EDGE_LOOP('',(#1223));
#178=EDGE_LOOP('',(#1224,#1225,#1226,#1227));
#179=EDGE_LOOP('',(#1228,#1229,#1230,#1231));
#180=EDGE_LOOP('',(#1232,#1233,#1234,#1235,#1236,#1237,#1238,#1239,#1240));
#181=EDGE_LOOP('',(#1241,#1242,#1243,#1244));
#182=EDGE_LOOP('',(#1245,#1246,#1247,#1248));
#183=EDGE_LOOP('',(#1249,#1250,#1251,#1252));
#184=EDGE_LOOP('',(#1253,#1254,#1255,#1256));
#185=EDGE_LOOP('',(#1257,#1258,#1259,#1260,#1261,#1262,#1263,#1264,#1265));
#186=EDGE_LOOP('',(#1266));
#187=EDGE_LOOP('',(#1267,#1268,#1269,#1270));
#188=EDGE_LOOP('',(#1271,#1272,#1273,#1274));
#189=EDGE_LOOP('',(#1275,#1276,#1277,#1278,#1279,#1280));
#190=EDGE_LOOP('',(#1281));
#191=EDGE_LOOP('',(#1282,#1283,#1284,#1285));
#192=EDGE_LOOP('',(#1286,#1287,#1288,#1289));
#193=EDGE_LOOP('',(#1290,#1291,#1292,#1293));
#194=EDGE_LOOP('',(#1294,#1295,#1296,#1297));
#195=EDGE_LOOP('',(#1298,#1299,#1300,#1301,#1302,#1303));
#196=EDGE_LOOP('',(#1304));
#197=EDGE_LOOP('',(#1305,#1306,#1307,#1308));
#198=EDGE_LOOP('',(#1309,#1310,#1311,#1312));
#199=EDGE_LOOP('',(#1313,#1314,#1315,#1316));
#200=EDGE_LOOP('',(#1317,#1318,#1319,#1320,#1321,#1322,#1323,#1324,#1325,
#1326));
#201=EDGE_LOOP('',(#1327));
#202=EDGE_LOOP('',(#1328,#1329,#1330,#1331));
#203=EDGE_LOOP('',(#1332,#1333,#1334,#1335));
#204=EDGE_LOOP('',(#1336,#1337,#1338,#1339));
#205=EDGE_LOOP('',(#1340,#1341,#1342,#1343,#1344,#1345,#1346,#1347,#1348,
#1349));
#206=EDGE_LOOP('',(#1350));
#207=EDGE_LOOP('',(#1351,#1352,#1353,#1354));
#208=EDGE_LOOP('',(#1355,#1356,#1357,#1358));
#209=EDGE_LOOP('',(#1359,#1360,#1361,#1362));
#210=EDGE_LOOP('',(#1363,#1364,#1365,#1366));
#211=EDGE_LOOP('',(#1367,#1368,#1369,#1370));
#212=EDGE_LOOP('',(#1371,#1372,#1373,#1374,#1375,#1376));
#213=EDGE_LOOP('',(#1377));
#214=EDGE_LOOP('',(#1378,#1379,#1380,#1381,#1382,#1383,#1384,#1385));
#215=EDGE_LOOP('',(#1386,#1387,#1388,#1389));
#216=EDGE_LOOP('',(#1390,#1391,#1392,#1393));
#217=EDGE_LOOP('',(#1394,#1395,#1396,#1397));
#218=EDGE_LOOP('',(#1398,#1399,#1400,#1401));
#219=EDGE_LOOP('',(#1402,#1403,#1404,#1405));
#220=EDGE_LOOP('',(#1406,#1407,#1408,#1409));
#221=EDGE_LOOP('',(#1410,#1411,#1412,#1413));
#222=EDGE_LOOP('',(#1414,#1415,#1416,#1417,#1418,#1419,#1420));
#223=EDGE_LOOP('',(#1421));
#224=EDGE_LOOP('',(#1422,#1423,#1424,#1425));
#225=EDGE_LOOP('',(#1426,#1427,#1428,#1429,#1430,#1431));
#226=EDGE_LOOP('',(#1432,#1433,#1434,#1435));
#227=EDGE_LOOP('',(#1436,#1437,#1438,#1439,#1440,#1441,#1442,#1443,#1444,
#1445,#1446,#1447,#1448,#1449,#1450,#1451,#1452,#1453));
#228=EDGE_LOOP('',(#1454,#1455,#1456,#1457));
#229=EDGE_LOOP('',(#1458));
#230=EDGE_LOOP('',(#1459,#1460,#1461,#1462,#1463,#1464));
#231=EDGE_LOOP('',(#1465));
#232=EDGE_LOOP('',(#1466,#1467,#1468,#1469));
#233=EDGE_LOOP('',(#1470,#1471,#1472,#1473));
#234=EDGE_LOOP('',(#1474,#1475,#1476,#1477));
#235=EDGE_LOOP('',(#1478,#1479,#1480,#1481));
#236=EDGE_LOOP('',(#1482,#1483,#1484,#1485));
#237=EDGE_LOOP('',(#1486,#1487,#1488,#1489));
#238=EDGE_LOOP('',(#1490,#1491,#1492,#1493));
#239=EDGE_LOOP('',(#1494,#1495,#1496,#1497));
#240=EDGE_LOOP('',(#1498));
#241=EDGE_LOOP('',(#1499,#1500,#1501,#1502));
#242=EDGE_LOOP('',(#1503,#1504,#1505,#1506,#1507,#1508,#1509,#1510,#1511));
#243=EDGE_LOOP('',(#1512,#1513,#1514,#1515,#1516,#1517,#1518,#1519,#1520,
#1521));
#244=EDGE_LOOP('',(#1522,#1523,#1524,#1525,#1526,#1527));
#245=EDGE_LOOP('',(#1528,#1529,#1530,#1531,#1532,#1533));
#246=EDGE_LOOP('',(#1534,#1535,#1536,#1537));
#247=EDGE_LOOP('',(#1538,#1539,#1540,#1541));
#248=EDGE_LOOP('',(#1542,#1543,#1544,#1545,#1546,#1547));
#249=EDGE_LOOP('',(#1548,#1549,#1550,#1551));
#250=EDGE_LOOP('',(#1552,#1553,#1554,#1555));
#251=EDGE_LOOP('',(#1556,#1557,#1558,#1559));
#252=EDGE_LOOP('',(#1560,#1561,#1562,#1563));
#253=EDGE_LOOP('',(#1564,#1565,#1566,#1567,#1568,#1569));
#254=EDGE_LOOP('',(#1570));
#255=LINE('',#2276,#467);
#256=LINE('',#2278,#468);
#257=LINE('',#2280,#469);
#258=LINE('',#2281,#470);
#259=LINE('',#2284,#471);
#260=LINE('',#2286,#472);
#261=LINE('',#2288,#473);
#262=LINE('',#2290,#474);
#263=LINE('',#2292,#475);
#264=LINE('',#2294,#476);
#265=LINE('',#2296,#477);
#266=LINE('',#2298,#478);
#267=LINE('',#2300,#479);
#268=LINE('',#2302,#480);
#269=LINE('',#2304,#481);
#270=LINE('',#2306,#482);
#271=LINE('',#2308,#483);
#272=LINE('',#2309,#484);
#273=LINE('',#2312,#485);
#274=LINE('',#2313,#486);
#275=LINE('',#2317,#487);
#276=LINE('',#2318,#488);
#277=LINE('',#2319,#489);
#278=LINE('',#2322,#490);
#279=LINE('',#2324,#491);
#280=LINE('',#2326,#492);
#281=LINE('',#2328,#493);
#282=LINE('',#2330,#494);
#283=LINE('',#2332,#495);
#284=LINE('',#2334,#496);
#285=LINE('',#2336,#497);
#286=LINE('',#2338,#498);
#287=LINE('',#2340,#499);
#288=LINE('',#2342,#500);
#289=LINE('',#2344,#501);
#290=LINE('',#2346,#502);
#291=LINE('',#2347,#503);
#292=LINE('',#2350,#504);
#293=LINE('',#2352,#505);
#294=LINE('',#2354,#506);
#295=LINE('',#2356,#507);
#296=LINE('',#2357,#508);
#297=LINE('',#2360,#509);
#298=LINE('',#2362,#510);
#299=LINE('',#2364,#511);
#300=LINE('',#2366,#512);
#301=LINE('',#2368,#513);
#302=LINE('',#2369,#514);
#303=LINE('',#2372,#515);
#304=LINE('',#2374,#516);
#305=LINE('',#2376,#517);
#306=LINE('',#2378,#518);
#307=LINE('',#2380,#519);
#308=LINE('',#2381,#520);
#309=LINE('',#2384,#521);
#310=LINE('',#2386,#522);
#311=LINE('',#2387,#523);
#312=LINE('',#2390,#524);
#313=LINE('',#2392,#525);
#314=LINE('',#2394,#526);
#315=LINE('',#2396,#527);
#316=LINE('',#2398,#528);
#317=LINE('',#2400,#529);
#318=LINE('',#2402,#530);
#319=LINE('',#2404,#531);
#320=LINE('',#2406,#532);
#321=LINE('',#2407,#533);
#322=LINE('',#2409,#534);
#323=LINE('',#2412,#535);
#324=LINE('',#2416,#536);
#325=LINE('',#2418,#537);
#326=LINE('',#2420,#538);
#327=LINE('',#2422,#539);
#328=LINE('',#2424,#540);
#329=LINE('',#2428,#541);
#330=LINE('',#2430,#542);
#331=LINE('',#2431,#543);
#332=LINE('',#2435,#544);
#333=LINE('',#2436,#545);
#334=LINE('',#2437,#546);
#335=LINE('',#2440,#547);
#336=LINE('',#2441,#548);
#337=LINE('',#2443,#549);
#338=LINE('',#2445,#550);
#339=LINE('',#2449,#551);
#340=LINE('',#2452,#552);
#341=LINE('',#2454,#553);
#342=LINE('',#2455,#554);
#343=LINE('',#2459,#555);
#344=LINE('',#2460,#556);
#345=LINE('',#2461,#557);
#346=LINE('',#2463,#558);
#347=LINE('',#2467,#559);
#348=LINE('',#2468,#560);
#349=LINE('',#2469,#561);
#350=LINE('',#2472,#562);
#351=LINE('',#2473,#563);
#352=LINE('',#2475,#564);
#353=LINE('',#2477,#565);
#354=LINE('',#2479,#566);
#355=LINE('',#2481,#567);
#356=LINE('',#2483,#568);
#357=LINE('',#2484,#569);
#358=LINE('',#2485,#570);
#359=LINE('',#2490,#571);
#360=LINE('',#2491,#572);
#361=LINE('',#2493,#573);
#362=LINE('',#2496,#574);
#363=LINE('',#2498,#575);
#364=LINE('',#2500,#576);
#365=LINE('',#2502,#577);
#366=LINE('',#2504,#578);
#367=LINE('',#2505,#579);
#368=LINE('',#2507,#580);
#369=LINE('',#2509,#581);
#370=LINE('',#2510,#582);
#371=LINE('',#2512,#583);
#372=LINE('',#2514,#584);
#373=LINE('',#2517,#585);
#374=LINE('',#2519,#586);
#375=LINE('',#2523,#587);
#376=LINE('',#2531,#588);
#377=LINE('',#2534,#589);
#378=LINE('',#2538,#590);
#379=LINE('',#2539,#591);
#380=LINE('',#2543,#592);
#381=LINE('',#2545,#593);
#382=LINE('',#2551,#594);
#383=LINE('',#2554,#595);
#384=LINE('',#2557,#596);
#385=LINE('',#2559,#597);
#386=LINE('',#2560,#598);
#387=LINE('',#2563,#599);
#388=LINE('',#2565,#600);
#389=LINE('',#2570,#601);
#390=LINE('',#2577,#602);
#391=LINE('',#2580,#603);
#392=LINE('',#2583,#604);
#393=LINE('',#2585,#605);
#394=LINE('',#2586,#606);
#395=LINE('',#2588,#607);
#396=LINE('',#2590,#608);
#397=LINE('',#2591,#609);
#398=LINE('',#2601,#610);
#399=LINE('',#2604,#611);
#400=LINE('',#2607,#612);
#401=LINE('',#2609,#613);
#402=LINE('',#2610,#614);
#403=LINE('',#2612,#615);
#404=LINE('',#2613,#616);
#405=LINE('',#2614,#617);
#406=LINE('',#2616,#618);
#407=LINE('',#2623,#619);
#408=LINE('',#2625,#620);
#409=LINE('',#2627,#621);
#410=LINE('',#2631,#622);
#411=LINE('',#2633,#623);
#412=LINE('',#2638,#624);
#413=LINE('',#2641,#625);
#414=LINE('',#2644,#626);
#415=LINE('',#2646,#627);
#416=LINE('',#2651,#628);
#417=LINE('',#2653,#629);
#418=LINE('',#2656,#630);
#419=LINE('',#2657,#631);
#420=LINE('',#2660,#632);
#421=LINE('',#2661,#633);
#422=LINE('',#2663,#634);
#423=LINE('',#2664,#635);
#424=LINE('',#2666,#636);
#425=LINE('',#2669,#637);
#426=LINE('',#2670,#638);
#427=LINE('',#2672,#639);
#428=LINE('',#2673,#640);
#429=LINE('',#2676,#641);
#430=LINE('',#2678,#642);
#431=LINE('',#2680,#643);
#432=LINE('',#2681,#644);
#433=LINE('',#2685,#645);
#434=LINE('',#2687,#646);
#435=LINE('',#2688,#647);
#436=LINE('',#2690,#648);
#437=LINE('',#2691,#649);
#438=LINE('',#2695,#650);
#439=LINE('',#2698,#651);
#440=LINE('',#2699,#652);
#441=LINE('',#2701,#653);
#442=LINE('',#2703,#654);
#443=LINE('',#2706,#655);
#444=LINE('',#2707,#656);
#445=LINE('',#2710,#657);
#446=LINE('',#2711,#658);
#447=LINE('',#2714,#659);
#448=LINE('',#2715,#660);
#449=LINE('',#2717,#661);
#450=LINE('',#2721,#662);
#451=LINE('',#2724,#663);
#452=LINE('',#2725,#664);
#453=LINE('',#2728,#665);
#454=LINE('',#2729,#666);
#455=LINE('',#2732,#667);
#456=LINE('',#2733,#668);
#457=LINE('',#2735,#669);
#458=LINE('',#2736,#670);
#459=LINE('',#2739,#671);
#460=LINE('',#2741,#672);
#461=LINE('',#2742,#673);
#462=LINE('',#2743,#674);
#463=LINE('',#2745,#675);
#464=LINE('',#2747,#676);
#465=LINE('',#2751,#677);
#466=LINE('',#2756,#678);
#467=VECTOR('',#1836,10.);
#468=VECTOR('',#1837,10.);
#469=VECTOR('',#1838,10.);
#470=VECTOR('',#1839,10.);
#471=VECTOR('',#1842,10.);
#472=VECTOR('',#1843,10.);
#473=VECTOR('',#1844,10.);
#474=VECTOR('',#1845,10.);
#475=VECTOR('',#1846,10.);
#476=VECTOR('',#1847,10.);
#477=VECTOR('',#1848,10.);
#478=VECTOR('',#1849,10.);
#479=VECTOR('',#1850,10.);
#480=VECTOR('',#1851,10.);
#481=VECTOR('',#1852,10.);
#482=VECTOR('',#1853,10.);
#483=VECTOR('',#1854,10.);
#484=VECTOR('',#1855,10.);
#485=VECTOR('',#1858,10.);
#486=VECTOR('',#1859,10.);
#487=VECTOR('',#1862,10.);
#488=VECTOR('',#1863,10.);
#489=VECTOR('',#1864,10.);
#490=VECTOR('',#1867,10.);
#491=VECTOR('',#1868,10.);
#492=VECTOR('',#1869,10.);
#493=VECTOR('',#1870,10.);
#494=VECTOR('',#1871,10.);
#495=VECTOR('',#1872,10.);
#496=VECTOR('',#1873,10.);
#497=VECTOR('',#1874,10.);
#498=VECTOR('',#1875,10.);
#499=VECTOR('',#1876,10.);
#500=VECTOR('',#1877,10.);
#501=VECTOR('',#1878,10.);
#502=VECTOR('',#1879,10.);
#503=VECTOR('',#1880,10.);
#504=VECTOR('',#1883,10.);
#505=VECTOR('',#1884,10.);
#506=VECTOR('',#1885,10.);
#507=VECTOR('',#1886,10.);
#508=VECTOR('',#1887,10.);
#509=VECTOR('',#1888,10.);
#510=VECTOR('',#1889,10.);
#511=VECTOR('',#1890,10.);
#512=VECTOR('',#1891,10.);
#513=VECTOR('',#1892,10.);
#514=VECTOR('',#1893,10.);
#515=VECTOR('',#1894,10.);
#516=VECTOR('',#1895,10.);
#517=VECTOR('',#1896,10.);
#518=VECTOR('',#1897,10.);
#519=VECTOR('',#1898,10.);
#520=VECTOR('',#1899,10.);
#521=VECTOR('',#1902,10.);
#522=VECTOR('',#1903,10.);
#523=VECTOR('',#1904,10.);
#524=VECTOR('',#1907,10.);
#525=VECTOR('',#1908,10.);
#526=VECTOR('',#1909,10.);
#527=VECTOR('',#1910,10.);
#528=VECTOR('',#1911,10.);
#529=VECTOR('',#1912,10.);
#530=VECTOR('',#1913,10.);
#531=VECTOR('',#1914,10.);
#532=VECTOR('',#1915,10.);
#533=VECTOR('',#1916,10.);
#534=VECTOR('',#1919,10.);
#535=VECTOR('',#1922,10.);
#536=VECTOR('',#1925,10.);
#537=VECTOR('',#1926,10.);
#538=VECTOR('',#1927,10.);
#539=VECTOR('',#1928,10.);
#540=VECTOR('',#1929,10.);
#541=VECTOR('',#1932,10.);
#542=VECTOR('',#1933,10.);
#543=VECTOR('',#1934,10.);
#544=VECTOR('',#1937,10.);
#545=VECTOR('',#1938,10.);
#546=VECTOR('',#1939,10.);
#547=VECTOR('',#1942,10.);
#548=VECTOR('',#1943,10.);
#549=VECTOR('',#1944,10.);
#550=VECTOR('',#1945,10.);
#551=VECTOR('',#1948,10.);
#552=VECTOR('',#1951,10.);
#553=VECTOR('',#1952,10.);
#554=VECTOR('',#1953,10.);
#555=VECTOR('',#1956,10.);
#556=VECTOR('',#1957,10.);
#557=VECTOR('',#1958,10.);
#558=VECTOR('',#1961,10.);
#559=VECTOR('',#1964,10.);
#560=VECTOR('',#1965,10.);
#561=VECTOR('',#1966,10.);
#562=VECTOR('',#1969,10.);
#563=VECTOR('',#1970,10.);
#564=VECTOR('',#1971,10.);
#565=VECTOR('',#1972,10.);
#566=VECTOR('',#1973,10.);
#567=VECTOR('',#1974,10.);
#568=VECTOR('',#1975,10.);
#569=VECTOR('',#1976,10.);
#570=VECTOR('',#1977,10.);
#571=VECTOR('',#1982,10.);
#572=VECTOR('',#1983,10.);
#573=VECTOR('',#1986,10.);
#574=VECTOR('',#1989,10.);
#575=VECTOR('',#1990,10.);
#576=VECTOR('',#1991,10.);
#577=VECTOR('',#1992,10.);
#578=VECTOR('',#1993,10.);
#579=VECTOR('',#1994,10.);
#580=VECTOR('',#1997,10.);
#581=VECTOR('',#2000,10.);
#582=VECTOR('',#2001,10.);
#583=VECTOR('',#2004,10.);
#584=VECTOR('',#2007,10.);
#585=VECTOR('',#2010,10.);
#586=VECTOR('',#2011,10.);
#587=VECTOR('',#2014,10.);
#588=VECTOR('',#2025,10.);
#589=VECTOR('',#2028,10.);
#590=VECTOR('',#2031,10.);
#591=VECTOR('',#2032,10.);
#592=VECTOR('',#2037,10.);
#593=VECTOR('',#2040,10.);
#594=VECTOR('',#2045,10.);
#595=VECTOR('',#2048,10.);
#596=VECTOR('',#2051,10.);
#597=VECTOR('',#2052,10.);
#598=VECTOR('',#2053,10.);
#599=VECTOR('',#2056,10.);
#600=VECTOR('',#2059,10.);
#601=VECTOR('',#2064,10.);
#602=VECTOR('',#2071,10.);
#603=VECTOR('',#2074,10.);
#604=VECTOR('',#2077,10.);
#605=VECTOR('',#2078,10.);
#606=VECTOR('',#2079,10.);
#607=VECTOR('',#2082,10.);
#608=VECTOR('',#2085,10.);
#609=VECTOR('',#2086,10.);
#610=VECTOR('',#2097,10.);
#611=VECTOR('',#2100,10.);
#612=VECTOR('',#2103,10.);
#613=VECTOR('',#2104,10.);
#614=VECTOR('',#2105,10.);
#615=VECTOR('',#2108,10.);
#616=VECTOR('',#2109,10.);
#617=VECTOR('',#2110,10.);
#618=VECTOR('',#2111,10.);
#619=VECTOR('',#2120,10.);
#620=VECTOR('',#2123,10.);
#621=VECTOR('',#2126,10.);
#622=VECTOR('',#2131,2.);
#623=VECTOR('',#2134,10.);
#624=VECTOR('',#2143,10.);
#625=VECTOR('',#2146,2.);
#626=VECTOR('',#2151,10.);
#627=VECTOR('',#2154,2.);
#628=VECTOR('',#2161,4.085);
#629=VECTOR('',#2164,10.);
#630=VECTOR('',#2167,10.);
#631=VECTOR('',#2168,10.);
#632=VECTOR('',#2171,10.);
#633=VECTOR('',#2172,10.);
#634=VECTOR('',#2173,10.);
#635=VECTOR('',#2174,10.);
#636=VECTOR('',#2177,10.);
#637=VECTOR('',#2180,10.);
#638=VECTOR('',#2181,10.);
#639=VECTOR('',#2182,10.);
#640=VECTOR('',#2183,10.);
#641=VECTOR('',#2184,10.);
#642=VECTOR('',#2185,10.);
#643=VECTOR('',#2186,10.);
#644=VECTOR('',#2187,10.);
#645=VECTOR('',#2190,10.);
#646=VECTOR('',#2191,10.);
#647=VECTOR('',#2192,10.);
#648=VECTOR('',#2193,10.);
#649=VECTOR('',#2194,10.);
#650=VECTOR('',#2199,10.);
#651=VECTOR('',#2202,10.);
#652=VECTOR('',#2203,10.);
#653=VECTOR('',#2206,10.);
#654=VECTOR('',#2209,10.);
#655=VECTOR('',#2212,10.);
#656=VECTOR('',#2213,10.);
#657=VECTOR('',#2216,10.);
#658=VECTOR('',#2217,10.);
#659=VECTOR('',#2220,10.);
#660=VECTOR('',#2221,10.);
#661=VECTOR('',#2224,10.);
#662=VECTOR('',#2229,4.085);
#663=VECTOR('',#2232,10.);
#664=VECTOR('',#2233,10.);
#665=VECTOR('',#2236,10.);
#666=VECTOR('',#2237,10.);
#667=VECTOR('',#2240,10.);
#668=VECTOR('',#2241,10.);
#669=VECTOR('',#2242,10.);
#670=VECTOR('',#2243,10.);
#671=VECTOR('',#2246,10.);
#672=VECTOR('',#2247,10.);
#673=VECTOR('',#2248,10.);
#674=VECTOR('',#2249,10.);
#675=VECTOR('',#2252,10.);
#676=VECTOR('',#2255,10.);
#677=VECTOR('',#2262,10.);
#678=VECTOR('',#2269,2.);
#679=VERTEX_POINT('',#2274);
#680=VERTEX_POINT('',#2275);
#681=VERTEX_POINT('',#2277);
#682=VERTEX_POINT('',#2279);
#683=VERTEX_POINT('',#2283);
#684=VERTEX_POINT('',#2285);
#685=VERTEX_POINT('',#2287);
#686=VERTEX_POINT('',#2289);
#687=VERTEX_POINT('',#2291);
#688=VERTEX_POINT('',#2293);
#689=VERTEX_POINT('',#2295);
#690=VERTEX_POINT('',#2297);
#691=VERTEX_POINT('',#2299);
#692=VERTEX_POINT('',#2301);
#693=VERTEX_POINT('',#2303);
#694=VERTEX_POINT('',#2305);
#695=VERTEX_POINT('',#2307);
#696=VERTEX_POINT('',#2311);
#697=VERTEX_POINT('',#2315);
#698=VERTEX_POINT('',#2316);
#699=VERTEX_POINT('',#2321);
#700=VERTEX_POINT('',#2323);
#701=VERTEX_POINT('',#2325);
#702=VERTEX_POINT('',#2327);
#703=VERTEX_POINT('',#2329);
#704=VERTEX_POINT('',#2331);
#705=VERTEX_POINT('',#2333);
#706=VERTEX_POINT('',#2335);
#707=VERTEX_POINT('',#2337);
#708=VERTEX_POINT('',#2339);
#709=VERTEX_POINT('',#2341);
#710=VERTEX_POINT('',#2343);
#711=VERTEX_POINT('',#2345);
#712=VERTEX_POINT('',#2349);
#713=VERTEX_POINT('',#2351);
#714=VERTEX_POINT('',#2353);
#715=VERTEX_POINT('',#2355);
#716=VERTEX_POINT('',#2358);
#717=VERTEX_POINT('',#2359);
#718=VERTEX_POINT('',#2361);
#719=VERTEX_POINT('',#2363);
#720=VERTEX_POINT('',#2365);
#721=VERTEX_POINT('',#2367);
#722=VERTEX_POINT('',#2370);
#723=VERTEX_POINT('',#2371);
#724=VERTEX_POINT('',#2373);
#725=VERTEX_POINT('',#2375);
#726=VERTEX_POINT('',#2377);
#727=VERTEX_POINT('',#2379);
#728=VERTEX_POINT('',#2383);
#729=VERTEX_POINT('',#2385);
#730=VERTEX_POINT('',#2389);
#731=VERTEX_POINT('',#2391);
#732=VERTEX_POINT('',#2393);
#733=VERTEX_POINT('',#2395);
#734=VERTEX_POINT('',#2397);
#735=VERTEX_POINT('',#2399);
#736=VERTEX_POINT('',#2401);
#737=VERTEX_POINT('',#2403);
#738=VERTEX_POINT('',#2405);
#739=VERTEX_POINT('',#2411);
#740=VERTEX_POINT('',#2413);
#741=VERTEX_POINT('',#2415);
#742=VERTEX_POINT('',#2417);
#743=VERTEX_POINT('',#2419);
#744=VERTEX_POINT('',#2421);
#745=VERTEX_POINT('',#2423);
#746=VERTEX_POINT('',#2425);
#747=VERTEX_POINT('',#2427);
#748=VERTEX_POINT('',#2429);
#749=VERTEX_POINT('',#2433);
#750=VERTEX_POINT('',#2434);
#751=VERTEX_POINT('',#2439);
#752=VERTEX_POINT('',#2442);
#753=VERTEX_POINT('',#2444);
#754=VERTEX_POINT('',#2446);
#755=VERTEX_POINT('',#2448);
#756=VERTEX_POINT('',#2450);
#757=VERTEX_POINT('',#2453);
#758=VERTEX_POINT('',#2457);
#759=VERTEX_POINT('',#2458);
#760=VERTEX_POINT('',#2465);
#761=VERTEX_POINT('',#2466);
#762=VERTEX_POINT('',#2471);
#763=VERTEX_POINT('',#2474);
#764=VERTEX_POINT('',#2476);
#765=VERTEX_POINT('',#2478);
#766=VERTEX_POINT('',#2480);
#767=VERTEX_POINT('',#2482);
#768=VERTEX_POINT('',#2486);
#769=VERTEX_POINT('',#2489);
#770=VERTEX_POINT('',#2495);
#771=VERTEX_POINT('',#2497);
#772=VERTEX_POINT('',#2499);
#773=VERTEX_POINT('',#2501);
#774=VERTEX_POINT('',#2503);
#775=VERTEX_POINT('',#2516);
#776=VERTEX_POINT('',#2518);
#777=VERTEX_POINT('',#2520);
#778=VERTEX_POINT('',#2522);
#779=VERTEX_POINT('',#2525);
#780=VERTEX_POINT('',#2529);
#781=VERTEX_POINT('',#2533);
#782=VERTEX_POINT('',#2535);
#783=VERTEX_POINT('',#2537);
#784=VERTEX_POINT('',#2540);
#785=VERTEX_POINT('',#2547);
#786=VERTEX_POINT('',#2548);
#787=VERTEX_POINT('',#2550);
#788=VERTEX_POINT('',#2552);
#789=VERTEX_POINT('',#2556);
#790=VERTEX_POINT('',#2558);
#791=VERTEX_POINT('',#2562);
#792=VERTEX_POINT('',#2566);
#793=VERTEX_POINT('',#2569);
#794=VERTEX_POINT('',#2573);
#795=VERTEX_POINT('',#2574);
#796=VERTEX_POINT('',#2576);
#797=VERTEX_POINT('',#2578);
#798=VERTEX_POINT('',#2582);
#799=VERTEX_POINT('',#2584);
#800=VERTEX_POINT('',#2592);
#801=VERTEX_POINT('',#2597);
#802=VERTEX_POINT('',#2598);
#803=VERTEX_POINT('',#2600);
#804=VERTEX_POINT('',#2602);
#805=VERTEX_POINT('',#2606);
#806=VERTEX_POINT('',#2608);
#807=VERTEX_POINT('',#2615);
#808=VERTEX_POINT('',#2618);
#809=VERTEX_POINT('',#2621);
#810=VERTEX_POINT('',#2629);
#811=VERTEX_POINT('',#2640);
#812=VERTEX_POINT('',#2649);
#813=VERTEX_POINT('',#2655);
#814=VERTEX_POINT('',#2659);
#815=VERTEX_POINT('',#2662);
#816=VERTEX_POINT('',#2668);
#817=VERTEX_POINT('',#2671);
#818=VERTEX_POINT('',#2674);
#819=VERTEX_POINT('',#2675);
#820=VERTEX_POINT('',#2677);
#821=VERTEX_POINT('',#2679);
#822=VERTEX_POINT('',#2683);
#823=VERTEX_POINT('',#2684);
#824=VERTEX_POINT('',#2686);
#825=VERTEX_POINT('',#2689);
#826=VERTEX_POINT('',#2692);
#827=VERTEX_POINT('',#2697);
#828=VERTEX_POINT('',#2705);
#829=VERTEX_POINT('',#2709);
#830=VERTEX_POINT('',#2713);
#831=VERTEX_POINT('',#2718);
#832=VERTEX_POINT('',#2723);
#833=VERTEX_POINT('',#2727);
#834=VERTEX_POINT('',#2731);
#835=VERTEX_POINT('',#2734);
#836=VERTEX_POINT('',#2738);
#837=VERTEX_POINT('',#2740);
#838=VERTEX_POINT('',#2754);
#839=EDGE_CURVE('',#679,#680,#255,.T.);
#840=EDGE_CURVE('',#680,#681,#256,.T.);
#841=EDGE_CURVE('',#681,#682,#257,.T.);
#842=EDGE_CURVE('',#682,#679,#258,.T.);
#843=EDGE_CURVE('',#683,#681,#259,.F.);
#844=EDGE_CURVE('',#684,#683,#260,.F.);
#845=EDGE_CURVE('',#685,#684,#261,.T.);
#846=EDGE_CURVE('',#685,#686,#262,.T.);
#847=EDGE_CURVE('',#686,#687,#263,.T.);
#848=EDGE_CURVE('',#688,#687,#264,.F.);
#849=EDGE_CURVE('',#689,#688,#265,.T.);
#850=EDGE_CURVE('',#690,#689,#266,.F.);
#851=EDGE_CURVE('',#691,#690,#267,.F.);
#852=EDGE_CURVE('',#691,#692,#268,.T.);
#853=EDGE_CURVE('',#693,#692,#269,.F.);
#854=EDGE_CURVE('',#693,#694,#270,.T.);
#855=EDGE_CURVE('',#695,#694,#271,.T.);
#856=EDGE_CURVE('',#695,#682,#272,.T.);
#857=EDGE_CURVE('',#696,#680,#273,.T.);
#858=EDGE_CURVE('',#683,#696,#274,.F.);
#859=EDGE_CURVE('',#697,#698,#275,.T.);
#860=EDGE_CURVE('',#698,#688,#276,.T.);
#861=EDGE_CURVE('',#687,#697,#277,.T.);
#862=EDGE_CURVE('',#697,#699,#278,.T.);
#863=EDGE_CURVE('',#700,#699,#279,.T.);
#864=EDGE_CURVE('',#701,#700,#280,.T.);
#865=EDGE_CURVE('',#702,#701,#281,.T.);
#866=EDGE_CURVE('',#703,#702,#282,.T.);
#867=EDGE_CURVE('',#704,#703,#283,.T.);
#868=EDGE_CURVE('',#704,#705,#284,.T.);
#869=EDGE_CURVE('',#705,#706,#285,.T.);
#870=EDGE_CURVE('',#706,#707,#286,.T.);
#871=EDGE_CURVE('',#707,#708,#287,.T.);
#872=EDGE_CURVE('',#709,#708,#288,.T.);
#873=EDGE_CURVE('',#710,#709,#289,.T.);
#874=EDGE_CURVE('',#711,#710,#290,.T.);
#875=EDGE_CURVE('',#711,#698,#291,.T.);
#876=EDGE_CURVE('',#686,#712,#292,.F.);
#877=EDGE_CURVE('',#712,#713,#293,.T.);
#878=EDGE_CURVE('',#714,#713,#294,.T.);
#879=EDGE_CURVE('',#714,#715,#295,.T.);
#880=EDGE_CURVE('',#699,#715,#296,.T.);
#881=EDGE_CURVE('',#716,#717,#297,.T.);
#882=EDGE_CURVE('',#718,#717,#298,.T.);
#883=EDGE_CURVE('',#718,#719,#299,.T.);
#884=EDGE_CURVE('',#720,#719,#300,.T.);
#885=EDGE_CURVE('',#720,#721,#301,.T.);
#886=EDGE_CURVE('',#721,#716,#302,.T.);
#887=EDGE_CURVE('',#722,#723,#303,.T.);
#888=EDGE_CURVE('',#724,#723,#304,.T.);
#889=EDGE_CURVE('',#724,#725,#305,.T.);
#890=EDGE_CURVE('',#726,#725,#306,.T.);
#891=EDGE_CURVE('',#726,#727,#307,.T.);
#892=EDGE_CURVE('',#727,#722,#308,.T.);
#893=EDGE_CURVE('',#728,#714,#309,.T.);
#894=EDGE_CURVE('',#713,#729,#310,.F.);
#895=EDGE_CURVE('',#729,#728,#311,.T.);
#896=EDGE_CURVE('',#730,#728,#312,.T.);
#897=EDGE_CURVE('',#731,#730,#313,.T.);
#898=EDGE_CURVE('',#732,#731,#314,.T.);
#899=EDGE_CURVE('',#733,#732,#315,.T.);
#900=EDGE_CURVE('',#734,#733,#316,.T.);
#901=EDGE_CURVE('',#735,#734,#317,.T.);
#902=EDGE_CURVE('',#736,#735,#318,.T.);
#903=EDGE_CURVE('',#737,#736,#319,.T.);
#904=EDGE_CURVE('',#738,#737,#320,.T.);
#905=EDGE_CURVE('',#715,#738,#321,.T.);
#906=EDGE_CURVE('',#738,#700,#322,.T.);
#907=EDGE_CURVE('',#737,#739,#323,.T.);
#908=EDGE_CURVE('',#739,#740,#31,.T.);
#909=EDGE_CURVE('',#740,#741,#324,.T.);
#910=EDGE_CURVE('',#742,#741,#325,.T.);
#911=EDGE_CURVE('',#742,#743,#326,.T.);
#912=EDGE_CURVE('',#743,#744,#327,.T.);
#913=EDGE_CURVE('',#744,#745,#328,.T.);
#914=EDGE_CURVE('',#745,#746,#32,.T.);
#915=EDGE_CURVE('',#746,#747,#329,.T.);
#916=EDGE_CURVE('',#747,#748,#330,.T.);
#917=EDGE_CURVE('',#748,#701,#331,.T.);
#918=EDGE_CURVE('',#749,#750,#332,.T.);
#919=EDGE_CURVE('',#750,#726,#333,.T.);
#920=EDGE_CURVE('',#725,#749,#334,.T.);
#921=EDGE_CURVE('',#750,#751,#335,.T.);
#922=EDGE_CURVE('',#717,#751,#336,.T.);
#923=EDGE_CURVE('',#716,#752,#337,.T.);
#924=EDGE_CURVE('',#753,#752,#338,.T.);
#925=EDGE_CURVE('',#753,#754,#33,.T.);
#926=EDGE_CURVE('',#755,#754,#339,.T.);
#927=EDGE_CURVE('',#755,#756,#34,.T.);
#928=EDGE_CURVE('',#736,#756,#340,.T.);
#929=EDGE_CURVE('',#735,#757,#341,.T.);
#930=EDGE_CURVE('',#727,#757,#342,.T.);
#931=EDGE_CURVE('',#758,#759,#343,.T.);
#932=EDGE_CURVE('',#759,#724,#344,.T.);
#933=EDGE_CURVE('',#723,#758,#345,.T.);
#934=EDGE_CURVE('',#749,#759,#346,.T.);
#935=EDGE_CURVE('',#760,#761,#347,.T.);
#936=EDGE_CURVE('',#761,#720,#348,.T.);
#937=EDGE_CURVE('',#719,#760,#349,.T.);
#938=EDGE_CURVE('',#722,#762,#350,.T.);
#939=EDGE_CURVE('',#734,#762,#351,.T.);
#940=EDGE_CURVE('',#763,#733,#352,.T.);
#941=EDGE_CURVE('',#764,#763,#353,.T.);
#942=EDGE_CURVE('',#765,#764,#354,.T.);
#943=EDGE_CURVE('',#766,#765,#355,.T.);
#944=EDGE_CURVE('',#767,#766,#356,.T.);
#945=EDGE_CURVE('',#721,#767,#357,.T.);
#946=EDGE_CURVE('',#758,#761,#358,.T.);
#947=EDGE_CURVE('',#768,#768,#35,.T.);
#948=EDGE_CURVE('',#751,#769,#359,.T.);
#949=EDGE_CURVE('',#769,#718,#360,.T.);
#950=EDGE_CURVE('',#760,#769,#361,.T.);
#951=EDGE_CURVE('',#752,#770,#362,.T.);
#952=EDGE_CURVE('',#771,#767,#363,.T.);
#953=EDGE_CURVE('',#772,#771,#364,.T.);
#954=EDGE_CURVE('',#773,#772,#365,.T.);
#955=EDGE_CURVE('',#774,#773,#366,.T.);
#956=EDGE_CURVE('',#770,#774,#367,.T.);
#957=EDGE_CURVE('',#762,#757,#368,.T.);
#958=EDGE_CURVE('',#773,#706,#369,.T.);
#959=EDGE_CURVE('',#774,#705,#370,.T.);
#960=EDGE_CURVE('',#772,#707,#371,.T.);
#961=EDGE_CURVE('',#708,#771,#372,.T.);
#962=EDGE_CURVE('',#766,#775,#373,.T.);
#963=EDGE_CURVE('',#776,#775,#374,.T.);
#964=EDGE_CURVE('',#777,#776,#36,.T.);
#965=EDGE_CURVE('',#778,#777,#375,.T.);
#966=EDGE_CURVE('',#709,#778,#37,.T.);
#967=EDGE_CURVE('',#779,#779,#38,.T.);
#968=EDGE_CURVE('',#780,#710,#39,.T.);
#969=EDGE_CURVE('',#778,#780,#376,.T.);
#970=EDGE_CURVE('',#780,#781,#377,.T.);
#971=EDGE_CURVE('',#782,#781,#40,.T.);
#972=EDGE_CURVE('',#782,#783,#378,.T.);
#973=EDGE_CURVE('',#711,#783,#379,.T.);
#974=EDGE_CURVE('',#784,#784,#41,.T.);
#975=EDGE_CURVE('',#781,#777,#380,.T.);
#976=EDGE_CURVE('',#776,#782,#381,.T.);
#977=EDGE_CURVE('',#785,#786,#42,.T.);
#978=EDGE_CURVE('',#786,#787,#382,.T.);
#979=EDGE_CURVE('',#787,#788,#43,.T.);
#980=EDGE_CURVE('',#788,#785,#383,.T.);
#981=EDGE_CURVE('',#789,#786,#384,.T.);
#982=EDGE_CURVE('',#790,#789,#385,.T.);
#983=EDGE_CURVE('',#787,#790,#386,.T.);
#984=EDGE_CURVE('',#785,#791,#387,.T.);
#985=EDGE_CURVE('',#731,#791,#44,.T.);
#986=EDGE_CURVE('',#789,#730,#388,.T.);
#987=EDGE_CURVE('',#792,#792,#45,.T.);
#988=EDGE_CURVE('',#791,#793,#389,.T.);
#989=EDGE_CURVE('',#793,#732,#46,.T.);
#990=EDGE_CURVE('',#794,#795,#47,.T.);
#991=EDGE_CURVE('',#795,#796,#390,.T.);
#992=EDGE_CURVE('',#796,#797,#48,.T.);
#993=EDGE_CURVE('',#797,#794,#391,.T.);
#994=EDGE_CURVE('',#798,#797,#392,.T.);
#995=EDGE_CURVE('',#799,#798,#393,.T.);
#996=EDGE_CURVE('',#794,#799,#394,.T.);
#997=EDGE_CURVE('',#770,#704,#395,.T.);
#998=EDGE_CURVE('',#798,#703,#49,.T.);
#999=EDGE_CURVE('',#747,#796,#396,.T.);
#1000=EDGE_CURVE('',#753,#746,#397,.F.);
#1001=EDGE_CURVE('',#800,#800,#50,.T.);
#1002=EDGE_CURVE('',#702,#799,#51,.T.);
#1003=EDGE_CURVE('',#801,#802,#52,.T.);
#1004=EDGE_CURVE('',#802,#803,#398,.T.);
#1005=EDGE_CURVE('',#803,#804,#53,.T.);
#1006=EDGE_CURVE('',#804,#801,#399,.T.);
#1007=EDGE_CURVE('',#805,#804,#400,.T.);
#1008=EDGE_CURVE('',#806,#805,#401,.T.);
#1009=EDGE_CURVE('',#801,#806,#402,.T.);
#1010=EDGE_CURVE('',#803,#741,#403,.T.);
#1011=EDGE_CURVE('',#740,#755,#404,.T.);
#1012=EDGE_CURVE('',#754,#745,#405,.T.);
#1013=EDGE_CURVE('',#744,#807,#406,.T.);
#1014=EDGE_CURVE('',#805,#807,#54,.T.);
#1015=EDGE_CURVE('',#808,#808,#55,.T.);
#1016=EDGE_CURVE('',#809,#806,#56,.T.);
#1017=EDGE_CURVE('',#807,#809,#407,.T.);
#1018=EDGE_CURVE('',#809,#743,#408,.T.);
#1019=EDGE_CURVE('',#756,#739,#409,.T.);
#1020=EDGE_CURVE('',#810,#810,#57,.T.);
#1021=EDGE_CURVE('',#810,#800,#410,.T.);
#1022=EDGE_CURVE('',#748,#795,#411,.T.);
#1023=EDGE_CURVE('',#788,#793,#412,.T.);
#1024=EDGE_CURVE('',#792,#811,#413,.T.);
#1025=EDGE_CURVE('',#811,#811,#58,.T.);
#1026=EDGE_CURVE('',#783,#775,#414,.T.);
#1027=EDGE_CURVE('',#784,#779,#415,.T.);
#1028=EDGE_CURVE('',#812,#812,#59,.T.);
#1029=EDGE_CURVE('',#812,#768,#416,.T.);
#1030=EDGE_CURVE('',#790,#763,#417,.T.);
#1031=EDGE_CURVE('',#790,#813,#418,.F.);
#1032=EDGE_CURVE('',#764,#813,#419,.F.);
#1033=EDGE_CURVE('',#813,#814,#420,.T.);
#1034=EDGE_CURVE('',#814,#695,#421,.T.);
#1035=EDGE_CURVE('',#695,#815,#422,.T.);
#1036=EDGE_CURVE('',#765,#815,#423,.T.);
#1037=EDGE_CURVE('',#815,#775,#424,.T.);
#1038=EDGE_CURVE('',#694,#816,#425,.T.);
#1039=EDGE_CURVE('',#816,#814,#426,.T.);
#1040=EDGE_CURVE('',#729,#817,#427,.T.);
#1041=EDGE_CURVE('',#817,#689,#428,.T.);
#1042=EDGE_CURVE('',#818,#819,#429,.T.);
#1043=EDGE_CURVE('',#819,#820,#430,.F.);
#1044=EDGE_CURVE('',#820,#821,#431,.T.);
#1045=EDGE_CURVE('',#821,#818,#432,.T.);
#1046=EDGE_CURVE('',#822,#823,#433,.T.);
#1047=EDGE_CURVE('',#823,#824,#434,.T.);
#1048=EDGE_CURVE('',#824,#685,#435,.T.);
#1049=EDGE_CURVE('',#684,#825,#436,.T.);
#1050=EDGE_CURVE('',#825,#822,#437,.T.);
#1051=EDGE_CURVE('',#826,#826,#60,.T.);
#1052=EDGE_CURVE('',#679,#814,#438,.T.);
#1053=EDGE_CURVE('',#827,#693,#439,.T.);
#1054=EDGE_CURVE('',#827,#816,#440,.F.);
#1055=EDGE_CURVE('',#696,#825,#441,.F.);
#1056=EDGE_CURVE('',#712,#824,#442,.T.);
#1057=EDGE_CURVE('',#690,#828,#443,.T.);
#1058=EDGE_CURVE('',#828,#817,#444,.T.);
#1059=EDGE_CURVE('',#828,#829,#445,.F.);
#1060=EDGE_CURVE('',#829,#691,#446,.T.);
#1061=EDGE_CURVE('',#692,#830,#447,.T.);
#1062=EDGE_CURVE('',#830,#827,#448,.F.);
#1063=EDGE_CURVE('',#829,#830,#449,.T.);
#1064=EDGE_CURVE('',#831,#831,#61,.T.);
#1065=EDGE_CURVE('',#831,#826,#450,.T.);
#1066=EDGE_CURVE('',#823,#832,#451,.T.);
#1067=EDGE_CURVE('',#832,#829,#452,.T.);
#1068=EDGE_CURVE('',#830,#833,#453,.T.);
#1069=EDGE_CURVE('',#833,#822,#454,.F.);
#1070=EDGE_CURVE('',#833,#834,#455,.F.);
#1071=EDGE_CURVE('',#834,#820,#456,.F.);
#1072=EDGE_CURVE('',#835,#819,#457,.T.);
#1073=EDGE_CURVE('',#822,#835,#458,.T.);
#1074=EDGE_CURVE('',#836,#832,#459,.T.);
#1075=EDGE_CURVE('',#823,#837,#460,.T.);
#1076=EDGE_CURVE('',#837,#818,#461,.T.);
#1077=EDGE_CURVE('',#821,#836,#462,.T.);
#1078=EDGE_CURVE('',#835,#837,#463,.T.);
#1079=EDGE_CURVE('',#834,#836,#464,.T.);
#1080=EDGE_CURVE('',#742,#802,#465,.T.);
#1081=EDGE_CURVE('',#838,#838,#62,.T.);
#1082=EDGE_CURVE('',#838,#808,#466,.T.);
#1083=ORIENTED_EDGE('',*,*,#839,.T.);
#1084=ORIENTED_EDGE('',*,*,#840,.T.);
#1085=ORIENTED_EDGE('',*,*,#841,.T.);
#1086=ORIENTED_EDGE('',*,*,#842,.T.);
#1087=ORIENTED_EDGE('',*,*,#841,.F.);
#1088=ORIENTED_EDGE('',*,*,#843,.F.);
#1089=ORIENTED_EDGE('',*,*,#844,.F.);
#1090=ORIENTED_EDGE('',*,*,#845,.F.);
#1091=ORIENTED_EDGE('',*,*,#846,.T.);
#1092=ORIENTED_EDGE('',*,*,#847,.T.);
#1093=ORIENTED_EDGE('',*,*,#848,.F.);
#1094=ORIENTED_EDGE('',*,*,#849,.F.);
#1095=ORIENTED_EDGE('',*,*,#850,.F.);
#1096=ORIENTED_EDGE('',*,*,#851,.F.);
#1097=ORIENTED_EDGE('',*,*,#852,.T.);
#1098=ORIENTED_EDGE('',*,*,#853,.F.);
#1099=ORIENTED_EDGE('',*,*,#854,.T.);
#1100=ORIENTED_EDGE('',*,*,#855,.F.);
#1101=ORIENTED_EDGE('',*,*,#856,.T.);
#1102=ORIENTED_EDGE('',*,*,#840,.F.);
#1103=ORIENTED_EDGE('',*,*,#857,.F.);
#1104=ORIENTED_EDGE('',*,*,#858,.F.);
#1105=ORIENTED_EDGE('',*,*,#843,.T.);
#1106=ORIENTED_EDGE('',*,*,#859,.T.);
#1107=ORIENTED_EDGE('',*,*,#860,.T.);
#1108=ORIENTED_EDGE('',*,*,#848,.T.);
#1109=ORIENTED_EDGE('',*,*,#861,.T.);
#1110=ORIENTED_EDGE('',*,*,#859,.F.);
#1111=ORIENTED_EDGE('',*,*,#862,.T.);
#1112=ORIENTED_EDGE('',*,*,#863,.F.);
#1113=ORIENTED_EDGE('',*,*,#864,.F.);
#1114=ORIENTED_EDGE('',*,*,#865,.F.);
#1115=ORIENTED_EDGE('',*,*,#866,.F.);
#1116=ORIENTED_EDGE('',*,*,#867,.F.);
#1117=ORIENTED_EDGE('',*,*,#868,.T.);
#1118=ORIENTED_EDGE('',*,*,#869,.T.);
#1119=ORIENTED_EDGE('',*,*,#870,.T.);
#1120=ORIENTED_EDGE('',*,*,#871,.T.);
#1121=ORIENTED_EDGE('',*,*,#872,.F.);
#1122=ORIENTED_EDGE('',*,*,#873,.F.);
#1123=ORIENTED_EDGE('',*,*,#874,.F.);
#1124=ORIENTED_EDGE('',*,*,#875,.T.);
#1125=ORIENTED_EDGE('',*,*,#861,.F.);
#1126=ORIENTED_EDGE('',*,*,#847,.F.);
#1127=ORIENTED_EDGE('',*,*,#876,.T.);
#1128=ORIENTED_EDGE('',*,*,#877,.T.);
#1129=ORIENTED_EDGE('',*,*,#878,.F.);
#1130=ORIENTED_EDGE('',*,*,#879,.T.);
#1131=ORIENTED_EDGE('',*,*,#880,.F.);
#1132=ORIENTED_EDGE('',*,*,#862,.F.);
#1133=ORIENTED_EDGE('',*,*,#881,.T.);
#1134=ORIENTED_EDGE('',*,*,#882,.F.);
#1135=ORIENTED_EDGE('',*,*,#883,.T.);
#1136=ORIENTED_EDGE('',*,*,#884,.F.);
#1137=ORIENTED_EDGE('',*,*,#885,.T.);
#1138=ORIENTED_EDGE('',*,*,#886,.T.);
#1139=ORIENTED_EDGE('',*,*,#887,.T.);
#1140=ORIENTED_EDGE('',*,*,#888,.F.);
#1141=ORIENTED_EDGE('',*,*,#889,.T.);
#1142=ORIENTED_EDGE('',*,*,#890,.F.);
#1143=ORIENTED_EDGE('',*,*,#891,.T.);
#1144=ORIENTED_EDGE('',*,*,#892,.T.);
#1145=ORIENTED_EDGE('',*,*,#893,.T.);
#1146=ORIENTED_EDGE('',*,*,#878,.T.);
#1147=ORIENTED_EDGE('',*,*,#894,.T.);
#1148=ORIENTED_EDGE('',*,*,#895,.T.);
#1149=ORIENTED_EDGE('',*,*,#893,.F.);
#1150=ORIENTED_EDGE('',*,*,#896,.F.);
#1151=ORIENTED_EDGE('',*,*,#897,.F.);
#1152=ORIENTED_EDGE('',*,*,#898,.F.);
#1153=ORIENTED_EDGE('',*,*,#899,.F.);
#1154=ORIENTED_EDGE('',*,*,#900,.F.);
#1155=ORIENTED_EDGE('',*,*,#901,.F.);
#1156=ORIENTED_EDGE('',*,*,#902,.F.);
#1157=ORIENTED_EDGE('',*,*,#903,.F.);
#1158=ORIENTED_EDGE('',*,*,#904,.F.);
#1159=ORIENTED_EDGE('',*,*,#905,.F.);
#1160=ORIENTED_EDGE('',*,*,#879,.F.);
#1161=ORIENTED_EDGE('',*,*,#863,.T.);
#1162=ORIENTED_EDGE('',*,*,#880,.T.);
#1163=ORIENTED_EDGE('',*,*,#905,.T.);
#1164=ORIENTED_EDGE('',*,*,#906,.T.);
#1165=ORIENTED_EDGE('',*,*,#906,.F.);
#1166=ORIENTED_EDGE('',*,*,#904,.T.);
#1167=ORIENTED_EDGE('',*,*,#907,.T.);
#1168=ORIENTED_EDGE('',*,*,#908,.T.);
#1169=ORIENTED_EDGE('',*,*,#909,.T.);
#1170=ORIENTED_EDGE('',*,*,#910,.F.);
#1171=ORIENTED_EDGE('',*,*,#911,.T.);
#1172=ORIENTED_EDGE('',*,*,#912,.T.);
#1173=ORIENTED_EDGE('',*,*,#913,.T.);
#1174=ORIENTED_EDGE('',*,*,#914,.T.);
#1175=ORIENTED_EDGE('',*,*,#915,.T.);
#1176=ORIENTED_EDGE('',*,*,#916,.T.);
#1177=ORIENTED_EDGE('',*,*,#917,.T.);
#1178=ORIENTED_EDGE('',*,*,#864,.T.);
#1179=ORIENTED_EDGE('',*,*,#918,.T.);
#1180=ORIENTED_EDGE('',*,*,#919,.T.);
#1181=ORIENTED_EDGE('',*,*,#890,.T.);
#1182=ORIENTED_EDGE('',*,*,#920,.T.);
#1183=ORIENTED_EDGE('',*,*,#919,.F.);
#1184=ORIENTED_EDGE('',*,*,#921,.T.);
#1185=ORIENTED_EDGE('',*,*,#922,.F.);
#1186=ORIENTED_EDGE('',*,*,#881,.F.);
#1187=ORIENTED_EDGE('',*,*,#923,.T.);
#1188=ORIENTED_EDGE('',*,*,#924,.F.);
#1189=ORIENTED_EDGE('',*,*,#925,.T.);
#1190=ORIENTED_EDGE('',*,*,#926,.F.);
#1191=ORIENTED_EDGE('',*,*,#927,.T.);
#1192=ORIENTED_EDGE('',*,*,#928,.F.);
#1193=ORIENTED_EDGE('',*,*,#902,.T.);
#1194=ORIENTED_EDGE('',*,*,#929,.T.);
#1195=ORIENTED_EDGE('',*,*,#930,.F.);
#1196=ORIENTED_EDGE('',*,*,#891,.F.);
#1197=ORIENTED_EDGE('',*,*,#931,.T.);
#1198=ORIENTED_EDGE('',*,*,#932,.T.);
#1199=ORIENTED_EDGE('',*,*,#888,.T.);
#1200=ORIENTED_EDGE('',*,*,#933,.T.);
#1201=ORIENTED_EDGE('',*,*,#920,.F.);
#1202=ORIENTED_EDGE('',*,*,#889,.F.);
#1203=ORIENTED_EDGE('',*,*,#932,.F.);
#1204=ORIENTED_EDGE('',*,*,#934,.F.);
#1205=ORIENTED_EDGE('',*,*,#935,.T.);
#1206=ORIENTED_EDGE('',*,*,#936,.T.);
#1207=ORIENTED_EDGE('',*,*,#884,.T.);
#1208=ORIENTED_EDGE('',*,*,#937,.T.);
#1209=ORIENTED_EDGE('',*,*,#933,.F.);
#1210=ORIENTED_EDGE('',*,*,#887,.F.);
#1211=ORIENTED_EDGE('',*,*,#938,.T.);
#1212=ORIENTED_EDGE('',*,*,#939,.F.);
#1213=ORIENTED_EDGE('',*,*,#900,.T.);
#1214=ORIENTED_EDGE('',*,*,#940,.F.);
#1215=ORIENTED_EDGE('',*,*,#941,.F.);
#1216=ORIENTED_EDGE('',*,*,#942,.F.);
#1217=ORIENTED_EDGE('',*,*,#943,.F.);
#1218=ORIENTED_EDGE('',*,*,#944,.F.);
#1219=ORIENTED_EDGE('',*,*,#945,.F.);
#1220=ORIENTED_EDGE('',*,*,#885,.F.);
#1221=ORIENTED_EDGE('',*,*,#936,.F.);
#1222=ORIENTED_EDGE('',*,*,#946,.F.);
#1223=ORIENTED_EDGE('',*,*,#947,.T.);
#1224=ORIENTED_EDGE('',*,*,#948,.T.);
#1225=ORIENTED_EDGE('',*,*,#949,.T.);
#1226=ORIENTED_EDGE('',*,*,#882,.T.);
#1227=ORIENTED_EDGE('',*,*,#922,.T.);
#1228=ORIENTED_EDGE('',*,*,#937,.F.);
#1229=ORIENTED_EDGE('',*,*,#883,.F.);
#1230=ORIENTED_EDGE('',*,*,#949,.F.);
#1231=ORIENTED_EDGE('',*,*,#950,.F.);
#1232=ORIENTED_EDGE('',*,*,#951,.F.);
#1233=ORIENTED_EDGE('',*,*,#923,.F.);
#1234=ORIENTED_EDGE('',*,*,#886,.F.);
#1235=ORIENTED_EDGE('',*,*,#945,.T.);
#1236=ORIENTED_EDGE('',*,*,#952,.F.);
#1237=ORIENTED_EDGE('',*,*,#953,.F.);
#1238=ORIENTED_EDGE('',*,*,#954,.F.);
#1239=ORIENTED_EDGE('',*,*,#955,.F.);
#1240=ORIENTED_EDGE('',*,*,#956,.F.);
#1241=ORIENTED_EDGE('',*,*,#957,.F.);
#1242=ORIENTED_EDGE('',*,*,#938,.F.);
#1243=ORIENTED_EDGE('',*,*,#892,.F.);
#1244=ORIENTED_EDGE('',*,*,#930,.T.);
#1245=ORIENTED_EDGE('',*,*,#955,.T.);
#1246=ORIENTED_EDGE('',*,*,#958,.T.);
#1247=ORIENTED_EDGE('',*,*,#869,.F.);
#1248=ORIENTED_EDGE('',*,*,#959,.F.);
#1249=ORIENTED_EDGE('',*,*,#954,.T.);
#1250=ORIENTED_EDGE('',*,*,#960,.T.);
#1251=ORIENTED_EDGE('',*,*,#870,.F.);
#1252=ORIENTED_EDGE('',*,*,#958,.F.);
#1253=ORIENTED_EDGE('',*,*,#953,.T.);
#1254=ORIENTED_EDGE('',*,*,#961,.F.);
#1255=ORIENTED_EDGE('',*,*,#871,.F.);
#1256=ORIENTED_EDGE('',*,*,#960,.F.);
#1257=ORIENTED_EDGE('',*,*,#952,.T.);
#1258=ORIENTED_EDGE('',*,*,#944,.T.);
#1259=ORIENTED_EDGE('',*,*,#962,.T.);
#1260=ORIENTED_EDGE('',*,*,#963,.F.);
#1261=ORIENTED_EDGE('',*,*,#964,.F.);
#1262=ORIENTED_EDGE('',*,*,#965,.F.);
#1263=ORIENTED_EDGE('',*,*,#966,.F.);
#1264=ORIENTED_EDGE('',*,*,#872,.T.);
#1265=ORIENTED_EDGE('',*,*,#961,.T.);
#1266=ORIENTED_EDGE('',*,*,#967,.F.);
#1267=ORIENTED_EDGE('',*,*,#957,.T.);
#1268=ORIENTED_EDGE('',*,*,#929,.F.);
#1269=ORIENTED_EDGE('',*,*,#901,.T.);
#1270=ORIENTED_EDGE('',*,*,#939,.T.);
#1271=ORIENTED_EDGE('',*,*,#968,.T.);
#1272=ORIENTED_EDGE('',*,*,#873,.T.);
#1273=ORIENTED_EDGE('',*,*,#966,.T.);
#1274=ORIENTED_EDGE('',*,*,#969,.T.);
#1275=ORIENTED_EDGE('',*,*,#968,.F.);
#1276=ORIENTED_EDGE('',*,*,#970,.T.);
#1277=ORIENTED_EDGE('',*,*,#971,.F.);
#1278=ORIENTED_EDGE('',*,*,#972,.T.);
#1279=ORIENTED_EDGE('',*,*,#973,.F.);
#1280=ORIENTED_EDGE('',*,*,#874,.T.);
#1281=ORIENTED_EDGE('',*,*,#974,.T.);
#1282=ORIENTED_EDGE('',*,*,#969,.F.);
#1283=ORIENTED_EDGE('',*,*,#965,.T.);
#1284=ORIENTED_EDGE('',*,*,#975,.F.);
#1285=ORIENTED_EDGE('',*,*,#970,.F.);
#1286=ORIENTED_EDGE('',*,*,#971,.T.);
#1287=ORIENTED_EDGE('',*,*,#975,.T.);
#1288=ORIENTED_EDGE('',*,*,#964,.T.);
#1289=ORIENTED_EDGE('',*,*,#976,.T.);
#1290=ORIENTED_EDGE('',*,*,#977,.T.);
#1291=ORIENTED_EDGE('',*,*,#978,.T.);
#1292=ORIENTED_EDGE('',*,*,#979,.T.);
#1293=ORIENTED_EDGE('',*,*,#980,.T.);
#1294=ORIENTED_EDGE('',*,*,#978,.F.);
#1295=ORIENTED_EDGE('',*,*,#981,.F.);
#1296=ORIENTED_EDGE('',*,*,#982,.F.);
#1297=ORIENTED_EDGE('',*,*,#983,.F.);
#1298=ORIENTED_EDGE('',*,*,#977,.F.);
#1299=ORIENTED_EDGE('',*,*,#984,.T.);
#1300=ORIENTED_EDGE('',*,*,#985,.F.);
#1301=ORIENTED_EDGE('',*,*,#897,.T.);
#1302=ORIENTED_EDGE('',*,*,#986,.F.);
#1303=ORIENTED_EDGE('',*,*,#981,.T.);
#1304=ORIENTED_EDGE('',*,*,#987,.T.);
#1305=ORIENTED_EDGE('',*,*,#985,.T.);
#1306=ORIENTED_EDGE('',*,*,#988,.T.);
#1307=ORIENTED_EDGE('',*,*,#989,.T.);
#1308=ORIENTED_EDGE('',*,*,#898,.T.);
#1309=ORIENTED_EDGE('',*,*,#990,.T.);
#1310=ORIENTED_EDGE('',*,*,#991,.T.);
#1311=ORIENTED_EDGE('',*,*,#992,.T.);
#1312=ORIENTED_EDGE('',*,*,#993,.T.);
#1313=ORIENTED_EDGE('',*,*,#993,.F.);
#1314=ORIENTED_EDGE('',*,*,#994,.F.);
#1315=ORIENTED_EDGE('',*,*,#995,.F.);
#1316=ORIENTED_EDGE('',*,*,#996,.F.);
#1317=ORIENTED_EDGE('',*,*,#951,.T.);
#1318=ORIENTED_EDGE('',*,*,#997,.T.);
#1319=ORIENTED_EDGE('',*,*,#867,.T.);
#1320=ORIENTED_EDGE('',*,*,#998,.F.);
#1321=ORIENTED_EDGE('',*,*,#994,.T.);
#1322=ORIENTED_EDGE('',*,*,#992,.F.);
#1323=ORIENTED_EDGE('',*,*,#999,.F.);
#1324=ORIENTED_EDGE('',*,*,#915,.F.);
#1325=ORIENTED_EDGE('',*,*,#1000,.F.);
#1326=ORIENTED_EDGE('',*,*,#924,.T.);
#1327=ORIENTED_EDGE('',*,*,#1001,.F.);
#1328=ORIENTED_EDGE('',*,*,#1002,.T.);
#1329=ORIENTED_EDGE('',*,*,#995,.T.);
#1330=ORIENTED_EDGE('',*,*,#998,.T.);
#1331=ORIENTED_EDGE('',*,*,#866,.T.);
#1332=ORIENTED_EDGE('',*,*,#1003,.T.);
#1333=ORIENTED_EDGE('',*,*,#1004,.T.);
#1334=ORIENTED_EDGE('',*,*,#1005,.T.);
#1335=ORIENTED_EDGE('',*,*,#1006,.T.);
#1336=ORIENTED_EDGE('',*,*,#1006,.F.);
#1337=ORIENTED_EDGE('',*,*,#1007,.F.);
#1338=ORIENTED_EDGE('',*,*,#1008,.F.);
#1339=ORIENTED_EDGE('',*,*,#1009,.F.);
#1340=ORIENTED_EDGE('',*,*,#1005,.F.);
#1341=ORIENTED_EDGE('',*,*,#1010,.T.);
#1342=ORIENTED_EDGE('',*,*,#909,.F.);
#1343=ORIENTED_EDGE('',*,*,#1011,.T.);
#1344=ORIENTED_EDGE('',*,*,#926,.T.);
#1345=ORIENTED_EDGE('',*,*,#1012,.T.);
#1346=ORIENTED_EDGE('',*,*,#913,.F.);
#1347=ORIENTED_EDGE('',*,*,#1013,.T.);
#1348=ORIENTED_EDGE('',*,*,#1014,.F.);
#1349=ORIENTED_EDGE('',*,*,#1007,.T.);
#1350=ORIENTED_EDGE('',*,*,#1015,.F.);
#1351=ORIENTED_EDGE('',*,*,#1016,.T.);
#1352=ORIENTED_EDGE('',*,*,#1008,.T.);
#1353=ORIENTED_EDGE('',*,*,#1014,.T.);
#1354=ORIENTED_EDGE('',*,*,#1017,.T.);
#1355=ORIENTED_EDGE('',*,*,#1017,.F.);
#1356=ORIENTED_EDGE('',*,*,#1013,.F.);
#1357=ORIENTED_EDGE('',*,*,#912,.F.);
#1358=ORIENTED_EDGE('',*,*,#1018,.F.);
#1359=ORIENTED_EDGE('',*,*,#927,.F.);
#1360=ORIENTED_EDGE('',*,*,#1011,.F.);
#1361=ORIENTED_EDGE('',*,*,#908,.F.);
#1362=ORIENTED_EDGE('',*,*,#1019,.F.);
#1363=ORIENTED_EDGE('',*,*,#1020,.F.);
#1364=ORIENTED_EDGE('',*,*,#1021,.T.);
#1365=ORIENTED_EDGE('',*,*,#1001,.T.);
#1366=ORIENTED_EDGE('',*,*,#1021,.F.);
#1367=ORIENTED_EDGE('',*,*,#991,.F.);
#1368=ORIENTED_EDGE('',*,*,#1022,.F.);
#1369=ORIENTED_EDGE('',*,*,#916,.F.);
#1370=ORIENTED_EDGE('',*,*,#999,.T.);
#1371=ORIENTED_EDGE('',*,*,#990,.F.);
#1372=ORIENTED_EDGE('',*,*,#996,.T.);
#1373=ORIENTED_EDGE('',*,*,#1002,.F.);
#1374=ORIENTED_EDGE('',*,*,#865,.T.);
#1375=ORIENTED_EDGE('',*,*,#917,.F.);
#1376=ORIENTED_EDGE('',*,*,#1022,.T.);
#1377=ORIENTED_EDGE('',*,*,#1020,.T.);
#1378=ORIENTED_EDGE('',*,*,#950,.T.);
#1379=ORIENTED_EDGE('',*,*,#948,.F.);
#1380=ORIENTED_EDGE('',*,*,#921,.F.);
#1381=ORIENTED_EDGE('',*,*,#918,.F.);
#1382=ORIENTED_EDGE('',*,*,#934,.T.);
#1383=ORIENTED_EDGE('',*,*,#931,.F.);
#1384=ORIENTED_EDGE('',*,*,#946,.T.);
#1385=ORIENTED_EDGE('',*,*,#935,.F.);
#1386=ORIENTED_EDGE('',*,*,#956,.T.);
#1387=ORIENTED_EDGE('',*,*,#959,.T.);
#1388=ORIENTED_EDGE('',*,*,#868,.F.);
#1389=ORIENTED_EDGE('',*,*,#997,.F.);
#1390=ORIENTED_EDGE('',*,*,#980,.F.);
#1391=ORIENTED_EDGE('',*,*,#1023,.T.);
#1392=ORIENTED_EDGE('',*,*,#988,.F.);
#1393=ORIENTED_EDGE('',*,*,#984,.F.);
#1394=ORIENTED_EDGE('',*,*,#987,.F.);
#1395=ORIENTED_EDGE('',*,*,#1024,.T.);
#1396=ORIENTED_EDGE('',*,*,#1025,.T.);
#1397=ORIENTED_EDGE('',*,*,#1024,.F.);
#1398=ORIENTED_EDGE('',*,*,#976,.F.);
#1399=ORIENTED_EDGE('',*,*,#963,.T.);
#1400=ORIENTED_EDGE('',*,*,#1026,.F.);
#1401=ORIENTED_EDGE('',*,*,#972,.F.);
#1402=ORIENTED_EDGE('',*,*,#974,.F.);
#1403=ORIENTED_EDGE('',*,*,#1027,.T.);
#1404=ORIENTED_EDGE('',*,*,#967,.T.);
#1405=ORIENTED_EDGE('',*,*,#1027,.F.);
#1406=ORIENTED_EDGE('',*,*,#914,.F.);
#1407=ORIENTED_EDGE('',*,*,#1012,.F.);
#1408=ORIENTED_EDGE('',*,*,#925,.F.);
#1409=ORIENTED_EDGE('',*,*,#1000,.T.);
#1410=ORIENTED_EDGE('',*,*,#1028,.F.);
#1411=ORIENTED_EDGE('',*,*,#1029,.T.);
#1412=ORIENTED_EDGE('',*,*,#947,.F.);
#1413=ORIENTED_EDGE('',*,*,#1029,.F.);
#1414=ORIENTED_EDGE('',*,*,#979,.F.);
#1415=ORIENTED_EDGE('',*,*,#983,.T.);
#1416=ORIENTED_EDGE('',*,*,#1030,.T.);
#1417=ORIENTED_EDGE('',*,*,#940,.T.);
#1418=ORIENTED_EDGE('',*,*,#899,.T.);
#1419=ORIENTED_EDGE('',*,*,#989,.F.);
#1420=ORIENTED_EDGE('',*,*,#1023,.F.);
#1421=ORIENTED_EDGE('',*,*,#1025,.F.);
#1422=ORIENTED_EDGE('',*,*,#941,.T.);
#1423=ORIENTED_EDGE('',*,*,#1030,.F.);
#1424=ORIENTED_EDGE('',*,*,#1031,.T.);
#1425=ORIENTED_EDGE('',*,*,#1032,.F.);
#1426=ORIENTED_EDGE('',*,*,#942,.T.);
#1427=ORIENTED_EDGE('',*,*,#1032,.T.);
#1428=ORIENTED_EDGE('',*,*,#1033,.T.);
#1429=ORIENTED_EDGE('',*,*,#1034,.T.);
#1430=ORIENTED_EDGE('',*,*,#1035,.T.);
#1431=ORIENTED_EDGE('',*,*,#1036,.F.);
#1432=ORIENTED_EDGE('',*,*,#943,.T.);
#1433=ORIENTED_EDGE('',*,*,#1036,.T.);
#1434=ORIENTED_EDGE('',*,*,#1037,.T.);
#1435=ORIENTED_EDGE('',*,*,#962,.F.);
#1436=ORIENTED_EDGE('',*,*,#860,.F.);
#1437=ORIENTED_EDGE('',*,*,#875,.F.);
#1438=ORIENTED_EDGE('',*,*,#973,.T.);
#1439=ORIENTED_EDGE('',*,*,#1026,.T.);
#1440=ORIENTED_EDGE('',*,*,#1037,.F.);
#1441=ORIENTED_EDGE('',*,*,#1035,.F.);
#1442=ORIENTED_EDGE('',*,*,#855,.T.);
#1443=ORIENTED_EDGE('',*,*,#1038,.T.);
#1444=ORIENTED_EDGE('',*,*,#1039,.T.);
#1445=ORIENTED_EDGE('',*,*,#1033,.F.);
#1446=ORIENTED_EDGE('',*,*,#1031,.F.);
#1447=ORIENTED_EDGE('',*,*,#982,.T.);
#1448=ORIENTED_EDGE('',*,*,#986,.T.);
#1449=ORIENTED_EDGE('',*,*,#896,.T.);
#1450=ORIENTED_EDGE('',*,*,#895,.F.);
#1451=ORIENTED_EDGE('',*,*,#1040,.T.);
#1452=ORIENTED_EDGE('',*,*,#1041,.T.);
#1453=ORIENTED_EDGE('',*,*,#849,.T.);
#1454=ORIENTED_EDGE('',*,*,#1042,.T.);
#1455=ORIENTED_EDGE('',*,*,#1043,.T.);
#1456=ORIENTED_EDGE('',*,*,#1044,.T.);
#1457=ORIENTED_EDGE('',*,*,#1045,.T.);
#1458=ORIENTED_EDGE('',*,*,#1028,.T.);
#1459=ORIENTED_EDGE('',*,*,#1046,.T.);
#1460=ORIENTED_EDGE('',*,*,#1047,.T.);
#1461=ORIENTED_EDGE('',*,*,#1048,.T.);
#1462=ORIENTED_EDGE('',*,*,#845,.T.);
#1463=ORIENTED_EDGE('',*,*,#1049,.T.);
#1464=ORIENTED_EDGE('',*,*,#1050,.T.);
#1465=ORIENTED_EDGE('',*,*,#1051,.T.);
#1466=ORIENTED_EDGE('',*,*,#842,.F.);
#1467=ORIENTED_EDGE('',*,*,#856,.F.);
#1468=ORIENTED_EDGE('',*,*,#1034,.F.);
#1469=ORIENTED_EDGE('',*,*,#1052,.F.);
#1470=ORIENTED_EDGE('',*,*,#1053,.F.);
#1471=ORIENTED_EDGE('',*,*,#1054,.T.);
#1472=ORIENTED_EDGE('',*,*,#1038,.F.);
#1473=ORIENTED_EDGE('',*,*,#854,.F.);
#1474=ORIENTED_EDGE('',*,*,#1055,.T.);
#1475=ORIENTED_EDGE('',*,*,#1049,.F.);
#1476=ORIENTED_EDGE('',*,*,#844,.T.);
#1477=ORIENTED_EDGE('',*,*,#858,.T.);
#1478=ORIENTED_EDGE('',*,*,#1056,.F.);
#1479=ORIENTED_EDGE('',*,*,#876,.F.);
#1480=ORIENTED_EDGE('',*,*,#846,.F.);
#1481=ORIENTED_EDGE('',*,*,#1048,.F.);
#1482=ORIENTED_EDGE('',*,*,#1057,.F.);
#1483=ORIENTED_EDGE('',*,*,#850,.T.);
#1484=ORIENTED_EDGE('',*,*,#1041,.F.);
#1485=ORIENTED_EDGE('',*,*,#1058,.F.);
#1486=ORIENTED_EDGE('',*,*,#851,.T.);
#1487=ORIENTED_EDGE('',*,*,#1057,.T.);
#1488=ORIENTED_EDGE('',*,*,#1059,.T.);
#1489=ORIENTED_EDGE('',*,*,#1060,.T.);
#1490=ORIENTED_EDGE('',*,*,#853,.T.);
#1491=ORIENTED_EDGE('',*,*,#1061,.T.);
#1492=ORIENTED_EDGE('',*,*,#1062,.T.);
#1493=ORIENTED_EDGE('',*,*,#1053,.T.);
#1494=ORIENTED_EDGE('',*,*,#1063,.T.);
#1495=ORIENTED_EDGE('',*,*,#1061,.F.);
#1496=ORIENTED_EDGE('',*,*,#852,.F.);
#1497=ORIENTED_EDGE('',*,*,#1060,.F.);
#1498=ORIENTED_EDGE('',*,*,#1064,.F.);
#1499=ORIENTED_EDGE('',*,*,#1064,.T.);
#1500=ORIENTED_EDGE('',*,*,#1065,.T.);
#1501=ORIENTED_EDGE('',*,*,#1051,.F.);
#1502=ORIENTED_EDGE('',*,*,#1065,.F.);
#1503=ORIENTED_EDGE('',*,*,#1066,.T.);
#1504=ORIENTED_EDGE('',*,*,#1067,.T.);
#1505=ORIENTED_EDGE('',*,*,#1059,.F.);
#1506=ORIENTED_EDGE('',*,*,#1058,.T.);
#1507=ORIENTED_EDGE('',*,*,#1040,.F.);
#1508=ORIENTED_EDGE('',*,*,#894,.F.);
#1509=ORIENTED_EDGE('',*,*,#877,.F.);
#1510=ORIENTED_EDGE('',*,*,#1056,.T.);
#1511=ORIENTED_EDGE('',*,*,#1047,.F.);
#1512=ORIENTED_EDGE('',*,*,#839,.F.);
#1513=ORIENTED_EDGE('',*,*,#1052,.T.);
#1514=ORIENTED_EDGE('',*,*,#1039,.F.);
#1515=ORIENTED_EDGE('',*,*,#1054,.F.);
#1516=ORIENTED_EDGE('',*,*,#1062,.F.);
#1517=ORIENTED_EDGE('',*,*,#1068,.T.);
#1518=ORIENTED_EDGE('',*,*,#1069,.T.);
#1519=ORIENTED_EDGE('',*,*,#1050,.F.);
#1520=ORIENTED_EDGE('',*,*,#1055,.F.);
#1521=ORIENTED_EDGE('',*,*,#857,.T.);
#1522=ORIENTED_EDGE('',*,*,#1069,.F.);
#1523=ORIENTED_EDGE('',*,*,#1070,.T.);
#1524=ORIENTED_EDGE('',*,*,#1071,.T.);
#1525=ORIENTED_EDGE('',*,*,#1043,.F.);
#1526=ORIENTED_EDGE('',*,*,#1072,.F.);
#1527=ORIENTED_EDGE('',*,*,#1073,.F.);
#1528=ORIENTED_EDGE('',*,*,#1074,.T.);
#1529=ORIENTED_EDGE('',*,*,#1066,.F.);
#1530=ORIENTED_EDGE('',*,*,#1075,.T.);
#1531=ORIENTED_EDGE('',*,*,#1076,.T.);
#1532=ORIENTED_EDGE('',*,*,#1045,.F.);
#1533=ORIENTED_EDGE('',*,*,#1077,.T.);
#1534=ORIENTED_EDGE('',*,*,#1072,.T.);
#1535=ORIENTED_EDGE('',*,*,#1042,.F.);
#1536=ORIENTED_EDGE('',*,*,#1076,.F.);
#1537=ORIENTED_EDGE('',*,*,#1078,.F.);
#1538=ORIENTED_EDGE('',*,*,#1071,.F.);
#1539=ORIENTED_EDGE('',*,*,#1079,.T.);
#1540=ORIENTED_EDGE('',*,*,#1077,.F.);
#1541=ORIENTED_EDGE('',*,*,#1044,.F.);
#1542=ORIENTED_EDGE('',*,*,#1068,.F.);
#1543=ORIENTED_EDGE('',*,*,#1063,.F.);
#1544=ORIENTED_EDGE('',*,*,#1067,.F.);
#1545=ORIENTED_EDGE('',*,*,#1074,.F.);
#1546=ORIENTED_EDGE('',*,*,#1079,.F.);
#1547=ORIENTED_EDGE('',*,*,#1070,.F.);
#1548=ORIENTED_EDGE('',*,*,#1046,.F.);
#1549=ORIENTED_EDGE('',*,*,#1073,.T.);
#1550=ORIENTED_EDGE('',*,*,#1078,.T.);
#1551=ORIENTED_EDGE('',*,*,#1075,.F.);
#1552=ORIENTED_EDGE('',*,*,#1004,.F.);
#1553=ORIENTED_EDGE('',*,*,#1080,.F.);
#1554=ORIENTED_EDGE('',*,*,#910,.T.);
#1555=ORIENTED_EDGE('',*,*,#1010,.F.);
#1556=ORIENTED_EDGE('',*,*,#1019,.T.);
#1557=ORIENTED_EDGE('',*,*,#907,.F.);
#1558=ORIENTED_EDGE('',*,*,#903,.T.);
#1559=ORIENTED_EDGE('',*,*,#928,.T.);
#1560=ORIENTED_EDGE('',*,*,#1081,.F.);
#1561=ORIENTED_EDGE('',*,*,#1082,.T.);
#1562=ORIENTED_EDGE('',*,*,#1015,.T.);
#1563=ORIENTED_EDGE('',*,*,#1082,.F.);
#1564=ORIENTED_EDGE('',*,*,#1003,.F.);
#1565=ORIENTED_EDGE('',*,*,#1009,.T.);
#1566=ORIENTED_EDGE('',*,*,#1016,.F.);
#1567=ORIENTED_EDGE('',*,*,#1018,.T.);
#1568=ORIENTED_EDGE('',*,*,#911,.F.);
#1569=ORIENTED_EDGE('',*,*,#1080,.T.);
#1570=ORIENTED_EDGE('',*,*,#1081,.T.);
#1571=PLANE('',#1719);
#1572=PLANE('',#1720);
#1573=PLANE('',#1721);
#1574=PLANE('',#1722);
#1575=PLANE('',#1723);
#1576=PLANE('',#1724);
#1577=PLANE('',#1725);
#1578=PLANE('',#1726);
#1579=PLANE('',#1727);
#1580=PLANE('',#1728);
#1581=PLANE('',#1731);
#1582=PLANE('',#1732);
#1583=PLANE('',#1735);
#1584=PLANE('',#1736);
#1585=PLANE('',#1737);
#1586=PLANE('',#1738);
#1587=PLANE('',#1740);
#1588=PLANE('',#1741);
#1589=PLANE('',#1742);
#1590=PLANE('',#1743);
#1591=PLANE('',#1744);
#1592=PLANE('',#1745);
#1593=PLANE('',#1746);
#1594=PLANE('',#1747);
#1595=PLANE('',#1751);
#1596=PLANE('',#1754);
#1597=PLANE('',#1757);
#1598=PLANE('',#1762);
#1599=PLANE('',#1763);
#1600=PLANE('',#1771);
#1601=PLANE('',#1772);
#1602=PLANE('',#1780);
#1603=PLANE('',#1781);
#1604=PLANE('',#1786);
#1605=PLANE('',#1790);
#1606=PLANE('',#1791);
#1607=PLANE('',#1792);
#1608=PLANE('',#1793);
#1609=PLANE('',#1794);
#1610=PLANE('',#1797);
#1611=PLANE('',#1802);
#1612=PLANE('',#1803);
#1613=PLANE('',#1804);
#1614=PLANE('',#1805);
#1615=PLANE('',#1806);
#1616=PLANE('',#1807);
#1617=PLANE('',#1809);
#1618=PLANE('',#1810);
#1619=PLANE('',#1811);
#1620=PLANE('',#1812);
#1621=PLANE('',#1813);
#1622=PLANE('',#1814);
#1623=PLANE('',#1815);
#1624=PLANE('',#1816);
#1625=PLANE('',#1819);
#1626=PLANE('',#1820);
#1627=PLANE('',#1821);
#1628=PLANE('',#1822);
#1629=PLANE('',#1823);
#1630=PLANE('',#1824);
#1631=PLANE('',#1825);
#1632=PLANE('',#1826);
#1633=PLANE('',#1827);
#1634=PLANE('',#1828);
#1635=PLANE('',#1831);
#1636=ADVANCED_FACE('',(#78),#1571,.T.);
#1637=ADVANCED_FACE('',(#79),#1572,.F.);
#1638=ADVANCED_FACE('',(#80),#1573,.F.);
#1639=ADVANCED_FACE('',(#81),#1574,.T.);
#1640=ADVANCED_FACE('',(#82),#1575,.T.);
#1641=ADVANCED_FACE('',(#83,#63,#64),#1576,.T.);
#1642=ADVANCED_FACE('',(#84),#1577,.T.);
#1643=ADVANCED_FACE('',(#85),#1578,.T.);
#1644=ADVANCED_FACE('',(#86),#1579,.T.);
#1645=ADVANCED_FACE('',(#87),#1580,.T.);
#1646=ADVANCED_FACE('',(#88),#1581,.T.);
#1647=ADVANCED_FACE('',(#89),#1582,.T.);
#1648=ADVANCED_FACE('',(#90),#1583,.T.);
#1649=ADVANCED_FACE('',(#91),#1584,.F.);
#1650=ADVANCED_FACE('',(#92),#1585,.T.);
#1651=ADVANCED_FACE('',(#93,#65),#1586,.T.);
#1652=ADVANCED_FACE('',(#94),#1587,.T.);
#1653=ADVANCED_FACE('',(#95),#1588,.F.);
#1654=ADVANCED_FACE('',(#96),#1589,.F.);
#1655=ADVANCED_FACE('',(#97),#1590,.F.);
#1656=ADVANCED_FACE('',(#98),#1591,.T.);
#1657=ADVANCED_FACE('',(#99),#1592,.T.);
#1658=ADVANCED_FACE('',(#100),#1593,.T.);
#1659=ADVANCED_FACE('',(#101,#66),#1594,.T.);
#1660=ADVANCED_FACE('',(#102),#1595,.T.);
#1661=ADVANCED_FACE('',(#103),#15,.T.);
#1662=ADVANCED_FACE('',(#104,#67),#1596,.F.);
#1663=ADVANCED_FACE('',(#105),#1597,.T.);
#1664=ADVANCED_FACE('',(#106),#16,.T.);
#1665=ADVANCED_FACE('',(#107),#17,.T.);
#1666=ADVANCED_FACE('',(#108),#1598,.T.);
#1667=ADVANCED_FACE('',(#109,#68),#1599,.F.);
#1668=ADVANCED_FACE('',(#110),#18,.T.);
#1669=ADVANCED_FACE('',(#111),#19,.T.);
#1670=ADVANCED_FACE('',(#112),#1600,.T.);
#1671=ADVANCED_FACE('',(#113,#69),#1601,.T.);
#1672=ADVANCED_FACE('',(#114),#20,.T.);
#1673=ADVANCED_FACE('',(#115),#21,.T.);
#1674=ADVANCED_FACE('',(#116),#1602,.T.);
#1675=ADVANCED_FACE('',(#117,#70),#1603,.T.);
#1676=ADVANCED_FACE('',(#118),#22,.T.);
#1677=ADVANCED_FACE('',(#119),#1604,.T.);
#1678=ADVANCED_FACE('',(#120),#23,.F.);
#1679=ADVANCED_FACE('',(#121),#24,.F.);
#1680=ADVANCED_FACE('',(#122),#1605,.T.);
#1681=ADVANCED_FACE('',(#123,#71),#1606,.F.);
#1682=ADVANCED_FACE('',(#124),#1607,.T.);
#1683=ADVANCED_FACE('',(#125),#1608,.T.);
#1684=ADVANCED_FACE('',(#126),#1609,.T.);
#1685=ADVANCED_FACE('',(#127),#25,.F.);
#1686=ADVANCED_FACE('',(#128),#1610,.T.);
#1687=ADVANCED_FACE('',(#129),#26,.F.);
#1688=ADVANCED_FACE('',(#130),#27,.F.);
#1689=ADVANCED_FACE('',(#131),#28,.F.);
#1690=ADVANCED_FACE('',(#132,#72),#1611,.T.);
#1691=ADVANCED_FACE('',(#133),#1612,.F.);
#1692=ADVANCED_FACE('',(#134),#1613,.F.);
#1693=ADVANCED_FACE('',(#135),#1614,.F.);
#1694=ADVANCED_FACE('',(#136,#73,#74),#1615,.T.);
#1695=ADVANCED_FACE('',(#137,#75),#1616,.T.);
#1696=ADVANCED_FACE('',(#138),#1617,.F.);
#1697=ADVANCED_FACE('',(#139),#1618,.F.);
#1698=ADVANCED_FACE('',(#140),#1619,.F.);
#1699=ADVANCED_FACE('',(#141),#1620,.T.);
#1700=ADVANCED_FACE('',(#142),#1621,.T.);
#1701=ADVANCED_FACE('',(#143),#1622,.T.);
#1702=ADVANCED_FACE('',(#144),#1623,.T.);
#1703=ADVANCED_FACE('',(#145,#76),#1624,.F.);
#1704=ADVANCED_FACE('',(#146),#29,.F.);
#1705=ADVANCED_FACE('',(#147),#1625,.F.);
#1706=ADVANCED_FACE('',(#148),#1626,.F.);
#1707=ADVANCED_FACE('',(#149),#1627,.F.);
#1708=ADVANCED_FACE('',(#150),#1628,.T.);
#1709=ADVANCED_FACE('',(#151),#1629,.T.);
#1710=ADVANCED_FACE('',(#152),#1630,.T.);
#1711=ADVANCED_FACE('',(#153),#1631,.T.);
#1712=ADVANCED_FACE('',(#154),#1632,.T.);
#1713=ADVANCED_FACE('',(#155),#1633,.T.);
#1714=ADVANCED_FACE('',(#156),#1634,.T.);
#1715=ADVANCED_FACE('',(#157),#30,.F.);
#1716=ADVANCED_FACE('',(#158,#77),#1635,.F.);
#1717=CLOSED_SHELL('',(#1636,#1637,#1638,#1639,#1640,#1641,#1642,#1643,
#1644,#1645,#1646,#1647,#1648,#1649,#1650,#1651,#1652,#1653,#1654,#1655,
#1656,#1657,#1658,#1659,#1660,#1661,#1662,#1663,#1664,#1665,#1666,#1667,
#1668,#1669,#1670,#1671,#1672,#1673,#1674,#1675,#1676,#1677,#1678,#1679,
#1680,#1681,#1682,#1683,#1684,#1685,#1686,#1687,#1688,#1689,#1690,#1691,
#1692,#1693,#1694,#1695,#1696,#1697,#1698,#1699,#1700,#1701,#1702,#1703,
#1704,#1705,#1706,#1707,#1708,#1709,#1710,#1711,#1712,#1713,#1714,#1715,
#1716));
#1718=AXIS2_PLACEMENT_3D('',#2272,#1832,#1833);
#1719=AXIS2_PLACEMENT_3D('',#2273,#1834,#1835);
#1720=AXIS2_PLACEMENT_3D('',#2282,#1840,#1841);
#1721=AXIS2_PLACEMENT_3D('',#2310,#1856,#1857);
#1722=AXIS2_PLACEMENT_3D('',#2314,#1860,#1861);
#1723=AXIS2_PLACEMENT_3D('',#2320,#1865,#1866);
#1724=AXIS2_PLACEMENT_3D('',#2348,#1881,#1882);
#1725=AXIS2_PLACEMENT_3D('',#2382,#1900,#1901);
#1726=AXIS2_PLACEMENT_3D('',#2388,#1905,#1906);
#1727=AXIS2_PLACEMENT_3D('',#2408,#1917,#1918);
#1728=AXIS2_PLACEMENT_3D('',#2410,#1920,#1921);
#1729=AXIS2_PLACEMENT_3D('',#2414,#1923,#1924);
#1730=AXIS2_PLACEMENT_3D('',#2426,#1930,#1931);
#1731=AXIS2_PLACEMENT_3D('',#2432,#1935,#1936);
#1732=AXIS2_PLACEMENT_3D('',#2438,#1940,#1941);
#1733=AXIS2_PLACEMENT_3D('',#2447,#1946,#1947);
#1734=AXIS2_PLACEMENT_3D('',#2451,#1949,#1950);
#1735=AXIS2_PLACEMENT_3D('',#2456,#1954,#1955);
#1736=AXIS2_PLACEMENT_3D('',#2462,#1959,#1960);
#1737=AXIS2_PLACEMENT_3D('',#2464,#1962,#1963);
#1738=AXIS2_PLACEMENT_3D('',#2470,#1967,#1968);
#1739=AXIS2_PLACEMENT_3D('',#2487,#1978,#1979);
#1740=AXIS2_PLACEMENT_3D('',#2488,#1980,#1981);
#1741=AXIS2_PLACEMENT_3D('',#2492,#1984,#1985);
#1742=AXIS2_PLACEMENT_3D('',#2494,#1987,#1988);
#1743=AXIS2_PLACEMENT_3D('',#2506,#1995,#1996);
#1744=AXIS2_PLACEMENT_3D('',#2508,#1998,#1999);
#1745=AXIS2_PLACEMENT_3D('',#2511,#2002,#2003);
#1746=AXIS2_PLACEMENT_3D('',#2513,#2005,#2006);
#1747=AXIS2_PLACEMENT_3D('',#2515,#2008,#2009);
#1748=AXIS2_PLACEMENT_3D('',#2521,#2012,#2013);
#1749=AXIS2_PLACEMENT_3D('',#2524,#2015,#2016);
#1750=AXIS2_PLACEMENT_3D('',#2526,#2017,#2018);
#1751=AXIS2_PLACEMENT_3D('',#2527,#2019,#2020);
#1752=AXIS2_PLACEMENT_3D('',#2528,#2021,#2022);
#1753=AXIS2_PLACEMENT_3D('',#2530,#2023,#2024);
#1754=AXIS2_PLACEMENT_3D('',#2532,#2026,#2027);
#1755=AXIS2_PLACEMENT_3D('',#2536,#2029,#2030);
#1756=AXIS2_PLACEMENT_3D('',#2541,#2033,#2034);
#1757=AXIS2_PLACEMENT_3D('',#2542,#2035,#2036);
#1758=AXIS2_PLACEMENT_3D('',#2544,#2038,#2039);
#1759=AXIS2_PLACEMENT_3D('',#2546,#2041,#2042);
#1760=AXIS2_PLACEMENT_3D('',#2549,#2043,#2044);
#1761=AXIS2_PLACEMENT_3D('',#2553,#2046,#2047);
#1762=AXIS2_PLACEMENT_3D('',#2555,#2049,#2050);
#1763=AXIS2_PLACEMENT_3D('',#2561,#2054,#2055);
#1764=AXIS2_PLACEMENT_3D('',#2564,#2057,#2058);
#1765=AXIS2_PLACEMENT_3D('',#2567,#2060,#2061);
#1766=AXIS2_PLACEMENT_3D('',#2568,#2062,#2063);
#1767=AXIS2_PLACEMENT_3D('',#2571,#2065,#2066);
#1768=AXIS2_PLACEMENT_3D('',#2572,#2067,#2068);
#1769=AXIS2_PLACEMENT_3D('',#2575,#2069,#2070);
#1770=AXIS2_PLACEMENT_3D('',#2579,#2072,#2073);
#1771=AXIS2_PLACEMENT_3D('',#2581,#2075,#2076);
#1772=AXIS2_PLACEMENT_3D('',#2587,#2080,#2081);
#1773=AXIS2_PLACEMENT_3D('',#2589,#2083,#2084);
#1774=AXIS2_PLACEMENT_3D('',#2593,#2087,#2088);
#1775=AXIS2_PLACEMENT_3D('',#2594,#2089,#2090);
#1776=AXIS2_PLACEMENT_3D('',#2595,#2091,#2092);
#1777=AXIS2_PLACEMENT_3D('',#2596,#2093,#2094);
#1778=AXIS2_PLACEMENT_3D('',#2599,#2095,#2096);
#1779=AXIS2_PLACEMENT_3D('',#2603,#2098,#2099);
#1780=AXIS2_PLACEMENT_3D('',#2605,#2101,#2102);
#1781=AXIS2_PLACEMENT_3D('',#2611,#2106,#2107);
#1782=AXIS2_PLACEMENT_3D('',#2617,#2112,#2113);
#1783=AXIS2_PLACEMENT_3D('',#2619,#2114,#2115);
#1784=AXIS2_PLACEMENT_3D('',#2620,#2116,#2117);
#1785=AXIS2_PLACEMENT_3D('',#2622,#2118,#2119);
#1786=AXIS2_PLACEMENT_3D('',#2624,#2121,#2122);
#1787=AXIS2_PLACEMENT_3D('',#2626,#2124,#2125);
#1788=AXIS2_PLACEMENT_3D('',#2628,#2127,#2128);
#1789=AXIS2_PLACEMENT_3D('',#2630,#2129,#2130);
#1790=AXIS2_PLACEMENT_3D('',#2632,#2132,#2133);
#1791=AXIS2_PLACEMENT_3D('',#2634,#2135,#2136);
#1792=AXIS2_PLACEMENT_3D('',#2635,#2137,#2138);
#1793=AXIS2_PLACEMENT_3D('',#2636,#2139,#2140);
#1794=AXIS2_PLACEMENT_3D('',#2637,#2141,#2142);
#1795=AXIS2_PLACEMENT_3D('',#2639,#2144,#2145);
#1796=AXIS2_PLACEMENT_3D('',#2642,#2147,#2148);
#1797=AXIS2_PLACEMENT_3D('',#2643,#2149,#2150);
#1798=AXIS2_PLACEMENT_3D('',#2645,#2152,#2153);
#1799=AXIS2_PLACEMENT_3D('',#2647,#2155,#2156);
#1800=AXIS2_PLACEMENT_3D('',#2648,#2157,#2158);
#1801=AXIS2_PLACEMENT_3D('',#2650,#2159,#2160);
#1802=AXIS2_PLACEMENT_3D('',#2652,#2162,#2163);
#1803=AXIS2_PLACEMENT_3D('',#2654,#2165,#2166);
#1804=AXIS2_PLACEMENT_3D('',#2658,#2169,#2170);
#1805=AXIS2_PLACEMENT_3D('',#2665,#2175,#2176);
#1806=AXIS2_PLACEMENT_3D('',#2667,#2178,#2179);
#1807=AXIS2_PLACEMENT_3D('',#2682,#2188,#2189);
#1808=AXIS2_PLACEMENT_3D('',#2693,#2195,#2196);
#1809=AXIS2_PLACEMENT_3D('',#2694,#2197,#2198);
#1810=AXIS2_PLACEMENT_3D('',#2696,#2200,#2201);
#1811=AXIS2_PLACEMENT_3D('',#2700,#2204,#2205);
#1812=AXIS2_PLACEMENT_3D('',#2702,#2207,#2208);
#1813=AXIS2_PLACEMENT_3D('',#2704,#2210,#2211);
#1814=AXIS2_PLACEMENT_3D('',#2708,#2214,#2215);
#1815=AXIS2_PLACEMENT_3D('',#2712,#2218,#2219);
#1816=AXIS2_PLACEMENT_3D('',#2716,#2222,#2223);
#1817=AXIS2_PLACEMENT_3D('',#2719,#2225,#2226);
#1818=AXIS2_PLACEMENT_3D('',#2720,#2227,#2228);
#1819=AXIS2_PLACEMENT_3D('',#2722,#2230,#2231);
#1820=AXIS2_PLACEMENT_3D('',#2726,#2234,#2235);
#1821=AXIS2_PLACEMENT_3D('',#2730,#2238,#2239);
#1822=AXIS2_PLACEMENT_3D('',#2737,#2244,#2245);
#1823=AXIS2_PLACEMENT_3D('',#2744,#2250,#2251);
#1824=AXIS2_PLACEMENT_3D('',#2746,#2253,#2254);
#1825=AXIS2_PLACEMENT_3D('',#2748,#2256,#2257);
#1826=AXIS2_PLACEMENT_3D('',#2749,#2258,#2259);
#1827=AXIS2_PLACEMENT_3D('',#2750,#2260,#2261);
#1828=AXIS2_PLACEMENT_3D('',#2752,#2263,#2264);
#1829=AXIS2_PLACEMENT_3D('',#2753,#2265,#2266);
#1830=AXIS2_PLACEMENT_3D('',#2755,#2267,#2268);
#1831=AXIS2_PLACEMENT_3D('',#2757,#2270,#2271);
#1832=DIRECTION('axis',(0.,0.,1.));
#1833=DIRECTION('refdir',(1.,0.,0.));
#1834=DIRECTION('center_axis',(3.92523114670944E-16,0.707106781186548,-0.707106781186548));
#1835=DIRECTION('ref_axis',(-1.,0.,-5.55111512312579E-16));
#1836=DIRECTION('',(-7.6698723130526E-31,-0.707106781186548,-0.707106781186548));
#1837=DIRECTION('',(-1.,0.,-5.55111512312579E-16));
#1838=DIRECTION('',(-4.28068862767254E-16,0.707106781186548,0.707106781186548));
#1839=DIRECTION('',(1.,0.,5.55111512312579E-16));
#1840=DIRECTION('center_axis',(1.,0.,6.05380791355078E-16));
#1841=DIRECTION('ref_axis',(6.05380791355078E-16,1.97927401803825E-30,-1.));
#1842=DIRECTION('',(0.,-1.,0.));
#1843=DIRECTION('',(-5.46142790351194E-16,-0.431427653315119,0.902147537798009));
#1844=DIRECTION('',(6.05380791355078E-16,1.97927401803825E-30,-1.));
#1845=DIRECTION('',(-5.46142790351194E-16,0.431427653315119,0.902147537798009));
#1846=DIRECTION('',(-7.18831757463322E-32,1.,1.18740430441193E-16));
#1847=DIRECTION('',(4.28068862767254E-16,-0.707106781186548,-0.707106781186548));
#1848=DIRECTION('',(-6.05380791355078E-16,0.,1.));
#1849=DIRECTION('',(0.,-1.,0.));
#1850=DIRECTION('',(4.28068862767254E-16,-0.707106781186548,-0.707106781186547));
#1851=DIRECTION('',(6.05380791355078E-16,1.97927401803825E-30,-1.));
#1852=DIRECTION('',(4.28068862767254E-16,0.707106781186548,-0.707106781186547));
#1853=DIRECTION('',(0.,1.,0.));
#1854=DIRECTION('',(-6.05380791355078E-16,0.,1.));
#1855=DIRECTION('',(6.05380791355078E-16,0.,-1.));
#1856=DIRECTION('center_axis',(-5.55111512312579E-16,0.,1.));
#1857=DIRECTION('ref_axis',(1.,0.,5.55111512312579E-16));
#1858=DIRECTION('',(0.,1.,0.));
#1859=DIRECTION('',(-1.,0.,-5.55111512312579E-16));
#1860=DIRECTION('center_axis',(0.,-0.707106781186548,0.707106781186548));
#1861=DIRECTION('ref_axis',(1.,0.,0.));
#1862=DIRECTION('',(0.,-0.707106781186548,-0.707106781186548));
#1863=DIRECTION('',(1.,0.,0.));
#1864=DIRECTION('',(-1.,0.,0.));
#1865=DIRECTION('center_axis',(-1.,0.,0.));
#1866=DIRECTION('ref_axis',(0.,0.,1.));
#1867=DIRECTION('',(0.,1.,1.18740430441193E-16));
#1868=DIRECTION('',(0.,-0.707106781186546,0.707106781186549));
#1869=DIRECTION('',(0.,0.,1.));
#1870=DIRECTION('',(0.,-1.,0.));
#1871=DIRECTION('',(0.,0.,1.));
#1872=DIRECTION('',(0.,1.,0.));
#1873=DIRECTION('',(0.,6.93889390390714E-17,1.));
#1874=DIRECTION('',(0.,-0.866025403784439,0.5));
#1875=DIRECTION('',(0.,-0.866025403784439,-0.5));
#1876=DIRECTION('',(0.,-4.02455846426618E-16,-1.));
#1877=DIRECTION('',(0.,1.,0.));
#1878=DIRECTION('',(0.,0.,-1.));
#1879=DIRECTION('',(0.,-1.,0.));
#1880=DIRECTION('',(0.,0.,1.));
#1881=DIRECTION('center_axis',(0.,-1.18740430441193E-16,1.));
#1882=DIRECTION('ref_axis',(0.,1.,1.18740430441193E-16));
#1883=DIRECTION('',(-1.,0.,5.55111512312579E-16));
#1884=DIRECTION('',(1.28795814735737E-46,1.,1.18740430441193E-16));
#1885=DIRECTION('',(-1.,0.,0.));
#1886=DIRECTION('',(0.,1.,1.18740430441193E-16));
#1887=DIRECTION('',(1.,0.,0.));
#1888=DIRECTION('',(1.,0.,0.));
#1889=DIRECTION('',(-0.707106781186549,0.707106781186547,8.39621635659772E-17));
#1890=DIRECTION('',(0.,-1.,-1.18740430441193E-16));
#1891=DIRECTION('',(0.707106781186546,0.707106781186549,8.39621635659775E-17));
#1892=DIRECTION('',(-1.,0.,0.));
#1893=DIRECTION('',(0.,1.,1.18740430441193E-16));
#1894=DIRECTION('',(-1.,0.,0.));
#1895=DIRECTION('',(0.707106781186546,-0.707106781186549,-8.39621635659775E-17));
#1896=DIRECTION('',(0.,1.,1.18740430441193E-16));
#1897=DIRECTION('',(-0.707106781186549,-0.707106781186546,-8.39621635659771E-17));
#1898=DIRECTION('',(1.,0.,0.));
#1899=DIRECTION('',(0.,-1.,-1.18740430441193E-16));
#1900=DIRECTION('center_axis',(0.,-0.707106781186548,0.707106781186548));
#1901=DIRECTION('ref_axis',(1.,0.,0.));
#1902=DIRECTION('',(0.,0.707106781186548,0.707106781186548));
#1903=DIRECTION('',(7.6698723130526E-31,0.707106781186548,0.707106781186548));
#1904=DIRECTION('',(1.,0.,0.));
#1905=DIRECTION('center_axis',(1.,0.,0.));
#1906=DIRECTION('ref_axis',(0.,0.,-1.));
#1907=DIRECTION('',(0.,0.,1.));
#1908=DIRECTION('',(0.,1.,0.));
#1909=DIRECTION('',(0.,0.,1.));
#1910=DIRECTION('',(0.,-1.,0.));
#1911=DIRECTION('',(-1.3987061727561E-15,3.49676543189026E-16,-1.));
#1912=DIRECTION('',(2.7974123455122E-15,-1.,0.));
#1913=DIRECTION('',(0.,-1.74838271594513E-16,1.));
#1914=DIRECTION('',(0.,-1.,0.));
#1915=DIRECTION('',(0.,0.,-1.));
#1916=DIRECTION('',(0.,0.707106781186546,-0.707106781186549));
#1917=DIRECTION('center_axis',(0.,0.707106781186549,0.707106781186546));
#1918=DIRECTION('ref_axis',(1.,0.,0.));
#1919=DIRECTION('',(-1.,0.,0.));
#1920=DIRECTION('center_axis',(0.,1.,0.));
#1921=DIRECTION('ref_axis',(0.,0.,-1.));
#1922=DIRECTION('',(-1.,0.,0.));
#1923=DIRECTION('center_axis',(0.,-1.,0.));
#1924=DIRECTION('ref_axis',(-1.,0.,2.07429647145944E-36));
#1925=DIRECTION('',(-1.,0.,0.));
#1926=DIRECTION('',(0.,0.,-1.));
#1927=DIRECTION('',(-1.,0.,0.));
#1928=DIRECTION('',(0.,0.,-1.));
#1929=DIRECTION('',(-1.,0.,0.));
#1930=DIRECTION('center_axis',(0.,-1.,0.));
#1931=DIRECTION('ref_axis',(0.965884579558976,0.,0.258972930960323));
#1932=DIRECTION('',(-1.,0.,0.));
#1933=DIRECTION('',(0.,0.,1.));
#1934=DIRECTION('',(-1.,0.,0.));
#1935=DIRECTION('center_axis',(0.707106781186546,-0.707106781186549,-1.23629327455416E-16));
#1936=DIRECTION('ref_axis',(-1.74838271594514E-16,0.,-1.));
#1937=DIRECTION('',(0.707106781186549,0.707106781186546,0.));
#1938=DIRECTION('',(0.,-1.74838271594513E-16,1.));
#1939=DIRECTION('',(0.,1.74838271594513E-16,-1.));
#1940=DIRECTION('center_axis',(0.,-1.,-1.74838271594513E-16));
#1941=DIRECTION('ref_axis',(0.,-1.74838271594513E-16,1.));
#1942=DIRECTION('',(-1.,0.,0.));
#1943=DIRECTION('',(0.,1.74838271594513E-16,-1.));
#1944=DIRECTION('',(0.,0.,-1.));
#1945=DIRECTION('',(-1.,0.,0.));
#1946=DIRECTION('center_axis',(0.,1.,1.74838271594513E-16));
#1947=DIRECTION('ref_axis',(0.965884579558976,0.,0.258972930960323));
#1948=DIRECTION('',(-1.,0.,0.));
#1949=DIRECTION('center_axis',(0.,1.,1.74838271594513E-16));
#1950=DIRECTION('ref_axis',(-1.,0.,2.07429647145944E-36));
#1951=DIRECTION('',(-1.,0.,0.));
#1952=DIRECTION('',(-1.,0.,0.));
#1953=DIRECTION('',(0.,0.,-1.));
#1954=DIRECTION('center_axis',(0.707106781186549,0.707106781186546,2.47258654910831E-16));
#1955=DIRECTION('ref_axis',(3.49676543189025E-16,0.,-1.));
#1956=DIRECTION('',(-0.707106781186546,0.707106781186549,0.));
#1957=DIRECTION('',(0.,-3.49676543189026E-16,1.));
#1958=DIRECTION('',(0.,3.49676543189026E-16,-1.));
#1959=DIRECTION('center_axis',(-1.,0.,0.));
#1960=DIRECTION('ref_axis',(0.,1.,0.));
#1961=DIRECTION('',(0.,-1.,0.));
#1962=DIRECTION('center_axis',(-0.707106781186549,0.707106781186546,2.47258654910831E-16));
#1963=DIRECTION('ref_axis',(3.49676543189025E-16,0.,1.));
#1964=DIRECTION('',(-0.707106781186546,-0.707106781186549,0.));
#1965=DIRECTION('',(0.,-3.49676543189026E-16,1.));
#1966=DIRECTION('',(0.,3.49676543189026E-16,-1.));
#1967=DIRECTION('center_axis',(0.,1.,3.49676543189026E-16));
#1968=DIRECTION('ref_axis',(-1.3987061727561E-15,3.49676543189026E-16,-1.));
#1969=DIRECTION('',(0.,0.,-1.));
#1970=DIRECTION('',(-1.,0.,0.));
#1971=DIRECTION('',(1.,0.,0.));
#1972=DIRECTION('',(-1.40068892655743E-15,0.,1.));
#1973=DIRECTION('',(1.,1.14837123853706E-9,-1.01439464119064E-8));
#1974=DIRECTION('',(1.98275380131945E-18,0.,-1.));
#1975=DIRECTION('',(1.,0.,0.));
#1976=DIRECTION('',(0.,0.,-1.));
#1977=DIRECTION('',(-1.,0.,0.));
#1978=DIRECTION('center_axis',(0.,-1.,-3.49676543189026E-16));
#1979=DIRECTION('ref_axis',(0.965884579558976,0.,0.258972930960323));
#1980=DIRECTION('center_axis',(-0.707106781186547,-0.707106781186549,-1.23629327455416E-16));
#1981=DIRECTION('ref_axis',(-1.74838271594514E-16,0.,1.));
#1982=DIRECTION('',(0.707106781186549,-0.707106781186547,0.));
#1983=DIRECTION('',(0.,-1.74838271594513E-16,1.));
#1984=DIRECTION('center_axis',(1.,0.,0.));
#1985=DIRECTION('ref_axis',(0.,-1.,-2.37126584682591E-16));
#1986=DIRECTION('',(0.,1.,0.));
#1987=DIRECTION('center_axis',(-1.,0.,0.));
#1988=DIRECTION('ref_axis',(0.,1.,4.74253169365182E-16));
#1989=DIRECTION('',(0.,-1.,0.));
#1990=DIRECTION('',(0.,-1.,0.));
#1991=DIRECTION('',(0.,-4.02455846426618E-16,-1.));
#1992=DIRECTION('',(0.,-0.866025403784439,-0.5));
#1993=DIRECTION('',(0.,-0.866025403784439,0.5));
#1994=DIRECTION('',(0.,6.93889390390714E-17,1.));
#1995=DIRECTION('center_axis',(1.,0.,0.));
#1996=DIRECTION('ref_axis',(0.,-1.,0.));
#1997=DIRECTION('',(0.,1.,0.));
#1998=DIRECTION('center_axis',(-4.42484863826157E-30,-0.5,-0.866025403784439));
#1999=DIRECTION('ref_axis',(-1.08890519821021E-30,-0.866025403784439,0.5));
#2000=DIRECTION('',(-1.,3.15544388309375E-30,3.28757872953039E-30));
#2001=DIRECTION('',(-1.,3.15544388309375E-30,3.28757872953039E-30));
#2002=DIRECTION('center_axis',(-1.26940475516782E-30,0.5,-0.866025403784439));
#2003=DIRECTION('ref_axis',(-4.37648392774061E-30,-0.866025403784439,-0.5));
#2004=DIRECTION('',(-1.,3.15544388309376E-30,3.2875787295304E-30));
#2005=DIRECTION('center_axis',(3.15544388309376E-30,1.,-4.02455846426618E-16));
#2006=DIRECTION('ref_axis',(-3.2875787295304E-30,-4.02455846426618E-16,
-1.));
#2007=DIRECTION('',(1.,-3.15544388309376E-30,0.));
#2008=DIRECTION('center_axis',(0.,0.,-1.));
#2009=DIRECTION('ref_axis',(-1.,0.,0.));
#2010=DIRECTION('',(0.,-1.,0.));
#2011=DIRECTION('',(0.,1.,0.));
#2012=DIRECTION('center_axis',(0.,0.,1.));
#2013=DIRECTION('ref_axis',(0.707106781186548,-0.707106781186548,0.));
#2014=DIRECTION('',(1.,0.,0.));
#2015=DIRECTION('center_axis',(0.,0.,1.));
#2016=DIRECTION('ref_axis',(-0.707106781186548,-0.707106781186548,0.));
#2017=DIRECTION('center_axis',(0.,0.,-1.));
#2018=DIRECTION('ref_axis',(-1.,0.,0.));
#2019=DIRECTION('center_axis',(0.,0.,-1.));
#2020=DIRECTION('ref_axis',(2.7974123455122E-15,-1.,0.));
#2021=DIRECTION('center_axis',(0.,0.,1.));
#2022=DIRECTION('ref_axis',(-0.707106781186548,-0.707106781186548,0.));
#2023=DIRECTION('center_axis',(0.,0.,-1.));
#2024=DIRECTION('ref_axis',(-0.707106781186548,-0.707106781186548,0.));
#2025=DIRECTION('',(0.,0.,1.));
#2026=DIRECTION('center_axis',(0.,0.,-1.));
#2027=DIRECTION('ref_axis',(-1.,0.,0.));
#2028=DIRECTION('',(1.,0.,0.));
#2029=DIRECTION('center_axis',(0.,0.,-1.));
#2030=DIRECTION('ref_axis',(0.707106781186548,-0.707106781186548,0.));
#2031=DIRECTION('',(0.,1.,0.));
#2032=DIRECTION('',(1.,0.,0.));
#2033=DIRECTION('center_axis',(0.,0.,-1.));
#2034=DIRECTION('ref_axis',(-1.,0.,0.));
#2035=DIRECTION('center_axis',(0.,-1.,0.));
#2036=DIRECTION('ref_axis',(1.,0.,0.));
#2037=DIRECTION('',(0.,0.,-1.));
#2038=DIRECTION('center_axis',(0.,0.,1.));
#2039=DIRECTION('ref_axis',(0.707106781186548,-0.707106781186548,0.));
#2040=DIRECTION('',(0.,0.,1.));
#2041=DIRECTION('center_axis',(0.,0.,1.));
#2042=DIRECTION('ref_axis',(-0.707106781186548,-0.707106781186548,0.));
#2043=DIRECTION('center_axis',(0.,0.,-1.));
#2044=DIRECTION('ref_axis',(-0.707106781186548,-0.707106781186548,0.));
#2045=DIRECTION('',(0.,0.,-1.));
#2046=DIRECTION('center_axis',(0.,0.,1.));
#2047=DIRECTION('ref_axis',(-0.707106781186548,-0.707106781186548,0.));
#2048=DIRECTION('',(0.,0.,1.));
#2049=DIRECTION('center_axis',(-1.,0.,0.));
#2050=DIRECTION('ref_axis',(0.,-1.,0.));
#2051=DIRECTION('',(0.,-1.,0.));
#2052=DIRECTION('',(0.,0.,1.));
#2053=DIRECTION('',(0.,1.,0.));
#2054=DIRECTION('center_axis',(0.,0.,-1.));
#2055=DIRECTION('ref_axis',(-1.,0.,0.));
#2056=DIRECTION('',(1.,0.,0.));
#2057=DIRECTION('center_axis',(0.,0.,-1.));
#2058=DIRECTION('ref_axis',(0.707106781186549,-0.707106781186546,0.));
#2059=DIRECTION('',(1.,0.,0.));
#2060=DIRECTION('center_axis',(0.,0.,-1.));
#2061=DIRECTION('ref_axis',(-1.,0.,0.));
#2062=DIRECTION('center_axis',(0.,0.,1.));
#2063=DIRECTION('ref_axis',(0.707106781186549,-0.707106781186546,0.));
#2064=DIRECTION('',(0.,0.,-1.));
#2065=DIRECTION('center_axis',(0.,0.,1.));
#2066=DIRECTION('ref_axis',(0.707106781186549,-0.707106781186546,0.));
#2067=DIRECTION('center_axis',(0.,0.,1.));
#2068=DIRECTION('ref_axis',(0.707106781186548,0.707106781186547,0.));
#2069=DIRECTION('center_axis',(0.,0.,-1.));
#2070=DIRECTION('ref_axis',(0.707106781186548,0.707106781186547,0.));
#2071=DIRECTION('',(0.,0.,-1.));
#2072=DIRECTION('center_axis',(0.,0.,1.));
#2073=DIRECTION('ref_axis',(0.707106781186548,0.707106781186547,0.));
#2074=DIRECTION('',(0.,0.,1.));
#2075=DIRECTION('center_axis',(0.,1.,0.));
#2076=DIRECTION('ref_axis',(-1.,0.,0.));
#2077=DIRECTION('',(1.,0.,0.));
#2078=DIRECTION('',(0.,0.,-1.));
#2079=DIRECTION('',(-1.,0.,0.));
#2080=DIRECTION('center_axis',(0.,0.,-1.));
#2081=DIRECTION('ref_axis',(-1.,0.,0.));
#2082=DIRECTION('',(-1.,3.15544388309376E-30,0.));
#2083=DIRECTION('center_axis',(0.,0.,1.));
#2084=DIRECTION('ref_axis',(-0.707106781186548,0.707106781186547,0.));
#2085=DIRECTION('',(0.,1.,0.));
#2086=DIRECTION('',(0.,-1.,0.));
#2087=DIRECTION('center_axis',(0.,0.,-1.));
#2088=DIRECTION('ref_axis',(-1.,0.,0.));
#2089=DIRECTION('center_axis',(0.,0.,1.));
#2090=DIRECTION('ref_axis',(-0.707106781186548,0.707106781186547,0.));
#2091=DIRECTION('center_axis',(0.,0.,-1.));
#2092=DIRECTION('ref_axis',(-0.707106781186548,0.707106781186547,0.));
#2093=DIRECTION('center_axis',(0.,0.,1.));
#2094=DIRECTION('ref_axis',(0.707106781186548,0.707106781186547,0.));
#2095=DIRECTION('center_axis',(0.,0.,-1.));
#2096=DIRECTION('ref_axis',(0.707106781186548,0.707106781186547,0.));
#2097=DIRECTION('',(0.,0.,-1.));
#2098=DIRECTION('center_axis',(0.,0.,1.));
#2099=DIRECTION('ref_axis',(0.707106781186548,0.707106781186547,0.));
#2100=DIRECTION('',(0.,0.,1.));
#2101=DIRECTION('center_axis',(0.,1.,0.));
#2102=DIRECTION('ref_axis',(-1.,0.,0.));
#2103=DIRECTION('',(1.,0.,0.));
#2104=DIRECTION('',(0.,0.,-1.));
#2105=DIRECTION('',(-1.,0.,0.));
#2106=DIRECTION('center_axis',(0.,0.,-1.));
#2107=DIRECTION('ref_axis',(-1.,0.,0.));
#2108=DIRECTION('',(0.,-1.,0.));
#2109=DIRECTION('',(0.,-1.,-1.53056069949178E-16));
#2110=DIRECTION('',(0.,1.,0.));
#2111=DIRECTION('',(0.,1.,0.));
#2112=DIRECTION('center_axis',(0.,0.,1.));
#2113=DIRECTION('ref_axis',(-0.707106781186548,0.707106781186547,0.));
#2114=DIRECTION('center_axis',(0.,0.,-1.));
#2115=DIRECTION('ref_axis',(-1.,0.,0.));
#2116=DIRECTION('center_axis',(0.,0.,1.));
#2117=DIRECTION('ref_axis',(-0.707106781186548,0.707106781186547,0.));
#2118=DIRECTION('center_axis',(0.,0.,-1.));
#2119=DIRECTION('ref_axis',(-0.707106781186548,0.707106781186547,0.));
#2120=DIRECTION('',(0.,0.,1.));
#2121=DIRECTION('center_axis',(-1.,0.,0.));
#2122=DIRECTION('ref_axis',(0.,-1.,0.));
#2123=DIRECTION('',(0.,-1.,0.));
#2124=DIRECTION('center_axis',(0.,1.,1.53056069949178E-16));
#2125=DIRECTION('ref_axis',(-1.,0.,2.07429647145944E-36));
#2126=DIRECTION('',(0.,1.,1.53056069949178E-16));
#2127=DIRECTION('center_axis',(0.,0.,1.));
#2128=DIRECTION('ref_axis',(-1.,0.,0.));
#2129=DIRECTION('center_axis',(0.,0.,-1.));
#2130=DIRECTION('ref_axis',(-1.,0.,0.));
#2131=DIRECTION('',(0.,0.,-1.));
#2132=DIRECTION('center_axis',(1.,0.,0.));
#2133=DIRECTION('ref_axis',(0.,1.,0.));
#2134=DIRECTION('',(0.,1.,0.));
#2135=DIRECTION('center_axis',(0.,0.,-1.));
#2136=DIRECTION('ref_axis',(-1.,0.,0.));
#2137=DIRECTION('center_axis',(0.,0.,-1.));
#2138=DIRECTION('ref_axis',(2.7974123455122E-15,-1.,0.));
#2139=DIRECTION('center_axis',(-3.15544388309376E-30,-1.,6.93889390390714E-17));
#2140=DIRECTION('ref_axis',(3.2875787295304E-30,6.93889390390714E-17,1.));
#2141=DIRECTION('center_axis',(0.,-1.,0.));
#2142=DIRECTION('ref_axis',(1.,0.,0.));
#2143=DIRECTION('',(1.,0.,0.));
#2144=DIRECTION('center_axis',(0.,0.,1.));
#2145=DIRECTION('ref_axis',(-1.,0.,0.));
#2146=DIRECTION('',(0.,0.,-1.));
#2147=DIRECTION('center_axis',(0.,0.,-1.));
#2148=DIRECTION('ref_axis',(-1.,0.,0.));
#2149=DIRECTION('center_axis',(1.,0.,0.));
#2150=DIRECTION('ref_axis',(0.,1.,0.));
#2151=DIRECTION('',(0.,0.,-1.));
#2152=DIRECTION('center_axis',(0.,0.,1.));
#2153=DIRECTION('ref_axis',(-1.,0.,0.));
#2154=DIRECTION('',(0.,0.,-1.));
#2155=DIRECTION('center_axis',(0.,1.,0.));
#2156=DIRECTION('ref_axis',(0.965884579558976,0.,0.258972930960323));
#2157=DIRECTION('center_axis',(0.,1.,0.));
#2158=DIRECTION('ref_axis',(0.965884579558976,0.,0.258972930960323));
#2159=DIRECTION('center_axis',(0.,1.,0.));
#2160=DIRECTION('ref_axis',(0.965884579558976,0.,0.258972930960323));
#2161=DIRECTION('',(0.,1.,0.));
#2162=DIRECTION('center_axis',(0.,0.,-1.));
#2163=DIRECTION('ref_axis',(-1.,0.,0.));
#2164=DIRECTION('',(0.,1.,0.));
#2165=DIRECTION('center_axis',(-1.,0.,-1.40068892655743E-15));
#2166=DIRECTION('ref_axis',(1.40068892655743E-15,-3.49676543189027E-16,
-1.));
#2167=DIRECTION('',(-1.40068892655743E-15,0.,1.));
#2168=DIRECTION('',(0.,1.,0.));
#2169=DIRECTION('center_axis',(1.01439464119064E-8,0.,1.));
#2170=DIRECTION('ref_axis',(-1.,-1.14837123853706E-9,1.01439464119064E-8));
#2171=DIRECTION('',(-1.,-1.14837123853706E-9,1.01439464119064E-8));
#2172=DIRECTION('',(-1.,-1.14837123853706E-9,1.01439464119064E-8));
#2173=DIRECTION('',(-1.,-1.14837123853706E-9,1.01439464119064E-8));
#2174=DIRECTION('',(0.,-1.,0.));
#2175=DIRECTION('center_axis',(1.,0.,1.98275380131945E-18));
#2176=DIRECTION('ref_axis',(-1.98275380131945E-18,0.,1.));
#2177=DIRECTION('',(-1.98275380131945E-18,0.,1.));
#2178=DIRECTION('center_axis',(0.,-1.,0.));
#2179=DIRECTION('ref_axis',(0.,0.,1.));
#2180=DIRECTION('',(1.,0.,0.));
#2181=DIRECTION('',(-1.08468374467889E-30,0.,-1.));
#2182=DIRECTION('',(-1.08468374467889E-30,0.,-1.));
#2183=DIRECTION('',(-1.,0.,0.));
#2184=DIRECTION('',(0.,0.,-1.));
#2185=DIRECTION('',(1.,0.,-2.82238394492701E-17));
#2186=DIRECTION('',(0.,0.,1.));
#2187=DIRECTION('',(1.,0.,0.));
#2188=DIRECTION('center_axis',(1.11022302462515E-16,-1.,-1.91206324871543E-30));
#2189=DIRECTION('ref_axis',(-1.,-1.11022302462515E-16,1.08468374467889E-30));
#2190=DIRECTION('',(1.08468374467889E-30,-1.91206324871543E-30,1.));
#2191=DIRECTION('',(1.08468374467889E-30,-1.91206324871543E-30,1.));
#2192=DIRECTION('',(-1.,-1.11022302462515E-16,-5.55111512312577E-16));
#2193=DIRECTION('',(1.,1.11022302462515E-16,5.55111512312577E-16));
#2194=DIRECTION('',(-3.43124995488004E-30,-1.91206324871543E-30,1.));
#2195=DIRECTION('center_axis',(-1.11022302462515E-16,1.,1.91206324871543E-30));
#2196=DIRECTION('ref_axis',(0.965884579558976,0.,-0.258972930960323));
#2197=DIRECTION('center_axis',(0.,-1.,0.));
#2198=DIRECTION('ref_axis',(0.,0.,-1.));
#2199=DIRECTION('',(1.08468374467889E-30,0.,1.));
#2200=DIRECTION('center_axis',(0.,0.,-1.));
#2201=DIRECTION('ref_axis',(-1.,0.,0.));
#2202=DIRECTION('',(-1.,-1.11022302462515E-16,0.));
#2203=DIRECTION('',(0.,-1.,0.));
#2204=DIRECTION('center_axis',(0.,0.902147537798009,0.431427653315119));
#2205=DIRECTION('ref_axis',(0.,0.431427653315119,-0.902147537798009));
#2206=DIRECTION('',(-9.78544769551584E-31,0.431427653315119,-0.902147537798009));
#2207=DIRECTION('center_axis',(0.,-0.902147537798009,0.431427653315119));
#2208=DIRECTION('ref_axis',(0.,0.431427653315119,0.902147537798009));
#2209=DIRECTION('',(-9.78544769551584E-31,-0.431427653315119,-0.902147537798009));
#2210=DIRECTION('center_axis',(0.,0.,-1.));
#2211=DIRECTION('ref_axis',(-1.,0.,0.));
#2212=DIRECTION('',(1.,1.11022302462515E-16,0.));
#2213=DIRECTION('',(0.,1.,0.));
#2214=DIRECTION('center_axis',(-7.8504622934188E-17,0.707106781186547,-0.707106781186548));
#2215=DIRECTION('ref_axis',(-1.,0.,1.11022302462514E-16));
#2216=DIRECTION('',(7.6698723130526E-31,0.707106781186548,0.707106781186547));
#2217=DIRECTION('',(-1.,-1.11022302462515E-16,0.));
#2218=DIRECTION('center_axis',(-7.8504622934188E-17,0.707106781186547,0.707106781186548));
#2219=DIRECTION('ref_axis',(1.,0.,1.11022302462515E-16));
#2220=DIRECTION('',(1.,1.11022302462515E-16,0.));
#2221=DIRECTION('',(7.6698723130526E-31,-0.707106781186548,0.707106781186547));
#2222=DIRECTION('center_axis',(1.11022302462515E-16,-1.,-1.91206324871543E-30));
#2223=DIRECTION('ref_axis',(-1.,-1.11022302462515E-16,1.08468374467889E-30));
#2224=DIRECTION('',(-1.08468374467889E-30,-6.04439767417658E-31,-1.));
#2225=DIRECTION('center_axis',(-1.16105637772006E-15,1.,2.81535090043391E-16));
#2226=DIRECTION('ref_axis',(0.965884579558976,1.19435641867512E-15,-0.258972930960323));
#2227=DIRECTION('center_axis',(0.,-1.,0.));
#2228=DIRECTION('ref_axis',(0.965884579558976,0.,-0.258972930960323));
#2229=DIRECTION('',(0.,-1.,0.));
#2230=DIRECTION('center_axis',(-1.,0.,1.08468374467889E-30));
#2231=DIRECTION('ref_axis',(1.08468374467889E-30,-1.91206324871543E-30,
1.));
#2232=DIRECTION('',(0.,1.,0.));
#2233=DIRECTION('',(-1.08468374467889E-30,-6.04439767417658E-31,-1.));
#2234=DIRECTION('center_axis',(-1.,0.,1.08468374467889E-30));
#2235=DIRECTION('ref_axis',(1.08468374467889E-30,-1.91206324871543E-30,
1.));
#2236=DIRECTION('',(-1.08468374467889E-30,-6.04439767417658E-31,-1.));
#2237=DIRECTION('',(0.,1.,0.));
#2238=DIRECTION('center_axis',(2.82238394492701E-17,0.,1.));
#2239=DIRECTION('ref_axis',(0.,-1.,0.));
#2240=DIRECTION('',(-0.873528266335811,-0.486773425643135,2.46543215434612E-17));
#2241=DIRECTION('',(0.,-1.,0.));
#2242=DIRECTION('',(0.,1.,0.));
#2243=DIRECTION('',(0.873528266335811,0.486773425643135,-2.46543215434612E-17));
#2244=DIRECTION('center_axis',(0.,0.,1.));
#2245=DIRECTION('ref_axis',(1.,0.,0.));
#2246=DIRECTION('',(-0.873528266335811,-0.486773425643135,2.46543215434612E-17));
#2247=DIRECTION('',(0.873528266335811,0.486773425643135,-2.46543215434611E-17));
#2248=DIRECTION('',(0.,1.,-8.18789332150456E-15));
#2249=DIRECTION('',(0.,-1.,-1.3512210864991E-14));
#2250=DIRECTION('center_axis',(1.,0.,0.));
#2251=DIRECTION('ref_axis',(0.,1.,-8.18789332150456E-15));
#2252=DIRECTION('',(0.,0.,1.));
#2253=DIRECTION('center_axis',(-1.,0.,0.));
#2254=DIRECTION('ref_axis',(0.,-1.,-1.3512210864991E-14));
#2255=DIRECTION('',(0.,0.,1.));
#2256=DIRECTION('center_axis',(-0.486773425643135,0.873528266335811,0.));
#2257=DIRECTION('ref_axis',(-0.873528266335811,-0.486773425643135,2.46543215434612E-17));
#2258=DIRECTION('center_axis',(0.486773425643135,-0.873528266335811,0.));
#2259=DIRECTION('ref_axis',(0.873528266335811,0.486773425643135,-2.46543215434611E-17));
#2260=DIRECTION('center_axis',(1.,0.,0.));
#2261=DIRECTION('ref_axis',(0.,0.,-1.));
#2262=DIRECTION('',(0.,1.,0.));
#2263=DIRECTION('center_axis',(0.,0.,-1.));
#2264=DIRECTION('ref_axis',(-1.,0.,0.));
#2265=DIRECTION('center_axis',(0.,0.,1.));
#2266=DIRECTION('ref_axis',(-1.,0.,0.));
#2267=DIRECTION('center_axis',(0.,0.,-1.));
#2268=DIRECTION('ref_axis',(-1.,0.,0.));
#2269=DIRECTION('',(0.,0.,-1.));
#2270=DIRECTION('center_axis',(0.,0.,-1.));
#2271=DIRECTION('ref_axis',(-1.,0.,0.));
#2272=CARTESIAN_POINT('',(0.,0.,0.));
#2273=CARTESIAN_POINT('Origin',(103.391788227751,-19.2,-30.8999999656749));
#2274=CARTESIAN_POINT('',(113.575169669221,-18.7,-30.3999999656749));
#2275=CARTESIAN_POINT('',(113.575169669221,-19.7,-31.3999999656749));
#2276=CARTESIAN_POINT('',(113.575169669221,-21.6599148341391,-33.3599147998139));
#2277=CARTESIAN_POINT('',(99.208406786281,-19.7,-31.3999999656749));
#2278=CARTESIAN_POINT('',(103.391788227751,-19.7,-31.3999999656749));
#2279=CARTESIAN_POINT('',(99.208406786281,-18.7,-30.3999999656749));
#2280=CARTESIAN_POINT('',(99.208406786281,-14.3242144585785,-26.0242144242534));
#2281=CARTESIAN_POINT('',(103.391788227751,-18.7,-30.3999999656749));
#2282=CARTESIAN_POINT('Origin',(99.208406786281,-45.26825855111,14.6714007511212));
#2283=CARTESIAN_POINT('',(99.208406786281,-37.26825855111,-31.3999999656749));
#2284=CARTESIAN_POINT('',(99.208406786281,-41.26825855111,-31.3999999656749));
#2285=CARTESIAN_POINT('',(99.208406786281,-45.26825855111,-14.6714007511211));
#2286=CARTESIAN_POINT('',(99.208406786281,-50.9785349066431,-2.73078518161406));
#2287=CARTESIAN_POINT('',(99.208406786281,-45.26825855111,14.6714007511212));
#2288=CARTESIAN_POINT('',(99.208406786281,-45.2682571000838,7.33570037556065));
#2289=CARTESIAN_POINT('',(99.208406786281,-37.26825855111,31.3999999656749));
#2290=CARTESIAN_POINT('',(99.208406786281,-45.26825855111,14.6714007511212));
#2291=CARTESIAN_POINT('',(99.208406786281,-17.7,31.3999999999999));
#2292=CARTESIAN_POINT('',(99.208406786281,-31.984129275555,31.3999999999999));
#2293=CARTESIAN_POINT('',(99.208406786281,-18.7,30.3999999999999));
#2294=CARTESIAN_POINT('',(99.208406786281,-29.0242144499972,20.0757855500027));
#2295=CARTESIAN_POINT('',(99.208406786281,-18.7,10.9817538692901));
#2296=CARTESIAN_POINT('',(99.208406786281,-18.7,-8.3642996244394));
#2297=CARTESIAN_POINT('',(99.208406786281,-34.1871987644846,10.9817538692901));
#2298=CARTESIAN_POINT('',(99.208406786281,-41.26825855111,10.9817538692901));
#2299=CARTESIAN_POINT('',(99.208406786281,-37.2682571000838,7.90069553369091));
#2300=CARTESIAN_POINT('',(99.208406786281,-36.805316574583,8.36363605919173));
#2301=CARTESIAN_POINT('',(99.208406786281,-37.2682571000838,-7.90069553369091));
#2302=CARTESIAN_POINT('',(99.208406786281,-37.2682571000838,7.33570037556065));
#2303=CARTESIAN_POINT('',(99.208406786281,-34.1871987644846,-10.9817538692901));
#2304=CARTESIAN_POINT('',(99.208406786281,-44.1410169501436,-1.02793568363112));
#2305=CARTESIAN_POINT('',(99.208406786281,-18.7,-10.9817538692901));
#2306=CARTESIAN_POINT('',(99.208406786281,-41.26825855111,-10.9817538692901));
#2307=CARTESIAN_POINT('',(99.208406786281,-18.7000000804088,-25.3999992897222));
#2308=CARTESIAN_POINT('',(99.208406786281,-18.7,-8.3642996244394));
#2309=CARTESIAN_POINT('',(99.208406786281,-18.7,7.33570037556065));
#2310=CARTESIAN_POINT('Origin',(100.391788227751,-37.26825855111,-31.3999999656749));
#2311=CARTESIAN_POINT('',(113.575169669221,-37.26825855111,-31.3999999656749));
#2312=CARTESIAN_POINT('',(113.575169669221,-41.26825855111,-31.3999999656749));
#2313=CARTESIAN_POINT('',(103.391788227751,-37.26825855111,-31.3999999656749));
#2314=CARTESIAN_POINT('Origin',(169.228273488917,-18.2,30.8999999999999));
#2315=CARTESIAN_POINT('',(73.1875410750594,-17.7,31.3999999999999));
#2316=CARTESIAN_POINT('',(73.1875410750594,-18.7,30.3999999999999));
#2317=CARTESIAN_POINT('',(73.1875410750594,-21.375,27.7249999999999));
#2318=CARTESIAN_POINT('',(169.228273488917,-18.7,30.3999999999999));
#2319=CARTESIAN_POINT('',(169.228273488917,-17.7,31.3999999999999));
#2320=CARTESIAN_POINT('Origin',(73.1875410750594,0.,-3.5527136788005E-14));
#2321=CARTESIAN_POINT('',(73.1875410750594,17.7,31.3999999999999));
#2322=CARTESIAN_POINT('',(73.1875410750594,-9.35,31.3999999999999));
#2323=CARTESIAN_POINT('',(73.1875410750594,18.7,30.3999999999999));
#2324=CARTESIAN_POINT('',(73.1875410750594,21.375,27.7249999999999));
#2325=CARTESIAN_POINT('',(73.1875410750594,18.7,4.));
#2326=CARTESIAN_POINT('',(73.1875410750594,18.7,8.58124349356615E-9));
#2327=CARTESIAN_POINT('',(73.1875410750594,23.2,4.));
#2328=CARTESIAN_POINT('',(73.1875410750594,18.7,4.));
#2329=CARTESIAN_POINT('',(73.1875410750594,23.2,0.));
#2330=CARTESIAN_POINT('',(73.1875410750594,23.2,-1.77635683940025E-14));
#2331=CARTESIAN_POINT('',(73.1875392208605,7.33012701892223,0.));
#2332=CARTESIAN_POINT('',(73.1875410750594,18.7,0.));
#2333=CARTESIAN_POINT('',(73.1875392208605,7.33012701892225,4.23205080756884));
#2334=CARTESIAN_POINT('',(73.1875392208605,7.33012701892223,18.938));
#2335=CARTESIAN_POINT('',(73.1875392208605,5.08883890891975E-14,8.46410161513771));
#2336=CARTESIAN_POINT('',(73.1875392208605,-5.63862766160846,11.7195648134274));
#2337=CARTESIAN_POINT('',(73.1875392208605,-7.33012701892214,4.23205080756884));
#2338=CARTESIAN_POINT('',(73.1875392208605,4.51456617106962,11.0705876092791));
#2339=CARTESIAN_POINT('',(73.1875392208605,-7.33012701892214,0.));
#2340=CARTESIAN_POINT('',(73.1875392208605,-7.33012701892213,21.438));
#2341=CARTESIAN_POINT('',(73.1875392208605,-23.2,0.));
#2342=CARTESIAN_POINT('',(73.1875392208605,-4.3855,0.));
#2343=CARTESIAN_POINT('',(73.1875410750594,-23.2,4.));
#2344=CARTESIAN_POINT('',(73.1875410750594,-23.2,-1.77635683940025E-14));
#2345=CARTESIAN_POINT('',(73.1875410750594,-18.7,4.));
#2346=CARTESIAN_POINT('',(73.1875410750594,-31.2,4.));
#2347=CARTESIAN_POINT('',(73.1875410750594,-18.7,-15.7));
#2348=CARTESIAN_POINT('Origin',(169.228273488917,-18.7,31.3999999999999));
#2349=CARTESIAN_POINT('',(113.575169669221,-37.26825855111,31.3999999656749));
#2350=CARTESIAN_POINT('',(103.391788227751,-37.26825855111,31.3999999656749));
#2351=CARTESIAN_POINT('',(113.575169669221,-17.7,31.3999999999999));
#2352=CARTESIAN_POINT('',(113.575169669221,-31.984129275555,31.3999999999999));
#2353=CARTESIAN_POINT('',(169.228273488917,-17.7,31.3999999999999));
#2354=CARTESIAN_POINT('',(169.228273488917,-17.7,31.3999999999999));
#2355=CARTESIAN_POINT('',(169.228273488917,17.7,31.3999999999999));
#2356=CARTESIAN_POINT('',(169.228273488917,-18.7,31.3999999999999));
#2357=CARTESIAN_POINT('',(169.228273488917,17.7,31.3999999999999));
#2358=CARTESIAN_POINT('',(79.1875410750594,12.7,31.3999999999999));
#2359=CARTESIAN_POINT('',(115.849405328163,12.7,31.3999999999999));
#2360=CARTESIAN_POINT('',(124.207907281988,12.7,31.3999999999999));
#2361=CARTESIAN_POINT('',(118.207907281988,10.3414980461748,31.3999999999999));
#2362=CARTESIAN_POINT('',(137.633747856808,-9.0843425286448,31.3999999999999));
#2363=CARTESIAN_POINT('',(118.207907281988,-10.3414980461748,31.3999999999999));
#2364=CARTESIAN_POINT('',(118.207907281988,-3.,31.3999999999999));
#2365=CARTESIAN_POINT('',(115.849405328163,-12.7,31.3999999999999));
#2366=CARTESIAN_POINT('',(128.283747856808,-0.265657471355185,31.3999999999999));
#2367=CARTESIAN_POINT('',(79.1875410750594,-12.7,31.3999999999999));
#2368=CARTESIAN_POINT('',(143.718090385453,-12.7,31.3999999999999));
#2369=CARTESIAN_POINT('',(79.1875410750594,-15.7,31.3999999999999));
#2370=CARTESIAN_POINT('',(163.228273488917,-12.7,31.3999999999999));
#2371=CARTESIAN_POINT('',(126.566409235814,-12.7,31.3999999999999));
#2372=CARTESIAN_POINT('',(166.228273488917,-12.7,31.3999999999999));
#2373=CARTESIAN_POINT('',(124.207907281988,-10.3414980461748,31.3999999999999));
#2374=CARTESIAN_POINT('',(138.142249810633,-24.2758405748197,31.3999999999999));
#2375=CARTESIAN_POINT('',(124.207907281988,10.3414980461748,31.3999999999999));
#2376=CARTESIAN_POINT('',(124.207907281988,-15.7,31.3999999999999));
#2377=CARTESIAN_POINT('',(126.566409235814,12.7,31.3999999999999));
#2378=CARTESIAN_POINT('',(128.792249810633,14.9258405748197,31.3999999999999));
#2379=CARTESIAN_POINT('',(163.228273488917,12.7,31.3999999999999));
#2380=CARTESIAN_POINT('',(146.718090385453,12.7,31.3999999999999));
#2381=CARTESIAN_POINT('',(163.228273488917,-3.,31.3999999999999));
#2382=CARTESIAN_POINT('Origin',(169.228273488917,-18.2,30.8999999999999));
#2383=CARTESIAN_POINT('',(169.228273488917,-18.7,30.3999999999999));
#2384=CARTESIAN_POINT('',(169.228273488917,-21.375,27.7249999999999));
#2385=CARTESIAN_POINT('',(113.575169669221,-18.7,30.3999999999999));
#2386=CARTESIAN_POINT('',(113.575169669221,-36.3599148255578,12.7400851744422));
#2387=CARTESIAN_POINT('',(169.228273488917,-18.7,30.3999999999999));
#2388=CARTESIAN_POINT('Origin',(169.228273488917,0.,-3.5527136788005E-14));
#2389=CARTESIAN_POINT('',(169.228273488917,-18.7,4.));
#2390=CARTESIAN_POINT('',(169.228273488917,-18.7,-31.4));
#2391=CARTESIAN_POINT('',(169.228273488917,-23.2,4.));
#2392=CARTESIAN_POINT('',(169.228273488917,-31.2,4.));
#2393=CARTESIAN_POINT('',(169.228273488917,-23.2,0.));
#2394=CARTESIAN_POINT('',(169.228273488917,-23.2,-1.77635683940025E-14));
#2395=CARTESIAN_POINT('',(169.228273488917,-12.7,0.));
#2396=CARTESIAN_POINT('',(169.228273488917,-5.55111512312578E-16,0.));
#2397=CARTESIAN_POINT('',(169.228273488917,-12.7,25.3999999999999));
#2398=CARTESIAN_POINT('',(169.228273488917,-12.7,25.3999999999999));
#2399=CARTESIAN_POINT('',(169.228273488917,12.7,25.3999999999999));
#2400=CARTESIAN_POINT('',(169.228273488917,12.7,25.3999999999999));
#2401=CARTESIAN_POINT('',(169.228273488917,12.7,0.));
#2402=CARTESIAN_POINT('',(169.228273488917,12.7,-25.4));
#2403=CARTESIAN_POINT('',(169.228273488917,18.7,0.));
#2404=CARTESIAN_POINT('',(169.228273488917,-5.55111512312578E-16,0.));
#2405=CARTESIAN_POINT('',(169.228273488917,18.7,30.3999999999999));
#2406=CARTESIAN_POINT('',(169.228273488917,18.7,8.58124349356615E-9));
#2407=CARTESIAN_POINT('',(169.228273488917,21.375,27.7249999999999));
#2408=CARTESIAN_POINT('Origin',(169.228273488917,18.2,30.8999999999999));
#2409=CARTESIAN_POINT('',(169.228273488917,18.7,30.3999999999999));
#2410=CARTESIAN_POINT('Origin',(169.228273488917,18.7,31.3999999999999));
#2411=CARTESIAN_POINT('',(163.314355714608,18.7,-2.33514178187573E-14));
#2412=CARTESIAN_POINT('',(121.207906818439,18.7,0.));
#2413=CARTESIAN_POINT('',(158.118062587283,18.7,-2.3368765053517E-14));
#2414=CARTESIAN_POINT('Origin',(160.716209150946,18.7,-0.0981551513237485));
#2415=CARTESIAN_POINT('',(154.231483687392,18.7,0.));
#2416=CARTESIAN_POINT('',(121.207906818439,18.7,0.));
#2417=CARTESIAN_POINT('',(154.231483687392,18.7,4.));
#2418=CARTESIAN_POINT('',(154.231483687392,18.7,8.58124349356615E-9));
#2419=CARTESIAN_POINT('',(137.914731053345,18.7,4.));
#2420=CARTESIAN_POINT('',(170.083290010283,18.7,4.));
#2421=CARTESIAN_POINT('',(137.914731053345,18.7,0.));
#2422=CARTESIAN_POINT('',(137.914731053345,18.7,15.7));
#2423=CARTESIAN_POINT('',(118.213513505397,18.7,-2.77555756155918E-17));
#2424=CARTESIAN_POINT('',(121.207906818439,18.7,0.));
#2425=CARTESIAN_POINT('',(94.5700629501052,18.7,-2.77555756155918E-17));
#2426=CARTESIAN_POINT('Origin',(106.391788227751,18.7,-6.22280005302399E-14));
#2427=CARTESIAN_POINT('',(89.5042937091064,18.7,0.));
#2428=CARTESIAN_POINT('',(121.207906818439,18.7,0.));
#2429=CARTESIAN_POINT('',(89.5042937091064,18.7,4.));
#2430=CARTESIAN_POINT('',(89.5042937091064,18.7,15.7));
#2431=CARTESIAN_POINT('',(145.218089921903,18.7,4.));
#2432=CARTESIAN_POINT('Origin',(125.387158258901,11.5207490230874,2.99999999999995));
#2433=CARTESIAN_POINT('',(124.207907281988,10.3414980461748,25.3999999999999));
#2434=CARTESIAN_POINT('',(126.566409235814,12.7,25.3999999999999));
#2435=CARTESIAN_POINT('',(136.642249810633,22.7758405748197,25.3999999999999));
#2436=CARTESIAN_POINT('',(126.566409235814,12.7,2.99999999999995));
#2437=CARTESIAN_POINT('',(124.207907281988,10.3414980461748,2.99999999999995));
#2438=CARTESIAN_POINT('Origin',(169.228273488917,12.7,-25.4));
#2439=CARTESIAN_POINT('',(115.849405328163,12.7,25.3999999999999));
#2440=CARTESIAN_POINT('',(169.228273488917,12.7,25.3999999999999));
#2441=CARTESIAN_POINT('',(115.849405328163,12.7,2.99999999999995));
#2442=CARTESIAN_POINT('',(79.1875410750594,12.7,0.));
#2443=CARTESIAN_POINT('',(79.1875410750594,12.7,31.3999999999999));
#2444=CARTESIAN_POINT('',(94.5700629501052,12.7,-2.77555756155918E-17));
#2445=CARTESIAN_POINT('',(100.197724178524,12.7,0.));
#2446=CARTESIAN_POINT('',(118.213513505397,12.7,-2.77555756155918E-17));
#2447=CARTESIAN_POINT('Origin',(106.391788227751,12.7,-6.22280005302399E-14));
#2448=CARTESIAN_POINT('',(158.118062587283,12.7,-2.33595579248508E-14));
#2449=CARTESIAN_POINT('',(145.218090385453,12.7,0.));
#2450=CARTESIAN_POINT('',(163.314355714608,12.7,-2.32294536641526E-14));
#2451=CARTESIAN_POINT('Origin',(160.716209150946,12.7,-0.0981551513237494));
#2452=CARTESIAN_POINT('',(145.218090385453,12.7,0.));
#2453=CARTESIAN_POINT('',(163.228273488917,12.7,25.3999999999999));
#2454=CARTESIAN_POINT('',(169.228273488917,12.7,25.3999999999999));
#2455=CARTESIAN_POINT('',(163.228273488917,12.7,31.3999999999999));
#2456=CARTESIAN_POINT('Origin',(125.387158258901,-11.5207490230874,28.3999999999999));
#2457=CARTESIAN_POINT('',(126.566409235814,-12.7,25.3999999999999));
#2458=CARTESIAN_POINT('',(124.207907281988,-10.3414980461748,25.3999999999999));
#2459=CARTESIAN_POINT('',(130.292249810633,-16.4258405748196,25.3999999999999));
#2460=CARTESIAN_POINT('',(124.207907281988,-10.3414980461748,28.3999999999999));
#2461=CARTESIAN_POINT('',(126.566409235814,-12.7,28.3999999999999));
#2462=CARTESIAN_POINT('Origin',(124.207907281988,-12.7,31.3999999999999));
#2463=CARTESIAN_POINT('',(124.207907281988,0.,25.3999999999999));
#2464=CARTESIAN_POINT('Origin',(117.028656305076,-11.5207490230874,28.3999999999999));
#2465=CARTESIAN_POINT('',(118.207907281988,-10.3414980461748,25.3999999999999));
#2466=CARTESIAN_POINT('',(115.849405328163,-12.7,25.3999999999999));
#2467=CARTESIAN_POINT('',(136.133747856808,7.58434252864484,25.3999999999999));
#2468=CARTESIAN_POINT('',(115.849405328163,-12.7,28.3999999999999));
#2469=CARTESIAN_POINT('',(118.207907281988,-10.3414980461748,28.3999999999999));
#2470=CARTESIAN_POINT('Origin',(169.228273488917,-12.7,25.3999999999999));
#2471=CARTESIAN_POINT('',(163.228273488917,-12.7,25.3999999999999));
#2472=CARTESIAN_POINT('',(163.228273488917,-12.7,31.3999999999999));
#2473=CARTESIAN_POINT('',(169.228273488917,-12.7,25.3999999999999));
#2474=CARTESIAN_POINT('',(152.91152667411,-12.7,-1.61760458861124E-17));
#2475=CARTESIAN_POINT('',(145.218090385453,-12.7,0.));
#2476=CARTESIAN_POINT('',(152.91152667411,-12.7000000187377,-25.3999998344837));
#2477=CARTESIAN_POINT('',(152.91152667411,-12.7,-6.34999999999995));
#2478=CARTESIAN_POINT('',(89.5042937091064,-12.7000000915527,-25.3999991912842));
#2479=CARTESIAN_POINT('',(89.5042937091064,-12.7000000915527,-25.3999991912842));
#2480=CARTESIAN_POINT('',(89.5042937091064,-12.7000000915527,-3.92936467405387E-31));
#2481=CARTESIAN_POINT('',(89.5042937091064,-12.7000000915527,-1.58073023964735E-16));
#2482=CARTESIAN_POINT('',(79.1875410750594,-12.7,0.));
#2483=CARTESIAN_POINT('',(119.707907281988,-12.7,0.));
#2484=CARTESIAN_POINT('',(79.1875410750594,-12.7,31.3999999999999));
#2485=CARTESIAN_POINT('',(169.228273488917,-12.7,25.3999999999999));
#2486=CARTESIAN_POINT('',(96.9149056904164,-12.7,-2.5409413288086));
#2487=CARTESIAN_POINT('Origin',(106.391788227751,-12.7,-6.22280005302399E-14));
#2488=CARTESIAN_POINT('Origin',(117.028656305076,11.5207490230874,2.99999999999995));
#2489=CARTESIAN_POINT('',(118.207907281988,10.3414980461748,25.3999999999999));
#2490=CARTESIAN_POINT('',(129.783747856808,-1.23434252864482,25.3999999999999));
#2491=CARTESIAN_POINT('',(118.207907281988,10.3414980461748,2.99999999999995));
#2492=CARTESIAN_POINT('Origin',(118.207907281988,12.7,31.3999999999999));
#2493=CARTESIAN_POINT('',(118.207907281988,12.7,25.3999999999999));
#2494=CARTESIAN_POINT('Origin',(79.1875410750594,-12.7,31.3999999999999));
#2495=CARTESIAN_POINT('',(79.1875410750594,7.33012701892223,0.));
#2496=CARTESIAN_POINT('',(79.1875410750594,-6.35,0.));
#2497=CARTESIAN_POINT('',(79.1875410750594,-7.33012701892214,0.));
#2498=CARTESIAN_POINT('',(79.1875410750594,-6.35,0.));
#2499=CARTESIAN_POINT('',(79.1875410750594,-7.33012701892214,4.23205080756884));
#2500=CARTESIAN_POINT('',(79.1875410750594,-7.33012701892214,16.9499999999999));
#2501=CARTESIAN_POINT('',(79.1875410750594,5.08883890891975E-14,8.46410161513771));
#2502=CARTESIAN_POINT('',(79.1875410750594,-0.546732335022683,8.14844555433766));
#2503=CARTESIAN_POINT('',(79.1875410750594,7.33012701892225,4.23205080756884));
#2504=CARTESIAN_POINT('',(79.1875410750594,-6.81320415551616,12.3977068683689));
#2505=CARTESIAN_POINT('',(79.1875410750594,7.33012701892223,14.4499999999999));
#2506=CARTESIAN_POINT('Origin',(163.228273488917,12.7,31.3999999999999));
#2507=CARTESIAN_POINT('',(163.228273488917,12.7,25.3999999999999));
#2508=CARTESIAN_POINT('Origin',(120.543724611242,5.83012701892224,5.09807621135327));
#2509=CARTESIAN_POINT('',(103.533672033911,5.08883890891974E-14,8.46410161513771));
#2510=CARTESIAN_POINT('',(103.533672033911,7.33012701892225,4.23205080756884));
#2511=CARTESIAN_POINT('Origin',(120.543724611242,-1.49999999999995,7.59807621135327));
#2512=CARTESIAN_POINT('',(120.543724611242,-7.33012701892214,4.23205080756884));
#2513=CARTESIAN_POINT('Origin',(120.543724611242,-7.33012701892214,2.49999999999995));
#2514=CARTESIAN_POINT('',(117.813881916051,-7.33012701892214,0.));
#2515=CARTESIAN_POINT('Origin',(121.207907281988,-1.11022302462516E-15,
0.));
#2516=CARTESIAN_POINT('',(89.5042937091064,-18.7,0.));
#2517=CARTESIAN_POINT('',(89.5042937091064,-6.35000004577637,0.));
#2518=CARTESIAN_POINT('',(89.5042937091064,-23.2,0.));
#2519=CARTESIAN_POINT('',(89.5042937091064,-31.2,0.));
#2520=CARTESIAN_POINT('',(81.5042937091064,-31.2,0.));
#2521=CARTESIAN_POINT('Origin',(81.5042937091064,-23.2,0.));
#2522=CARTESIAN_POINT('',(81.1875410750594,-31.2,0.));
#2523=CARTESIAN_POINT('',(73.1875410750594,-31.2,0.));
#2524=CARTESIAN_POINT('Origin',(81.1875410750594,-23.2,0.));
#2525=CARTESIAN_POINT('',(83.3459173920829,-24.95,0.));
#2526=CARTESIAN_POINT('Origin',(81.3459173920829,-24.95,0.));
#2527=CARTESIAN_POINT('Origin',(169.228273488917,12.7,25.3999999999999));
#2528=CARTESIAN_POINT('Origin',(81.1875410750594,-23.2,-1.77635683940025E-14));
#2529=CARTESIAN_POINT('',(81.1875410750594,-31.2,4.));
#2530=CARTESIAN_POINT('Origin',(81.1875410750594,-23.2,4.));
#2531=CARTESIAN_POINT('',(81.1875410750594,-31.2,-1.77635683940025E-14));
#2532=CARTESIAN_POINT('Origin',(121.207906354889,-30.6349364905389,4.));
#2533=CARTESIAN_POINT('',(81.5042937091064,-31.2,4.));
#2534=CARTESIAN_POINT('',(73.1875410750594,-31.2,4.));
#2535=CARTESIAN_POINT('',(89.5042937091064,-23.2,4.));
#2536=CARTESIAN_POINT('Origin',(81.5042937091064,-23.2,4.));
#2537=CARTESIAN_POINT('',(89.5042937091064,-18.7,4.));
#2538=CARTESIAN_POINT('',(89.5042937091064,-31.2,4.));
#2539=CARTESIAN_POINT('',(145.218089921903,-18.7,4.));
#2540=CARTESIAN_POINT('',(83.3459173920829,-24.95,4.));
#2541=CARTESIAN_POINT('Origin',(81.3459173920829,-24.95,4.));
#2542=CARTESIAN_POINT('Origin',(73.1875410750594,-31.2,0.));
#2543=CARTESIAN_POINT('',(81.5042937091064,-31.2,0.));
#2544=CARTESIAN_POINT('Origin',(81.5042937091064,-23.2,0.));
#2545=CARTESIAN_POINT('',(89.5042937091064,-23.2,0.));
#2546=CARTESIAN_POINT('Origin',(160.91152085487,-23.2,0.));
#2547=CARTESIAN_POINT('',(160.91152085487,-31.2,4.));
#2548=CARTESIAN_POINT('',(152.91152085487,-23.2,4.));
#2549=CARTESIAN_POINT('Origin',(160.91152085487,-23.2,4.));
#2550=CARTESIAN_POINT('',(152.91152085487,-23.2,0.));
#2551=CARTESIAN_POINT('',(152.91152085487,-23.2,0.));
#2552=CARTESIAN_POINT('',(160.91152085487,-31.2,0.));
#2553=CARTESIAN_POINT('Origin',(160.91152085487,-23.2,0.));
#2554=CARTESIAN_POINT('',(160.91152085487,-31.2,0.));
#2555=CARTESIAN_POINT('Origin',(152.91152085487,-18.7,0.));
#2556=CARTESIAN_POINT('',(152.91152085487,-18.7,4.));
#2557=CARTESIAN_POINT('',(152.91152085487,-31.2,4.));
#2558=CARTESIAN_POINT('',(152.91152085487,-18.7,0.));
#2559=CARTESIAN_POINT('',(152.91152085487,-18.7,-15.7));
#2560=CARTESIAN_POINT('',(152.91152085487,-31.2,0.));
#2561=CARTESIAN_POINT('Origin',(200.9318861347,-30.6349364905389,4.));
#2562=CARTESIAN_POINT('',(161.228273488917,-31.2,4.));
#2563=CARTESIAN_POINT('',(152.91152085487,-31.2,4.));
#2564=CARTESIAN_POINT('Origin',(161.228273488917,-23.2,4.));
#2565=CARTESIAN_POINT('',(185.080079811809,-18.7,4.));
#2566=CARTESIAN_POINT('',(163.069897171894,-24.95,4.));
#2567=CARTESIAN_POINT('Origin',(161.069897171894,-24.95,4.));
#2568=CARTESIAN_POINT('Origin',(161.228273488917,-23.2,-1.77635683940025E-14));
#2569=CARTESIAN_POINT('',(161.228273488917,-31.2,0.));
#2570=CARTESIAN_POINT('',(161.228273488917,-31.2,-1.77635683940025E-14));
#2571=CARTESIAN_POINT('Origin',(161.228273488917,-23.2,0.));
#2572=CARTESIAN_POINT('Origin',(81.5042937091064,23.2,0.));
#2573=CARTESIAN_POINT('',(81.5042937091064,31.2,4.));
#2574=CARTESIAN_POINT('',(89.5042937091064,23.2,4.));
#2575=CARTESIAN_POINT('Origin',(81.5042937091064,23.2,4.));
#2576=CARTESIAN_POINT('',(89.5042937091064,23.2,0.));
#2577=CARTESIAN_POINT('',(89.5042937091064,23.2,0.));
#2578=CARTESIAN_POINT('',(81.5042937091064,31.2,0.));
#2579=CARTESIAN_POINT('Origin',(81.5042937091064,23.2,0.));
#2580=CARTESIAN_POINT('',(81.5042937091064,31.2,0.));
#2581=CARTESIAN_POINT('Origin',(89.5042937091064,31.2,0.));
#2582=CARTESIAN_POINT('',(81.1875410750594,31.2,0.));
#2583=CARTESIAN_POINT('',(73.1875410750594,31.2,0.));
#2584=CARTESIAN_POINT('',(81.1875410750594,31.2,4.));
#2585=CARTESIAN_POINT('',(81.1875410750594,31.2,-1.77635683940025E-14));
#2586=CARTESIAN_POINT('',(73.1875410750594,31.2,4.));
#2587=CARTESIAN_POINT('Origin',(121.207907281988,-1.11022302462516E-15,
0.));
#2588=CARTESIAN_POINT('',(117.813881916051,7.33012701892223,0.));
#2589=CARTESIAN_POINT('Origin',(81.1875410750594,23.2,0.));
#2590=CARTESIAN_POINT('',(89.5042937091064,18.7,0.));
#2591=CARTESIAN_POINT('',(94.5700629501052,-37.26825855111,0.));
#2592=CARTESIAN_POINT('',(83.3459173920829,24.95,0.));
#2593=CARTESIAN_POINT('Origin',(81.3459173920829,24.95,0.));
#2594=CARTESIAN_POINT('Origin',(81.1875410750594,23.2,-1.77635683940025E-14));
#2595=CARTESIAN_POINT('Origin',(81.1875410750594,23.2,4.));
#2596=CARTESIAN_POINT('Origin',(146.231483687392,23.2,-1.77635683940025E-14));
#2597=CARTESIAN_POINT('',(146.231483687392,31.2,4.));
#2598=CARTESIAN_POINT('',(154.231483687392,23.2,4.));
#2599=CARTESIAN_POINT('Origin',(146.231483687392,23.2,4.));
#2600=CARTESIAN_POINT('',(154.231483687392,23.2,0.));
#2601=CARTESIAN_POINT('',(154.231483687392,23.2,-1.77635683940025E-14));
#2602=CARTESIAN_POINT('',(146.231483687392,31.2,0.));
#2603=CARTESIAN_POINT('Origin',(146.231483687392,23.2,0.));
#2604=CARTESIAN_POINT('',(146.231483687392,31.2,-1.77635683940025E-14));
#2605=CARTESIAN_POINT('Origin',(154.231483687392,31.2,0.));
#2606=CARTESIAN_POINT('',(145.914731053345,31.2,0.));
#2607=CARTESIAN_POINT('',(137.914731053345,31.2,0.));
#2608=CARTESIAN_POINT('',(145.914731053345,31.2,4.));
#2609=CARTESIAN_POINT('',(145.914731053345,31.2,0.));
#2610=CARTESIAN_POINT('',(137.914731053345,31.2,4.));
#2611=CARTESIAN_POINT('Origin',(106.211117480463,-1.11022302462516E-15,
0.));
#2612=CARTESIAN_POINT('',(154.231483687392,-5.55111512312578E-16,0.));
#2613=CARTESIAN_POINT('',(158.118062587284,3.6525565396065,0.));
#2614=CARTESIAN_POINT('',(118.213513505397,-37.26825855111,0.));
#2615=CARTESIAN_POINT('',(137.914731053345,23.2,0.));
#2616=CARTESIAN_POINT('',(137.914731053345,18.7,0.));
#2617=CARTESIAN_POINT('Origin',(145.914731053345,23.2,0.));
#2618=CARTESIAN_POINT('',(148.073107370368,24.95,0.));
#2619=CARTESIAN_POINT('Origin',(146.073107370368,24.95,0.));
#2620=CARTESIAN_POINT('Origin',(145.914731053345,23.2,0.));
#2621=CARTESIAN_POINT('',(137.914731053345,23.2,4.));
#2622=CARTESIAN_POINT('Origin',(145.914731053345,23.2,4.));
#2623=CARTESIAN_POINT('',(137.914731053345,23.2,0.));
#2624=CARTESIAN_POINT('Origin',(137.914731053345,31.2,0.));
#2625=CARTESIAN_POINT('',(137.914731053345,18.7,4.));
#2626=CARTESIAN_POINT('Origin',(160.716209150946,3.6525565396065,-0.0981551513237508));
#2627=CARTESIAN_POINT('',(163.314355714608,3.6525565396065,0.));
#2628=CARTESIAN_POINT('Origin',(81.3459173920829,24.95,0.));
#2629=CARTESIAN_POINT('',(83.3459173920829,24.95,4.));
#2630=CARTESIAN_POINT('Origin',(81.3459173920829,24.95,4.));
#2631=CARTESIAN_POINT('',(83.3459173920829,24.95,0.));
#2632=CARTESIAN_POINT('Origin',(89.5042937091064,18.7,0.));
#2633=CARTESIAN_POINT('',(89.5042937091064,18.7,4.));
#2634=CARTESIAN_POINT('Origin',(121.207906354889,19.2650635094611,4.));
#2635=CARTESIAN_POINT('Origin',(169.228273488917,12.7,25.3999999999999));
#2636=CARTESIAN_POINT('Origin',(120.543724611242,7.33012701892223,-2.50000000000004));
#2637=CARTESIAN_POINT('Origin',(152.91152085487,-31.2,0.));
#2638=CARTESIAN_POINT('',(152.91152085487,-31.2,0.));
#2639=CARTESIAN_POINT('Origin',(161.069897171894,-24.95,0.));
#2640=CARTESIAN_POINT('',(163.069897171894,-24.95,0.));
#2641=CARTESIAN_POINT('',(163.069897171894,-24.95,0.));
#2642=CARTESIAN_POINT('Origin',(161.069897171894,-24.95,0.));
#2643=CARTESIAN_POINT('Origin',(89.5042937091064,-31.2,0.));
#2644=CARTESIAN_POINT('',(89.5042937091064,-18.7,-15.7));
#2645=CARTESIAN_POINT('Origin',(81.3459173920829,-24.95,0.));
#2646=CARTESIAN_POINT('',(83.3459173920829,-24.95,0.));
#2647=CARTESIAN_POINT('Origin',(106.391788227751,-37.26825855111,-6.22280005302399E-14));
#2648=CARTESIAN_POINT('Origin',(106.391788227751,-37.26825855111,-6.22280005302399E-14));
#2649=CARTESIAN_POINT('',(96.9149056904164,-18.7,-2.5409413288086));
#2650=CARTESIAN_POINT('Origin',(106.391788227751,-18.7,-6.22280005302399E-14));
#2651=CARTESIAN_POINT('',(96.9149056904164,-37.26825855111,-2.5409413288086));
#2652=CARTESIAN_POINT('Origin',(121.207907281988,-1.11022302462516E-15,
0.));
#2653=CARTESIAN_POINT('',(152.91152667411,-6.35,0.));
#2654=CARTESIAN_POINT('Origin',(152.91152667411,-12.7,-2.28546865809418E-14));
#2655=CARTESIAN_POINT('',(152.91152667411,-18.7000000187377,-25.3999998344837));
#2656=CARTESIAN_POINT('',(152.91152667411,-18.7,-6.34999999999995));
#2657=CARTESIAN_POINT('',(152.91152667411,-12.7,-25.3999998344837));
#2658=CARTESIAN_POINT('Origin',(169.228273488917,-12.7,-25.3999999999999));
#2659=CARTESIAN_POINT('',(113.575169669221,-18.7000000639104,-25.3999994354578));
#2660=CARTESIAN_POINT('',(89.5042937091064,-18.7000000915527,-25.3999991912842));
#2661=CARTESIAN_POINT('',(89.5042937091064,-18.7000000915527,-25.3999991912842));
#2662=CARTESIAN_POINT('',(89.5042937091064,-18.7000000915527,-25.3999991912842));
#2663=CARTESIAN_POINT('',(89.5042937091064,-18.7000000915527,-25.3999991912842));
#2664=CARTESIAN_POINT('',(89.5042937091064,-12.7000000915527,-25.3999991912842));
#2665=CARTESIAN_POINT('Origin',(89.5042937091064,-12.7000000915527,-25.3999991912842));
#2666=CARTESIAN_POINT('',(89.5042937091064,-18.7000000915527,-1.58073023964735E-16));
#2667=CARTESIAN_POINT('Origin',(169.228273488917,-18.7,-31.4));
#2668=CARTESIAN_POINT('',(113.575169669221,-18.7,-10.9817538692901));
#2669=CARTESIAN_POINT('',(140.810030858334,-18.7,-10.9817538692901));
#2670=CARTESIAN_POINT('',(113.575169669221,-18.7,-23.0357003755606));
#2671=CARTESIAN_POINT('',(113.575169669221,-18.7,10.9817538692901));
#2672=CARTESIAN_POINT('',(113.575169669221,-18.7,-23.0357003755606));
#2673=CARTESIAN_POINT('',(140.810030858334,-18.7,10.9817538692901));
#2674=CARTESIAN_POINT('',(146.896416432197,-18.7,8.));
#2675=CARTESIAN_POINT('',(146.896416432197,-18.7,-8.));
#2676=CARTESIAN_POINT('',(146.896416432197,-18.7,-15.7));
#2677=CARTESIAN_POINT('',(138.197083953205,-18.7,-8.));
#2678=CARTESIAN_POINT('',(149.732033269813,-18.7,-8.));
#2679=CARTESIAN_POINT('',(138.197083953205,-18.7,8.00000000000007));
#2680=CARTESIAN_POINT('',(138.197083953205,-18.7,-15.7));
#2681=CARTESIAN_POINT('',(149.732033269813,-18.7,8.));
#2682=CARTESIAN_POINT('Origin',(106.391788227751,-45.2682571000838,6.43929354282589E-14));
#2683=CARTESIAN_POINT('',(113.575170286213,-45.2682582072917,-8.));
#2684=CARTESIAN_POINT('',(113.575169669221,-45.26825855111,8.00000000000007));
#2685=CARTESIAN_POINT('',(113.575169669221,-45.2682571000838,-7.33570037556053));
#2686=CARTESIAN_POINT('',(113.575169669221,-45.26825855111,14.6714007511213));
#2687=CARTESIAN_POINT('',(113.575169669221,-45.2682571000838,-7.33570037556053));
#2688=CARTESIAN_POINT('',(112.391788227751,-45.26825855111,14.6714007511213));
#2689=CARTESIAN_POINT('',(113.575169669221,-45.26825855111,-14.6714007511211));
#2690=CARTESIAN_POINT('',(100.391788227751,-45.26825855111,-14.6714007511211));
#2691=CARTESIAN_POINT('',(113.575172273128,-45.2682571000838,6.55031584528841E-14));
#2692=CARTESIAN_POINT('',(102.446149720253,-45.2682571000838,1.05790442297298));
#2693=CARTESIAN_POINT('Origin',(106.391788227751,-45.2682571000838,6.22280005302399E-14));
#2694=CARTESIAN_POINT('Origin',(106.391788227751,-18.7,5.99520433297585E-14));
#2695=CARTESIAN_POINT('',(113.575169669221,-18.7,-7.33570037556053));
#2696=CARTESIAN_POINT('Origin',(112.391788227751,-37.26825855111,-10.9817538692901));
#2697=CARTESIAN_POINT('',(113.575169669221,-34.1871987644846,-10.9817538692901));
#2698=CARTESIAN_POINT('',(109.391788227751,-34.1871987644846,-10.9817538692901));
#2699=CARTESIAN_POINT('',(113.575169669221,-41.26825855111,-10.9817538692901));
#2700=CARTESIAN_POINT('Origin',(112.391788227751,-45.26825855111,-14.6714007511211));
#2701=CARTESIAN_POINT('',(113.575169669221,-45.26825855111,-14.6714007511211));
#2702=CARTESIAN_POINT('Origin',(112.391788227751,-45.26825855111,14.6714007511211));
#2703=CARTESIAN_POINT('',(113.575169669221,-50.9785349066431,2.73078518161411));
#2704=CARTESIAN_POINT('Origin',(112.391788227751,-37.26825855111,10.9817538692901));
#2705=CARTESIAN_POINT('',(113.575169669221,-34.1871987644846,10.9817538692901));
#2706=CARTESIAN_POINT('',(109.391788227751,-34.1871987644846,10.9817538692901));
#2707=CARTESIAN_POINT('',(113.575169669221,-41.26825855111,10.9817538692901));
#2708=CARTESIAN_POINT('Origin',(109.391788227751,-35.7277279322842,9.4412247014905));
#2709=CARTESIAN_POINT('',(113.575169669221,-37.2682571000838,7.90069553369091));
#2710=CARTESIAN_POINT('',(113.575169669221,-44.1410169501436,1.02793568363116));
#2711=CARTESIAN_POINT('',(109.391788227751,-37.2682571000838,7.90069553369091));
#2712=CARTESIAN_POINT('Origin',(109.391788227751,-35.7277279322842,-9.4412247014905));
#2713=CARTESIAN_POINT('',(113.575169669221,-37.2682571000838,-7.90069553369091));
#2714=CARTESIAN_POINT('',(109.391788227751,-37.2682571000838,-7.90069553369091));
#2715=CARTESIAN_POINT('',(113.575169669221,-36.805316574583,-8.36363605919171));
#2716=CARTESIAN_POINT('Origin',(106.391788227751,-37.2682571000838,6.43929354282589E-14));
#2717=CARTESIAN_POINT('',(113.575169669221,-37.2682571000838,-7.33570037556056));
#2718=CARTESIAN_POINT('',(102.446149720253,-37.26825855111,1.05790442297298));
#2719=CARTESIAN_POINT('Origin',(106.391788227751,-37.26825855111,6.22280005302399E-14));
#2720=CARTESIAN_POINT('Origin',(106.391788227751,-45.26825855111,6.22280005302399E-14));
#2721=CARTESIAN_POINT('',(102.446149720253,-45.26825855111,1.05790442297298));
#2722=CARTESIAN_POINT('Origin',(113.575169669221,-45.26825855111,-14.6714007511211));
#2723=CARTESIAN_POINT('',(113.575169669221,-37.2682571000838,8.));
#2724=CARTESIAN_POINT('',(113.575169669221,-38.6261939133325,8.));
#2725=CARTESIAN_POINT('',(113.575169669221,-37.2682571000838,-7.33570037556056));
#2726=CARTESIAN_POINT('Origin',(113.575169669221,-45.26825855111,-14.6714007511211));
#2727=CARTESIAN_POINT('',(113.575169669221,-37.2682571000838,-8.));
#2728=CARTESIAN_POINT('',(113.575169669221,-37.2682571000838,-7.33570037556056));
#2729=CARTESIAN_POINT('',(113.575169669221,-38.6261939133325,-8.));
#2730=CARTESIAN_POINT('Origin',(130.235793050709,-31.984129275555,-8.));
#2731=CARTESIAN_POINT('',(138.197083953205,-23.5477010244561,-8.));
#2732=CARTESIAN_POINT('',(133.366017654508,-26.2398116090283,-8.));
#2733=CARTESIAN_POINT('',(138.197083953205,-25.3420646377775,-8.));
#2734=CARTESIAN_POINT('',(146.896416432197,-26.7000014510262,-8.));
#2735=CARTESIAN_POINT('',(146.896416432197,-29.3420653632906,-8.));
#2736=CARTESIAN_POINT('',(122.755902207414,-40.1522974543098,-8.));
#2737=CARTESIAN_POINT('Origin',(130.235793050709,-31.984129275555,8.));
#2738=CARTESIAN_POINT('',(138.197083953205,-23.5477010244561,8.));
#2739=CARTESIAN_POINT('',(113.575169669221,-37.2682571000838,8.));
#2740=CARTESIAN_POINT('',(146.896416432197,-26.7000014510262,8.00000000000007));
#2741=CARTESIAN_POINT('',(113.575169669221,-45.26825855111,8.00000000000007));
#2742=CARTESIAN_POINT('',(146.896416432197,-26.7000014510262,8.00000000000007));
#2743=CARTESIAN_POINT('',(138.197083953205,-23.5477010244561,8.));
#2744=CARTESIAN_POINT('Origin',(146.896416432197,-26.7000014510262,6.56729279586217E-14));
#2745=CARTESIAN_POINT('',(146.896416432197,-26.7000014510262,6.56729279586217E-14));
#2746=CARTESIAN_POINT('Origin',(138.197083953205,-18.7,6.59184565218246E-14));
#2747=CARTESIAN_POINT('',(138.197083953205,-23.5477010244561,4.15298068940315E-16));
#2748=CARTESIAN_POINT('Origin',(138.197083953205,-23.5477010244561,4.15298068940315E-16));
#2749=CARTESIAN_POINT('Origin',(113.575169669221,-45.26825855111,6.66133814775094E-14));
#2750=CARTESIAN_POINT('Origin',(154.231483687392,0.,-3.5527136788005E-14));
#2751=CARTESIAN_POINT('',(154.231483687392,18.7,4.));
#2752=CARTESIAN_POINT('Origin',(106.211117480463,-1.11022302462516E-15,
0.));
#2753=CARTESIAN_POINT('Origin',(146.073107370368,24.95,0.));
#2754=CARTESIAN_POINT('',(148.073107370368,24.95,4.));
#2755=CARTESIAN_POINT('Origin',(146.073107370368,24.95,4.));
#2756=CARTESIAN_POINT('',(148.073107370368,24.95,0.));
#2757=CARTESIAN_POINT('Origin',(185.935096333174,19.2650635094611,4.));
#2758=UNCERTAINTY_MEASURE_WITH_UNIT(LENGTH_MEASURE(0.01),#2762,
'DISTANCE_ACCURACY_VALUE',
'Maximum model space distance between geometric entities at asserted c
onnectivities');
#2759=UNCERTAINTY_MEASURE_WITH_UNIT(LENGTH_MEASURE(0.01),#2762,
'DISTANCE_ACCURACY_VALUE',
'Maximum model space distance between geometric entities at asserted c
onnectivities');
#2760=(
GEOMETRIC_REPRESENTATION_CONTEXT(3)
GLOBAL_UNCERTAINTY_ASSIGNED_CONTEXT((#2758))
GLOBAL_UNIT_ASSIGNED_CONTEXT((#2762,#2763,#2764))
REPRESENTATION_CONTEXT('','3D')
);
#2761=(
GEOMETRIC_REPRESENTATION_CONTEXT(3)
GLOBAL_UNCERTAINTY_ASSIGNED_CONTEXT((#2759))
GLOBAL_UNIT_ASSIGNED_CONTEXT((#2762,#2763,#2764))
REPRESENTATION_CONTEXT('','3D')
);
#2762=(
LENGTH_UNIT()
NAMED_UNIT(*)
SI_UNIT(.MILLI.,.METRE.)
);
#2763=(
NAMED_UNIT(*)
PLANE_ANGLE_UNIT()
SI_UNIT($,.RADIAN.)
);
#2764=(
NAMED_UNIT(*)
SI_UNIT($,.STERADIAN.)
SOLID_ANGLE_UNIT()
);
#2765=SHAPE_DEFINITION_REPRESENTATION(#2766,#2767);
#2766=PRODUCT_DEFINITION_SHAPE('',$,#2769);
#2767=SHAPE_REPRESENTATION('',(#1718),#2760);
#2768=PRODUCT_DEFINITION_CONTEXT('part definition',#2773,'design');
#2769=PRODUCT_DEFINITION('RU3Y_kyle_2000_01',
'RU3YNext_clean_004_inspected_NEWMOUNTS',#2770,#2768);
#2770=PRODUCT_DEFINITION_FORMATION('',$,#2775);
#2771=PRODUCT_RELATED_PRODUCT_CATEGORY(
'RU3YNext_clean_004_inspected_NEWMOUNTS',
'RU3YNext_clean_004_inspected_NEWMOUNTS',(#2775));
#2772=APPLICATION_PROTOCOL_DEFINITION('international standard',
'automotive_design',2009,#2773);
#2773=APPLICATION_CONTEXT(
'Core Data for Automotive Mechanical Design Process');
#2774=PRODUCT_CONTEXT('part definition',#2773,'mechanical');
#2775=PRODUCT('RU3Y_kyle_2000_01',
'RU3YNext_clean_004_inspected_NEWMOUNTS',$,(#2774));
#2776=PRESENTATION_STYLE_ASSIGNMENT((#2785));
#2777=PRESENTATION_STYLE_ASSIGNMENT((#2786));
#2778=PRESENTATION_STYLE_ASSIGNMENT((#2787));
#2779=PRESENTATION_STYLE_ASSIGNMENT((#2788));
#2780=PRESENTATION_STYLE_ASSIGNMENT((#2789));
#2781=PRESENTATION_STYLE_ASSIGNMENT((#2790));
#2782=PRESENTATION_STYLE_ASSIGNMENT((#2791));
#2783=PRESENTATION_STYLE_ASSIGNMENT((#2792));
#2784=PRESENTATION_STYLE_ASSIGNMENT((#2793));
#2785=SURFACE_STYLE_USAGE(.BOTH.,#2794);
#2786=SURFACE_STYLE_USAGE(.BOTH.,#2795);
#2787=SURFACE_STYLE_USAGE(.BOTH.,#2796);
#2788=SURFACE_STYLE_USAGE(.BOTH.,#2797);
#2789=SURFACE_STYLE_USAGE(.BOTH.,#2798);
#2790=SURFACE_STYLE_USAGE(.BOTH.,#2799);
#2791=SURFACE_STYLE_USAGE(.BOTH.,#2800);
#2792=SURFACE_STYLE_USAGE(.BOTH.,#2801);
#2793=SURFACE_STYLE_USAGE(.BOTH.,#2802);
#2794=SURFACE_SIDE_STYLE('',(#2803));
#2795=SURFACE_SIDE_STYLE('',(#2804));
#2796=SURFACE_SIDE_STYLE('',(#2805));
#2797=SURFACE_SIDE_STYLE('',(#2806));
#2798=SURFACE_SIDE_STYLE('',(#2807));
#2799=SURFACE_SIDE_STYLE('',(#2808));
#2800=SURFACE_SIDE_STYLE('',(#2809));
#2801=SURFACE_SIDE_STYLE('',(#2810));
#2802=SURFACE_SIDE_STYLE('',(#2811));
#2803=SURFACE_STYLE_FILL_AREA(#2812);
#2804=SURFACE_STYLE_FILL_AREA(#2813);
#2805=SURFACE_STYLE_FILL_AREA(#2814);
#2806=SURFACE_STYLE_FILL_AREA(#2815);
#2807=SURFACE_STYLE_FILL_AREA(#2816);
#2808=SURFACE_STYLE_FILL_AREA(#2817);
#2809=SURFACE_STYLE_FILL_AREA(#2818);
#2810=SURFACE_STYLE_FILL_AREA(#2819);
#2811=SURFACE_STYLE_FILL_AREA(#2820);
#2812=FILL_AREA_STYLE('Steel - Satin',(#2821));
#2813=FILL_AREA_STYLE('Titanium - Satin',(#2822));
#2814=FILL_AREA_STYLE('Stainless Steel - Polished',(#2823));
#2815=FILL_AREA_STYLE('Aluminum - Polished',(#2824));
#2816=FILL_AREA_STYLE('Titanium - Polished',(#2825));
#2817=FILL_AREA_STYLE('Paint - Enamel Glossy (Red)',(#2826));
#2818=FILL_AREA_STYLE('Copper - Polished',(#2827));
#2819=FILL_AREA_STYLE('Opaque(254,80,0)',(#2828));
#2820=FILL_AREA_STYLE('Opaque(68,119,102)',(#2829));
#2821=FILL_AREA_STYLE_COLOUR('Steel - Satin',#2830);
#2822=FILL_AREA_STYLE_COLOUR('Titanium - Satin',#2831);
#2823=FILL_AREA_STYLE_COLOUR('Stainless Steel - Polished',#2832);
#2824=FILL_AREA_STYLE_COLOUR('Aluminum - Polished',#2833);
#2825=FILL_AREA_STYLE_COLOUR('Titanium - Polished',#2834);
#2826=FILL_AREA_STYLE_COLOUR('Paint - Enamel Glossy (Red)',#2835);
#2827=FILL_AREA_STYLE_COLOUR('Copper - Polished',#2836);
#2828=FILL_AREA_STYLE_COLOUR('Opaque(254,80,0)',#2837);
#2829=FILL_AREA_STYLE_COLOUR('Opaque(68,119,102)',#2838);
#2830=COLOUR_RGB('Steel - Satin',0.627450980392157,0.627450980392157,0.627450980392157);
#2831=COLOUR_RGB('Titanium - Satin',0.858823529411765,0.847058823529412,
0.827450980392157);
#2832=COLOUR_RGB('Stainless Steel - Polished',0.796078431372549,0.796078431372549,
0.796078431372549);
#2833=COLOUR_RGB('Aluminum - Polished',0.96078431372549,0.96078431372549,
0.964705882352941);
#2834=COLOUR_RGB('Titanium - Polished',0.749019607843137,0.729411764705882,
0.701960784313725);
#2835=COLOUR_RGB('Paint - Enamel Glossy (Red)',0.768627450980392,0.207843137254902,
0.152941176470588);
#2836=COLOUR_RGB('Copper - Polished',0.929411764705882,0.807843137254902,
0.764705882352941);
#2837=COLOUR_RGB('Opaque(254,80,0)',0.996078431372549,0.313725490196078,
0.);
#2838=COLOUR_RGB('Opaque(68,119,102)',0.266666666666667,0.466666666666667,
0.4);
ENDSEC;
END-ISO-10303-21;
